project_id,parcel_id,project_name,project_type,state,district,land_area_acres,affected_families,ownership_complexity,documentation_completeness,legal_dispute,compensation_status,compensation_pending_days,notification_status,approval_status,approval_processing_days,rehabilitation_progress,possession_status,stakeholder_responsiveness,administrative_processing_days,historical_delay_rate,planned_completion_date,actual_completion_date,delay_days,delay_status,latitude,longitude
PRJ-1047,PCL-10001,Karnataka Clean Energy Hub Sector 1,Renewable / Solar Park,Karnataka,Dharwad,49.27,35,Low,0.56,0,Partially Disbursed,108,Preliminary Notification (Sec 11),Approved,66,0.61,Partial Possession (30-70%),High / Cooperative,63,0.536,2025-12-30,2026-01-03,4,0,16.954558,75.975545
PRJ-1024,PCL-10002,Industrial Rail Siding Network 5,Railway & Freight Corridor,Karnataka,Kalaburagi,42.58,51,Low,0.66,0,Partially Disbursed,103,Possession Taken (Sec 38),Approved,20,0.73,Full Possession,Low / Resistant,196,0.491,2026-08-23,2027-02-10,171,1,14.626117,76.791232
PRJ-1216,PCL-10003,Western Freight Corridor Spur Line 2,Railway & Freight Corridor,Gujarat,Kutch,39.14,33,High,0.52,1,Disputed in Escrow,627,Notification Pending,Approved,32,0.49,Contested / Encroached,Moderate,239,0.504,2025-11-26,2027-01-07,407,1,22.135937,72.971868
PRJ-1202,PCL-10004,Andhra Pradesh Clean Energy Hub Sector 5,Renewable / Solar Park,Andhra Pradesh,Guntur,24.34,17,Low,0.69,0,Partially Disbursed,169,Possession Taken (Sec 38),Under Scrutiny,163,0.73,Partial Possession (30-70%),High / Cooperative,175,0.572,2024-12-08,2025-07-12,216,1,16.376907,81.616505
PRJ-1142,PCL-10005,Madhya Pradesh Integrated Industrial Township 1,Industrial Corridor / SEZ,Madhya Pradesh,Gwalior,31.26,60,Low,0.83,0,Pending Disbursal,98,Declaration Published (Sec 19),Approved,33,0.9,Full Possession,Moderate,335,0.257,2027-06-16,2027-09-15,91,1,22.879314,80.651332
PRJ-1025,PCL-10006,Odisha Green Express Corridor Phase 4,Highway / Expressway,Odisha,Sundargarh,22.17,34,Medium,0.55,0,Fully Disbursed,0,Award Declared (Sec 23),Approved,56,0.96,Initial Stage (<30%),Moderate,239,0.481,2025-09-08,2025-09-16,8,0,20.186309,84.169439
PRJ-1165,PCL-10007,Kutch Lift Irrigation Main Canal Reach 5,Irrigation / Water Canal,Gujarat,Kutch,29.11,60,Medium,0.83,0,Partially Disbursed,74,Possession Taken (Sec 38),Under Scrutiny,248,0.52,Full Possession,High / Cooperative,307,0.142,2025-04-02,2025-09-25,176,1,21.737022,72.905537
PRJ-1196,PCL-10008,Aviation Logistics Runway Package 2,Airport Infrastructure,Madhya Pradesh,Gwalior,16.0,53,Low,0.71,0,Partially Disbursed,87,Award Declared (Sec 23),Pending Environmental Clearance,87,0.52,Full Possession,High / Cooperative,132,0.259,2026-03-24,,18,0,25.50754,77.089901
PRJ-1212,PCL-10009,NH-93 Four-Laning Bypass Section 5,Highway / Expressway,Karnataka,Dharwad,63.49,43,Low,0.55,0,Pending Disbursal,279,Preliminary Notification (Sec 11),Under Scrutiny,161,0.57,Contested / Encroached,High / Cooperative,234,0.367,2026-03-12,2026-11-10,243,1,17.292152,76.333318
PRJ-1021,PCL-10010,Karnataka Integrated Industrial Township 3,Industrial Corridor / SEZ,Karnataka,Belagavi,48.38,71,Medium,0.86,0,Pending Disbursal,260,Award Declared (Sec 23),Resubmission Required,140,0.35,Full Possession,Moderate,189,0.211,2025-09-25,2025-11-18,54,0,16.83074,75.152123
PRJ-1061,PCL-10011,Kota Ultra Mega Solar Park Unit 3,Renewable / Solar Park,Rajasthan,Kota,26.8,71,Medium,0.87,0,Fully Disbursed,0,Award Declared (Sec 23),Conditional Clearance,178,0.66,Substantial Possession (>70%),Moderate,138,0.214,2026-08-16,2026-09-01,16,0,27.336269,75.500551
PRJ-1134,PCL-10012,Tamil Nadu Inter-River Linking Canal Sector 2,Irrigation / Water Canal,Tamil Nadu,Kanchipuram,65.7,85,High,0.46,1,Pending Disbursal,194,Award Declared (Sec 23),Approved,88,0.59,Full Possession,Low / Resistant,158,0.524,2026-05-04,2028-02-01,638,1,10.772792,79.786717
PRJ-1009,PCL-10013,Kutch Lift Irrigation Main Canal Reach 5,Irrigation / Water Canal,Gujarat,Kutch,52.29,83,Medium,0.71,0,Fully Disbursed,0,Declaration Published (Sec 19),Under Scrutiny,75,0.89,Partial Possession (30-70%),High / Cooperative,169,0.33,2024-05-15,2024-06-10,26,0,21.806245,73.162936
PRJ-1132,PCL-10014,Tamil Nadu Green Express Corridor Phase 2,Highway / Expressway,Tamil Nadu,Tiruchirappalli,13.98,16,Medium,0.46,0,Fully Disbursed,0,Declaration Published (Sec 19),Conditional Clearance,123,0.8,Substantial Possession (>70%),High / Cooperative,351,0.653,2024-07-28,2024-08-08,11,0,12.145426,78.564725
PRJ-1031,PCL-10015,Command Area Distribution Network 1,Irrigation / Water Canal,Maharashtra,Aurangabad,135.96,106,High,0.42,1,Partially Disbursed,89,Preliminary Notification (Sec 11),Conditional Clearance,121,0.53,Full Possession,High / Cooperative,30,0.566,2023-05-22,2024-02-13,267,1,19.569439,78.420038
PRJ-1192,PCL-10016,Karnataka Clean Energy Hub Sector 1,Renewable / Solar Park,Karnataka,Mysuru,12.2,36,High,0.57,1,Pending Disbursal,300,Preliminary Notification (Sec 11),Approved,52,0.4,Contested / Encroached,Low / Resistant,220,0.305,2025-06-18,2026-09-08,447,1,12.846206,76.590731
PRJ-1258,PCL-10017,Odisha Integrated Industrial Township 2,Industrial Corridor / SEZ,Odisha,Cuttack,182.44,298,Very High,0.61,1,Partially Disbursed,79,Notification Pending,Under Scrutiny,183,0.75,Contested / Encroached,High / Cooperative,279,0.548,2024-03-08,2025-01-02,300,1,21.664209,85.869889
PRJ-1204,PCL-10018,Gujarat Inter-River Linking Canal Sector 3,Irrigation / Water Canal,Gujarat,Bharuch,21.15,32,Low,0.95,0,Pending Disbursal,131,Preliminary Notification (Sec 11),Approved,97,0.64,Substantial Possession (>70%),Moderate,282,0.131,2024-09-18,2024-10-10,22,0,21.279156,73.27091
PRJ-1029,PCL-10019,Jodhpur Cargo Terminal Expansion 1,Airport Infrastructure,Rajasthan,Jodhpur,35.79,64,High,0.33,1,Disputed in Escrow,228,Notification Pending,Pending Environmental Clearance,114,0.72,Partial Possession (30-70%),Low / Resistant,139,0.483,2025-10-10,2027-01-24,471,1,26.851692,75.196786
PRJ-1244,PCL-10020,Aviation Logistics Runway Package 3,Airport Infrastructure,Karnataka,Mysuru,21.09,65,Low,0.8,0,Fully Disbursed,0,Award Declared (Sec 23),Approved,16,0.34,Full Possession,Moderate,184,0.322,2025-11-23,2026-02-22,91,1,13.878366,77.50731
PRJ-1204,PCL-10021,Gujarat Inter-River Linking Canal Sector 3,Irrigation / Water Canal,Gujarat,Bharuch,31.86,54,Medium,0.79,0,Partially Disbursed,128,Declaration Published (Sec 19),Conditional Clearance,168,0.39,Partial Possession (30-70%),Moderate,291,0.451,2024-09-18,2025-08-22,338,1,23.743737,70.366818
PRJ-1178,PCL-10022,Andhra Pradesh Dedicated High-Speed Rail Segment 3,Railway & Freight Corridor,Andhra Pradesh,Guntur,30.3,61,Low,0.41,0,Fully Disbursed,0,Award Declared (Sec 23),Approved,15,0.54,Full Possession,Low / Resistant,335,0.813,2023-09-10,2023-09-25,15,0,14.286264,80.191732
PRJ-1252,PCL-10023,Maharashtra Clean Energy Hub Sector 5,Renewable / Solar Park,Maharashtra,Solapur,8.41,20,Low,0.52,0,Partially Disbursed,105,Declaration Published (Sec 19),Conditional Clearance,174,0.45,Full Possession,Moderate,270,0.416,2025-08-12,2025-12-03,113,1,18.711601,76.589441
PRJ-1079,PCL-10024,Haryana Inter-River Linking Canal Sector 3,Irrigation / Water Canal,Haryana,Hisar,92.03,76,Low,0.61,0,Fully Disbursed,0,Declaration Published (Sec 19),Approved,70,0.8,Substantial Possession (>70%),High / Cooperative,180,0.503,2026-10-18,2026-10-18,0,0,29.825173,76.151689
PRJ-1053,PCL-10025,Haryana Clean Energy Hub Sector 5,Renewable / Solar Park,Haryana,Hisar,12.85,2,Medium,0.58,0,Fully Disbursed,0,Possession Taken (Sec 38),Conditional Clearance,147,0.65,Partial Possession (30-70%),High / Cooperative,99,0.797,2025-07-20,2026-01-15,179,1,28.113029,76.222437
PRJ-1125,PCL-10026,Bharatmala Economic Highway Ring 1,Highway / Expressway,Uttar Pradesh,Prayagraj,15.61,14,Low,0.3,0,Fully Disbursed,0,Possession Taken (Sec 38),Approved,40,0.42,Full Possession,Moderate,30,0.485,2026-01-26,2026-02-24,29,0,26.994665,78.965748
PRJ-1127,PCL-10027,Suburban Commuter Rapid Transit Line 2,Urban Metro / Transit,Andhra Pradesh,Kurnool,30.27,95,Medium,0.66,1,Pending Disbursal,284,Award Declared (Sec 23),Approved,35,0.62,Partial Possession (30-70%),High / Cooperative,199,0.74,2026-05-05,2026-11-26,205,1,17.221958,80.479432
PRJ-1070,PCL-10028,Command Area Distribution Network 1,Irrigation / Water Canal,Rajasthan,Jaipur,38.97,55,Medium,0.74,0,Fully Disbursed,0,Possession Taken (Sec 38),Resubmission Required,149,0.46,Partial Possession (30-70%),High / Cooperative,296,0.297,2025-08-31,2025-09-21,21,0,25.371915,74.608946
PRJ-1202,PCL-10029,Andhra Pradesh Clean Energy Hub Sector 5,Renewable / Solar Park,Andhra Pradesh,Guntur,16.44,4,Very High,0.93,0,Fully Disbursed,0,Possession Taken (Sec 38),Pending Environmental Clearance,116,0.51,Full Possession,Moderate,139,0.591,2024-12-08,2024-12-31,23,0,15.656068,82.617129
PRJ-1036,PCL-10030,Bharatmala Economic Highway Ring 2,Highway / Expressway,Haryana,Gurugram,40.04,50,Medium,0.73,0,Partially Disbursed,138,Possession Taken (Sec 38),Approved,15,0.97,Contested / Encroached,Moderate,80,0.496,2024-05-20,2024-08-28,100,1,30.015517,77.061748
PRJ-1206,PCL-10031,Haryana Inter-River Linking Canal Sector 3,Irrigation / Water Canal,Haryana,Faridabad,41.03,96,Medium,0.68,0,Partially Disbursed,167,Notification Pending,Under Scrutiny,194,0.96,Full Possession,High / Cooperative,142,0.26,2025-07-08,2025-08-03,26,0,29.332482,77.304642
PRJ-1182,PCL-10032,Western Freight Corridor Spur Line 4,Railway & Freight Corridor,Karnataka,Kalaburagi,48.93,81,Medium,0.69,0,Fully Disbursed,0,Possession Taken (Sec 38),Approved,59,0.41,Full Possession,Moderate,152,0.414,2026-02-12,2026-07-03,141,1,13.365059,76.510569
PRJ-1114,PCL-10033,NH-63 Four-Laning Bypass Section 3,Highway / Expressway,Odisha,Sundargarh,16.86,15,Medium,0.59,0,Fully Disbursed,0,Preliminary Notification (Sec 11),Approved,65,0.71,Initial Stage (<30%),Moderate,231,0.227,2026-10-05,2027-01-04,91,1,20.709024,85.106062
PRJ-1073,PCL-10034,Bharatmala Economic Highway Ring 1,Highway / Expressway,Uttar Pradesh,Noida,110.81,191,High,0.55,1,Disputed in Escrow,411,Award Declared (Sec 23),Approved,83,0.61,Full Possession,Moderate,120,0.651,2026-02-11,,432,1,26.234317,79.90256
PRJ-1176,PCL-10035,Wind-Solar Hybrid Energy Grid 4,Renewable / Solar Park,Uttar Pradesh,Noida,64.62,49,Very High,0.88,1,Partially Disbursed,173,Possession Taken (Sec 38),Resubmission Required,168,0.62,Partial Possession (30-70%),Moderate,125,0.352,2023-06-07,2024-05-08,336,1,27.253098,81.706552
PRJ-1095,PCL-10036,Jaipur Lift Irrigation Main Canal Reach 3,Irrigation / Water Canal,Rajasthan,Jaipur,79.47,80,Medium,0.7,0,Fully Disbursed,0,Preliminary Notification (Sec 11),Conditional Clearance,98,0.69,Full Possession,Low / Resistant,187,0.247,2025-01-11,2025-01-30,19,0,24.870102,74.928117
PRJ-1033,PCL-10037,Bharatmala Economic Highway Ring 2,Highway / Expressway,Karnataka,Dharwad,5.0,6,Medium,0.58,0,Partially Disbursed,155,Notification Pending,Resubmission Required,118,0.76,Full Possession,High / Cooperative,163,0.168,2023-12-06,2024-04-14,130,1,15.379005,77.108408
PRJ-1201,PCL-10038,Odisha Integrated Industrial Township 2,Industrial Corridor / SEZ,Odisha,Khurda,100.57,157,High,0.7,1,Pending Disbursal,133,Declaration Published (Sec 19),Approved,15,0.59,Partial Possession (30-70%),Hostile / Legal Injunction,202,0.498,2024-08-23,2025-11-03,437,1,21.076212,84.989397
PRJ-1192,PCL-10039,Karnataka Clean Energy Hub Sector 1,Renewable / Solar Park,Karnataka,Mysuru,18.49,23,Low,0.87,0,Partially Disbursed,74,Notification Pending,Approved,110,0.35,Full Possession,High / Cooperative,183,0.435,2025-06-18,2025-08-17,60,0,15.947839,76.18464
PRJ-1028,PCL-10040,Command Area Distribution Network 1,Irrigation / Water Canal,Gujarat,Ahmedabad,12.27,9,Low,0.96,0,Partially Disbursed,134,Possession Taken (Sec 38),Approved,43,0.35,Partial Possession (30-70%),High / Cooperative,393,0.85,2024-07-23,2024-12-19,149,1,23.560014,73.238105
PRJ-1043,PCL-10041,Salem Greenfield International Airport Phase 3,Airport Infrastructure,Tamil Nadu,Salem,23.7,38,Low,0.69,0,Partially Disbursed,174,Possession Taken (Sec 38),Under Scrutiny,214,0.94,Full Possession,High / Cooperative,101,0.185,2024-10-31,2025-01-30,91,1,11.472353,79.517231
PRJ-1188,PCL-10042,Andhra Pradesh Dedicated High-Speed Rail Segment 3,Railway & Freight Corridor,Andhra Pradesh,Krishna,10.51,22,Medium,0.68,0,Partially Disbursed,93,Award Declared (Sec 23),Pending Environmental Clearance,157,0.88,Full Possession,High / Cooperative,66,0.751,2025-03-19,2025-08-07,141,1,16.434991,81.758253
PRJ-1045,PCL-10043,Uttar Pradesh Clean Energy Hub Sector 2,Renewable / Solar Park,Uttar Pradesh,Prayagraj,40.21,69,Low,0.78,0,Fully Disbursed,0,Notification Pending,Under Scrutiny,79,0.73,Full Possession,Moderate,262,0.578,2024-12-29,,160,1,26.542838,83.417371
PRJ-1106,PCL-10044,Madhya Pradesh Green Express Corridor Phase 1,Highway / Expressway,Madhya Pradesh,Jabalpur,63.65,91,Medium,0.68,0,Fully Disbursed,0,Notification Pending,Approved,15,0.56,Initial Stage (<30%),High / Cooperative,203,0.32,2023-05-03,2023-05-17,14,0,25.593938,78.698476
PRJ-1049,PCL-10045,Odisha Inter-River Linking Canal Sector 4,Irrigation / Water Canal,Odisha,Angul,35.76,39,Low,0.72,0,Partially Disbursed,63,Declaration Published (Sec 19),Approved,52,0.89,Full Possession,High / Cooperative,216,0.706,2023-01-29,2023-04-30,91,1,19.902531,86.075254
PRJ-1202,PCL-10046,Andhra Pradesh Clean Energy Hub Sector 5,Renewable / Solar Park,Andhra Pradesh,Guntur,102.26,122,Medium,0.91,0,Pending Disbursal,137,Possession Taken (Sec 38),Under Scrutiny,109,0.84,Full Possession,High / Cooperative,107,0.184,2024-12-08,2024-12-28,20,0,16.203618,80.879385
PRJ-1250,PCL-10047,Andhra Pradesh Integrated Industrial Township 5,Industrial Corridor / SEZ,Andhra Pradesh,Guntur,31.83,58,Medium,0.52,0,Partially Disbursed,121,Preliminary Notification (Sec 11),Conditional Clearance,128,0.6,Substantial Possession (>70%),Moderate,330,0.386,2026-08-26,2026-09-03,8,0,15.490073,78.062118
PRJ-1254,PCL-10048,NH-50 Four-Laning Bypass Section 4,Highway / Expressway,Andhra Pradesh,Krishna,48.29,48,Medium,0.46,0,Fully Disbursed,0,Preliminary Notification (Sec 11),Approved,56,0.77,Substantial Possession (>70%),Moderate,218,0.599,2026-03-16,,10,0,15.231562,82.108884
PRJ-1081,PCL-10049,Industrial Rail Siding Network 4,Railway & Freight Corridor,Karnataka,Bengaluru Rural,32.25,76,Low,0.62,0,Partially Disbursed,70,Award Declared (Sec 23),Approved,118,0.72,Substantial Possession (>70%),Moderate,279,0.772,2025-10-07,2026-06-22,258,1,14.712301,74.552163
PRJ-1085,PCL-10050,Command Area Distribution Network 2,Irrigation / Water Canal,Andhra Pradesh,Visakhapatnam,84.39,147,High,0.82,1,Partially Disbursed,84,Possession Taken (Sec 38),Approved,52,0.48,Initial Stage (<30%),Moderate,95,0.252,2024-09-24,2025-06-30,279,1,14.277864,81.115461
PRJ-1228,PCL-10051,Udaipur Metro Rail Extension Corridor 1,Urban Metro / Transit,Rajasthan,Udaipur,40.43,165,Very High,0.66,1,Partially Disbursed,128,Preliminary Notification (Sec 11),Conditional Clearance,121,0.91,Substantial Possession (>70%),Moderate,162,0.331,2024-06-01,2025-07-05,399,1,24.090863,75.154023
PRJ-1154,PCL-10052,Command Area Distribution Network 2,Irrigation / Water Canal,Maharashtra,Pune,31.42,47,Low,0.94,1,Pending Disbursal,94,Notification Pending,Under Scrutiny,176,0.79,Partial Possession (30-70%),Hostile / Legal Injunction,351,0.276,2026-01-19,2027-01-29,375,1,18.447675,78.000147
PRJ-1078,PCL-10053,Salem Greenfield International Airport Phase 1,Airport Infrastructure,Tamil Nadu,Salem,27.3,76,Low,0.35,1,Partially Disbursed,128,Award Declared (Sec 23),Resubmission Required,203,0.51,Partial Possession (30-70%),Hostile / Legal Injunction,152,0.415,2026-08-13,2028-01-09,514,1,12.67764,78.959836
PRJ-1044,PCL-10054,Urban Flyover & Transit Hub 2,Urban Metro / Transit,Madhya Pradesh,Jabalpur,10.54,38,Low,0.75,1,Disputed in Escrow,628,Award Declared (Sec 23),Approved,15,0.63,Initial Stage (<30%),Low / Resistant,250,0.581,2023-04-08,2024-04-17,375,1,23.141935,78.896394
PRJ-1201,PCL-10055,Odisha Integrated Industrial Township 2,Industrial Corridor / SEZ,Odisha,Khurda,33.02,43,Very High,0.72,1,Pending Disbursal,126,Notification Pending,Pending Environmental Clearance,138,0.7,Full Possession,Low / Resistant,328,0.755,2024-08-23,2025-12-28,492,1,20.318409,84.197337
PRJ-1163,PCL-10056,Uttar Pradesh Integrated Industrial Township 3,Industrial Corridor / SEZ,Uttar Pradesh,Agra,19.74,33,Medium,0.82,0,Pending Disbursal,127,Preliminary Notification (Sec 11),Under Scrutiny,233,0.56,Full Possession,Moderate,227,0.556,2026-04-29,2026-10-27,181,1,25.498742,82.698396
PRJ-1204,PCL-10057,Gujarat Inter-River Linking Canal Sector 3,Irrigation / Water Canal,Gujarat,Bharuch,25.63,37,Medium,0.83,1,Pending Disbursal,168,Award Declared (Sec 23),Approved,49,0.82,Substantial Possession (>70%),Moderate,188,0.591,2024-09-18,2024-10-20,32,0,22.519171,71.815711
PRJ-1080,PCL-10058,Belagavi Cargo Terminal Expansion 3,Airport Infrastructure,Karnataka,Belagavi,55.58,177,Very High,0.95,1,Disputed in Escrow,553,Declaration Published (Sec 19),Approved,104,0.69,Substantial Possession (>70%),Low / Resistant,151,0.847,2026-02-11,2027-05-05,448,1,15.178312,75.800341
PRJ-1029,PCL-10059,Jodhpur Cargo Terminal Expansion 1,Airport Infrastructure,Rajasthan,Jodhpur,32.45,125,Low,0.81,0,Fully Disbursed,0,Award Declared (Sec 23),Under Scrutiny,196,0.47,Partial Possession (30-70%),Moderate,216,0.802,2025-10-10,,44,0,25.410876,75.425992
PRJ-1065,PCL-10060,Karnal Multi-Modal Logistics Park 3,Industrial Corridor / SEZ,Haryana,Karnal,22.31,23,Low,0.8,1,Pending Disbursal,358,Preliminary Notification (Sec 11),Approved,60,0.7,Contested / Encroached,Low / Resistant,242,0.395,2027-01-28,2028-01-27,364,1,29.849463,77.209574
PRJ-1185,PCL-10061,Bhopal Ultra Mega Solar Park Unit 2,Renewable / Solar Park,Madhya Pradesh,Bhopal,59.27,52,Low,0.79,0,Partially Disbursed,59,Declaration Published (Sec 19),Conditional Clearance,144,0.85,Full Possession,Moderate,156,0.505,2026-11-26,,21,0,22.293932,80.549903
PRJ-1024,PCL-10062,Industrial Rail Siding Network 5,Railway & Freight Corridor,Karnataka,Kalaburagi,39.41,40,High,0.76,1,Disputed in Escrow,559,Possession Taken (Sec 38),Approved,89,0.86,Partial Possession (30-70%),Hostile / Legal Injunction,348,0.722,2026-08-23,2028-02-13,539,1,14.861646,75.775534
PRJ-1040,PCL-10063,DMIC Special Investment Region Node 1,Industrial Corridor / SEZ,Tamil Nadu,Madurai,31.46,51,Low,0.68,0,Fully Disbursed,0,Possession Taken (Sec 38),Approved,73,0.35,Substantial Possession (>70%),High / Cooperative,195,0.281,2025-05-05,2025-05-08,3,0,11.493222,77.420143
PRJ-1168,PCL-10064,Aviation Logistics Runway Package 3,Airport Infrastructure,Haryana,Panipat,10.46,38,Low,0.87,0,Fully Disbursed,0,Award Declared (Sec 23),Under Scrutiny,122,0.8,Substantial Possession (>70%),Moderate,305,0.355,2026-05-13,,0,0,28.257325,76.417818
PRJ-1126,PCL-10065,Uttar Pradesh Clean Energy Hub Sector 4,Renewable / Solar Park,Uttar Pradesh,Lucknow,75.04,71,Medium,0.75,0,Fully Disbursed,0,Award Declared (Sec 23),Approved,33,0.33,Partial Possession (30-70%),Moderate,225,0.493,2024-09-28,2024-11-10,43,0,25.561926,83.084947
PRJ-1158,PCL-10066,Urban Flyover & Transit Hub 3,Urban Metro / Transit,Haryana,Karnal,9.43,12,Medium,0.81,0,Partially Disbursed,53,Preliminary Notification (Sec 11),Pending Environmental Clearance,86,0.45,Initial Stage (<30%),High / Cooperative,203,0.222,2023-09-14,2023-09-30,16,0,28.299478,76.556648
PRJ-1191,PCL-10067,Haryana Green Express Corridor Phase 4,Highway / Expressway,Haryana,Karnal,36.52,56,Medium,0.71,0,Partially Disbursed,45,Possession Taken (Sec 38),Under Scrutiny,122,0.35,Full Possession,Moderate,152,0.106,2024-06-27,2024-10-24,119,1,29.150299,76.971009
PRJ-1162,PCL-10068,Suburban Commuter Rapid Transit Line 4,Urban Metro / Transit,Haryana,Karnal,184.22,545,Medium,0.79,0,Pending Disbursal,159,Notification Pending,Approved,22,0.33,Full Possession,High / Cooperative,209,0.347,2023-05-29,2023-07-25,57,0,30.272501,76.29661
PRJ-1161,PCL-10069,Andhra Pradesh Integrated Industrial Township 1,Industrial Corridor / SEZ,Andhra Pradesh,Visakhapatnam,126.74,240,Medium,0.54,0,Fully Disbursed,0,Declaration Published (Sec 19),Conditional Clearance,119,0.86,Full Possession,High / Cooperative,40,0.471,2023-06-19,2023-08-07,49,0,15.838655,80.67603
PRJ-1021,PCL-10070,Karnataka Integrated Industrial Township 3,Industrial Corridor / SEZ,Karnataka,Belagavi,12.58,24,Medium,0.74,1,Fully Disbursed,0,Award Declared (Sec 23),Approved,40,0.28,Contested / Encroached,Low / Resistant,106,0.45,2025-09-25,2026-07-02,280,1,13.603602,77.291034
PRJ-1232,PCL-10071,Maharashtra Inter-River Linking Canal Sector 4,Irrigation / Water Canal,Maharashtra,Nagpur,87.4,69,Low,0.83,0,Fully Disbursed,0,Declaration Published (Sec 19),Approved,15,0.23,Partial Possession (30-70%),Moderate,243,0.461,2026-08-29,2027-03-22,205,1,19.662266,76.570774
PRJ-1044,PCL-10072,Urban Flyover & Transit Hub 2,Urban Metro / Transit,Madhya Pradesh,Jabalpur,64.77,245,Low,0.62,0,Fully Disbursed,0,Declaration Published (Sec 19),Approved,46,0.63,Partial Possession (30-70%),High / Cooperative,226,0.673,2023-04-08,2023-05-19,41,0,24.612225,76.706452
PRJ-1063,PCL-10073,Western Freight Corridor Spur Line 2,Railway & Freight Corridor,Uttar Pradesh,Varanasi,100.7,93,Medium,0.89,0,Fully Disbursed,0,Possession Taken (Sec 38),Approved,66,0.51,Full Possession,Moderate,130,0.35,2023-06-17,2023-09-16,91,1,25.195167,80.539373
PRJ-1144,PCL-10074,Urban Flyover & Transit Hub 5,Urban Metro / Transit,Uttar Pradesh,Noida,53.51,183,High,0.88,1,Disputed in Escrow,425,Preliminary Notification (Sec 11),Approved,20,0.55,Partial Possession (30-70%),Low / Resistant,148,0.488,2026-01-13,2027-06-04,507,1,26.566439,78.85261
PRJ-1128,PCL-10075,Gujarat Green Express Corridor Phase 2,Highway / Expressway,Gujarat,Rajkot,70.78,109,Very High,0.23,1,Pending Disbursal,338,Award Declared (Sec 23),Pending Environmental Clearance,180,0.94,Initial Stage (<30%),Low / Resistant,163,0.235,2025-04-05,,434,1,22.879188,72.57954
PRJ-1164,PCL-10076,Karnal Metro Rail Extension Corridor 4,Urban Metro / Transit,Haryana,Karnal,38.35,144,Low,0.96,0,Fully Disbursed,0,Notification Pending,Resubmission Required,143,0.87,Contested / Encroached,Moderate,30,0.807,2024-09-29,2025-02-05,129,1,29.483079,75.605677
PRJ-1124,PCL-10077,Industrial Rail Siding Network 2,Railway & Freight Corridor,Haryana,Panipat,20.4,52,Low,0.83,1,Disputed in Escrow,588,Possession Taken (Sec 38),Approved,107,0.72,Contested / Encroached,Hostile / Legal Injunction,381,0.752,2026-09-30,,499,1,28.689665,77.100942
PRJ-1163,PCL-10078,Uttar Pradesh Integrated Industrial Township 3,Industrial Corridor / SEZ,Uttar Pradesh,Agra,38.39,60,Low,0.49,0,Partially Disbursed,174,Declaration Published (Sec 19),Conditional Clearance,189,0.72,Partial Possession (30-70%),Moderate,167,0.543,2026-04-29,2026-06-04,36,0,27.791115,81.817183
PRJ-1090,PCL-10079,Haryana Dedicated High-Speed Rail Segment 5,Railway & Freight Corridor,Haryana,Gurugram,47.69,62,Low,0.5,1,Disputed in Escrow,283,Declaration Published (Sec 19),Approved,15,0.82,Substantial Possession (>70%),Moderate,191,0.56,2023-10-27,2024-09-08,317,1,29.227047,75.721489
PRJ-1166,PCL-10080,Uttar Pradesh Green Express Corridor Phase 3,Highway / Expressway,Uttar Pradesh,Varanasi,63.6,108,Low,0.52,0,Fully Disbursed,0,Preliminary Notification (Sec 11),Approved,52,0.4,Initial Stage (<30%),High / Cooperative,202,0.215,2025-08-06,,36,0,25.25249,78.847645
PRJ-1155,PCL-10081,Andhra Pradesh Inter-River Linking Canal Sector 5,Irrigation / Water Canal,Andhra Pradesh,Guntur,89.18,145,Medium,0.5,0,Fully Disbursed,0,Notification Pending,Under Scrutiny,176,0.78,Initial Stage (<30%),Moderate,192,0.752,2022-06-15,2022-06-28,13,0,15.469454,82.831717
PRJ-1115,PCL-10082,Wind-Solar Hybrid Energy Grid 4,Renewable / Solar Park,Madhya Pradesh,Jabalpur,53.03,74,Medium,0.82,0,Fully Disbursed,0,Notification Pending,Approved,73,0.68,Contested / Encroached,High / Cooperative,31,0.446,2023-05-31,2023-07-13,43,0,24.978339,80.262507
PRJ-1017,PCL-10083,Madurai Metro Rail Extension Corridor 2,Urban Metro / Transit,Tamil Nadu,Madurai,10.65,26,Medium,0.33,1,Pending Disbursal,259,Preliminary Notification (Sec 11),Approved,125,0.65,Contested / Encroached,Low / Resistant,276,0.144,2025-03-21,2026-03-20,364,1,10.169078,78.036472
PRJ-1046,PCL-10084,Maharashtra Dedicated High-Speed Rail Segment 4,Railway & Freight Corridor,Maharashtra,Nashik,33.03,52,Low,0.52,0,Partially Disbursed,119,Award Declared (Sec 23),Conditional Clearance,146,0.55,Partial Possession (30-70%),High / Cooperative,259,0.576,2024-05-01,2024-12-10,223,1,20.432819,77.338157
PRJ-1225,PCL-10085,Sundargarh Greenfield International Airport Phase 3,Airport Infrastructure,Odisha,Sundargarh,27.63,102,Medium,0.51,0,Fully Disbursed,0,Possession Taken (Sec 38),Conditional Clearance,79,0.66,Substantial Possession (>70%),High / Cooperative,253,0.504,2024-10-04,,1,0,21.45472,86.666575
PRJ-1232,PCL-10086,Maharashtra Inter-River Linking Canal Sector 4,Irrigation / Water Canal,Maharashtra,Nagpur,5.0,5,Low,0.74,1,Partially Disbursed,126,Declaration Published (Sec 19),Conditional Clearance,145,0.51,Initial Stage (<30%),Low / Resistant,191,0.481,2026-08-29,,337,1,18.263757,78.46288
PRJ-1248,PCL-10087,Command Area Distribution Network 1,Irrigation / Water Canal,Karnataka,Kalaburagi,109.31,164,High,0.82,1,Pending Disbursal,187,Possession Taken (Sec 38),Under Scrutiny,170,0.43,Contested / Encroached,Moderate,277,0.08,2026-04-12,2027-02-22,316,1,16.002073,75.930235
PRJ-1145,PCL-10088,Urban Flyover & Transit Hub 4,Urban Metro / Transit,Tamil Nadu,Tiruchirappalli,11.19,32,Medium,0.83,1,Fully Disbursed,0,Preliminary Notification (Sec 11),Approved,15,0.65,Initial Stage (<30%),High / Cooperative,222,0.303,2024-06-07,2024-07-03,26,0,10.561162,77.347339
PRJ-1103,PCL-10089,Command Area Distribution Network 4,Irrigation / Water Canal,Madhya Pradesh,Bhopal,14.05,2,Very High,0.63,1,Disputed in Escrow,421,Possession Taken (Sec 38),Pending Environmental Clearance,204,0.64,Partial Possession (30-70%),Low / Resistant,220,0.293,2023-04-22,2024-11-06,564,1,22.476742,76.374499
PRJ-1199,PCL-10090,Belagavi Ultra Mega Solar Park Unit 3,Renewable / Solar Park,Karnataka,Belagavi,27.06,28,Medium,0.53,0,Fully Disbursed,0,Award Declared (Sec 23),Under Scrutiny,132,0.93,Full Possession,High / Cooperative,227,0.438,2023-07-28,2023-09-12,46,0,13.455918,77.383577
PRJ-1050,PCL-10091,Tamil Nadu Inter-River Linking Canal Sector 1,Irrigation / Water Canal,Tamil Nadu,Kanchipuram,23.15,42,Very High,0.59,1,Disputed in Escrow,599,Notification Pending,Approved,28,0.38,Initial Stage (<30%),Low / Resistant,212,0.225,2023-08-24,2025-01-29,524,1,9.841405,78.115753
PRJ-1244,PCL-10092,Aviation Logistics Runway Package 3,Airport Infrastructure,Karnataka,Mysuru,47.56,128,Medium,0.89,1,Pending Disbursal,354,Notification Pending,Under Scrutiny,157,0.5,Initial Stage (<30%),Low / Resistant,235,0.215,2025-11-23,2027-01-18,421,1,15.3563,75.304054
PRJ-1089,PCL-10093,NH-34 Four-Laning Bypass Section 4,Highway / Expressway,Andhra Pradesh,Krishna,94.98,88,Low,0.55,1,Disputed in Escrow,283,Declaration Published (Sec 19),Conditional Clearance,135,0.7,Partial Possession (30-70%),High / Cooperative,313,0.326,2022-09-29,2023-09-24,360,1,18.225871,78.869107
PRJ-1035,PCL-10094,Uttar Pradesh Inter-River Linking Canal Sector 4,Irrigation / Water Canal,Uttar Pradesh,Prayagraj,23.45,35,High,0.66,0,Fully Disbursed,0,Notification Pending,Under Scrutiny,184,0.78,Partial Possession (30-70%),Low / Resistant,220,0.348,2023-10-13,2024-07-19,280,1,25.345893,81.054367
PRJ-1077,PCL-10095,Industrial Rail Siding Network 5,Railway & Freight Corridor,Uttar Pradesh,Kanpur,43.84,76,High,0.62,1,Partially Disbursed,103,Notification Pending,Pending Environmental Clearance,145,0.77,Contested / Encroached,Hostile / Legal Injunction,202,0.312,2027-04-12,2028-07-23,468,1,25.553879,81.224844
PRJ-1243,PCL-10096,NH-64 Four-Laning Bypass Section 1,Highway / Expressway,Uttar Pradesh,Noida,23.38,25,Medium,0.69,1,Disputed in Escrow,349,Declaration Published (Sec 19),Approved,19,0.44,Initial Stage (<30%),Moderate,49,0.615,2027-03-14,2027-12-13,274,1,25.177383,79.537236
PRJ-1173,PCL-10097,Urban Flyover & Transit Hub 5,Urban Metro / Transit,Rajasthan,Kota,61.77,147,Medium,0.47,0,Pending Disbursal,158,Award Declared (Sec 23),Resubmission Required,153,0.51,Substantial Possession (>70%),Moderate,308,0.654,2025-07-10,2026-06-18,343,1,27.646498,72.838024
PRJ-1214,PCL-10098,Western Freight Corridor Spur Line 1,Railway & Freight Corridor,Haryana,Gurugram,40.94,56,High,0.42,1,Pending Disbursal,281,Preliminary Notification (Sec 11),Under Scrutiny,105,0.5,Substantial Possession (>70%),Moderate,127,0.659,2026-11-04,2028-01-05,427,1,29.50195,75.719645
PRJ-1070,PCL-10099,Command Area Distribution Network 1,Irrigation / Water Canal,Rajasthan,Jaipur,5.0,10,Low,0.72,1,Partially Disbursed,38,Possession Taken (Sec 38),Approved,36,0.54,Partial Possession (30-70%),Low / Resistant,274,0.729,2025-08-31,2026-07-31,334,1,27.484272,74.143289
PRJ-1238,PCL-10100,Western Freight Corridor Spur Line 2,Railway & Freight Corridor,Andhra Pradesh,Nellore,78.85,60,Low,0.85,0,Fully Disbursed,0,Possession Taken (Sec 38),Under Scrutiny,226,0.65,Full Possession,High / Cooperative,154,0.379,2026-02-25,2026-02-25,0,0,16.272556,81.163508
PRJ-1047,PCL-10101,Karnataka Clean Energy Hub Sector 1,Renewable / Solar Park,Karnataka,Dharwad,41.01,39,Medium,0.37,1,Pending Disbursal,195,Award Declared (Sec 23),Under Scrutiny,185,0.71,Initial Stage (<30%),Hostile / Legal Injunction,192,0.331,2025-12-30,2027-03-24,449,1,13.94684,75.78701
PRJ-1005,PCL-10102,Ahmedabad Multi-Modal Logistics Park 3,Industrial Corridor / SEZ,Gujarat,Ahmedabad,35.22,29,High,0.45,0,Pending Disbursal,230,Possession Taken (Sec 38),Pending Environmental Clearance,125,0.63,Contested / Encroached,Moderate,146,0.553,2025-05-08,,287,1,22.424882,69.632182
PRJ-1155,PCL-10103,Andhra Pradesh Inter-River Linking Canal Sector 5,Irrigation / Water Canal,Andhra Pradesh,Guntur,29.88,20,Low,0.64,0,Pending Disbursal,281,Notification Pending,Under Scrutiny,221,0.28,Initial Stage (<30%),Moderate,328,0.703,2022-06-15,2023-04-28,317,1,17.029663,82.089123
PRJ-1056,PCL-10104,Coimbatore Greenfield International Airport Phase 2,Airport Infrastructure,Tamil Nadu,Coimbatore,40.78,90,Low,0.95,0,Pending Disbursal,242,Declaration Published (Sec 19),Approved,15,0.73,Contested / Encroached,High / Cooperative,173,0.709,2024-01-01,2024-02-22,52,0,11.187911,78.092479
PRJ-1207,PCL-10105,DMIC Special Investment Region Node 3,Industrial Corridor / SEZ,Madhya Pradesh,Gwalior,21.12,32,Medium,0.66,1,Pending Disbursal,288,Preliminary Notification (Sec 11),Under Scrutiny,166,0.53,Contested / Encroached,Hostile / Legal Injunction,172,0.297,2022-08-02,2023-11-17,472,1,24.956333,79.406837
PRJ-1176,PCL-10106,Wind-Solar Hybrid Energy Grid 4,Renewable / Solar Park,Uttar Pradesh,Noida,24.63,31,High,0.84,1,Pending Disbursal,177,Notification Pending,Approved,15,0.39,Substantial Possession (>70%),Hostile / Legal Injunction,231,0.68,2023-06-07,2024-08-08,428,1,27.52027,79.250761
PRJ-1133,PCL-10107,Urban Flyover & Transit Hub 2,Urban Metro / Transit,Madhya Pradesh,Jabalpur,17.63,66,High,0.77,1,Partially Disbursed,87,Award Declared (Sec 23),Approved,15,0.39,Contested / Encroached,Hostile / Legal Injunction,376,0.096,2023-10-11,2024-10-14,369,1,25.240821,78.627803
PRJ-1151,PCL-10108,Wind-Solar Hybrid Energy Grid 3,Renewable / Solar Park,Karnataka,Bengaluru Rural,32.33,19,Medium,0.49,0,Partially Disbursed,79,Notification Pending,Approved,56,0.36,Partial Possession (30-70%),Moderate,199,0.276,2025-12-20,2026-06-01,163,1,14.822427,74.926901
PRJ-1078,PCL-10109,Salem Greenfield International Airport Phase 1,Airport Infrastructure,Tamil Nadu,Salem,45.26,120,Medium,0.89,1,Pending Disbursal,182,Preliminary Notification (Sec 11),Under Scrutiny,197,0.46,Initial Stage (<30%),Low / Resistant,217,0.656,2026-08-13,2027-10-18,431,1,10.017042,77.670919
PRJ-1003,PCL-10110,Gurugram Metro Rail Extension Corridor 5,Urban Metro / Transit,Haryana,Gurugram,29.72,117,Medium,0.85,0,Partially Disbursed,63,Notification Pending,Approved,15,0.79,Substantial Possession (>70%),High / Cooperative,164,0.694,2024-05-29,2024-07-03,35,0,29.134928,75.947826
PRJ-1245,PCL-10111,Haryana Dedicated High-Speed Rail Segment 5,Railway & Freight Corridor,Haryana,Faridabad,58.71,57,Medium,0.47,0,Pending Disbursal,187,Preliminary Notification (Sec 11),Under Scrutiny,84,0.47,Substantial Possession (>70%),High / Cooperative,183,0.525,2024-03-02,2024-10-09,221,1,28.969959,75.621678
PRJ-1177,PCL-10112,Command Area Distribution Network 5,Irrigation / Water Canal,Andhra Pradesh,Krishna,22.86,28,Low,0.82,1,Disputed in Escrow,413,Notification Pending,Under Scrutiny,124,0.46,Partial Possession (30-70%),High / Cooperative,79,0.494,2025-09-30,2026-07-08,281,1,15.423206,78.55327
PRJ-1176,PCL-10113,Wind-Solar Hybrid Energy Grid 4,Renewable / Solar Park,Uttar Pradesh,Noida,33.73,42,Low,0.79,0,Fully Disbursed,0,Declaration Published (Sec 19),Conditional Clearance,170,0.37,Full Possession,Low / Resistant,207,0.519,2023-06-07,2023-06-18,11,0,28.436872,80.696965
PRJ-1259,PCL-10114,Visakhapatnam Metro Rail Extension Corridor 1,Urban Metro / Transit,Andhra Pradesh,Visakhapatnam,23.87,74,Low,0.82,1,Pending Disbursal,114,Notification Pending,Resubmission Required,96,0.32,Initial Stage (<30%),Low / Resistant,153,0.544,2024-03-19,2025-03-16,362,1,14.793533,79.846298
PRJ-1011,PCL-10115,Urban Flyover & Transit Hub 3,Urban Metro / Transit,Gujarat,Surat,45.26,122,Low,0.82,0,Fully Disbursed,0,Preliminary Notification (Sec 11),Approved,94,0.59,Partial Possession (30-70%),High / Cooperative,262,0.499,2026-11-02,2026-11-24,22,0,21.189882,69.559475
PRJ-1071,PCL-10116,Maharashtra Dedicated High-Speed Rail Segment 1,Railway & Freight Corridor,Maharashtra,Pune,23.1,30,Medium,0.92,0,Partially Disbursed,81,Award Declared (Sec 23),Conditional Clearance,174,0.46,Contested / Encroached,High / Cooperative,241,0.262,2024-08-01,2024-09-11,41,0,19.264595,78.80118
PRJ-1210,PCL-10117,Aviation Logistics Runway Package 3,Airport Infrastructure,Rajasthan,Jaipur,44.75,121,Low,0.44,1,Fully Disbursed,0,Preliminary Notification (Sec 11),Pending Environmental Clearance,143,0.76,Contested / Encroached,Hostile / Legal Injunction,190,0.224,2023-07-12,2024-02-24,227,1,25.349545,71.282494
PRJ-1077,PCL-10118,Industrial Rail Siding Network 5,Railway & Freight Corridor,Uttar Pradesh,Kanpur,28.42,40,Medium,0.71,0,Partially Disbursed,105,Award Declared (Sec 23),Under Scrutiny,167,0.64,Full Possession,Low / Resistant,226,0.3,2027-04-12,,316,1,28.278116,82.259442
PRJ-1149,PCL-10119,Wind-Solar Hybrid Energy Grid 1,Renewable / Solar Park,Madhya Pradesh,Ujjain,12.29,3,Low,0.72,0,Fully Disbursed,0,Declaration Published (Sec 19),Under Scrutiny,116,0.85,Full Possession,Low / Resistant,211,0.416,2026-01-31,2026-05-30,119,1,23.634945,79.381306
PRJ-1138,PCL-10120,Gurugram Ultra Mega Solar Park Unit 2,Renewable / Solar Park,Haryana,Gurugram,20.22,32,Low,0.62,0,Fully Disbursed,0,Possession Taken (Sec 38),Under Scrutiny,117,0.44,Substantial Possession (>70%),High / Cooperative,53,0.77,2026-01-08,2026-02-05,28,0,30.158341,75.726607
PRJ-1086,PCL-10121,Suburban Commuter Rapid Transit Line 1,Urban Metro / Transit,Haryana,Hisar,16.98,44,High,0.48,0,Partially Disbursed,175,Possession Taken (Sec 38),Approved,106,0.41,Substantial Possession (>70%),Moderate,173,0.439,2024-10-11,,230,1,28.321336,76.872723
PRJ-1067,PCL-10122,Sundargarh Cargo Terminal Expansion 2,Airport Infrastructure,Odisha,Sundargarh,47.93,207,High,0.52,0,Fully Disbursed,0,Notification Pending,Conditional Clearance,124,0.8,Substantial Possession (>70%),High / Cooperative,280,0.424,2024-02-16,2024-03-21,34,0,20.806007,85.367931
PRJ-1174,PCL-10123,Command Area Distribution Network 1,Irrigation / Water Canal,Odisha,Angul,108.56,163,High,0.68,1,Disputed in Escrow,508,Possession Taken (Sec 38),Approved,55,0.54,Contested / Encroached,Low / Resistant,179,0.182,2023-12-27,2025-03-30,459,1,20.899659,85.908252
PRJ-1028,PCL-10124,Command Area Distribution Network 1,Irrigation / Water Canal,Gujarat,Ahmedabad,28.65,32,Medium,0.79,0,Partially Disbursed,112,Declaration Published (Sec 19),Approved,15,0.8,Full Possession,High / Cooperative,159,0.311,2024-07-23,2024-07-28,5,0,21.08377,73.161234
PRJ-1194,PCL-10125,NH-25 Four-Laning Bypass Section 4,Highway / Expressway,Madhya Pradesh,Ujjain,23.91,35,High,0.64,0,Fully Disbursed,0,Preliminary Notification (Sec 11),Resubmission Required,186,0.36,Partial Possession (30-70%),Moderate,103,0.619,2025-06-25,2026-04-21,300,1,23.824419,76.554
PRJ-1019,PCL-10126,Karnataka Green Express Corridor Phase 4,Highway / Expressway,Karnataka,Kalaburagi,23.65,2,Medium,0.8,0,Partially Disbursed,82,Possession Taken (Sec 38),Resubmission Required,78,0.53,Substantial Possession (>70%),Moderate,30,0.682,2024-07-20,2024-10-21,93,1,15.279942,74.550543
PRJ-1115,PCL-10127,Wind-Solar Hybrid Energy Grid 4,Renewable / Solar Park,Madhya Pradesh,Jabalpur,57.03,86,Medium,0.71,0,Partially Disbursed,54,Declaration Published (Sec 19),Approved,34,0.31,Substantial Possession (>70%),Moderate,217,0.71,2023-05-31,2023-10-31,153,1,25.764997,77.174625
PRJ-1150,PCL-10128,Suburban Commuter Rapid Transit Line 3,Urban Metro / Transit,Maharashtra,Thane,50.3,91,High,0.95,0,Partially Disbursed,134,Preliminary Notification (Sec 11),Approved,69,0.41,Full Possession,Low / Resistant,294,0.529,2024-07-27,2025-06-20,328,1,19.638303,75.442898
PRJ-1202,PCL-10129,Andhra Pradesh Clean Energy Hub Sector 5,Renewable / Solar Park,Andhra Pradesh,Guntur,56.42,54,Low,0.85,1,Pending Disbursal,153,Possession Taken (Sec 38),Under Scrutiny,176,0.49,Initial Stage (<30%),Moderate,185,0.391,2024-12-08,2025-07-01,205,1,14.998594,82.090315
PRJ-1003,PCL-10130,Gurugram Metro Rail Extension Corridor 5,Urban Metro / Transit,Haryana,Gurugram,24.89,110,High,0.52,1,Disputed in Escrow,270,Notification Pending,Approved,25,0.4,Contested / Encroached,Low / Resistant,278,0.397,2024-05-29,2025-07-30,427,1,29.322874,75.642286
PRJ-1165,PCL-10131,Kutch Lift Irrigation Main Canal Reach 5,Irrigation / Water Canal,Gujarat,Kutch,87.32,172,Very High,0.65,1,Disputed in Escrow,330,Possession Taken (Sec 38),Conditional Clearance,211,0.82,Substantial Possession (>70%),Low / Resistant,196,0.445,2025-04-02,2026-07-20,474,1,22.511919,70.742516
PRJ-1154,PCL-10132,Command Area Distribution Network 2,Irrigation / Water Canal,Maharashtra,Pune,49.47,62,Medium,0.64,0,Fully Disbursed,0,Award Declared (Sec 23),Under Scrutiny,151,0.28,Initial Stage (<30%),Moderate,157,0.411,2026-01-19,2026-04-28,99,1,20.494916,76.555958
PRJ-1092,PCL-10133,Wind-Solar Hybrid Energy Grid 5,Renewable / Solar Park,Haryana,Karnal,10.0,5,Low,0.9,0,Partially Disbursed,136,Notification Pending,Approved,34,0.6,Partial Possession (30-70%),High / Cooperative,278,0.443,2022-11-23,2023-01-03,41,0,29.259344,76.869193
PRJ-1055,PCL-10134,Jodhpur Lift Irrigation Main Canal Reach 3,Irrigation / Water Canal,Rajasthan,Jodhpur,113.33,166,Medium,0.65,1,Pending Disbursal,218,Declaration Published (Sec 19),Conditional Clearance,88,0.68,Initial Stage (<30%),Moderate,252,0.583,2024-10-24,2025-08-27,307,1,24.161197,71.907428
PRJ-1017,PCL-10135,Madurai Metro Rail Extension Corridor 2,Urban Metro / Transit,Tamil Nadu,Madurai,32.5,103,Medium,0.79,0,Partially Disbursed,129,Declaration Published (Sec 19),Under Scrutiny,205,0.29,Partial Possession (30-70%),Moderate,235,0.595,2025-03-21,2025-10-14,207,1,10.76952,78.453043
PRJ-1025,PCL-10136,Odisha Green Express Corridor Phase 4,Highway / Expressway,Odisha,Sundargarh,19.06,29,Very High,0.37,1,Fully Disbursed,0,Award Declared (Sec 23),Approved,48,0.48,Contested / Encroached,Moderate,267,0.329,2025-09-08,2026-08-09,335,1,21.958861,85.096398
PRJ-1116,PCL-10137,Coimbatore Lift Irrigation Main Canal Reach 4,Irrigation / Water Canal,Tamil Nadu,Coimbatore,57.21,84,High,0.5,1,Disputed in Escrow,279,Award Declared (Sec 23),Approved,72,0.28,Contested / Encroached,Low / Resistant,163,0.379,2024-07-16,2025-11-12,484,1,12.649054,79.23435
PRJ-1089,PCL-10138,NH-34 Four-Laning Bypass Section 4,Highway / Expressway,Andhra Pradesh,Krishna,31.93,22,Low,0.34,1,Disputed in Escrow,182,Award Declared (Sec 23),Under Scrutiny,138,0.47,Contested / Encroached,Moderate,121,0.245,2022-09-29,2023-10-08,374,1,17.28435,78.634834
PRJ-1166,PCL-10139,Uttar Pradesh Green Express Corridor Phase 3,Highway / Expressway,Uttar Pradesh,Varanasi,25.41,32,High,0.74,0,Partially Disbursed,48,Award Declared (Sec 23),Under Scrutiny,139,0.52,Initial Stage (<30%),Moderate,190,0.377,2025-08-06,2026-02-18,196,1,27.079393,82.227769
PRJ-1082,PCL-10140,Kota Greenfield International Airport Phase 1,Airport Infrastructure,Rajasthan,Kota,360.76,617,Medium,0.66,0,Fully Disbursed,0,Declaration Published (Sec 19),Resubmission Required,172,0.43,Substantial Possession (>70%),High / Cooperative,358,0.604,2024-03-28,2024-06-30,94,1,25.880097,74.218512
PRJ-1005,PCL-10141,Ahmedabad Multi-Modal Logistics Park 3,Industrial Corridor / SEZ,Gujarat,Ahmedabad,27.84,24,Medium,0.83,1,Fully Disbursed,0,Award Declared (Sec 23),Approved,128,0.73,Contested / Encroached,Low / Resistant,136,0.269,2025-05-08,2025-10-25,170,1,21.382694,70.572432
PRJ-1145,PCL-10142,Urban Flyover & Transit Hub 4,Urban Metro / Transit,Tamil Nadu,Tiruchirappalli,33.2,124,Medium,0.76,0,Fully Disbursed,0,Declaration Published (Sec 19),Approved,79,0.95,Full Possession,Moderate,232,0.239,2024-06-07,2024-09-30,115,1,9.633999,78.65229
PRJ-1004,PCL-10143,Maharashtra Inter-River Linking Canal Sector 3,Irrigation / Water Canal,Maharashtra,Nagpur,106.84,167,Medium,0.49,0,Fully Disbursed,0,Possession Taken (Sec 38),Under Scrutiny,141,0.48,Initial Stage (<30%),Moderate,206,0.283,2024-04-03,2024-05-14,41,0,19.868106,74.399001
PRJ-1079,PCL-10144,Haryana Inter-River Linking Canal Sector 3,Irrigation / Water Canal,Haryana,Hisar,5.49,2,Low,0.77,0,Fully Disbursed,0,Declaration Published (Sec 19),Pending Environmental Clearance,125,0.32,Substantial Possession (>70%),High / Cooperative,185,0.738,2026-10-18,2027-01-18,92,1,28.107007,76.91205
PRJ-1162,PCL-10145,Suburban Commuter Rapid Transit Line 4,Urban Metro / Transit,Haryana,Karnal,28.19,83,Medium,0.67,0,Partially Disbursed,48,Award Declared (Sec 23),Pending Environmental Clearance,206,0.78,Full Possession,Moderate,172,0.326,2023-05-29,2023-06-28,30,0,28.090538,76.829268
PRJ-1155,PCL-10146,Andhra Pradesh Inter-River Linking Canal Sector 5,Irrigation / Water Canal,Andhra Pradesh,Guntur,47.97,91,Medium,0.63,1,Partially Disbursed,86,Declaration Published (Sec 19),Conditional Clearance,116,0.63,Contested / Encroached,Moderate,151,0.479,2022-06-15,2023-05-12,331,1,16.71889,79.429435
PRJ-1152,PCL-10147,Urban Flyover & Transit Hub 5,Urban Metro / Transit,Madhya Pradesh,Ujjain,16.02,66,High,0.62,1,Pending Disbursal,95,Notification Pending,Pending Environmental Clearance,114,0.81,Substantial Possession (>70%),Low / Resistant,282,0.181,2024-10-11,2025-10-04,358,1,26.274591,75.972083
PRJ-1202,PCL-10148,Andhra Pradesh Clean Energy Hub Sector 5,Renewable / Solar Park,Andhra Pradesh,Guntur,54.63,52,Medium,0.88,1,Pending Disbursal,352,Declaration Published (Sec 19),Approved,48,0.45,Partial Possession (30-70%),Low / Resistant,185,0.653,2024-12-08,,446,1,16.413469,82.690199
PRJ-1093,PCL-10149,Tamil Nadu Dedicated High-Speed Rail Segment 2,Railway & Freight Corridor,Tamil Nadu,Kanchipuram,48.2,22,High,0.7,1,Pending Disbursal,127,Award Declared (Sec 23),Under Scrutiny,207,0.88,Partial Possession (30-70%),Hostile / Legal Injunction,262,0.292,2023-04-23,2024-09-18,514,1,11.831325,78.808607
PRJ-1250,PCL-10150,Andhra Pradesh Integrated Industrial Township 5,Industrial Corridor / SEZ,Andhra Pradesh,Guntur,79.26,138,Low,0.57,1,Partially Disbursed,154,Possession Taken (Sec 38),Approved,51,0.48,Initial Stage (<30%),High / Cooperative,305,0.706,2026-08-26,,325,1,18.236776,79.799978
PRJ-1187,PCL-10151,Krishna Multi-Modal Logistics Park 3,Industrial Corridor / SEZ,Andhra Pradesh,Krishna,118.85,104,Low,0.82,0,Partially Disbursed,100,Award Declared (Sec 23),Approved,15,0.52,Partial Possession (30-70%),Moderate,353,0.4,2024-03-30,2024-05-30,61,0,17.603879,82.747429
PRJ-1237,PCL-10152,Aviation Logistics Runway Package 2,Airport Infrastructure,Odisha,Sundargarh,70.96,205,Medium,0.58,0,Fully Disbursed,0,Declaration Published (Sec 19),Pending Environmental Clearance,171,0.5,Full Possession,Moderate,141,0.094,2023-06-26,2023-08-08,43,0,20.707931,86.141871
PRJ-1040,PCL-10153,DMIC Special Investment Region Node 1,Industrial Corridor / SEZ,Tamil Nadu,Madurai,40.81,75,Medium,0.7,0,Partially Disbursed,84,Preliminary Notification (Sec 11),Under Scrutiny,197,0.66,Substantial Possession (>70%),Moderate,193,0.272,2025-05-05,2025-06-05,31,0,12.023246,79.815526
PRJ-1077,PCL-10154,Industrial Rail Siding Network 5,Railway & Freight Corridor,Uttar Pradesh,Kanpur,19.43,31,Medium,0.76,0,Partially Disbursed,131,Award Declared (Sec 23),Under Scrutiny,119,0.64,Partial Possession (30-70%),High / Cooperative,177,0.206,2027-04-12,2027-05-24,42,0,26.293783,79.255856
PRJ-1085,PCL-10155,Command Area Distribution Network 2,Irrigation / Water Canal,Andhra Pradesh,Visakhapatnam,24.43,5,Medium,0.75,0,Fully Disbursed,0,Possession Taken (Sec 38),Pending Environmental Clearance,116,0.45,Full Possession,Moderate,163,0.421,2024-09-24,2024-09-24,0,0,17.381707,78.737816
PRJ-1119,PCL-10156,Haryana Integrated Industrial Township 2,Industrial Corridor / SEZ,Haryana,Faridabad,51.08,49,Low,0.72,0,Partially Disbursed,146,Preliminary Notification (Sec 11),Approved,25,0.78,Substantial Possession (>70%),Low / Resistant,173,0.57,2027-02-22,2027-10-06,226,1,28.200867,76.251927
PRJ-1141,PCL-10157,NH-48 Four-Laning Bypass Section 5,Highway / Expressway,Madhya Pradesh,Ujjain,76.98,101,Low,0.5,0,Partially Disbursed,49,Notification Pending,Approved,15,0.47,Contested / Encroached,Moderate,110,0.203,2024-10-30,2025-02-08,101,1,25.723438,76.735223
PRJ-1177,PCL-10158,Command Area Distribution Network 5,Irrigation / Water Canal,Andhra Pradesh,Krishna,16.01,17,Medium,0.81,0,Fully Disbursed,0,Award Declared (Sec 23),Approved,92,0.75,Full Possession,High / Cooperative,254,0.377,2025-09-30,2025-10-11,11,0,16.192191,80.412339
PRJ-1061,PCL-10159,Kota Ultra Mega Solar Park Unit 3,Renewable / Solar Park,Rajasthan,Kota,19.27,18,Low,0.69,0,Partially Disbursed,135,Preliminary Notification (Sec 11),Approved,78,0.75,Full Possession,Moderate,153,0.847,2026-08-16,,226,1,26.958882,73.496221
PRJ-1021,PCL-10160,Karnataka Integrated Industrial Township 3,Industrial Corridor / SEZ,Karnataka,Belagavi,118.25,102,High,0.88,1,Disputed in Escrow,506,Preliminary Notification (Sec 11),Pending Environmental Clearance,105,0.79,Contested / Encroached,Low / Resistant,154,0.628,2025-09-25,2026-12-24,455,1,16.914909,75.019968
PRJ-1111,PCL-10161,Kalaburagi Multi-Modal Logistics Park 4,Industrial Corridor / SEZ,Karnataka,Kalaburagi,21.98,49,Low,0.7,0,Partially Disbursed,76,Notification Pending,Under Scrutiny,117,0.59,Full Possession,Moderate,316,0.431,2026-12-07,2026-12-23,16,0,14.751096,77.726883
PRJ-1233,PCL-10162,Suburban Commuter Rapid Transit Line 2,Urban Metro / Transit,Uttar Pradesh,Noida,60.54,144,Low,0.76,0,Pending Disbursal,304,Declaration Published (Sec 19),Under Scrutiny,157,0.88,Substantial Possession (>70%),High / Cooperative,238,0.605,2026-03-13,2026-03-18,5,0,27.078213,78.421752
PRJ-1258,PCL-10163,Odisha Integrated Industrial Township 2,Industrial Corridor / SEZ,Odisha,Cuttack,15.11,31,High,0.86,1,Disputed in Escrow,527,Possession Taken (Sec 38),Under Scrutiny,131,0.36,Partial Possession (30-70%),Low / Resistant,112,0.28,2024-03-08,2025-06-27,476,1,21.506196,84.301613
PRJ-1220,PCL-10164,Aviation Logistics Runway Package 4,Airport Infrastructure,Tamil Nadu,Coimbatore,8.85,32,Medium,0.88,0,Partially Disbursed,177,Preliminary Notification (Sec 11),Approved,15,0.63,Full Possession,Moderate,187,0.521,2024-03-01,2024-03-03,2,0,10.330253,79.537131
PRJ-1043,PCL-10165,Salem Greenfield International Airport Phase 3,Airport Infrastructure,Tamil Nadu,Salem,69.35,177,Medium,0.47,0,Partially Disbursed,60,Notification Pending,Approved,76,0.22,Partial Possession (30-70%),Moderate,218,0.66,2024-10-31,2025-09-30,334,1,10.513107,79.767976
PRJ-1186,PCL-10166,Surat Cargo Terminal Expansion 3,Airport Infrastructure,Gujarat,Surat,152.56,483,Medium,0.56,0,Partially Disbursed,131,Declaration Published (Sec 19),Approved,41,0.72,Partial Possession (30-70%),Moderate,245,0.426,2026-06-10,2026-11-24,167,1,21.359091,70.924715
PRJ-1248,PCL-10167,Command Area Distribution Network 1,Irrigation / Water Canal,Karnataka,Kalaburagi,52.76,58,Medium,0.81,0,Partially Disbursed,88,Possession Taken (Sec 38),Conditional Clearance,167,0.84,Initial Stage (<30%),Moderate,91,0.602,2026-04-12,2026-07-24,103,1,13.79351,75.53129
PRJ-1174,PCL-10168,Command Area Distribution Network 1,Irrigation / Water Canal,Odisha,Angul,31.36,42,Low,0.82,0,Pending Disbursal,164,Possession Taken (Sec 38),Pending Environmental Clearance,142,0.37,Substantial Possession (>70%),High / Cooperative,112,0.434,2023-12-27,2024-04-24,119,1,21.63222,85.707868
PRJ-1114,PCL-10169,NH-63 Four-Laning Bypass Section 3,Highway / Expressway,Odisha,Sundargarh,34.56,69,High,0.87,0,Fully Disbursed,0,Notification Pending,Approved,15,0.67,Partial Possession (30-70%),Moderate,311,0.469,2026-10-05,2027-02-26,144,1,20.514171,85.694378
PRJ-1006,PCL-10170,Bhopal Multi-Modal Logistics Park 5,Industrial Corridor / SEZ,Madhya Pradesh,Bhopal,14.08,9,Low,0.64,0,Partially Disbursed,89,Notification Pending,Approved,33,0.46,Full Possession,High / Cooperative,240,0.408,2026-09-27,,159,1,22.937512,79.254059
PRJ-1081,PCL-10171,Industrial Rail Siding Network 4,Railway & Freight Corridor,Karnataka,Bengaluru Rural,103.91,135,Medium,0.77,0,Fully Disbursed,0,Preliminary Notification (Sec 11),Pending Environmental Clearance,140,0.75,Substantial Possession (>70%),High / Cooperative,236,0.624,2025-10-07,2025-10-07,0,0,12.97553,75.432998
PRJ-1179,PCL-10172,Vadodara Greenfield International Airport Phase 5,Airport Infrastructure,Gujarat,Vadodara,56.73,104,Very High,0.71,1,Fully Disbursed,0,Declaration Published (Sec 19),Approved,26,0.66,Substantial Possession (>70%),Low / Resistant,247,0.705,2024-08-04,2025-07-02,332,1,22.057678,72.638265
PRJ-1151,PCL-10173,Wind-Solar Hybrid Energy Grid 3,Renewable / Solar Park,Karnataka,Bengaluru Rural,14.54,2,Low,0.84,0,Fully Disbursed,0,Possession Taken (Sec 38),Resubmission Required,104,0.56,Substantial Possession (>70%),Moderate,179,0.256,2025-12-20,2026-01-11,22,0,14.215833,74.924429
PRJ-1235,PCL-10174,Suburban Commuter Rapid Transit Line 1,Urban Metro / Transit,Gujarat,Rajkot,35.4,134,Medium,0.69,0,Partially Disbursed,86,Declaration Published (Sec 19),Conditional Clearance,147,0.26,Substantial Possession (>70%),High / Cooperative,189,0.223,2027-01-03,2027-05-14,131,1,23.026625,72.994705
PRJ-1135,PCL-10175,Wind-Solar Hybrid Energy Grid 3,Renewable / Solar Park,Gujarat,Bharuch,35.02,63,High,0.8,0,Partially Disbursed,120,Declaration Published (Sec 19),Pending Environmental Clearance,177,0.96,Full Possession,High / Cooperative,178,0.325,2025-09-09,2025-09-09,0,0,21.769947,69.459241
PRJ-1098,PCL-10176,Jaipur Metro Rail Extension Corridor 4,Urban Metro / Transit,Rajasthan,Jaipur,40.52,134,High,0.67,1,Partially Disbursed,121,Declaration Published (Sec 19),Conditional Clearance,115,0.83,Substantial Possession (>70%),Moderate,183,0.486,2024-08-24,2025-07-09,319,1,26.245597,72.228033
PRJ-1253,PCL-10177,Suburban Commuter Rapid Transit Line 1,Urban Metro / Transit,Odisha,Jajpur,10.56,37,Low,0.42,1,Pending Disbursal,230,Possession Taken (Sec 38),Approved,29,0.43,Contested / Encroached,Low / Resistant,365,0.604,2023-07-06,2024-06-14,344,1,21.14595,86.113459
PRJ-1204,PCL-10178,Gujarat Inter-River Linking Canal Sector 3,Irrigation / Water Canal,Gujarat,Bharuch,11.57,22,High,0.64,1,Pending Disbursal,291,Declaration Published (Sec 19),Under Scrutiny,121,0.73,Substantial Possession (>70%),Low / Resistant,171,0.483,2024-09-18,2026-02-11,511,1,21.694069,71.587327
PRJ-1162,PCL-10179,Suburban Commuter Rapid Transit Line 4,Urban Metro / Transit,Haryana,Karnal,127.84,274,High,0.95,0,Fully Disbursed,0,Notification Pending,Approved,15,0.64,Full Possession,Moderate,126,0.487,2023-05-29,2023-05-29,0,0,29.704105,75.572458
PRJ-1176,PCL-10180,Wind-Solar Hybrid Energy Grid 4,Renewable / Solar Park,Uttar Pradesh,Noida,28.02,30,Medium,0.69,0,Fully Disbursed,0,Declaration Published (Sec 19),Under Scrutiny,115,0.61,Contested / Encroached,High / Cooperative,347,0.468,2023-06-07,2023-06-16,9,0,26.294142,80.743358
PRJ-1052,PCL-10181,Angul Metro Rail Extension Corridor 2,Urban Metro / Transit,Odisha,Angul,33.13,102,High,0.66,0,Partially Disbursed,151,Preliminary Notification (Sec 11),Approved,49,0.56,Substantial Possession (>70%),Moderate,222,0.501,2026-05-21,2026-05-23,2,0,21.42412,86.221036
PRJ-1162,PCL-10182,Suburban Commuter Rapid Transit Line 4,Urban Metro / Transit,Haryana,Karnal,87.36,281,High,0.92,0,Fully Disbursed,0,Award Declared (Sec 23),Under Scrutiny,161,0.53,Substantial Possession (>70%),Moderate,261,0.275,2023-05-29,2024-02-12,259,1,29.934799,76.120065
PRJ-1172,PCL-10183,Jaipur Cargo Terminal Expansion 1,Airport Infrastructure,Rajasthan,Jaipur,16.89,62,High,0.58,0,Fully Disbursed,0,Notification Pending,Approved,22,0.48,Substantial Possession (>70%),Moderate,129,0.247,2025-01-01,,17,0,25.192984,73.175809
PRJ-1146,PCL-10184,Dharwad Multi-Modal Logistics Park 4,Industrial Corridor / SEZ,Karnataka,Dharwad,15.9,23,Medium,0.76,1,Pending Disbursal,164,Declaration Published (Sec 19),Under Scrutiny,80,0.67,Contested / Encroached,Low / Resistant,427,0.302,2025-10-19,2026-08-23,308,1,14.290034,76.704217
PRJ-1208,PCL-10185,Rajasthan Integrated Industrial Township 1,Industrial Corridor / SEZ,Rajasthan,Alwar,35.45,40,Low,0.75,0,Fully Disbursed,0,Possession Taken (Sec 38),Approved,78,0.4,Substantial Possession (>70%),High / Cooperative,258,0.644,2025-07-21,2025-09-27,68,0,27.785163,71.47093
PRJ-1231,PCL-10186,Suburban Commuter Rapid Transit Line 2,Urban Metro / Transit,Andhra Pradesh,Guntur,53.46,73,Medium,0.32,0,Partially Disbursed,50,Declaration Published (Sec 19),Approved,15,0.82,Full Possession,Low / Resistant,228,0.384,2025-10-18,2026-05-13,207,1,15.871552,78.951042
PRJ-1028,PCL-10187,Command Area Distribution Network 1,Irrigation / Water Canal,Gujarat,Ahmedabad,43.41,71,Low,0.59,0,Partially Disbursed,129,Award Declared (Sec 23),Approved,36,0.8,Partial Possession (30-70%),High / Cooperative,376,0.422,2024-07-23,2024-08-27,35,0,21.126458,70.796855
PRJ-1065,PCL-10188,Karnal Multi-Modal Logistics Park 3,Industrial Corridor / SEZ,Haryana,Karnal,234.08,158,High,0.27,1,Pending Disbursal,229,Notification Pending,Approved,17,0.67,Contested / Encroached,Hostile / Legal Injunction,225,0.289,2027-01-28,,559,1,28.365065,77.143184
PRJ-1234,PCL-10189,Madhya Pradesh Integrated Industrial Township 5,Industrial Corridor / SEZ,Madhya Pradesh,Ujjain,17.58,23,Medium,0.79,0,Fully Disbursed,0,Notification Pending,Approved,43,0.39,Full Possession,Moderate,258,0.35,2025-12-16,2026-04-22,127,1,24.826609,79.119447
PRJ-1080,PCL-10190,Belagavi Cargo Terminal Expansion 3,Airport Infrastructure,Karnataka,Belagavi,30.54,111,High,0.57,1,Fully Disbursed,0,Possession Taken (Sec 38),Pending Environmental Clearance,229,0.45,Initial Stage (<30%),Moderate,159,0.489,2026-02-11,2026-12-05,297,1,14.037507,74.550296
PRJ-1150,PCL-10191,Suburban Commuter Rapid Transit Line 3,Urban Metro / Transit,Maharashtra,Thane,20.37,60,Low,0.69,1,Partially Disbursed,129,Possession Taken (Sec 38),Approved,98,0.67,Substantial Possession (>70%),Low / Resistant,258,0.307,2024-07-27,2025-03-11,227,1,19.781311,78.149311
PRJ-1140,PCL-10192,Maharashtra Inter-River Linking Canal Sector 5,Irrigation / Water Canal,Maharashtra,Nagpur,41.85,73,Medium,0.88,1,Pending Disbursal,323,Notification Pending,Under Scrutiny,130,0.35,Contested / Encroached,Low / Resistant,30,0.617,2023-08-20,2024-10-23,430,1,18.875563,77.804732
PRJ-1165,PCL-10193,Kutch Lift Irrigation Main Canal Reach 5,Irrigation / Water Canal,Gujarat,Kutch,33.62,36,Low,0.62,0,Partially Disbursed,32,Declaration Published (Sec 19),Approved,36,0.59,Full Possession,High / Cooperative,149,0.641,2025-04-02,2025-05-16,44,0,21.106247,69.268381
PRJ-1256,PCL-10194,Tamil Nadu Integrated Industrial Township 5,Industrial Corridor / SEZ,Tamil Nadu,Coimbatore,6.14,19,Low,0.99,0,Fully Disbursed,0,Possession Taken (Sec 38),Approved,15,0.25,Substantial Possession (>70%),Moderate,298,0.359,2023-11-21,2024-04-01,132,1,12.943076,78.487422
PRJ-1129,PCL-10195,Thane Metro Rail Extension Corridor 4,Urban Metro / Transit,Maharashtra,Thane,28.6,48,High,0.87,0,Fully Disbursed,0,Preliminary Notification (Sec 11),Approved,42,0.74,Partial Possession (30-70%),Moderate,355,0.421,2026-07-27,2026-12-15,141,1,20.420027,78.350813
PRJ-1107,PCL-10196,Urban Flyover & Transit Hub 3,Urban Metro / Transit,Rajasthan,Udaipur,48.44,106,Low,0.97,1,Disputed in Escrow,446,Preliminary Notification (Sec 11),Approved,15,0.22,Initial Stage (<30%),Moderate,109,0.595,2026-11-18,2028-02-18,457,1,26.130432,75.07051
PRJ-1112,PCL-10197,Command Area Distribution Network 2,Irrigation / Water Canal,Odisha,Jajpur,11.17,2,Low,0.75,0,Fully Disbursed,0,Declaration Published (Sec 19),Approved,71,0.84,Full Possession,Moderate,206,0.3,2023-11-11,2023-11-11,0,0,22.080513,84.687108
PRJ-1244,PCL-10198,Aviation Logistics Runway Package 3,Airport Infrastructure,Karnataka,Mysuru,7.55,28,Low,0.75,0,Fully Disbursed,0,Preliminary Notification (Sec 11),Approved,42,0.41,Substantial Possession (>70%),High / Cooperative,206,0.479,2025-11-23,2026-01-05,43,0,15.923192,75.045974
PRJ-1065,PCL-10199,Karnal Multi-Modal Logistics Park 3,Industrial Corridor / SEZ,Haryana,Karnal,38.39,63,Medium,0.7,0,Partially Disbursed,35,Possession Taken (Sec 38),Approved,65,0.12,Full Possession,High / Cooperative,106,0.566,2027-01-28,2027-02-23,26,0,29.220823,76.151805
PRJ-1225,PCL-10200,Sundargarh Greenfield International Airport Phase 3,Airport Infrastructure,Odisha,Sundargarh,18.63,40,Medium,0.67,0,Partially Disbursed,171,Declaration Published (Sec 19),Approved,52,0.73,Full Possession,Moderate,186,0.296,2024-10-04,2025-03-10,157,1,21.003464,85.515382
PRJ-1188,PCL-10201,Andhra Pradesh Dedicated High-Speed Rail Segment 3,Railway & Freight Corridor,Andhra Pradesh,Krishna,24.71,32,Medium,0.71,0,Fully Disbursed,0,Notification Pending,Approved,67,0.51,Partial Possession (30-70%),Low / Resistant,272,0.489,2025-03-19,2025-11-23,249,1,16.047948,81.851998
PRJ-1199,PCL-10202,Belagavi Ultra Mega Solar Park Unit 3,Renewable / Solar Park,Karnataka,Belagavi,44.95,68,Low,0.54,0,Fully Disbursed,0,Preliminary Notification (Sec 11),Under Scrutiny,93,0.58,Full Possession,High / Cooperative,324,0.584,2023-07-28,2023-07-28,0,0,13.48036,76.736317
PRJ-1067,PCL-10203,Sundargarh Cargo Terminal Expansion 2,Airport Infrastructure,Odisha,Sundargarh,13.12,22,Low,0.77,0,Fully Disbursed,0,Possession Taken (Sec 38),Under Scrutiny,127,0.62,Partial Possession (30-70%),High / Cooperative,240,0.186,2024-02-16,2024-06-01,106,1,20.014461,84.134439
PRJ-1188,PCL-10204,Andhra Pradesh Dedicated High-Speed Rail Segment 3,Railway & Freight Corridor,Andhra Pradesh,Krishna,14.34,9,High,0.86,0,Pending Disbursal,329,Preliminary Notification (Sec 11),Approved,27,0.76,Contested / Encroached,Low / Resistant,257,0.361,2025-03-19,2025-12-26,282,1,15.02118,81.567441
PRJ-1030,PCL-10205,Rajasthan Integrated Industrial Township 5,Industrial Corridor / SEZ,Rajasthan,Udaipur,140.5,97,Low,0.78,0,Pending Disbursal,139,Preliminary Notification (Sec 11),Conditional Clearance,165,0.46,Substantial Possession (>70%),High / Cooperative,299,0.326,2023-11-18,2024-04-30,164,1,27.674029,72.618312
PRJ-1128,PCL-10206,Gujarat Green Express Corridor Phase 2,Highway / Expressway,Gujarat,Rajkot,27.75,31,Medium,0.69,0,Partially Disbursed,147,Possession Taken (Sec 38),Pending Environmental Clearance,139,0.55,Full Possession,Moderate,30,0.656,2025-04-05,2025-11-28,237,1,22.70308,73.219015
PRJ-1173,PCL-10207,Urban Flyover & Transit Hub 5,Urban Metro / Transit,Rajasthan,Kota,76.58,233,Very High,0.74,1,Disputed in Escrow,612,Award Declared (Sec 23),Approved,65,0.74,Initial Stage (<30%),Hostile / Legal Injunction,30,0.651,2025-07-10,2027-03-21,619,1,26.94314,74.200013
PRJ-1124,PCL-10208,Industrial Rail Siding Network 2,Railway & Freight Corridor,Haryana,Panipat,67.85,99,High,0.71,0,Fully Disbursed,0,Possession Taken (Sec 38),Approved,72,0.66,Full Possession,Moderate,212,0.247,2026-09-30,,91,1,29.401547,75.956463
PRJ-1070,PCL-10209,Command Area Distribution Network 1,Irrigation / Water Canal,Rajasthan,Jaipur,10.06,22,Low,0.62,1,Disputed in Escrow,533,Award Declared (Sec 23),Pending Environmental Clearance,141,0.64,Initial Stage (<30%),Low / Resistant,229,0.341,2025-08-31,2026-09-06,371,1,28.421013,72.830866
PRJ-1049,PCL-10210,Odisha Inter-River Linking Canal Sector 4,Irrigation / Water Canal,Odisha,Angul,93.95,84,Medium,0.82,0,Pending Disbursal,137,Notification Pending,Approved,15,0.4,Initial Stage (<30%),Moderate,287,0.276,2023-01-29,2023-02-16,18,0,19.648114,85.010271
PRJ-1167,PCL-10211,Aviation Logistics Runway Package 4,Airport Infrastructure,Gujarat,Surat,14.38,45,Medium,0.83,0,Partially Disbursed,106,Preliminary Notification (Sec 11),Conditional Clearance,133,0.67,Substantial Possession (>70%),Moderate,196,0.305,2027-09-08,,114,1,23.349422,69.810771
PRJ-1172,PCL-10212,Jaipur Cargo Terminal Expansion 1,Airport Infrastructure,Rajasthan,Jaipur,14.69,27,High,0.43,1,Disputed in Escrow,488,Preliminary Notification (Sec 11),Under Scrutiny,110,0.68,Initial Stage (<30%),Hostile / Legal Injunction,146,0.171,2025-01-01,2026-06-07,522,1,25.580893,75.871136
PRJ-1164,PCL-10213,Karnal Metro Rail Extension Corridor 4,Urban Metro / Transit,Haryana,Karnal,24.09,60,Low,0.63,0,Fully Disbursed,0,Possession Taken (Sec 38),Conditional Clearance,169,0.66,Substantial Possession (>70%),High / Cooperative,127,0.211,2024-09-29,2025-01-07,100,1,29.345831,75.834202
PRJ-1222,PCL-10214,DMIC Special Investment Region Node 4,Industrial Corridor / SEZ,Uttar Pradesh,Kanpur,44.87,29,Low,0.8,1,Pending Disbursal,133,Possession Taken (Sec 38),Under Scrutiny,144,0.42,Contested / Encroached,Moderate,278,0.387,2025-08-20,,270,1,26.035262,80.179341
PRJ-1102,PCL-10215,NH-60 Four-Laning Bypass Section 1,Highway / Expressway,Odisha,Cuttack,10.84,14,Medium,0.67,0,Fully Disbursed,0,Possession Taken (Sec 38),Approved,111,0.46,Initial Stage (<30%),Moderate,116,0.448,2025-07-21,2025-10-20,91,1,20.818439,85.811071
PRJ-1217,PCL-10216,Gwalior Greenfield International Airport Phase 3,Airport Infrastructure,Madhya Pradesh,Gwalior,85.93,216,High,0.77,1,Pending Disbursal,316,Notification Pending,Approved,42,0.56,Full Possession,Low / Resistant,188,0.183,2025-01-24,,451,1,23.657178,76.269134
PRJ-1192,PCL-10217,Karnataka Clean Energy Hub Sector 1,Renewable / Solar Park,Karnataka,Mysuru,17.46,2,Medium,0.52,0,Fully Disbursed,0,Award Declared (Sec 23),Approved,39,0.87,Partial Possession (30-70%),High / Cooperative,322,0.521,2025-06-18,2025-09-21,95,1,13.314357,76.881158
PRJ-1012,PCL-10218,Uttar Pradesh Dedicated High-Speed Rail Segment 5,Railway & Freight Corridor,Uttar Pradesh,Noida,18.37,5,Medium,0.75,0,Partially Disbursed,66,Preliminary Notification (Sec 11),Approved,119,0.79,Initial Stage (<30%),Moderate,197,0.743,2026-03-01,2026-10-20,233,1,26.178381,82.04607
PRJ-1031,PCL-10219,Command Area Distribution Network 1,Irrigation / Water Canal,Maharashtra,Aurangabad,12.89,20,Low,0.57,1,Pending Disbursal,228,Award Declared (Sec 23),Pending Environmental Clearance,119,0.46,Full Possession,Moderate,174,0.383,2023-05-22,2024-05-24,368,1,18.873639,78.100806
PRJ-1198,PCL-10220,Wind-Solar Hybrid Energy Grid 4,Renewable / Solar Park,Maharashtra,Thane,46.64,88,Low,0.51,0,Partially Disbursed,77,Declaration Published (Sec 19),Under Scrutiny,120,0.74,Substantial Possession (>70%),High / Cooperative,224,0.581,2027-02-23,,32,0,18.720389,75.486488
PRJ-1127,PCL-10221,Suburban Commuter Rapid Transit Line 2,Urban Metro / Transit,Andhra Pradesh,Kurnool,42.47,105,Medium,0.71,0,Fully Disbursed,0,Award Declared (Sec 23),Approved,102,0.82,Contested / Encroached,High / Cooperative,477,0.461,2026-05-05,2026-06-03,29,0,18.107989,79.544145
PRJ-1132,PCL-10222,Tamil Nadu Green Express Corridor Phase 2,Highway / Expressway,Tamil Nadu,Tiruchirappalli,6.26,15,Low,0.68,0,Fully Disbursed,0,Possession Taken (Sec 38),Under Scrutiny,67,0.6,Full Possession,Moderate,163,0.251,2024-07-28,2025-01-04,160,1,12.537503,79.810246
PRJ-1117,PCL-10223,NH-57 Four-Laning Bypass Section 1,Highway / Expressway,Tamil Nadu,Kanchipuram,16.6,20,Low,0.65,0,Fully Disbursed,0,Declaration Published (Sec 19),Under Scrutiny,175,0.82,Partial Possession (30-70%),Moderate,126,0.085,2024-11-09,,91,1,10.968933,78.825986
PRJ-1070,PCL-10224,Command Area Distribution Network 1,Irrigation / Water Canal,Rajasthan,Jaipur,20.84,31,Medium,0.78,0,Fully Disbursed,0,Notification Pending,Pending Environmental Clearance,118,0.51,Full Possession,Moderate,296,0.512,2025-08-31,2026-01-14,136,1,25.942283,76.413112
PRJ-1016,PCL-10225,Western Freight Corridor Spur Line 1,Railway & Freight Corridor,Tamil Nadu,Tiruchirappalli,13.18,2,Medium,0.47,0,Pending Disbursal,230,Declaration Published (Sec 19),Conditional Clearance,161,0.76,Substantial Possession (>70%),High / Cooperative,201,0.513,2025-06-05,2025-11-24,172,1,12.152479,79.778409
PRJ-1137,PCL-10226,Bharatmala Economic Highway Ring 2,Highway / Expressway,Haryana,Faridabad,38.28,59,Low,0.7,1,Disputed in Escrow,248,Notification Pending,Conditional Clearance,111,0.52,Initial Stage (<30%),High / Cooperative,305,0.235,2023-09-09,2024-04-26,230,1,29.503451,76.713488
PRJ-1095,PCL-10227,Jaipur Lift Irrigation Main Canal Reach 3,Irrigation / Water Canal,Rajasthan,Jaipur,9.68,6,Low,0.65,0,Fully Disbursed,0,Award Declared (Sec 23),Resubmission Required,73,0.77,Full Possession,High / Cooperative,283,0.401,2025-01-11,,47,0,27.79937,73.949529
PRJ-1105,PCL-10228,Rajasthan Green Express Corridor Phase 5,Highway / Expressway,Rajasthan,Kota,24.29,38,High,0.91,1,Pending Disbursal,216,Possession Taken (Sec 38),Approved,15,0.31,Full Possession,Low / Resistant,168,0.183,2023-06-01,2024-06-16,381,1,24.341,76.519909
PRJ-1195,PCL-10229,Visakhapatnam Ultra Mega Solar Park Unit 1,Renewable / Solar Park,Andhra Pradesh,Visakhapatnam,82.83,151,High,0.95,1,Disputed in Escrow,199,Notification Pending,Approved,39,0.68,Initial Stage (<30%),Low / Resistant,135,0.674,2025-02-24,2026-04-05,405,1,17.218884,79.981338
PRJ-1126,PCL-10230,Uttar Pradesh Clean Energy Hub Sector 4,Renewable / Solar Park,Uttar Pradesh,Lucknow,124.58,201,High,0.76,0,Fully Disbursed,0,Award Declared (Sec 23),Approved,69,0.78,Initial Stage (<30%),Low / Resistant,303,0.427,2024-09-28,2025-06-04,249,1,26.813589,80.1863
PRJ-1147,PCL-10231,Wind-Solar Hybrid Energy Grid 3,Renewable / Solar Park,Andhra Pradesh,Nellore,21.94,34,Low,0.54,0,Pending Disbursal,321,Preliminary Notification (Sec 11),Conditional Clearance,153,0.52,Substantial Possession (>70%),Moderate,173,0.586,2024-01-23,2024-10-24,275,1,16.079928,80.120065
PRJ-1070,PCL-10232,Command Area Distribution Network 1,Irrigation / Water Canal,Rajasthan,Jaipur,27.19,26,Medium,0.74,0,Pending Disbursal,136,Award Declared (Sec 23),Approved,117,0.72,Substantial Possession (>70%),Low / Resistant,293,0.539,2025-08-31,,269,1,25.779494,72.95842
PRJ-1064,PCL-10233,Jabalpur Multi-Modal Logistics Park 2,Industrial Corridor / SEZ,Madhya Pradesh,Jabalpur,216.86,318,Low,0.68,0,Pending Disbursal,171,Possession Taken (Sec 38),Under Scrutiny,130,0.9,Full Possession,Moderate,30,0.445,2025-11-12,2026-04-24,163,1,22.451241,79.569851
PRJ-1077,PCL-10234,Industrial Rail Siding Network 5,Railway & Freight Corridor,Uttar Pradesh,Kanpur,13.84,15,Low,0.75,0,Pending Disbursal,237,Declaration Published (Sec 19),Approved,34,0.54,Substantial Possession (>70%),High / Cooperative,246,0.696,2027-04-12,2027-10-13,184,1,25.601222,78.83088
PRJ-1130,PCL-10235,Visakhapatnam Lift Irrigation Main Canal Reach 4,Irrigation / Water Canal,Andhra Pradesh,Visakhapatnam,146.25,188,Very High,0.94,1,Partially Disbursed,151,Possession Taken (Sec 38),Approved,61,0.63,Substantial Possession (>70%),Low / Resistant,158,0.293,2026-08-01,,307,1,14.103714,80.488375
PRJ-1143,PCL-10236,Gujarat Inter-River Linking Canal Sector 1,Irrigation / Water Canal,Gujarat,Rajkot,12.89,34,Low,0.62,0,Fully Disbursed,0,Preliminary Notification (Sec 11),Under Scrutiny,156,0.8,Partial Possession (30-70%),High / Cooperative,250,0.7,2024-12-10,2025-03-11,91,1,22.847322,71.503214
PRJ-1026,PCL-10237,Gujarat Integrated Industrial Township 3,Industrial Corridor / SEZ,Gujarat,Ahmedabad,39.93,43,Low,0.4,1,Pending Disbursal,180,Possession Taken (Sec 38),Conditional Clearance,138,0.51,Partial Possession (30-70%),Low / Resistant,114,0.597,2024-10-07,2025-12-06,425,1,21.365774,73.422435
PRJ-1166,PCL-10238,Uttar Pradesh Green Express Corridor Phase 3,Highway / Expressway,Uttar Pradesh,Varanasi,21.78,5,Medium,0.77,0,Fully Disbursed,0,Award Declared (Sec 23),Approved,91,0.67,Substantial Possession (>70%),Moderate,158,0.521,2025-08-06,,210,1,26.303136,80.096272
PRJ-1030,PCL-10239,Rajasthan Integrated Industrial Township 5,Industrial Corridor / SEZ,Rajasthan,Udaipur,49.74,70,Very High,0.57,1,Disputed in Escrow,541,Award Declared (Sec 23),Approved,15,0.78,Contested / Encroached,Low / Resistant,98,0.781,2023-11-18,2025-01-18,427,1,24.53093,75.355398
PRJ-1182,PCL-10240,Western Freight Corridor Spur Line 4,Railway & Freight Corridor,Karnataka,Kalaburagi,59.48,76,Medium,0.44,0,Pending Disbursal,209,Award Declared (Sec 23),Resubmission Required,156,0.84,Full Possession,Low / Resistant,132,0.279,2026-02-12,2026-12-05,296,1,17.092816,76.515728
PRJ-1061,PCL-10241,Kota Ultra Mega Solar Park Unit 3,Renewable / Solar Park,Rajasthan,Kota,20.56,37,Medium,0.87,0,Pending Disbursal,198,Preliminary Notification (Sec 11),Under Scrutiny,124,0.26,Partial Possession (30-70%),High / Cooperative,290,0.678,2026-08-16,,298,1,27.294861,72.273252
PRJ-1154,PCL-10242,Command Area Distribution Network 2,Irrigation / Water Canal,Maharashtra,Pune,75.2,45,Medium,0.95,0,Partially Disbursed,37,Declaration Published (Sec 19),Approved,61,0.59,Partial Possession (30-70%),High / Cooperative,259,0.575,2026-01-19,2026-01-27,8,0,19.5194,75.123113
PRJ-1243,PCL-10243,NH-64 Four-Laning Bypass Section 1,Highway / Expressway,Uttar Pradesh,Noida,41.32,63,Medium,0.35,1,Pending Disbursal,301,Preliminary Notification (Sec 11),Conditional Clearance,155,0.62,Partial Possession (30-70%),Hostile / Legal Injunction,30,0.294,2027-03-14,2028-09-25,561,1,27.760665,81.536522
PRJ-1010,PCL-10244,Madhya Pradesh Inter-River Linking Canal Sector 1,Irrigation / Water Canal,Madhya Pradesh,Indore,17.79,31,High,0.79,0,Fully Disbursed,0,Preliminary Notification (Sec 11),Approved,57,0.34,Substantial Possession (>70%),Moderate,237,0.221,2023-03-14,2023-10-11,211,1,22.966355,79.437157
PRJ-1085,PCL-10245,Command Area Distribution Network 2,Irrigation / Water Canal,Andhra Pradesh,Visakhapatnam,49.85,82,High,0.83,1,Pending Disbursal,106,Award Declared (Sec 23),Approved,40,0.47,Initial Stage (<30%),Low / Resistant,261,0.473,2024-09-24,2025-09-30,371,1,16.562319,79.958875
PRJ-1232,PCL-10246,Maharashtra Inter-River Linking Canal Sector 4,Irrigation / Water Canal,Maharashtra,Nagpur,31.36,44,Low,0.48,1,Partially Disbursed,53,Possession Taken (Sec 38),Under Scrutiny,154,0.67,Contested / Encroached,High / Cooperative,141,0.191,2026-08-29,,44,0,20.455427,74.986824
PRJ-1175,PCL-10247,Wind-Solar Hybrid Energy Grid 5,Renewable / Solar Park,Odisha,Angul,50.57,64,High,0.59,0,Pending Disbursal,354,Declaration Published (Sec 19),Approved,36,0.84,Full Possession,High / Cooperative,218,0.425,2025-12-29,2026-07-14,197,1,21.951456,86.027591
PRJ-1060,PCL-10248,Suburban Commuter Rapid Transit Line 4,Urban Metro / Transit,Madhya Pradesh,Ujjain,22.35,72,Medium,0.81,0,Fully Disbursed,0,Notification Pending,Conditional Clearance,81,0.49,Partial Possession (30-70%),High / Cooperative,120,0.517,2026-02-24,2026-05-26,91,1,22.068083,81.016959
PRJ-1108,PCL-10249,Indore Multi-Modal Logistics Park 5,Industrial Corridor / SEZ,Madhya Pradesh,Indore,25.17,28,Low,0.61,1,Partially Disbursed,100,Preliminary Notification (Sec 11),Approved,73,0.77,Initial Stage (<30%),High / Cooperative,274,0.437,2024-04-08,2024-10-31,206,1,23.461874,76.282292
PRJ-1106,PCL-10250,Madhya Pradesh Green Express Corridor Phase 1,Highway / Expressway,Madhya Pradesh,Jabalpur,35.27,32,High,0.86,1,Partially Disbursed,109,Notification Pending,Pending Environmental Clearance,214,0.3,Initial Stage (<30%),Hostile / Legal Injunction,334,0.544,2023-05-03,2024-10-02,518,1,24.437126,78.56594
PRJ-1015,PCL-10251,Wind-Solar Hybrid Energy Grid 1,Renewable / Solar Park,Rajasthan,Alwar,7.48,7,Low,0.84,0,Partially Disbursed,144,Notification Pending,Approved,56,0.38,Full Possession,High / Cooperative,204,0.236,2025-03-04,2025-03-17,13,0,26.121237,75.035426
PRJ-1041,PCL-10252,Andhra Pradesh Inter-River Linking Canal Sector 2,Irrigation / Water Canal,Andhra Pradesh,Krishna,20.93,24,Low,0.85,0,Partially Disbursed,146,Award Declared (Sec 23),Under Scrutiny,99,0.74,Partial Possession (30-70%),Moderate,292,0.2,2025-12-24,,49,0,18.3342,81.75314
PRJ-1115,PCL-10253,Wind-Solar Hybrid Energy Grid 4,Renewable / Solar Park,Madhya Pradesh,Jabalpur,40.6,49,Medium,0.72,0,Fully Disbursed,0,Award Declared (Sec 23),Under Scrutiny,81,0.23,Full Possession,High / Cooperative,259,0.35,2023-05-31,2023-06-20,20,0,22.682375,80.782486
PRJ-1180,PCL-10254,Agra Multi-Modal Logistics Park 2,Industrial Corridor / SEZ,Uttar Pradesh,Agra,39.9,46,Low,0.46,0,Fully Disbursed,0,Preliminary Notification (Sec 11),Approved,15,0.93,Substantial Possession (>70%),Moderate,189,0.788,2024-01-28,2024-02-08,11,0,26.677417,82.617138
PRJ-1237,PCL-10255,Aviation Logistics Runway Package 2,Airport Infrastructure,Odisha,Sundargarh,16.87,56,Medium,0.51,1,Pending Disbursal,310,Possession Taken (Sec 38),Under Scrutiny,132,0.87,Partial Possession (30-70%),Hostile / Legal Injunction,364,0.505,2023-06-26,2024-11-03,496,1,20.592123,85.166293
PRJ-1089,PCL-10256,NH-34 Four-Laning Bypass Section 4,Highway / Expressway,Andhra Pradesh,Krishna,59.17,112,Medium,0.81,0,Partially Disbursed,172,Preliminary Notification (Sec 11),Conditional Clearance,125,0.61,Full Possession,High / Cooperative,326,0.249,2022-09-29,2022-11-11,43,0,16.965494,78.431683
PRJ-1036,PCL-10257,Bharatmala Economic Highway Ring 2,Highway / Expressway,Haryana,Gurugram,39.76,71,High,0.74,0,Fully Disbursed,0,Declaration Published (Sec 19),Conditional Clearance,114,0.53,Initial Stage (<30%),Moderate,166,0.427,2024-05-20,2024-07-29,70,0,29.485822,76.852466
PRJ-1001,PCL-10258,Gujarat Inter-River Linking Canal Sector 2,Irrigation / Water Canal,Gujarat,Ahmedabad,27.34,34,Low,0.89,0,Fully Disbursed,0,Award Declared (Sec 23),Approved,15,0.37,Partial Possession (30-70%),Moderate,159,0.594,2025-10-26,2025-10-26,0,0,23.245525,71.957878
PRJ-1223,PCL-10259,Guntur Multi-Modal Logistics Park 3,Industrial Corridor / SEZ,Andhra Pradesh,Guntur,31.58,50,Medium,0.49,0,Pending Disbursal,240,Preliminary Notification (Sec 11),Approved,56,0.56,Initial Stage (<30%),Moderate,262,0.78,2023-09-28,2024-06-15,261,1,17.208281,82.534078
PRJ-1184,PCL-10260,Faridabad Cargo Terminal Expansion 1,Airport Infrastructure,Haryana,Faridabad,17.47,24,Medium,0.31,1,Disputed in Escrow,387,Possession Taken (Sec 38),Approved,15,0.27,Partial Possession (30-70%),Low / Resistant,103,0.538,2026-09-01,,550,1,28.313276,76.086198
PRJ-1197,PCL-10261,Bharuch Cargo Terminal Expansion 1,Airport Infrastructure,Gujarat,Bharuch,59.47,165,Medium,0.85,1,Fully Disbursed,0,Preliminary Notification (Sec 11),Approved,18,0.75,Contested / Encroached,Low / Resistant,168,0.201,2023-08-18,2024-01-19,154,1,23.49565,70.635267
PRJ-1070,PCL-10262,Command Area Distribution Network 1,Irrigation / Water Canal,Rajasthan,Jaipur,26.17,33,Medium,0.82,0,Fully Disbursed,0,Declaration Published (Sec 19),Under Scrutiny,199,0.48,Substantial Possession (>70%),Moderate,251,0.133,2025-08-31,2025-10-06,36,0,24.422519,74.839233
PRJ-1116,PCL-10263,Coimbatore Lift Irrigation Main Canal Reach 4,Irrigation / Water Canal,Tamil Nadu,Coimbatore,21.24,26,High,0.47,0,Fully Disbursed,0,Notification Pending,Under Scrutiny,68,0.78,Full Possession,Moderate,168,0.494,2024-07-16,2025-04-14,272,1,10.18169,78.924177
PRJ-1248,PCL-10264,Command Area Distribution Network 1,Irrigation / Water Canal,Karnataka,Kalaburagi,45.85,51,Medium,0.74,0,Disputed in Escrow,564,Award Declared (Sec 23),Under Scrutiny,125,0.34,Substantial Possession (>70%),High / Cooperative,382,0.358,2026-04-12,,264,1,16.003924,74.912126
PRJ-1242,PCL-10265,Gwalior Ultra Mega Solar Park Unit 5,Renewable / Solar Park,Madhya Pradesh,Gwalior,27.42,39,Medium,0.61,0,Partially Disbursed,117,Notification Pending,Conditional Clearance,165,0.4,Substantial Possession (>70%),Moderate,297,0.248,2026-07-15,2027-03-13,241,1,24.824917,79.297916
PRJ-1170,PCL-10266,Maharashtra Clean Energy Hub Sector 1,Renewable / Solar Park,Maharashtra,Pune,15.18,31,Low,0.56,0,Partially Disbursed,174,Award Declared (Sec 23),Approved,15,0.74,Substantial Possession (>70%),High / Cooperative,245,0.25,2027-03-09,,21,0,19.270947,79.19772
PRJ-1150,PCL-10267,Suburban Commuter Rapid Transit Line 3,Urban Metro / Transit,Maharashtra,Thane,26.78,57,Low,0.66,0,Fully Disbursed,0,Declaration Published (Sec 19),Under Scrutiny,147,0.5,Full Possession,Moderate,147,0.77,2024-07-27,2025-04-16,263,1,20.395798,77.045629
PRJ-1058,PCL-10268,Prayagraj Lift Irrigation Main Canal Reach 1,Irrigation / Water Canal,Uttar Pradesh,Prayagraj,23.68,44,Medium,0.53,0,Partially Disbursed,90,Possession Taken (Sec 38),Approved,38,0.46,Substantial Possession (>70%),High / Cooperative,193,0.613,2025-03-07,2025-07-25,140,1,27.102993,82.96471
PRJ-1075,PCL-10269,Wind-Solar Hybrid Energy Grid 4,Renewable / Solar Park,Haryana,Gurugram,66.35,107,High,0.68,0,Partially Disbursed,72,Declaration Published (Sec 19),Under Scrutiny,153,0.7,Partial Possession (30-70%),Moderate,30,0.451,2023-09-05,2024-02-12,160,1,29.479306,77.111275
PRJ-1136,PCL-10270,Jaipur Lift Irrigation Main Canal Reach 5,Irrigation / Water Canal,Rajasthan,Jaipur,48.59,21,Medium,0.86,0,Partially Disbursed,166,Declaration Published (Sec 19),Approved,25,0.73,Partial Possession (30-70%),High / Cooperative,149,0.602,2022-10-14,2022-11-07,24,0,27.374129,71.734367
PRJ-1075,PCL-10271,Wind-Solar Hybrid Energy Grid 4,Renewable / Solar Park,Haryana,Gurugram,37.25,34,High,0.77,1,Pending Disbursal,111,Preliminary Notification (Sec 11),Pending Environmental Clearance,188,0.52,Initial Stage (<30%),Moderate,137,0.467,2023-09-05,2024-09-24,385,1,29.323061,76.375995
PRJ-1222,PCL-10272,DMIC Special Investment Region Node 4,Industrial Corridor / SEZ,Uttar Pradesh,Kanpur,22.66,16,Low,0.89,0,Partially Disbursed,148,Declaration Published (Sec 19),Conditional Clearance,107,0.41,Substantial Possession (>70%),Moderate,153,0.602,2025-08-20,2025-12-18,120,1,27.125651,81.571156
PRJ-1093,PCL-10273,Tamil Nadu Dedicated High-Speed Rail Segment 2,Railway & Freight Corridor,Tamil Nadu,Kanchipuram,14.56,6,Low,0.64,0,Partially Disbursed,119,Declaration Published (Sec 19),Conditional Clearance,203,0.67,Full Possession,High / Cooperative,300,0.576,2023-04-23,2023-11-14,205,1,10.615117,77.082792
PRJ-1048,PCL-10274,Madhya Pradesh Green Express Corridor Phase 3,Highway / Expressway,Madhya Pradesh,Gwalior,93.15,184,Medium,0.88,0,Pending Disbursal,134,Notification Pending,Approved,88,0.14,Partial Possession (30-70%),Moderate,250,0.484,2025-09-05,2025-10-24,49,0,22.30028,78.852487
PRJ-1095,PCL-10275,Jaipur Lift Irrigation Main Canal Reach 3,Irrigation / Water Canal,Rajasthan,Jaipur,72.69,61,Medium,0.79,0,Pending Disbursal,231,Possession Taken (Sec 38),Under Scrutiny,167,0.44,Initial Stage (<30%),Low / Resistant,237,0.524,2025-01-11,2025-10-03,265,1,27.992407,75.154356
PRJ-1038,PCL-10276,Command Area Distribution Network 3,Irrigation / Water Canal,Madhya Pradesh,Bhopal,77.33,90,Very High,0.69,0,Fully Disbursed,0,Preliminary Notification (Sec 11),Under Scrutiny,112,0.82,Initial Stage (<30%),Moderate,30,0.445,2023-08-21,2023-08-21,0,0,23.270065,75.449279
PRJ-1092,PCL-10277,Wind-Solar Hybrid Energy Grid 5,Renewable / Solar Park,Haryana,Karnal,10.2,3,Medium,0.8,1,Pending Disbursal,222,Preliminary Notification (Sec 11),Approved,110,0.55,Substantial Possession (>70%),Moderate,31,0.169,2022-11-23,2023-08-27,277,1,29.59916,75.756018
PRJ-1229,PCL-10278,NH-92 Four-Laning Bypass Section 1,Highway / Expressway,Odisha,Angul,52.11,74,Low,0.66,0,Fully Disbursed,0,Award Declared (Sec 23),Pending Environmental Clearance,78,0.35,Substantial Possession (>70%),High / Cooperative,319,0.732,2024-04-08,2024-04-30,22,0,19.598788,85.393794
PRJ-1252,PCL-10279,Maharashtra Clean Energy Hub Sector 5,Renewable / Solar Park,Maharashtra,Solapur,118.94,198,Very High,0.75,1,Pending Disbursal,336,Preliminary Notification (Sec 11),Under Scrutiny,51,0.51,Contested / Encroached,High / Cooperative,172,0.681,2025-08-12,2026-10-14,428,1,19.436604,75.635042
PRJ-1206,PCL-10280,Haryana Inter-River Linking Canal Sector 3,Irrigation / Water Canal,Haryana,Faridabad,49.74,73,Medium,0.6,1,Disputed in Escrow,569,Award Declared (Sec 23),Under Scrutiny,188,0.44,Substantial Possession (>70%),Low / Resistant,208,0.625,2025-07-08,2026-08-31,419,1,28.182467,77.44433
PRJ-1098,PCL-10281,Jaipur Metro Rail Extension Corridor 4,Urban Metro / Transit,Rajasthan,Jaipur,7.21,16,Medium,0.74,0,Fully Disbursed,0,Declaration Published (Sec 19),Approved,82,0.6,Full Possession,High / Cooperative,96,0.556,2024-08-24,2024-09-22,29,0,25.36503,73.351618
PRJ-1123,PCL-10282,Bharatmala Economic Highway Ring 1,Highway / Expressway,Odisha,Angul,42.32,58,Low,0.65,0,Fully Disbursed,0,Preliminary Notification (Sec 11),Approved,48,0.52,Full Possession,Moderate,62,0.22,2026-01-15,,26,0,20.822005,84.22008
PRJ-1061,PCL-10283,Kota Ultra Mega Solar Park Unit 3,Renewable / Solar Park,Rajasthan,Kota,23.59,35,High,0.71,1,Disputed in Escrow,299,Preliminary Notification (Sec 11),Approved,63,0.42,Substantial Possession (>70%),Hostile / Legal Injunction,180,0.587,2026-08-16,2028-02-22,555,1,24.981384,74.907715
PRJ-1024,PCL-10284,Industrial Rail Siding Network 5,Railway & Freight Corridor,Karnataka,Kalaburagi,63.12,38,Medium,0.81,0,Fully Disbursed,0,Notification Pending,Approved,77,0.77,Substantial Possession (>70%),Low / Resistant,408,0.382,2026-08-23,,37,0,13.739145,76.626117
PRJ-1255,PCL-10285,NH-50 Four-Laning Bypass Section 3,Highway / Expressway,Haryana,Hisar,32.79,14,Low,0.79,0,Partially Disbursed,132,Award Declared (Sec 23),Approved,18,0.71,Partial Possession (30-70%),High / Cooperative,208,0.57,2024-02-23,2024-04-01,38,0,29.477946,76.719694
PRJ-1165,PCL-10286,Kutch Lift Irrigation Main Canal Reach 5,Irrigation / Water Canal,Gujarat,Kutch,25.29,43,Medium,0.7,0,Fully Disbursed,0,Possession Taken (Sec 38),Approved,22,0.76,Substantial Possession (>70%),High / Cooperative,173,0.566,2025-04-02,,116,1,23.475639,72.539647
PRJ-1021,PCL-10287,Karnataka Integrated Industrial Township 3,Industrial Corridor / SEZ,Karnataka,Belagavi,86.39,135,Medium,0.27,0,Fully Disbursed,0,Preliminary Notification (Sec 11),Approved,15,0.55,Full Possession,Moderate,33,0.401,2025-09-25,2025-11-17,53,0,13.203517,77.081367
PRJ-1214,PCL-10288,Western Freight Corridor Spur Line 1,Railway & Freight Corridor,Haryana,Gurugram,14.97,14,Low,0.54,0,Partially Disbursed,91,Declaration Published (Sec 19),Under Scrutiny,159,0.74,Full Possession,High / Cooperative,231,0.08,2026-11-04,2026-11-12,8,0,29.714408,77.055257
PRJ-1046,PCL-10289,Maharashtra Dedicated High-Speed Rail Segment 4,Railway & Freight Corridor,Maharashtra,Nashik,5.0,3,Low,0.7,0,Partially Disbursed,54,Notification Pending,Approved,85,0.69,Partial Possession (30-70%),High / Cooperative,166,0.412,2024-05-01,2024-05-27,26,0,19.868856,78.058531
PRJ-1113,PCL-10290,Visakhapatnam Cargo Terminal Expansion 1,Airport Infrastructure,Andhra Pradesh,Visakhapatnam,60.83,120,Low,0.5,0,Pending Disbursal,332,Possession Taken (Sec 38),Approved,58,0.46,Initial Stage (<30%),High / Cooperative,169,0.231,2025-06-19,2026-02-12,238,1,16.09255,81.119675
PRJ-1146,PCL-10291,Dharwad Multi-Modal Logistics Park 4,Industrial Corridor / SEZ,Karnataka,Dharwad,14.23,18,High,0.46,1,Partially Disbursed,167,Declaration Published (Sec 19),Approved,71,0.71,Full Possession,Low / Resistant,279,0.35,2025-10-19,,393,1,13.57699,75.354422
PRJ-1121,PCL-10292,Haryana Inter-River Linking Canal Sector 3,Irrigation / Water Canal,Haryana,Panipat,21.52,19,Low,0.69,0,Partially Disbursed,113,Declaration Published (Sec 19),Approved,55,0.75,Partial Possession (30-70%),Moderate,249,0.666,2025-08-19,2025-09-02,14,0,29.781367,76.676143
PRJ-1113,PCL-10293,Visakhapatnam Cargo Terminal Expansion 1,Airport Infrastructure,Andhra Pradesh,Visakhapatnam,11.37,23,Medium,0.5,0,Fully Disbursed,0,Award Declared (Sec 23),Approved,15,0.46,Partial Possession (30-70%),High / Cooperative,297,0.276,2025-06-19,2025-08-15,57,0,14.373531,80.916952
PRJ-1104,PCL-10294,Haryana Inter-River Linking Canal Sector 1,Irrigation / Water Canal,Haryana,Karnal,46.19,55,Low,0.75,0,Fully Disbursed,0,Award Declared (Sec 23),Approved,48,0.57,Full Possession,High / Cooperative,126,0.196,2025-06-25,2025-08-10,46,0,28.856139,75.61098
PRJ-1088,PCL-10295,Prayagraj Cargo Terminal Expansion 1,Airport Infrastructure,Uttar Pradesh,Prayagraj,29.87,55,Medium,0.8,0,Fully Disbursed,0,Possession Taken (Sec 38),Conditional Clearance,139,0.39,Full Possession,Moderate,228,0.255,2025-11-09,2025-12-25,46,0,27.015613,81.03488
PRJ-1127,PCL-10296,Suburban Commuter Rapid Transit Line 2,Urban Metro / Transit,Andhra Pradesh,Kurnool,39.18,83,High,0.92,0,Pending Disbursal,303,Preliminary Notification (Sec 11),Approved,15,0.38,Initial Stage (<30%),Hostile / Legal Injunction,153,0.204,2026-05-05,,385,1,15.140458,80.177819
PRJ-1202,PCL-10297,Andhra Pradesh Clean Energy Hub Sector 5,Renewable / Solar Park,Andhra Pradesh,Guntur,14.25,28,Medium,0.61,0,Fully Disbursed,0,Possession Taken (Sec 38),Pending Environmental Clearance,165,0.44,Full Possession,High / Cooperative,71,0.723,2024-12-08,2025-03-09,91,1,16.158785,81.960286
PRJ-1047,PCL-10298,Karnataka Clean Energy Hub Sector 1,Renewable / Solar Park,Karnataka,Dharwad,26.58,22,Medium,0.82,0,Pending Disbursal,327,Declaration Published (Sec 19),Pending Environmental Clearance,130,0.62,Partial Possession (30-70%),Moderate,148,0.794,2025-12-30,2026-08-20,233,1,12.628058,76.690914
PRJ-1238,PCL-10299,Western Freight Corridor Spur Line 2,Railway & Freight Corridor,Andhra Pradesh,Nellore,46.77,75,Medium,0.84,0,Fully Disbursed,0,Award Declared (Sec 23),Under Scrutiny,150,0.91,Substantial Possession (>70%),Moderate,96,0.154,2026-02-25,,11,0,17.147169,78.056682
PRJ-1042,PCL-10300,Industrial Rail Siding Network 1,Railway & Freight Corridor,Gujarat,Bharuch,37.69,72,Medium,0.57,1,Partially Disbursed,128,Award Declared (Sec 23),Under Scrutiny,74,0.59,Full Possession,Low / Resistant,103,0.26,2023-08-16,2024-06-25,314,1,22.84932,70.527057
PRJ-1035,PCL-10301,Uttar Pradesh Inter-River Linking Canal Sector 4,Irrigation / Water Canal,Uttar Pradesh,Prayagraj,9.73,17,Low,0.52,0,Partially Disbursed,178,Declaration Published (Sec 19),Conditional Clearance,70,0.73,Partial Possession (30-70%),Moderate,288,0.222,2023-10-13,2024-03-19,158,1,26.956578,82.227308
PRJ-1137,PCL-10302,Bharatmala Economic Highway Ring 2,Highway / Expressway,Haryana,Faridabad,55.96,48,Medium,0.9,0,Pending Disbursal,330,Notification Pending,Under Scrutiny,177,0.6,Initial Stage (<30%),High / Cooperative,150,0.548,2023-09-09,2024-01-28,141,1,29.258558,76.353565
PRJ-1189,PCL-10303,Haryana Green Express Corridor Phase 3,Highway / Expressway,Haryana,Gurugram,13.45,24,High,0.74,0,Partially Disbursed,50,Possession Taken (Sec 38),Pending Environmental Clearance,93,0.85,Full Possession,High / Cooperative,192,0.108,2025-06-08,,19,0,29.969769,77.346194
PRJ-1142,PCL-10304,Madhya Pradesh Integrated Industrial Township 1,Industrial Corridor / SEZ,Madhya Pradesh,Gwalior,32.79,40,Low,0.86,1,Pending Disbursal,157,Possession Taken (Sec 38),Approved,33,0.35,Partial Possession (30-70%),Low / Resistant,262,0.514,2027-06-16,2028-05-22,341,1,22.542908,75.996906
PRJ-1033,PCL-10305,Bharatmala Economic Highway Ring 2,Highway / Expressway,Karnataka,Dharwad,75.86,134,Medium,0.75,0,Partially Disbursed,113,Possession Taken (Sec 38),Under Scrutiny,93,0.6,Partial Possession (30-70%),High / Cooperative,154,0.539,2023-12-06,2023-12-22,16,0,12.657979,77.116365
PRJ-1228,PCL-10306,Udaipur Metro Rail Extension Corridor 1,Urban Metro / Transit,Rajasthan,Udaipur,49.87,205,Medium,0.77,0,Fully Disbursed,0,Award Declared (Sec 23),Conditional Clearance,118,0.67,Full Possession,Moderate,174,0.59,2024-06-01,2024-11-27,179,1,26.065231,74.396785
PRJ-1234,PCL-10307,Madhya Pradesh Integrated Industrial Township 5,Industrial Corridor / SEZ,Madhya Pradesh,Ujjain,23.71,15,Medium,0.88,0,Partially Disbursed,69,Declaration Published (Sec 19),Approved,29,0.47,Full Possession,High / Cooperative,146,0.433,2025-12-16,,51,0,26.257341,79.009233
PRJ-1134,PCL-10308,Tamil Nadu Inter-River Linking Canal Sector 2,Irrigation / Water Canal,Tamil Nadu,Kanchipuram,20.86,33,Medium,0.69,1,Pending Disbursal,173,Notification Pending,Approved,74,0.97,Contested / Encroached,Hostile / Legal Injunction,349,0.741,2026-05-04,2027-09-06,490,1,10.806885,77.685982
PRJ-1075,PCL-10309,Wind-Solar Hybrid Energy Grid 4,Renewable / Solar Park,Haryana,Gurugram,18.33,24,Very High,0.72,1,Pending Disbursal,241,Possession Taken (Sec 38),Pending Environmental Clearance,230,0.58,Contested / Encroached,Low / Resistant,125,0.615,2023-09-05,2024-11-28,450,1,30.324694,77.312841
PRJ-1076,PCL-10310,Nashik Cargo Terminal Expansion 1,Airport Infrastructure,Maharashtra,Nashik,22.59,61,Low,0.93,0,Fully Disbursed,0,Notification Pending,Approved,93,0.33,Full Possession,High / Cooperative,80,0.648,2026-03-11,,29,0,20.368771,77.71268
PRJ-1183,PCL-10311,Udaipur Cargo Terminal Expansion 5,Airport Infrastructure,Rajasthan,Udaipur,49.47,159,High,0.55,0,Fully Disbursed,0,Preliminary Notification (Sec 11),Approved,64,0.48,Partial Possession (30-70%),Moderate,228,0.366,2025-10-17,2026-03-19,153,1,24.456917,71.374698
PRJ-1202,PCL-10312,Andhra Pradesh Clean Energy Hub Sector 5,Renewable / Solar Park,Andhra Pradesh,Guntur,38.36,52,High,0.76,1,Partially Disbursed,139,Award Declared (Sec 23),Approved,15,0.55,Full Possession,Hostile / Legal Injunction,205,0.283,2024-12-08,2026-02-13,432,1,14.90558,79.607013
PRJ-1229,PCL-10313,NH-92 Four-Laning Bypass Section 1,Highway / Expressway,Odisha,Angul,45.53,85,Medium,0.88,0,Fully Disbursed,0,Possession Taken (Sec 38),Conditional Clearance,203,0.55,Substantial Possession (>70%),Hostile / Legal Injunction,162,0.648,2024-04-08,2024-12-05,241,1,21.823185,84.286516
PRJ-1045,PCL-10314,Uttar Pradesh Clean Energy Hub Sector 2,Renewable / Solar Park,Uttar Pradesh,Prayagraj,119.01,238,High,0.94,0,Partially Disbursed,126,Preliminary Notification (Sec 11),Approved,79,0.5,Substantial Possession (>70%),Moderate,150,0.194,2024-12-29,,120,1,25.538374,79.687448
PRJ-1237,PCL-10315,Aviation Logistics Runway Package 2,Airport Infrastructure,Odisha,Sundargarh,33.34,72,Low,0.91,0,Fully Disbursed,0,Award Declared (Sec 23),Conditional Clearance,168,0.47,Full Possession,High / Cooperative,167,0.681,2023-06-26,2023-07-31,35,0,21.396642,86.089158
PRJ-1238,PCL-10316,Western Freight Corridor Spur Line 2,Railway & Freight Corridor,Andhra Pradesh,Nellore,34.65,20,Low,0.77,0,Fully Disbursed,0,Award Declared (Sec 23),Approved,46,0.46,Substantial Possession (>70%),Moderate,163,0.247,2026-02-25,,37,0,15.037889,81.926976
PRJ-1062,PCL-10317,Rajasthan Inter-River Linking Canal Sector 2,Irrigation / Water Canal,Rajasthan,Jaipur,25.74,48,Medium,0.7,0,Fully Disbursed,0,Award Declared (Sec 23),Under Scrutiny,201,0.54,Substantial Possession (>70%),High / Cooperative,121,0.235,2024-09-07,2024-09-25,18,0,27.414761,73.958996
PRJ-1062,PCL-10318,Rajasthan Inter-River Linking Canal Sector 2,Irrigation / Water Canal,Rajasthan,Jaipur,29.76,21,Low,0.7,0,Partially Disbursed,64,Award Declared (Sec 23),Approved,30,0.81,Full Possession,Moderate,182,0.307,2024-09-07,2024-09-07,0,0,25.69209,75.374448
PRJ-1183,PCL-10319,Udaipur Cargo Terminal Expansion 5,Airport Infrastructure,Rajasthan,Udaipur,13.66,45,Low,0.6,0,Partially Disbursed,72,Notification Pending,Approved,15,0.6,Full Possession,High / Cooperative,177,0.326,2025-10-17,2025-11-10,24,0,24.264346,72.770818
PRJ-1139,PCL-10320,NH-95 Four-Laning Bypass Section 2,Highway / Expressway,Maharashtra,Nagpur,15.16,11,Medium,0.74,1,Pending Disbursal,280,Possession Taken (Sec 38),Approved,46,0.75,Contested / Encroached,Moderate,194,0.358,2024-10-03,,286,1,20.037787,77.455419
PRJ-1258,PCL-10321,Odisha Integrated Industrial Township 2,Industrial Corridor / SEZ,Odisha,Cuttack,54.66,100,Medium,0.93,0,Partially Disbursed,171,Preliminary Notification (Sec 11),Approved,30,0.49,Initial Stage (<30%),Moderate,248,0.635,2024-03-08,2024-11-11,248,1,20.124895,84.558725
PRJ-1068,PCL-10322,Maharashtra Inter-River Linking Canal Sector 2,Irrigation / Water Canal,Maharashtra,Pune,53.14,56,Medium,0.88,0,Partially Disbursed,117,Declaration Published (Sec 19),Conditional Clearance,273,0.5,Full Possession,Moderate,269,0.182,2024-02-01,2024-02-28,27,0,20.727888,76.118917
PRJ-1114,PCL-10323,NH-63 Four-Laning Bypass Section 3,Highway / Expressway,Odisha,Sundargarh,5.24,5,Low,0.89,0,Fully Disbursed,0,Preliminary Notification (Sec 11),Approved,72,0.44,Partial Possession (30-70%),High / Cooperative,212,0.406,2026-10-05,,2,0,19.884658,85.924459
PRJ-1056,PCL-10324,Coimbatore Greenfield International Airport Phase 2,Airport Infrastructure,Tamil Nadu,Coimbatore,86.27,266,High,0.85,1,Pending Disbursal,95,Preliminary Notification (Sec 11),Conditional Clearance,157,0.83,Contested / Encroached,Hostile / Legal Injunction,107,0.424,2024-01-01,2025-01-14,379,1,9.661495,79.095345
PRJ-1103,PCL-10325,Command Area Distribution Network 4,Irrigation / Water Canal,Madhya Pradesh,Bhopal,10.03,2,High,0.84,0,Fully Disbursed,0,Declaration Published (Sec 19),Pending Environmental Clearance,110,0.74,Partial Possession (30-70%),Hostile / Legal Injunction,184,0.347,2023-04-22,2024-03-18,331,1,22.86304,77.299815
PRJ-1259,PCL-10326,Visakhapatnam Metro Rail Extension Corridor 1,Urban Metro / Transit,Andhra Pradesh,Visakhapatnam,88.45,271,Low,0.52,0,Fully Disbursed,0,Notification Pending,Approved,59,0.38,Partial Possession (30-70%),High / Cooperative,360,0.411,2024-03-19,2024-04-19,31,0,16.559036,78.535618
PRJ-1259,PCL-10327,Visakhapatnam Metro Rail Extension Corridor 1,Urban Metro / Transit,Andhra Pradesh,Visakhapatnam,5.0,28,Low,0.93,0,Pending Disbursal,284,Possession Taken (Sec 38),Approved,15,0.5,Partial Possession (30-70%),Moderate,213,0.68,2024-03-19,2024-10-31,226,1,17.795706,80.376106
PRJ-1161,PCL-10328,Andhra Pradesh Integrated Industrial Township 1,Industrial Corridor / SEZ,Andhra Pradesh,Visakhapatnam,5.0,2,High,0.82,1,Fully Disbursed,0,Award Declared (Sec 23),Under Scrutiny,200,0.88,Partial Possession (30-70%),Low / Resistant,121,0.345,2023-06-19,2024-04-08,294,1,14.593908,78.590549
PRJ-1160,PCL-10329,Rajasthan Dedicated High-Speed Rail Segment 4,Railway & Freight Corridor,Rajasthan,Kota,90.18,87,Medium,0.76,1,Disputed in Escrow,638,Possession Taken (Sec 38),Pending Environmental Clearance,166,0.59,Partial Possession (30-70%),Hostile / Legal Injunction,218,0.495,2025-08-02,2027-01-16,532,1,27.073005,76.012432
PRJ-1054,PCL-10330,Haryana Inter-River Linking Canal Sector 4,Irrigation / Water Canal,Haryana,Hisar,47.15,83,Low,0.24,0,Pending Disbursal,176,Preliminary Notification (Sec 11),Approved,64,0.84,Full Possession,Moderate,64,0.56,2027-04-14,2027-11-04,204,1,29.001287,76.543059
PRJ-1207,PCL-10331,DMIC Special Investment Region Node 3,Industrial Corridor / SEZ,Madhya Pradesh,Gwalior,18.67,36,Low,0.64,0,Fully Disbursed,0,Possession Taken (Sec 38),Approved,15,0.73,Partial Possession (30-70%),Moderate,238,0.179,2022-08-02,2022-09-15,44,0,22.590154,80.413898
PRJ-1249,PCL-10332,Rajasthan Inter-River Linking Canal Sector 1,Irrigation / Water Canal,Rajasthan,Jodhpur,33.14,47,Low,0.38,1,Disputed in Escrow,195,Preliminary Notification (Sec 11),Conditional Clearance,229,0.62,Contested / Encroached,Low / Resistant,358,0.161,2025-02-05,,397,1,26.300224,71.919507
PRJ-1092,PCL-10333,Wind-Solar Hybrid Energy Grid 5,Renewable / Solar Park,Haryana,Karnal,50.92,46,Medium,0.51,0,Partially Disbursed,156,Possession Taken (Sec 38),Approved,19,0.55,Partial Possession (30-70%),High / Cooperative,182,0.737,2022-11-23,2023-01-09,47,0,28.968319,76.840488
PRJ-1134,PCL-10334,Tamil Nadu Inter-River Linking Canal Sector 2,Irrigation / Water Canal,Tamil Nadu,Kanchipuram,16.95,22,Low,0.89,0,Pending Disbursal,150,Possession Taken (Sec 38),Under Scrutiny,159,0.5,Initial Stage (<30%),Moderate,200,0.361,2026-05-04,,126,1,11.39429,79.559393
PRJ-1091,PCL-10335,Urban Flyover & Transit Hub 2,Urban Metro / Transit,Odisha,Cuttack,37.45,86,Medium,0.9,0,Partially Disbursed,154,Preliminary Notification (Sec 11),Under Scrutiny,121,0.49,Substantial Possession (>70%),High / Cooperative,279,0.566,2026-06-15,2026-08-20,66,0,20.997333,86.372974
PRJ-1241,PCL-10336,Western Freight Corridor Spur Line 3,Railway & Freight Corridor,Madhya Pradesh,Gwalior,24.93,34,Medium,0.75,0,Partially Disbursed,120,Award Declared (Sec 23),Approved,17,0.69,Full Possession,High / Cooperative,340,0.725,2026-06-08,2027-03-02,267,1,24.144009,80.517849
PRJ-1179,PCL-10337,Vadodara Greenfield International Airport Phase 5,Airport Infrastructure,Gujarat,Vadodara,53.67,188,High,0.83,0,Disputed in Escrow,390,Award Declared (Sec 23),Approved,15,0.87,Partial Possession (30-70%),Moderate,96,0.5,2024-08-04,2025-07-17,347,1,23.397705,71.619455
PRJ-1160,PCL-10338,Rajasthan Dedicated High-Speed Rail Segment 4,Railway & Freight Corridor,Rajasthan,Kota,42.78,41,Low,0.89,1,Pending Disbursal,325,Possession Taken (Sec 38),Under Scrutiny,179,0.54,Contested / Encroached,High / Cooperative,230,0.336,2025-08-02,2026-03-04,214,1,26.657139,76.421295
PRJ-1012,PCL-10339,Uttar Pradesh Dedicated High-Speed Rail Segment 5,Railway & Freight Corridor,Uttar Pradesh,Noida,35.08,47,Medium,0.57,0,Partially Disbursed,116,Possession Taken (Sec 38),Under Scrutiny,159,0.36,Partial Possession (30-70%),Moderate,408,0.555,2026-03-01,2026-11-30,274,1,28.4016,80.089783
PRJ-1187,PCL-10340,Krishna Multi-Modal Logistics Park 3,Industrial Corridor / SEZ,Andhra Pradesh,Krishna,18.52,36,Very High,0.71,0,Fully Disbursed,0,Award Declared (Sec 23),Approved,40,0.65,Contested / Encroached,High / Cooperative,144,0.596,2024-03-30,2024-12-04,249,1,18.315482,79.038617
PRJ-1116,PCL-10341,Coimbatore Lift Irrigation Main Canal Reach 4,Irrigation / Water Canal,Tamil Nadu,Coimbatore,17.24,16,Medium,0.82,0,Partially Disbursed,165,Possession Taken (Sec 38),Approved,22,0.45,Full Possession,Moderate,208,0.453,2024-07-16,2025-03-04,231,1,11.673546,80.019617
PRJ-1155,PCL-10342,Andhra Pradesh Inter-River Linking Canal Sector 5,Irrigation / Water Canal,Andhra Pradesh,Guntur,27.77,43,Low,0.73,0,Partially Disbursed,170,Declaration Published (Sec 19),Pending Environmental Clearance,178,0.86,Substantial Possession (>70%),High / Cooperative,178,0.252,2022-06-15,2022-07-27,42,0,16.270414,79.519554
PRJ-1096,PCL-10343,Mysuru Ultra Mega Solar Park Unit 1,Renewable / Solar Park,Karnataka,Mysuru,12.17,11,Medium,0.89,0,Partially Disbursed,141,Notification Pending,Conditional Clearance,97,0.68,Full Possession,High / Cooperative,345,0.345,2024-12-22,2025-06-21,181,1,15.376532,75.231449
PRJ-1124,PCL-10344,Industrial Rail Siding Network 2,Railway & Freight Corridor,Haryana,Panipat,25.94,13,Medium,0.71,0,Fully Disbursed,0,Declaration Published (Sec 19),Conditional Clearance,193,0.43,Full Possession,High / Cooperative,49,0.547,2026-09-30,,15,0,28.411134,76.852083
PRJ-1121,PCL-10345,Haryana Inter-River Linking Canal Sector 3,Irrigation / Water Canal,Haryana,Panipat,26.07,20,Low,0.83,0,Partially Disbursed,141,Possession Taken (Sec 38),Under Scrutiny,155,0.7,Full Possession,Moderate,169,0.497,2025-08-19,,91,1,29.024078,75.765761
PRJ-1133,PCL-10346,Urban Flyover & Transit Hub 2,Urban Metro / Transit,Madhya Pradesh,Jabalpur,8.91,27,Medium,0.66,0,Partially Disbursed,44,Preliminary Notification (Sec 11),Approved,15,0.34,Full Possession,High / Cooperative,296,0.173,2023-10-11,2024-01-10,91,1,25.524547,76.827741
PRJ-1209,PCL-10347,Haryana Inter-River Linking Canal Sector 2,Irrigation / Water Canal,Haryana,Panipat,13.53,38,Medium,0.7,0,Fully Disbursed,0,Notification Pending,Conditional Clearance,151,0.5,Initial Stage (<30%),Moderate,30,0.735,2023-08-10,2024-03-14,217,1,30.202256,76.826177
PRJ-1129,PCL-10348,Thane Metro Rail Extension Corridor 4,Urban Metro / Transit,Maharashtra,Thane,24.29,68,High,0.87,0,Partially Disbursed,90,Possession Taken (Sec 38),Approved,59,0.51,Full Possession,Moderate,144,0.532,2026-07-27,2027-05-24,301,1,19.489708,73.627592
PRJ-1210,PCL-10349,Aviation Logistics Runway Package 3,Airport Infrastructure,Rajasthan,Jaipur,17.92,50,Medium,0.85,1,Pending Disbursal,216,Award Declared (Sec 23),Pending Environmental Clearance,176,0.25,Contested / Encroached,Low / Resistant,183,0.325,2023-07-12,2024-09-09,425,1,25.168946,74.527938
PRJ-1189,PCL-10350,Haryana Green Express Corridor Phase 3,Highway / Expressway,Haryana,Gurugram,47.52,99,Medium,0.78,0,Pending Disbursal,212,Award Declared (Sec 23),Under Scrutiny,127,0.46,Partial Possession (30-70%),Moderate,320,0.371,2025-06-08,2025-07-20,42,0,30.021277,75.590041
PRJ-1063,PCL-10351,Western Freight Corridor Spur Line 2,Railway & Freight Corridor,Uttar Pradesh,Varanasi,13.96,33,Low,0.45,0,Pending Disbursal,244,Preliminary Notification (Sec 11),Pending Environmental Clearance,166,0.73,Contested / Encroached,Low / Resistant,89,0.408,2023-06-17,2024-01-11,208,1,26.868696,79.326462
PRJ-1083,PCL-10352,Tamil Nadu Clean Energy Hub Sector 5,Renewable / Solar Park,Tamil Nadu,Madurai,21.54,48,High,0.44,1,Disputed in Escrow,601,Possession Taken (Sec 38),Under Scrutiny,222,0.72,Partial Possession (30-70%),Moderate,292,0.444,2026-02-06,2027-03-24,411,1,12.664029,79.007193
PRJ-1052,PCL-10353,Angul Metro Rail Extension Corridor 2,Urban Metro / Transit,Odisha,Angul,14.47,41,Medium,0.78,0,Partially Disbursed,146,Preliminary Notification (Sec 11),Conditional Clearance,80,0.68,Substantial Possession (>70%),Moderate,305,0.81,2026-05-21,2026-11-17,180,1,21.693442,85.935902
PRJ-1070,PCL-10354,Command Area Distribution Network 1,Irrigation / Water Canal,Rajasthan,Jaipur,7.79,17,Medium,0.48,0,Partially Disbursed,63,Notification Pending,Under Scrutiny,94,0.53,Partial Possession (30-70%),High / Cooperative,188,0.561,2025-08-31,2026-02-25,178,1,24.063534,72.230444
PRJ-1069,PCL-10355,DMIC Special Investment Region Node 3,Industrial Corridor / SEZ,Andhra Pradesh,Krishna,43.36,65,High,0.63,0,Fully Disbursed,0,Possession Taken (Sec 38),Pending Environmental Clearance,123,0.38,Initial Stage (<30%),Moderate,88,0.747,2024-09-29,2025-06-11,255,1,15.196991,81.418588
PRJ-1012,PCL-10356,Uttar Pradesh Dedicated High-Speed Rail Segment 5,Railway & Freight Corridor,Uttar Pradesh,Noida,59.75,83,High,0.73,1,Disputed in Escrow,266,Preliminary Notification (Sec 11),Approved,30,0.52,Partial Possession (30-70%),Hostile / Legal Injunction,190,0.485,2026-03-01,,529,1,28.188582,81.544376
PRJ-1189,PCL-10357,Haryana Green Express Corridor Phase 3,Highway / Expressway,Haryana,Gurugram,8.85,10,Medium,0.41,0,Pending Disbursal,343,Preliminary Notification (Sec 11),Approved,25,0.8,Partial Possession (30-70%),Low / Resistant,186,0.433,2025-06-08,2026-06-16,373,1,28.458295,76.627762
PRJ-1137,PCL-10358,Bharatmala Economic Highway Ring 2,Highway / Expressway,Haryana,Faridabad,71.19,48,High,0.74,0,Fully Disbursed,0,Declaration Published (Sec 19),Approved,31,0.52,Substantial Possession (>70%),Low / Resistant,306,0.432,2023-09-09,2024-05-23,257,1,28.741109,76.488919
PRJ-1149,PCL-10359,Wind-Solar Hybrid Energy Grid 1,Renewable / Solar Park,Madhya Pradesh,Ujjain,8.62,16,Low,0.87,0,Fully Disbursed,0,Possession Taken (Sec 38),Approved,15,0.92,Full Possession,Moderate,262,0.65,2026-01-31,2026-03-04,32,0,26.344964,76.557108
PRJ-1197,PCL-10360,Bharuch Cargo Terminal Expansion 1,Airport Infrastructure,Gujarat,Bharuch,26.38,63,Low,0.32,0,Fully Disbursed,0,Award Declared (Sec 23),Resubmission Required,157,0.73,Initial Stage (<30%),High / Cooperative,250,0.195,2023-08-18,2023-08-18,0,0,23.104514,72.288858
PRJ-1024,PCL-10361,Industrial Rail Siding Network 5,Railway & Freight Corridor,Karnataka,Kalaburagi,15.84,9,Very High,0.63,1,Disputed in Escrow,201,Notification Pending,Approved,67,0.72,Substantial Possession (>70%),Low / Resistant,331,0.254,2026-08-23,2027-11-20,454,1,12.576269,76.164534
PRJ-1240,PCL-10362,Suburban Commuter Rapid Transit Line 3,Urban Metro / Transit,Madhya Pradesh,Gwalior,53.09,177,Medium,0.48,1,Partially Disbursed,101,Award Declared (Sec 23),Pending Environmental Clearance,150,0.5,Partial Possession (30-70%),High / Cooperative,241,0.78,2026-01-18,2026-12-22,338,1,22.630446,77.080831
PRJ-1136,PCL-10363,Jaipur Lift Irrigation Main Canal Reach 5,Irrigation / Water Canal,Rajasthan,Jaipur,34.97,34,Medium,0.88,0,Partially Disbursed,142,Preliminary Notification (Sec 11),Approved,15,0.72,Full Possession,High / Cooperative,178,0.59,2022-10-14,2023-01-25,103,1,26.32468,73.621075
PRJ-1241,PCL-10364,Western Freight Corridor Spur Line 3,Railway & Freight Corridor,Madhya Pradesh,Gwalior,54.22,70,Very High,0.59,1,Pending Disbursal,338,Possession Taken (Sec 38),Under Scrutiny,140,0.67,Contested / Encroached,Hostile / Legal Injunction,269,0.323,2026-06-08,,422,1,23.194985,79.568162
PRJ-1048,PCL-10365,Madhya Pradesh Green Express Corridor Phase 3,Highway / Expressway,Madhya Pradesh,Gwalior,13.85,29,Medium,0.78,0,Partially Disbursed,84,Notification Pending,Resubmission Required,94,0.58,Full Possession,Moderate,57,0.099,2025-09-05,,16,0,22.946428,76.868345
PRJ-1040,PCL-10366,DMIC Special Investment Region Node 1,Industrial Corridor / SEZ,Tamil Nadu,Madurai,24.73,15,Low,0.99,0,Fully Disbursed,0,Award Declared (Sec 23),Under Scrutiny,100,0.44,Initial Stage (<30%),High / Cooperative,244,0.351,2025-05-05,,35,0,10.386935,78.594143
PRJ-1042,PCL-10367,Industrial Rail Siding Network 1,Railway & Freight Corridor,Gujarat,Bharuch,5.0,10,Medium,0.61,0,Fully Disbursed,0,Preliminary Notification (Sec 11),Under Scrutiny,186,0.85,Initial Stage (<30%),High / Cooperative,396,0.242,2023-08-16,2023-09-22,37,0,22.384676,72.163909
PRJ-1067,PCL-10368,Sundargarh Cargo Terminal Expansion 2,Airport Infrastructure,Odisha,Sundargarh,36.93,127,Low,0.19,1,Disputed in Escrow,375,Preliminary Notification (Sec 11),Approved,39,0.7,Substantial Possession (>70%),High / Cooperative,139,0.671,2024-02-16,2024-11-28,286,1,20.099554,84.181442
PRJ-1205,PCL-10369,Rajasthan Dedicated High-Speed Rail Segment 2,Railway & Freight Corridor,Rajasthan,Jaipur,25.0,19,High,0.74,0,Partially Disbursed,60,Award Declared (Sec 23),Under Scrutiny,100,0.38,Substantial Possession (>70%),Moderate,227,0.535,2024-08-20,2025-06-25,309,1,24.442429,76.07884
PRJ-1159,PCL-10370,Nagpur Ultra Mega Solar Park Unit 2,Renewable / Solar Park,Maharashtra,Nagpur,43.7,44,Low,0.78,0,Fully Disbursed,0,Possession Taken (Sec 38),Under Scrutiny,169,0.81,Substantial Possession (>70%),High / Cooperative,171,0.504,2024-06-10,2024-07-07,27,0,20.670829,76.912487
PRJ-1217,PCL-10371,Gwalior Greenfield International Airport Phase 3,Airport Infrastructure,Madhya Pradesh,Gwalior,30.72,78,Medium,0.68,0,Partially Disbursed,87,Declaration Published (Sec 19),Pending Environmental Clearance,87,0.66,Substantial Possession (>70%),High / Cooperative,232,0.333,2025-01-24,,29,0,25.618375,78.978754
PRJ-1240,PCL-10372,Suburban Commuter Rapid Transit Line 3,Urban Metro / Transit,Madhya Pradesh,Gwalior,18.47,37,Low,0.76,0,Pending Disbursal,357,Possession Taken (Sec 38),Approved,82,0.26,Full Possession,High / Cooperative,203,0.507,2026-01-18,,213,1,23.974364,80.856129
PRJ-1056,PCL-10373,Coimbatore Greenfield International Airport Phase 2,Airport Infrastructure,Tamil Nadu,Coimbatore,85.51,228,High,0.75,1,Pending Disbursal,347,Preliminary Notification (Sec 11),Approved,46,0.87,Initial Stage (<30%),Hostile / Legal Injunction,249,0.307,2024-01-01,2025-06-10,526,1,11.286215,78.33036
PRJ-1094,PCL-10374,DMIC Special Investment Region Node 1,Industrial Corridor / SEZ,Rajasthan,Alwar,39.59,55,Medium,0.72,0,Partially Disbursed,145,Notification Pending,Conditional Clearance,121,0.63,Full Possession,High / Cooperative,329,0.601,2026-11-28,2026-12-15,17,0,27.758803,71.317026
PRJ-1109,PCL-10375,Kurnool Ultra Mega Solar Park Unit 3,Renewable / Solar Park,Andhra Pradesh,Kurnool,44.88,67,High,0.89,0,Fully Disbursed,0,Preliminary Notification (Sec 11),Approved,15,0.37,Partial Possession (30-70%),High / Cooperative,286,0.199,2026-09-17,2026-10-06,19,0,14.864385,81.710444
PRJ-1250,PCL-10376,Andhra Pradesh Integrated Industrial Township 5,Industrial Corridor / SEZ,Andhra Pradesh,Guntur,44.37,49,Medium,0.37,1,Disputed in Escrow,224,Declaration Published (Sec 19),Approved,56,0.73,Substantial Possession (>70%),Hostile / Legal Injunction,30,0.63,2026-08-26,2027-12-31,492,1,15.38232,82.034349
PRJ-1097,PCL-10377,NH-71 Four-Laning Bypass Section 3,Highway / Expressway,Tamil Nadu,Tiruchirappalli,32.28,49,Medium,0.66,0,Partially Disbursed,78,Preliminary Notification (Sec 11),Approved,45,0.65,Substantial Possession (>70%),High / Cooperative,292,0.502,2026-02-04,,3,0,12.470641,77.698611
PRJ-1086,PCL-10378,Suburban Commuter Rapid Transit Line 1,Urban Metro / Transit,Haryana,Hisar,57.39,155,High,0.58,0,Fully Disbursed,0,Award Declared (Sec 23),Under Scrutiny,112,0.85,Partial Possession (30-70%),High / Cooperative,60,0.365,2024-10-11,,115,1,30.215797,76.953684
PRJ-1222,PCL-10379,DMIC Special Investment Region Node 4,Industrial Corridor / SEZ,Uttar Pradesh,Kanpur,24.52,29,Medium,0.92,0,Partially Disbursed,154,Notification Pending,Under Scrutiny,90,0.68,Substantial Possession (>70%),Moderate,136,0.191,2025-08-20,2025-09-28,39,0,28.380256,82.632528
PRJ-1250,PCL-10380,Andhra Pradesh Integrated Industrial Township 5,Industrial Corridor / SEZ,Andhra Pradesh,Guntur,20.53,2,Medium,0.83,0,Partially Disbursed,151,Preliminary Notification (Sec 11),Under Scrutiny,187,0.32,Initial Stage (<30%),Moderate,199,0.42,2026-08-26,2027-04-16,233,1,15.070385,78.347453
PRJ-1011,PCL-10381,Urban Flyover & Transit Hub 3,Urban Metro / Transit,Gujarat,Surat,233.45,655,High,0.65,1,Disputed in Escrow,488,Possession Taken (Sec 38),Approved,112,0.66,Partial Possession (30-70%),Low / Resistant,139,0.337,2026-11-02,2028-06-21,597,1,21.517867,72.24532
PRJ-1185,PCL-10382,Bhopal Ultra Mega Solar Park Unit 2,Renewable / Solar Park,Madhya Pradesh,Bhopal,40.67,72,Medium,0.88,0,Partially Disbursed,63,Declaration Published (Sec 19),Approved,15,0.62,Substantial Possession (>70%),High / Cooperative,281,0.613,2026-11-26,2027-03-13,107,1,25.55228,80.168432
PRJ-1253,PCL-10383,Suburban Commuter Rapid Transit Line 1,Urban Metro / Transit,Odisha,Jajpur,18.48,27,Low,0.84,0,Fully Disbursed,0,Notification Pending,Approved,62,0.58,Full Possession,Low / Resistant,148,0.336,2023-07-06,2023-07-30,24,0,20.339495,84.615469
PRJ-1117,PCL-10384,NH-57 Four-Laning Bypass Section 1,Highway / Expressway,Tamil Nadu,Kanchipuram,10.18,17,Low,0.63,1,Disputed in Escrow,316,Declaration Published (Sec 19),Pending Environmental Clearance,65,0.64,Contested / Encroached,High / Cooperative,148,0.578,2024-11-09,,242,1,9.960339,77.744696
PRJ-1026,PCL-10385,Gujarat Integrated Industrial Township 3,Industrial Corridor / SEZ,Gujarat,Ahmedabad,13.86,37,High,0.84,1,Pending Disbursal,142,Notification Pending,Approved,15,0.76,Substantial Possession (>70%),High / Cooperative,231,0.583,2024-10-07,2025-07-29,295,1,23.737233,70.976438
PRJ-1186,PCL-10386,Surat Cargo Terminal Expansion 3,Airport Infrastructure,Gujarat,Surat,48.64,143,Medium,0.71,0,Partially Disbursed,115,Declaration Published (Sec 19),Approved,15,0.8,Full Possession,Moderate,189,0.244,2026-06-10,2026-07-19,39,0,21.505394,70.335341
PRJ-1004,PCL-10387,Maharashtra Inter-River Linking Canal Sector 3,Irrigation / Water Canal,Maharashtra,Nagpur,11.4,22,Medium,0.66,0,Partially Disbursed,122,Declaration Published (Sec 19),Approved,48,0.69,Partial Possession (30-70%),High / Cooperative,226,0.253,2024-04-03,2024-04-16,13,0,18.761417,78.228529
PRJ-1117,PCL-10388,NH-57 Four-Laning Bypass Section 1,Highway / Expressway,Tamil Nadu,Kanchipuram,31.12,57,High,0.8,1,Disputed in Escrow,195,Possession Taken (Sec 38),Approved,98,0.72,Full Possession,Hostile / Legal Injunction,355,0.652,2024-11-09,2026-04-26,533,1,10.019181,78.379351
PRJ-1044,PCL-10389,Urban Flyover & Transit Hub 2,Urban Metro / Transit,Madhya Pradesh,Jabalpur,26.54,91,Medium,0.67,1,Disputed in Escrow,257,Notification Pending,Approved,87,0.55,Initial Stage (<30%),High / Cooperative,209,0.425,2023-04-08,2024-02-27,325,1,24.25,78.25
PRJ-1152,PCL-10390,Urban Flyover & Transit Hub 5,Urban Metro / Transit,Madhya Pradesh,Ujjain,7.99,33,High,0.6,1,Pending Disbursal,233,Notification Pending,Under Scrutiny,184,0.39,Substantial Possession (>70%),Low / Resistant,30,0.505,2024-10-11,2025-12-31,446,1,23.894943,80.71901
PRJ-1227,PCL-10391,Industrial Rail Siding Network 3,Railway & Freight Corridor,Rajasthan,Jodhpur,21.21,36,Medium,0.75,0,Fully Disbursed,0,Award Declared (Sec 23),Approved,23,0.8,Partial Possession (30-70%),High / Cooperative,76,0.216,2024-01-17,2024-01-17,0,0,27.118872,76.287282
PRJ-1146,PCL-10392,Dharwad Multi-Modal Logistics Park 4,Industrial Corridor / SEZ,Karnataka,Dharwad,17.71,25,Low,0.9,1,Disputed in Escrow,456,Notification Pending,Approved,83,0.71,Contested / Encroached,Moderate,267,0.771,2025-10-19,2026-09-26,342,1,13.597299,76.187349
PRJ-1259,PCL-10393,Visakhapatnam Metro Rail Extension Corridor 1,Urban Metro / Transit,Andhra Pradesh,Visakhapatnam,157.98,402,High,0.76,1,Disputed in Escrow,243,Possession Taken (Sec 38),Approved,15,0.85,Contested / Encroached,Moderate,272,0.589,2024-03-19,2025-05-10,417,1,14.535944,78.343734
PRJ-1121,PCL-10394,Haryana Inter-River Linking Canal Sector 3,Irrigation / Water Canal,Haryana,Panipat,172.07,246,Very High,0.9,1,Pending Disbursal,269,Award Declared (Sec 23),Approved,47,0.43,Contested / Encroached,Low / Resistant,126,0.765,2025-08-19,2026-09-28,405,1,29.98293,77.4291
PRJ-1194,PCL-10395,NH-25 Four-Laning Bypass Section 4,Highway / Expressway,Madhya Pradesh,Ujjain,289.64,315,High,0.85,1,Partially Disbursed,138,Possession Taken (Sec 38),Approved,33,0.73,Substantial Possession (>70%),Hostile / Legal Injunction,30,0.404,2025-06-25,2026-07-03,373,1,24.336533,76.634853
PRJ-1229,PCL-10396,NH-92 Four-Laning Bypass Section 1,Highway / Expressway,Odisha,Angul,37.74,55,Medium,0.64,0,Partially Disbursed,138,Possession Taken (Sec 38),Under Scrutiny,132,0.52,Initial Stage (<30%),Moderate,69,0.531,2024-04-08,2024-09-11,156,1,19.752989,85.877421
PRJ-1214,PCL-10397,Western Freight Corridor Spur Line 1,Railway & Freight Corridor,Haryana,Gurugram,33.73,32,Medium,0.54,0,Pending Disbursal,150,Declaration Published (Sec 19),Under Scrutiny,125,0.32,Full Possession,High / Cooperative,212,0.493,2026-11-04,2027-04-17,164,1,30.027148,75.824258
PRJ-1061,PCL-10398,Kota Ultra Mega Solar Park Unit 3,Renewable / Solar Park,Rajasthan,Kota,48.45,44,Medium,0.23,1,Pending Disbursal,281,Award Declared (Sec 23),Approved,91,0.53,Full Possession,High / Cooperative,122,0.603,2026-08-16,2027-06-16,304,1,26.697041,73.460857
PRJ-1216,PCL-10399,Western Freight Corridor Spur Line 2,Railway & Freight Corridor,Gujarat,Kutch,18.29,32,Low,0.85,0,Fully Disbursed,0,Award Declared (Sec 23),Approved,59,0.85,Full Possession,Moderate,236,0.378,2025-11-26,2026-01-04,39,0,21.191088,72.984713
PRJ-1232,PCL-10400,Maharashtra Inter-River Linking Canal Sector 4,Irrigation / Water Canal,Maharashtra,Nagpur,15.72,20,Medium,0.96,0,Partially Disbursed,147,Possession Taken (Sec 38),Under Scrutiny,168,0.36,Full Possession,Moderate,274,0.178,2026-08-29,,163,1,20.660833,78.050636
PRJ-1210,PCL-10401,Aviation Logistics Runway Package 3,Airport Infrastructure,Rajasthan,Jaipur,8.21,21,Low,0.53,0,Fully Disbursed,0,Preliminary Notification (Sec 11),Pending Environmental Clearance,172,0.29,Partial Possession (30-70%),Moderate,304,0.744,2023-07-12,2023-12-25,166,1,25.753835,76.361442
PRJ-1159,PCL-10402,Nagpur Ultra Mega Solar Park Unit 2,Renewable / Solar Park,Maharashtra,Nagpur,401.07,560,Medium,0.34,1,Partially Disbursed,175,Notification Pending,Approved,34,0.79,Initial Stage (<30%),Low / Resistant,130,0.421,2024-06-10,2025-04-27,321,1,19.677029,73.842202
PRJ-1062,PCL-10403,Rajasthan Inter-River Linking Canal Sector 2,Irrigation / Water Canal,Rajasthan,Jaipur,57.93,106,Low,0.7,0,Pending Disbursal,317,Preliminary Notification (Sec 11),Conditional Clearance,222,0.48,Initial Stage (<30%),High / Cooperative,378,0.573,2024-09-07,2025-05-14,249,1,26.946319,74.187971
PRJ-1024,PCL-10404,Industrial Rail Siding Network 5,Railway & Freight Corridor,Karnataka,Kalaburagi,98.24,107,Low,0.57,0,Fully Disbursed,0,Preliminary Notification (Sec 11),Approved,81,0.59,Full Possession,High / Cooperative,355,0.089,2026-08-23,,40,0,14.958218,77.538316
PRJ-1131,PCL-10405,Bharuch Cargo Terminal Expansion 3,Airport Infrastructure,Gujarat,Bharuch,17.81,85,Medium,0.85,0,Fully Disbursed,0,Preliminary Notification (Sec 11),Approved,19,0.68,Full Possession,High / Cooperative,139,0.444,2022-04-09,2022-04-19,10,0,23.278084,69.7286
PRJ-1166,PCL-10406,Uttar Pradesh Green Express Corridor Phase 3,Highway / Expressway,Uttar Pradesh,Varanasi,81.22,144,Low,0.68,0,Fully Disbursed,0,Notification Pending,Conditional Clearance,107,0.63,Substantial Possession (>70%),High / Cooperative,115,0.167,2025-08-06,,55,0,25.926977,83.134519
PRJ-1238,PCL-10407,Western Freight Corridor Spur Line 2,Railway & Freight Corridor,Andhra Pradesh,Nellore,15.76,20,Medium,0.94,1,Pending Disbursal,141,Declaration Published (Sec 19),Conditional Clearance,178,0.67,Initial Stage (<30%),Low / Resistant,460,0.527,2026-02-25,2027-07-21,511,1,16.483733,78.370745
PRJ-1229,PCL-10408,NH-92 Four-Laning Bypass Section 1,Highway / Expressway,Odisha,Angul,101.12,95,Very High,0.78,0,Partially Disbursed,167,Possession Taken (Sec 38),Resubmission Required,184,0.7,Substantial Possession (>70%),Moderate,140,0.2,2024-04-08,2024-12-27,263,1,19.768162,85.766657
PRJ-1238,PCL-10409,Western Freight Corridor Spur Line 2,Railway & Freight Corridor,Andhra Pradesh,Nellore,15.92,25,Low,0.48,0,Fully Disbursed,0,Award Declared (Sec 23),Conditional Clearance,176,0.79,Substantial Possession (>70%),High / Cooperative,356,0.497,2026-02-25,2026-02-25,0,0,18.278904,81.091577
PRJ-1145,PCL-10410,Urban Flyover & Transit Hub 4,Urban Metro / Transit,Tamil Nadu,Tiruchirappalli,22.1,69,Low,0.44,1,Partially Disbursed,172,Award Declared (Sec 23),Pending Environmental Clearance,137,0.39,Partial Possession (30-70%),Moderate,248,0.311,2024-06-07,2025-06-22,380,1,9.704648,79.341467
PRJ-1163,PCL-10411,Uttar Pradesh Integrated Industrial Township 3,Industrial Corridor / SEZ,Uttar Pradesh,Agra,92.41,139,Very High,0.62,1,Disputed in Escrow,344,Award Declared (Sec 23),Approved,67,0.61,Contested / Encroached,Low / Resistant,178,0.588,2026-04-29,2027-06-30,427,1,28.055367,83.155206
PRJ-1069,PCL-10412,DMIC Special Investment Region Node 3,Industrial Corridor / SEZ,Andhra Pradesh,Krishna,85.11,118,High,0.76,1,Disputed in Escrow,540,Possession Taken (Sec 38),Conditional Clearance,149,0.48,Initial Stage (<30%),Low / Resistant,59,0.237,2024-09-29,2025-10-21,387,1,16.89435,78.060033
PRJ-1040,PCL-10413,DMIC Special Investment Region Node 1,Industrial Corridor / SEZ,Tamil Nadu,Madurai,38.94,55,Medium,0.9,0,Fully Disbursed,0,Notification Pending,Approved,70,0.44,Full Possession,High / Cooperative,58,0.319,2025-05-05,2025-06-14,40,0,11.381408,79.816974
PRJ-1005,PCL-10414,Ahmedabad Multi-Modal Logistics Park 3,Industrial Corridor / SEZ,Gujarat,Ahmedabad,22.49,30,Low,0.6,0,Partially Disbursed,121,Declaration Published (Sec 19),Approved,20,0.56,Substantial Possession (>70%),Moderate,310,0.191,2025-05-08,2025-10-22,167,1,21.411815,70.680115
PRJ-1120,PCL-10415,Kanchipuram Cargo Terminal Expansion 3,Airport Infrastructure,Tamil Nadu,Kanchipuram,25.57,36,Medium,0.57,0,Fully Disbursed,0,Possession Taken (Sec 38),Approved,114,0.2,Full Possession,Moderate,190,0.143,2024-02-03,2024-07-09,157,1,12.882405,80.048619
PRJ-1088,PCL-10416,Prayagraj Cargo Terminal Expansion 1,Airport Infrastructure,Uttar Pradesh,Prayagraj,25.8,76,Medium,0.64,1,Partially Disbursed,46,Declaration Published (Sec 19),Approved,15,0.55,Initial Stage (<30%),Moderate,83,0.08,2025-11-09,2026-07-04,237,1,26.92607,81.613127
PRJ-1141,PCL-10417,NH-48 Four-Laning Bypass Section 5,Highway / Expressway,Madhya Pradesh,Ujjain,19.42,20,Medium,0.84,0,Partially Disbursed,146,Preliminary Notification (Sec 11),Pending Environmental Clearance,168,0.8,Substantial Possession (>70%),Moderate,293,0.389,2024-10-30,,28,0,22.894147,79.389064
PRJ-1166,PCL-10418,Uttar Pradesh Green Express Corridor Phase 3,Highway / Expressway,Uttar Pradesh,Varanasi,47.51,47,Medium,0.66,0,Partially Disbursed,87,Preliminary Notification (Sec 11),Approved,48,0.76,Substantial Possession (>70%),High / Cooperative,99,0.292,2025-08-06,,18,0,26.520664,83.423575
PRJ-1100,PCL-10419,Industrial Rail Siding Network 4,Railway & Freight Corridor,Rajasthan,Udaipur,53.94,92,Very High,0.6,0,Pending Disbursal,217,Declaration Published (Sec 19),Approved,121,0.57,Partial Possession (30-70%),Moderate,321,0.562,2023-10-04,2024-07-11,281,1,25.522706,76.242581
PRJ-1050,PCL-10420,Tamil Nadu Inter-River Linking Canal Sector 1,Irrigation / Water Canal,Tamil Nadu,Kanchipuram,27.91,7,High,0.72,1,Partially Disbursed,151,Declaration Published (Sec 19),Resubmission Required,197,0.45,Contested / Encroached,Hostile / Legal Injunction,159,0.344,2023-08-24,2024-10-08,411,1,9.644767,78.389042
PRJ-1122,PCL-10421,Gujarat Integrated Industrial Township 3,Industrial Corridor / SEZ,Gujarat,Surat,5.92,8,High,0.87,1,Partially Disbursed,45,Preliminary Notification (Sec 11),Approved,15,0.31,Contested / Encroached,Low / Resistant,243,0.501,2024-12-31,2025-12-11,345,1,23.786288,72.463298
PRJ-1032,PCL-10422,Madhya Pradesh Dedicated High-Speed Rail Segment 5,Railway & Freight Corridor,Madhya Pradesh,Ujjain,53.86,50,Medium,0.8,0,Partially Disbursed,105,Possession Taken (Sec 38),Approved,57,0.49,Substantial Possession (>70%),High / Cooperative,181,0.746,2023-04-30,2023-07-30,91,1,26.094109,77.878278
PRJ-1006,PCL-10423,Bhopal Multi-Modal Logistics Park 5,Industrial Corridor / SEZ,Madhya Pradesh,Bhopal,17.35,18,Medium,0.92,0,Partially Disbursed,36,Possession Taken (Sec 38),Under Scrutiny,120,0.54,Substantial Possession (>70%),High / Cooperative,251,0.189,2026-09-27,,91,1,24.045009,78.020938
PRJ-1035,PCL-10424,Uttar Pradesh Inter-River Linking Canal Sector 4,Irrigation / Water Canal,Uttar Pradesh,Prayagraj,58.53,100,Low,0.47,0,Partially Disbursed,143,Declaration Published (Sec 19),Approved,15,0.91,Partial Possession (30-70%),Moderate,228,0.53,2023-10-13,2024-02-10,120,1,26.75,80.75
PRJ-1160,PCL-10425,Rajasthan Dedicated High-Speed Rail Segment 4,Railway & Freight Corridor,Rajasthan,Kota,23.92,29,Medium,0.54,0,Fully Disbursed,0,Possession Taken (Sec 38),Approved,53,0.84,Full Possession,Moderate,266,0.323,2025-08-02,,47,0,26.621898,74.077442
PRJ-1075,PCL-10426,Wind-Solar Hybrid Energy Grid 4,Renewable / Solar Park,Haryana,Gurugram,6.42,5,High,0.51,1,Partially Disbursed,81,Preliminary Notification (Sec 11),Approved,23,0.6,Initial Stage (<30%),Moderate,155,0.635,2023-09-05,2024-08-03,333,1,28.187562,76.513505
PRJ-1240,PCL-10427,Suburban Commuter Rapid Transit Line 3,Urban Metro / Transit,Madhya Pradesh,Gwalior,21.71,65,Very High,0.76,1,Partially Disbursed,146,Preliminary Notification (Sec 11),Under Scrutiny,104,0.79,Contested / Encroached,Low / Resistant,294,0.492,2026-01-18,2027-03-30,436,1,24.688954,77.169331
PRJ-1239,PCL-10428,Industrial Rail Siding Network 3,Railway & Freight Corridor,Uttar Pradesh,Agra,32.58,45,Very High,0.52,0,Fully Disbursed,0,Declaration Published (Sec 19),Conditional Clearance,100,0.76,Full Possession,Moderate,325,0.51,2026-09-19,2027-08-18,333,1,27.171328,79.340703
PRJ-1059,PCL-10429,Bharatmala Economic Highway Ring 2,Highway / Expressway,Madhya Pradesh,Jabalpur,6.36,2,High,0.77,0,Fully Disbursed,0,Award Declared (Sec 23),Approved,31,0.51,Initial Stage (<30%),Moderate,270,0.5,2026-07-14,2026-07-26,12,0,22.676569,77.868612
PRJ-1126,PCL-10430,Uttar Pradesh Clean Energy Hub Sector 4,Renewable / Solar Park,Uttar Pradesh,Lucknow,53.49,97,High,0.51,0,Fully Disbursed,0,Preliminary Notification (Sec 11),Approved,77,0.36,Full Possession,High / Cooperative,348,0.673,2024-09-28,2025-02-02,127,1,25.657041,78.166057
PRJ-1190,PCL-10431,NH-58 Four-Laning Bypass Section 2,Highway / Expressway,Madhya Pradesh,Jabalpur,94.76,185,Very High,0.5,0,Pending Disbursal,123,Preliminary Notification (Sec 11),Approved,36,0.48,Initial Stage (<30%),Hostile / Legal Injunction,298,0.85,2023-03-13,2024-05-10,424,1,25.611746,79.279816
PRJ-1099,PCL-10432,Bharatmala Economic Highway Ring 3,Highway / Expressway,Haryana,Hisar,15.61,13,Medium,0.79,0,Partially Disbursed,180,Declaration Published (Sec 19),Pending Environmental Clearance,177,0.65,Full Possession,Moderate,261,0.541,2023-08-29,2024-04-09,224,1,29.328131,76.869272
PRJ-1127,PCL-10433,Suburban Commuter Rapid Transit Line 2,Urban Metro / Transit,Andhra Pradesh,Kurnool,16.97,53,High,0.83,1,Partially Disbursed,50,Possession Taken (Sec 38),Conditional Clearance,71,0.68,Initial Stage (<30%),Hostile / Legal Injunction,176,0.397,2026-05-05,2027-07-02,423,1,14.284339,81.948498
PRJ-1192,PCL-10434,Karnataka Clean Energy Hub Sector 1,Renewable / Solar Park,Karnataka,Mysuru,76.61,75,Medium,0.67,0,Partially Disbursed,98,Notification Pending,Approved,30,0.67,Initial Stage (<30%),Moderate,125,0.488,2025-06-18,,145,1,14.99308,76.035655
PRJ-1113,PCL-10435,Visakhapatnam Cargo Terminal Expansion 1,Airport Infrastructure,Andhra Pradesh,Visakhapatnam,22.2,49,Low,0.89,0,Fully Disbursed,0,Award Declared (Sec 23),Approved,76,0.79,Full Possession,High / Cooperative,137,0.521,2025-06-19,2025-06-19,0,0,17.987492,80.265192
PRJ-1181,PCL-10436,Command Area Distribution Network 2,Irrigation / Water Canal,Odisha,Angul,53.07,48,Low,0.36,1,Pending Disbursal,344,Award Declared (Sec 23),Approved,15,0.2,Full Possession,Low / Resistant,355,0.694,2026-03-29,2027-09-07,527,1,20.148462,84.161086
PRJ-1039,PCL-10437,Madhya Pradesh Clean Energy Hub Sector 5,Renewable / Solar Park,Madhya Pradesh,Indore,22.83,39,Medium,0.44,0,Pending Disbursal,140,Preliminary Notification (Sec 11),Approved,15,0.92,Full Possession,Low / Resistant,163,0.287,2026-01-30,,222,1,23.630009,75.577478
PRJ-1169,PCL-10438,Salem Metro Rail Extension Corridor 3,Urban Metro / Transit,Tamil Nadu,Salem,29.8,113,High,0.85,0,Fully Disbursed,0,Notification Pending,Pending Environmental Clearance,177,0.6,Full Possession,Moderate,213,0.153,2023-08-20,2023-09-06,17,0,10.40008,79.360155
PRJ-1178,PCL-10439,Andhra Pradesh Dedicated High-Speed Rail Segment 3,Railway & Freight Corridor,Andhra Pradesh,Guntur,27.32,26,Medium,0.77,0,Partially Disbursed,68,Possession Taken (Sec 38),Approved,56,0.73,Partial Possession (30-70%),Moderate,261,0.34,2023-09-10,2023-12-26,107,1,17.495764,80.028675
PRJ-1120,PCL-10440,Kanchipuram Cargo Terminal Expansion 3,Airport Infrastructure,Tamil Nadu,Kanchipuram,112.74,411,High,0.45,0,Fully Disbursed,0,Declaration Published (Sec 19),Approved,15,0.39,Initial Stage (<30%),Low / Resistant,217,0.56,2024-02-03,2024-10-29,269,1,11.303806,79.486521
PRJ-1225,PCL-10441,Sundargarh Greenfield International Airport Phase 3,Airport Infrastructure,Odisha,Sundargarh,23.64,70,Medium,0.68,0,Fully Disbursed,0,Award Declared (Sec 23),Approved,15,0.31,Substantial Possession (>70%),High / Cooperative,388,0.631,2024-10-04,2024-10-28,24,0,20.719927,85.557806
PRJ-1154,PCL-10442,Command Area Distribution Network 2,Irrigation / Water Canal,Maharashtra,Pune,110.38,193,Very High,0.87,0,Fully Disbursed,0,Notification Pending,Pending Environmental Clearance,79,0.33,Substantial Possession (>70%),Moderate,225,0.51,2026-01-19,2026-10-28,282,1,18.995631,73.198735
PRJ-1201,PCL-10443,Odisha Integrated Industrial Township 2,Industrial Corridor / SEZ,Odisha,Khurda,14.76,13,Low,0.78,0,Fully Disbursed,0,Declaration Published (Sec 19),Approved,15,0.57,Substantial Possession (>70%),Low / Resistant,259,0.353,2024-08-23,2025-04-05,225,1,19.715644,85.093371
PRJ-1251,PCL-10444,Rajasthan Dedicated High-Speed Rail Segment 3,Railway & Freight Corridor,Rajasthan,Udaipur,42.72,88,Medium,0.91,0,Partially Disbursed,146,Preliminary Notification (Sec 11),Approved,42,0.91,Full Possession,High / Cooperative,307,0.332,2026-05-18,2026-06-29,42,0,24.168089,72.224093
PRJ-1201,PCL-10445,Odisha Integrated Industrial Township 2,Industrial Corridor / SEZ,Odisha,Khurda,27.13,30,Medium,0.68,0,Pending Disbursal,156,Declaration Published (Sec 19),Approved,75,0.86,Partial Possession (30-70%),High / Cooperative,129,0.37,2024-08-23,2024-08-23,0,0,19.958292,84.349009
PRJ-1082,PCL-10446,Kota Greenfield International Airport Phase 1,Airport Infrastructure,Rajasthan,Kota,34.24,98,Medium,0.74,0,Fully Disbursed,0,Declaration Published (Sec 19),Approved,20,0.9,Partial Possession (30-70%),Moderate,204,0.788,2024-03-28,2024-04-28,31,0,26.706322,76.59101
PRJ-1127,PCL-10447,Suburban Commuter Rapid Transit Line 2,Urban Metro / Transit,Andhra Pradesh,Kurnool,15.42,59,Medium,0.61,0,Fully Disbursed,0,Possession Taken (Sec 38),Approved,15,0.62,Partial Possession (30-70%),Moderate,249,0.71,2026-05-05,2026-05-31,26,0,16.363769,82.510482
PRJ-1090,PCL-10448,Haryana Dedicated High-Speed Rail Segment 5,Railway & Freight Corridor,Haryana,Gurugram,17.76,23,Medium,0.77,0,Partially Disbursed,54,Possession Taken (Sec 38),Under Scrutiny,165,0.42,Full Possession,High / Cooperative,283,0.761,2023-10-27,2023-12-19,53,0,29.046127,75.891198
PRJ-1081,PCL-10449,Industrial Rail Siding Network 4,Railway & Freight Corridor,Karnataka,Bengaluru Rural,29.98,42,High,0.82,1,Partially Disbursed,156,Possession Taken (Sec 38),Resubmission Required,176,0.57,Initial Stage (<30%),Low / Resistant,434,0.801,2025-10-07,,462,1,13.891504,76.559866
PRJ-1054,PCL-10450,Haryana Inter-River Linking Canal Sector 4,Irrigation / Water Canal,Haryana,Hisar,83.06,109,Low,0.8,1,Fully Disbursed,0,Possession Taken (Sec 38),Approved,30,0.37,Contested / Encroached,High / Cooperative,266,0.175,2027-04-14,2027-05-05,21,0,29.260548,77.03107
PRJ-1006,PCL-10451,Bhopal Multi-Modal Logistics Park 5,Industrial Corridor / SEZ,Madhya Pradesh,Bhopal,15.65,15,Medium,0.67,0,Fully Disbursed,0,Declaration Published (Sec 19),Conditional Clearance,133,0.44,Substantial Possession (>70%),High / Cooperative,129,0.372,2026-09-27,2026-10-18,21,0,23.152665,79.588237
PRJ-1083,PCL-10452,Tamil Nadu Clean Energy Hub Sector 5,Renewable / Solar Park,Tamil Nadu,Madurai,35.88,26,Low,0.17,1,Partially Disbursed,32,Award Declared (Sec 23),Approved,15,0.84,Partial Possession (30-70%),Low / Resistant,139,0.65,2026-02-06,,312,1,10.130003,77.106005
PRJ-1111,PCL-10453,Kalaburagi Multi-Modal Logistics Park 4,Industrial Corridor / SEZ,Karnataka,Kalaburagi,49.87,69,Medium,0.66,0,Fully Disbursed,0,Award Declared (Sec 23),Approved,24,0.08,Substantial Possession (>70%),Moderate,145,0.313,2026-12-07,2027-04-28,142,1,14.716085,74.702819
PRJ-1104,PCL-10454,Haryana Inter-River Linking Canal Sector 1,Irrigation / Water Canal,Haryana,Karnal,91.02,90,Low,0.45,0,Fully Disbursed,0,Declaration Published (Sec 19),Under Scrutiny,20,0.83,Full Possession,High / Cooperative,207,0.598,2025-06-25,,37,0,30.279169,76.261825
PRJ-1086,PCL-10455,Suburban Commuter Rapid Transit Line 1,Urban Metro / Transit,Haryana,Hisar,57.16,174,Very High,0.82,0,Partially Disbursed,168,Possession Taken (Sec 38),Pending Environmental Clearance,153,0.02,Full Possession,Moderate,176,0.324,2024-10-11,2025-08-15,308,1,29.787628,75.633624
PRJ-1089,PCL-10456,NH-34 Four-Laning Bypass Section 4,Highway / Expressway,Andhra Pradesh,Krishna,9.51,2,Low,0.83,0,Fully Disbursed,0,Notification Pending,Approved,104,0.09,Full Possession,High / Cooperative,115,0.459,2022-09-29,2023-02-06,130,1,14.115976,81.254565
PRJ-1155,PCL-10457,Andhra Pradesh Inter-River Linking Canal Sector 5,Irrigation / Water Canal,Andhra Pradesh,Guntur,69.19,132,Medium,0.36,0,Partially Disbursed,94,Preliminary Notification (Sec 11),Under Scrutiny,181,0.83,Contested / Encroached,Low / Resistant,228,0.701,2022-06-15,2023-04-15,304,1,17.427199,80.497923
PRJ-1069,PCL-10458,DMIC Special Investment Region Node 3,Industrial Corridor / SEZ,Andhra Pradesh,Krishna,96.63,170,Medium,0.43,1,Pending Disbursal,319,Possession Taken (Sec 38),Under Scrutiny,184,0.58,Contested / Encroached,Hostile / Legal Injunction,61,0.53,2024-09-29,2026-02-21,510,1,15.511005,81.163232
PRJ-1007,PCL-10459,Ahmedabad Lift Irrigation Main Canal Reach 3,Irrigation / Water Canal,Gujarat,Ahmedabad,19.72,26,Low,0.76,0,Partially Disbursed,45,Declaration Published (Sec 19),Approved,57,0.17,Full Possession,Moderate,276,0.736,2023-11-24,2024-06-17,206,1,21.724557,71.761934
PRJ-1105,PCL-10460,Rajasthan Green Express Corridor Phase 5,Highway / Expressway,Rajasthan,Kota,9.81,2,Very High,0.83,0,Fully Disbursed,0,Award Declared (Sec 23),Under Scrutiny,145,0.73,Partial Possession (30-70%),Moderate,276,0.108,2023-06-01,2023-08-31,91,1,26.874971,72.454577
PRJ-1213,PCL-10461,Uttar Pradesh Green Express Corridor Phase 3,Highway / Expressway,Uttar Pradesh,Agra,9.92,10,High,0.73,1,Pending Disbursal,217,Declaration Published (Sec 19),Under Scrutiny,155,0.42,Partial Possession (30-70%),Moderate,137,0.729,2026-11-07,2028-01-06,425,1,27.253358,79.607658
PRJ-1004,PCL-10462,Maharashtra Inter-River Linking Canal Sector 3,Irrigation / Water Canal,Maharashtra,Nagpur,51.47,97,Low,0.56,0,Fully Disbursed,0,Declaration Published (Sec 19),Under Scrutiny,150,0.41,Partial Possession (30-70%),Hostile / Legal Injunction,276,0.837,2024-04-03,2025-05-16,408,1,18.237389,76.196511
PRJ-1121,PCL-10463,Haryana Inter-River Linking Canal Sector 3,Irrigation / Water Canal,Haryana,Panipat,30.21,52,Low,0.9,0,Partially Disbursed,107,Award Declared (Sec 23),Under Scrutiny,149,0.91,Initial Stage (<30%),High / Cooperative,238,0.203,2025-08-19,2025-09-14,26,0,29.267819,76.359856
PRJ-1247,PCL-10464,Jodhpur Cargo Terminal Expansion 3,Airport Infrastructure,Rajasthan,Jodhpur,44.75,111,Low,0.31,0,Partially Disbursed,69,Possession Taken (Sec 38),Approved,40,0.83,Substantial Possession (>70%),Moderate,260,0.291,2023-10-01,2023-11-02,32,0,24.40207,76.788076
PRJ-1154,PCL-10465,Command Area Distribution Network 2,Irrigation / Water Canal,Maharashtra,Pune,51.78,84,Low,0.84,0,Fully Disbursed,0,Notification Pending,Under Scrutiny,183,0.34,Full Possession,High / Cooperative,236,0.301,2026-01-19,,27,0,19.776032,74.027912
PRJ-1098,PCL-10466,Jaipur Metro Rail Extension Corridor 4,Urban Metro / Transit,Rajasthan,Jaipur,276.71,990,High,0.51,1,Pending Disbursal,281,Possession Taken (Sec 38),Under Scrutiny,85,0.44,Initial Stage (<30%),Moderate,247,0.346,2024-08-24,2025-10-26,428,1,24.068394,76.133765
PRJ-1210,PCL-10467,Aviation Logistics Runway Package 3,Airport Infrastructure,Rajasthan,Jaipur,42.52,60,High,0.63,0,Pending Disbursal,268,Notification Pending,Conditional Clearance,234,0.49,Initial Stage (<30%),Moderate,235,0.125,2023-07-12,2024-03-08,240,1,27.943998,76.905588
PRJ-1030,PCL-10468,Rajasthan Integrated Industrial Township 5,Industrial Corridor / SEZ,Rajasthan,Udaipur,47.39,79,Low,0.5,0,Partially Disbursed,37,Declaration Published (Sec 19),Approved,15,0.65,Substantial Possession (>70%),High / Cooperative,359,0.204,2023-11-18,2023-11-20,2,0,26.913988,76.516461
PRJ-1131,PCL-10469,Bharuch Cargo Terminal Expansion 3,Airport Infrastructure,Gujarat,Bharuch,22.76,66,Low,0.66,1,Disputed in Escrow,376,Possession Taken (Sec 38),Conditional Clearance,160,0.73,Contested / Encroached,High / Cooperative,156,0.39,2022-04-09,2022-12-11,246,1,21.767503,71.594704
PRJ-1097,PCL-10470,NH-71 Four-Laning Bypass Section 3,Highway / Expressway,Tamil Nadu,Tiruchirappalli,34.54,29,Medium,0.65,0,Pending Disbursal,247,Possession Taken (Sec 38),Conditional Clearance,173,0.19,Contested / Encroached,Moderate,78,0.241,2026-02-04,,15,0,12.528421,77.564053
PRJ-1177,PCL-10471,Command Area Distribution Network 5,Irrigation / Water Canal,Andhra Pradesh,Krishna,23.57,16,Medium,0.48,1,Partially Disbursed,155,Preliminary Notification (Sec 11),Approved,90,0.75,Contested / Encroached,Moderate,126,0.248,2025-09-30,2026-08-11,315,1,17.632603,79.368205
PRJ-1148,PCL-10472,NH-67 Four-Laning Bypass Section 1,Highway / Expressway,Gujarat,Ahmedabad,30.57,35,Medium,0.9,0,Pending Disbursal,320,Notification Pending,Conditional Clearance,247,0.27,Substantial Possession (>70%),High / Cooperative,276,0.383,2025-04-24,,281,1,23.175822,69.800791
PRJ-1099,PCL-10473,Bharatmala Economic Highway Ring 3,Highway / Expressway,Haryana,Hisar,33.25,48,Medium,0.89,0,Fully Disbursed,0,Award Declared (Sec 23),Approved,15,0.36,Full Possession,Moderate,228,0.624,2023-08-29,2024-01-06,130,1,29.25,76.5
PRJ-1016,PCL-10474,Western Freight Corridor Spur Line 1,Railway & Freight Corridor,Tamil Nadu,Tiruchirappalli,92.14,137,Low,0.71,0,Fully Disbursed,0,Notification Pending,Conditional Clearance,175,0.5,Full Possession,High / Cooperative,147,0.395,2025-06-05,2025-10-22,139,1,11.541198,78.531481
PRJ-1193,PCL-10475,Prayagraj Lift Irrigation Main Canal Reach 5,Irrigation / Water Canal,Uttar Pradesh,Prayagraj,23.38,36,High,0.7,1,Pending Disbursal,279,Award Declared (Sec 23),Resubmission Required,196,0.43,Contested / Encroached,Low / Resistant,288,0.529,2024-02-19,2025-03-22,397,1,27.100149,83.379243
PRJ-1205,PCL-10476,Rajasthan Dedicated High-Speed Rail Segment 2,Railway & Freight Corridor,Rajasthan,Jaipur,33.6,47,Low,0.52,0,Partially Disbursed,65,Preliminary Notification (Sec 11),Under Scrutiny,150,0.42,Initial Stage (<30%),High / Cooperative,348,0.423,2024-08-20,2024-12-30,132,1,25.715117,71.387725
PRJ-1128,PCL-10477,Gujarat Green Express Corridor Phase 2,Highway / Expressway,Gujarat,Rajkot,9.07,18,Medium,0.6,1,Disputed in Escrow,596,Award Declared (Sec 23),Approved,50,0.61,Partial Possession (30-70%),High / Cooperative,172,0.339,2025-04-05,2026-01-10,280,1,22.118447,71.770747
PRJ-1167,PCL-10478,Aviation Logistics Runway Package 4,Airport Infrastructure,Gujarat,Surat,43.66,120,Medium,0.42,1,Disputed in Escrow,423,Preliminary Notification (Sec 11),Conditional Clearance,131,0.83,Partial Possession (30-70%),Low / Resistant,258,0.584,2027-09-08,,431,1,23.015995,70.077658
PRJ-1259,PCL-10479,Visakhapatnam Metro Rail Extension Corridor 1,Urban Metro / Transit,Andhra Pradesh,Visakhapatnam,10.0,22,High,0.56,0,Partially Disbursed,144,Preliminary Notification (Sec 11),Under Scrutiny,158,0.4,Substantial Possession (>70%),Hostile / Legal Injunction,97,0.234,2024-03-19,2025-06-05,443,1,14.189681,80.489833
PRJ-1088,PCL-10480,Prayagraj Cargo Terminal Expansion 1,Airport Infrastructure,Uttar Pradesh,Prayagraj,82.86,131,Medium,0.65,0,Pending Disbursal,286,Award Declared (Sec 23),Approved,109,0.56,Partial Possession (30-70%),Moderate,281,0.545,2025-11-09,2026-05-23,195,1,27.611059,81.612624
PRJ-1064,PCL-10481,Jabalpur Multi-Modal Logistics Park 2,Industrial Corridor / SEZ,Madhya Pradesh,Jabalpur,40.35,51,Medium,0.49,0,Fully Disbursed,0,Notification Pending,Conditional Clearance,155,0.93,Substantial Possession (>70%),Moderate,182,0.692,2025-11-12,2026-04-26,165,1,24.978096,80.955512
PRJ-1196,PCL-10482,Aviation Logistics Runway Package 2,Airport Infrastructure,Madhya Pradesh,Gwalior,19.12,83,Medium,0.64,0,Fully Disbursed,0,Preliminary Notification (Sec 11),Approved,61,0.3,Partial Possession (30-70%),High / Cooperative,120,0.396,2026-03-24,2026-04-24,31,0,24.927246,80.074524
PRJ-1060,PCL-10483,Suburban Commuter Rapid Transit Line 4,Urban Metro / Transit,Madhya Pradesh,Ujjain,13.51,42,Medium,0.84,0,Partially Disbursed,78,Possession Taken (Sec 38),Resubmission Required,186,0.93,Full Possession,Moderate,345,0.469,2026-02-24,2026-05-26,91,1,24.570492,75.865472
PRJ-1065,PCL-10484,Karnal Multi-Modal Logistics Park 3,Industrial Corridor / SEZ,Haryana,Karnal,55.18,66,Medium,0.87,0,Fully Disbursed,0,Award Declared (Sec 23),Conditional Clearance,194,0.51,Substantial Possession (>70%),Moderate,66,0.783,2027-01-28,2027-07-07,160,1,29.297403,76.693074
PRJ-1075,PCL-10485,Wind-Solar Hybrid Energy Grid 4,Renewable / Solar Park,Haryana,Gurugram,25.85,46,Low,0.69,0,Partially Disbursed,100,Notification Pending,Under Scrutiny,140,0.55,Partial Possession (30-70%),High / Cooperative,76,0.45,2023-09-05,2023-10-04,29,0,29.842944,77.163342
PRJ-1193,PCL-10486,Prayagraj Lift Irrigation Main Canal Reach 5,Irrigation / Water Canal,Uttar Pradesh,Prayagraj,27.35,35,Medium,0.4,0,Fully Disbursed,0,Preliminary Notification (Sec 11),Pending Environmental Clearance,146,0.39,Partial Possession (30-70%),Hostile / Legal Injunction,120,0.339,2024-02-19,2025-01-17,333,1,25.249963,82.425135
PRJ-1201,PCL-10487,Odisha Integrated Industrial Township 2,Industrial Corridor / SEZ,Odisha,Khurda,19.59,46,Low,0.62,0,Fully Disbursed,0,Possession Taken (Sec 38),Resubmission Required,131,0.69,Partial Possession (30-70%),High / Cooperative,178,0.729,2024-08-23,2024-12-18,117,1,20.327665,86.250533
PRJ-1145,PCL-10488,Urban Flyover & Transit Hub 4,Urban Metro / Transit,Tamil Nadu,Tiruchirappalli,56.01,205,High,0.42,1,Disputed in Escrow,623,Preliminary Notification (Sec 11),Conditional Clearance,197,0.5,Contested / Encroached,High / Cooperative,135,0.443,2024-06-07,2025-07-08,396,1,10.510038,79.911498
PRJ-1084,PCL-10489,Andhra Pradesh Inter-River Linking Canal Sector 3,Irrigation / Water Canal,Andhra Pradesh,Guntur,6.1,4,High,0.76,0,Fully Disbursed,0,Preliminary Notification (Sec 11),Approved,92,0.69,Initial Stage (<30%),Moderate,244,0.252,2024-10-17,2025-01-16,91,1,16.589493,80.21523
PRJ-1076,PCL-10490,Nashik Cargo Terminal Expansion 1,Airport Infrastructure,Maharashtra,Nashik,32.34,113,Low,0.73,0,Partially Disbursed,43,Preliminary Notification (Sec 11),Resubmission Required,169,0.5,Partial Possession (30-70%),High / Cooperative,105,0.439,2026-03-11,2026-04-29,49,0,19.142012,79.339283
PRJ-1207,PCL-10491,DMIC Special Investment Region Node 3,Industrial Corridor / SEZ,Madhya Pradesh,Gwalior,120.8,139,Low,0.73,0,Partially Disbursed,52,Possession Taken (Sec 38),Pending Environmental Clearance,210,0.47,Partial Possession (30-70%),Moderate,271,0.257,2022-08-02,2022-11-29,119,1,23.128004,75.810336
PRJ-1228,PCL-10492,Udaipur Metro Rail Extension Corridor 1,Urban Metro / Transit,Rajasthan,Udaipur,71.89,130,Medium,0.9,0,Fully Disbursed,0,Notification Pending,Resubmission Required,181,0.84,Substantial Possession (>70%),Moderate,328,0.322,2024-06-01,2024-06-08,7,0,25.666221,71.758002
PRJ-1049,PCL-10493,Odisha Inter-River Linking Canal Sector 4,Irrigation / Water Canal,Odisha,Angul,40.43,43,Medium,0.61,0,Fully Disbursed,0,Preliminary Notification (Sec 11),Conditional Clearance,98,0.9,Initial Stage (<30%),High / Cooperative,178,0.377,2023-01-29,2023-03-18,48,0,21.615294,84.538961
PRJ-1208,PCL-10494,Rajasthan Integrated Industrial Township 1,Industrial Corridor / SEZ,Rajasthan,Alwar,51.48,74,Medium,0.58,0,Partially Disbursed,179,Notification Pending,Conditional Clearance,88,0.82,Partial Possession (30-70%),Moderate,151,0.571,2025-07-21,2026-02-03,197,1,27.626619,71.166504
PRJ-1061,PCL-10495,Kota Ultra Mega Solar Park Unit 3,Renewable / Solar Park,Rajasthan,Kota,16.73,6,Medium,0.51,0,Fully Disbursed,0,Declaration Published (Sec 19),Under Scrutiny,120,0.62,Full Possession,Moderate,280,0.548,2026-08-16,2027-02-20,188,1,24.844922,74.584705
PRJ-1044,PCL-10496,Urban Flyover & Transit Hub 2,Urban Metro / Transit,Madhya Pradesh,Jabalpur,44.82,104,Medium,0.88,0,Fully Disbursed,0,Award Declared (Sec 23),Approved,76,0.46,Initial Stage (<30%),High / Cooperative,221,0.589,2023-04-08,2023-04-08,0,0,26.361685,78.289349
PRJ-1151,PCL-10497,Wind-Solar Hybrid Energy Grid 3,Renewable / Solar Park,Karnataka,Bengaluru Rural,46.77,61,Medium,0.51,0,Fully Disbursed,0,Notification Pending,Under Scrutiny,161,0.76,Partial Possession (30-70%),Moderate,179,0.418,2025-12-20,,43,0,15.779872,75.973745
PRJ-1019,PCL-10498,Karnataka Green Express Corridor Phase 4,Highway / Expressway,Karnataka,Kalaburagi,26.62,44,Very High,0.53,1,Pending Disbursal,155,Notification Pending,Approved,54,0.69,Initial Stage (<30%),Low / Resistant,96,0.543,2024-07-20,2025-08-07,383,1,13.471561,75.50907
PRJ-1084,PCL-10499,Andhra Pradesh Inter-River Linking Canal Sector 3,Irrigation / Water Canal,Andhra Pradesh,Guntur,119.54,124,Medium,0.66,0,Fully Disbursed,0,Award Declared (Sec 23),Resubmission Required,173,0.77,Partial Possession (30-70%),Moderate,55,0.629,2024-10-17,2025-03-22,156,1,15.810261,78.457945
PRJ-1084,PCL-10500,Andhra Pradesh Inter-River Linking Canal Sector 3,Irrigation / Water Canal,Andhra Pradesh,Guntur,48.35,87,Medium,0.75,0,Fully Disbursed,0,Preliminary Notification (Sec 11),Under Scrutiny,144,0.76,Partial Possession (30-70%),High / Cooperative,226,0.16,2024-10-17,2025-01-16,91,1,15.89662,78.802108
PRJ-1046,PCL-10501,Maharashtra Dedicated High-Speed Rail Segment 4,Railway & Freight Corridor,Maharashtra,Nashik,27.07,21,High,0.92,1,Pending Disbursal,203,Possession Taken (Sec 38),Resubmission Required,200,0.56,Contested / Encroached,Moderate,152,0.288,2024-05-01,2025-02-14,289,1,19.102177,75.184511
PRJ-1157,PCL-10502,Industrial Rail Siding Network 1,Railway & Freight Corridor,Odisha,Angul,38.0,30,Low,0.83,0,Fully Disbursed,0,Preliminary Notification (Sec 11),Pending Environmental Clearance,37,0.56,Full Possession,Moderate,187,0.224,2027-01-04,2027-02-01,28,0,21.08095,86.228355
PRJ-1177,PCL-10503,Command Area Distribution Network 5,Irrigation / Water Canal,Andhra Pradesh,Krishna,32.2,53,Medium,0.65,1,Pending Disbursal,222,Preliminary Notification (Sec 11),Under Scrutiny,108,0.8,Contested / Encroached,Low / Resistant,258,0.417,2025-09-30,,404,1,17.596774,81.371278
PRJ-1137,PCL-10504,Bharatmala Economic Highway Ring 2,Highway / Expressway,Haryana,Faridabad,44.37,95,Medium,0.97,0,Partially Disbursed,76,Possession Taken (Sec 38),Resubmission Required,148,0.8,Partial Possession (30-70%),High / Cooperative,154,0.272,2023-09-09,2023-09-09,0,0,28.176875,76.928297
PRJ-1142,PCL-10505,Madhya Pradesh Integrated Industrial Township 1,Industrial Corridor / SEZ,Madhya Pradesh,Gwalior,19.34,33,High,0.61,0,Fully Disbursed,0,Award Declared (Sec 23),Approved,87,0.52,Full Possession,Moderate,327,0.627,2027-06-16,,227,1,26.241512,78.381806
PRJ-1123,PCL-10506,Bharatmala Economic Highway Ring 1,Highway / Expressway,Odisha,Angul,47.01,41,Medium,0.83,0,Pending Disbursal,307,Notification Pending,Pending Environmental Clearance,111,0.81,Substantial Possession (>70%),Moderate,225,0.316,2026-01-15,2026-04-16,91,1,22.006654,84.495805
PRJ-1064,PCL-10507,Jabalpur Multi-Modal Logistics Park 2,Industrial Corridor / SEZ,Madhya Pradesh,Jabalpur,14.15,28,Medium,0.76,0,Partially Disbursed,92,Notification Pending,Under Scrutiny,160,0.44,Full Possession,Moderate,158,0.385,2025-11-12,,209,1,23.834074,78.994234
PRJ-1116,PCL-10508,Coimbatore Lift Irrigation Main Canal Reach 4,Irrigation / Water Canal,Tamil Nadu,Coimbatore,28.74,26,Medium,0.81,0,Fully Disbursed,0,Preliminary Notification (Sec 11),Approved,84,0.6,Partial Possession (30-70%),High / Cooperative,186,0.355,2024-07-16,2024-09-02,48,0,10.144368,78.187858
PRJ-1061,PCL-10509,Kota Ultra Mega Solar Park Unit 3,Renewable / Solar Park,Rajasthan,Kota,21.47,20,Low,0.63,0,Pending Disbursal,353,Preliminary Notification (Sec 11),Pending Environmental Clearance,151,0.83,Contested / Encroached,Moderate,316,0.347,2026-08-16,,4,0,25.326285,73.900436
PRJ-1004,PCL-10510,Maharashtra Inter-River Linking Canal Sector 3,Irrigation / Water Canal,Maharashtra,Nagpur,22.95,25,Low,0.79,1,Pending Disbursal,141,Possession Taken (Sec 38),Under Scrutiny,81,0.93,Substantial Possession (>70%),Low / Resistant,193,0.407,2024-04-03,2025-02-17,320,1,19.835038,75.152732
PRJ-1079,PCL-10511,Haryana Inter-River Linking Canal Sector 3,Irrigation / Water Canal,Haryana,Hisar,14.78,2,High,0.66,0,Fully Disbursed,0,Award Declared (Sec 23),Approved,15,0.93,Full Possession,Moderate,231,0.694,2026-10-18,,0,0,29.035726,77.284907
PRJ-1225,PCL-10512,Sundargarh Greenfield International Airport Phase 3,Airport Infrastructure,Odisha,Sundargarh,15.81,38,Medium,0.63,0,Partially Disbursed,58,Declaration Published (Sec 19),Approved,82,0.44,Full Possession,High / Cooperative,170,0.175,2024-10-04,2024-10-29,25,0,21.256327,85.236263
PRJ-1017,PCL-10513,Madurai Metro Rail Extension Corridor 2,Urban Metro / Transit,Tamil Nadu,Madurai,31.75,94,Medium,0.74,0,Partially Disbursed,62,Award Declared (Sec 23),Conditional Clearance,101,0.7,Partial Possession (30-70%),High / Cooperative,208,0.736,2025-03-21,2025-04-09,19,0,10.095063,77.666875
PRJ-1200,PCL-10514,Kota Ultra Mega Solar Park Unit 4,Renewable / Solar Park,Rajasthan,Kota,17.98,33,Low,0.43,1,Disputed in Escrow,206,Award Declared (Sec 23),Approved,53,0.66,Initial Stage (<30%),Moderate,179,0.656,2024-12-01,2025-12-30,394,1,24.628238,76.700304
PRJ-1145,PCL-10515,Urban Flyover & Transit Hub 4,Urban Metro / Transit,Tamil Nadu,Tiruchirappalli,7.1,27,Low,0.86,0,Partially Disbursed,97,Declaration Published (Sec 19),Under Scrutiny,132,0.59,Substantial Possession (>70%),Moderate,154,0.217,2024-06-07,2024-06-23,16,0,11.202159,79.40879
PRJ-1053,PCL-10516,Haryana Clean Energy Hub Sector 5,Renewable / Solar Park,Haryana,Hisar,45.52,37,Very High,0.62,1,Partially Disbursed,63,Possession Taken (Sec 38),Approved,45,0.68,Contested / Encroached,Low / Resistant,128,0.357,2025-07-20,2026-08-06,382,1,29.732748,76.504434
PRJ-1103,PCL-10517,Command Area Distribution Network 4,Irrigation / Water Canal,Madhya Pradesh,Bhopal,18.03,15,Low,0.87,0,Fully Disbursed,0,Possession Taken (Sec 38),Approved,59,0.47,Substantial Possession (>70%),Moderate,301,0.749,2023-04-22,2023-09-19,150,1,22.450116,75.376114
PRJ-1057,PCL-10518,Gujarat Integrated Industrial Township 5,Industrial Corridor / SEZ,Gujarat,Rajkot,9.69,8,Medium,0.54,1,Fully Disbursed,0,Preliminary Notification (Sec 11),Under Scrutiny,92,0.56,Partial Possession (30-70%),High / Cooperative,190,0.394,2026-04-19,2026-12-18,243,1,21.830814,70.284446
PRJ-1052,PCL-10519,Angul Metro Rail Extension Corridor 2,Urban Metro / Transit,Odisha,Angul,20.91,66,Low,0.78,0,Partially Disbursed,63,Award Declared (Sec 23),Approved,48,0.69,Partial Possession (30-70%),High / Cooperative,212,0.633,2026-05-21,2026-06-21,31,0,20.67036,84.73111
PRJ-1191,PCL-10520,Haryana Green Express Corridor Phase 4,Highway / Expressway,Haryana,Karnal,60.33,91,Low,0.62,0,Partially Disbursed,40,Notification Pending,Resubmission Required,134,0.63,Initial Stage (<30%),High / Cooperative,195,0.486,2024-06-27,2024-07-24,27,0,28.621805,76.074299
PRJ-1099,PCL-10521,Bharatmala Economic Highway Ring 3,Highway / Expressway,Haryana,Hisar,80.54,49,Medium,0.48,0,Disputed in Escrow,283,Notification Pending,Conditional Clearance,163,0.66,Full Possession,High / Cooperative,176,0.199,2023-08-29,2024-02-29,184,1,29.741184,77.308451
PRJ-1130,PCL-10522,Visakhapatnam Lift Irrigation Main Canal Reach 4,Irrigation / Water Canal,Andhra Pradesh,Visakhapatnam,14.1,14,Medium,0.55,0,Partially Disbursed,60,Possession Taken (Sec 38),Approved,40,0.9,Substantial Possession (>70%),High / Cooperative,248,0.327,2026-08-01,2026-08-16,15,0,17.972981,81.77084
PRJ-1012,PCL-10523,Uttar Pradesh Dedicated High-Speed Rail Segment 5,Railway & Freight Corridor,Uttar Pradesh,Noida,21.62,46,Low,0.82,1,Disputed in Escrow,277,Possession Taken (Sec 38),Under Scrutiny,132,0.34,Initial Stage (<30%),Low / Resistant,257,0.201,2026-03-01,,304,1,25.617579,79.530403
PRJ-1225,PCL-10524,Sundargarh Greenfield International Airport Phase 3,Airport Infrastructure,Odisha,Sundargarh,16.21,73,Medium,0.62,0,Fully Disbursed,0,Declaration Published (Sec 19),Under Scrutiny,110,0.35,Full Possession,High / Cooperative,199,0.494,2024-10-04,2024-10-12,8,0,21.501892,85.087206
PRJ-1258,PCL-10525,Odisha Integrated Industrial Township 2,Industrial Corridor / SEZ,Odisha,Cuttack,26.43,22,Low,0.94,0,Fully Disbursed,0,Preliminary Notification (Sec 11),Under Scrutiny,153,0.93,Full Possession,Moderate,177,0.551,2024-03-08,2024-03-29,21,0,21.39016,85.467698
PRJ-1143,PCL-10526,Gujarat Inter-River Linking Canal Sector 1,Irrigation / Water Canal,Gujarat,Rajkot,46.18,73,Medium,0.71,0,Partially Disbursed,30,Award Declared (Sec 23),Under Scrutiny,146,0.69,Contested / Encroached,High / Cooperative,251,0.641,2024-12-10,2025-03-11,91,1,23.739019,70.239913
PRJ-1136,PCL-10527,Jaipur Lift Irrigation Main Canal Reach 5,Irrigation / Water Canal,Rajasthan,Jaipur,19.15,27,Low,0.53,0,Pending Disbursal,202,Award Declared (Sec 23),Approved,86,0.73,Contested / Encroached,High / Cooperative,83,0.115,2022-10-14,2022-11-04,21,0,27.22715,73.459223
PRJ-1055,PCL-10528,Jodhpur Lift Irrigation Main Canal Reach 3,Irrigation / Water Canal,Rajasthan,Jodhpur,86.15,160,Medium,0.81,0,Fully Disbursed,0,Possession Taken (Sec 38),Approved,34,0.66,Full Possession,Moderate,217,0.228,2024-10-24,2024-12-07,44,0,27.22945,75.109881
PRJ-1203,PCL-10529,Rajasthan Inter-River Linking Canal Sector 5,Irrigation / Water Canal,Rajasthan,Jaipur,30.06,54,Medium,0.54,1,Partially Disbursed,77,Declaration Published (Sec 19),Approved,92,0.63,Initial Stage (<30%),Low / Resistant,291,0.589,2025-01-22,2026-03-03,405,1,24.734822,72.417167
PRJ-1011,PCL-10530,Urban Flyover & Transit Hub 3,Urban Metro / Transit,Gujarat,Surat,17.19,51,Medium,0.7,0,Fully Disbursed,0,Possession Taken (Sec 38),Pending Environmental Clearance,118,0.61,Contested / Encroached,High / Cooperative,208,0.591,2026-11-02,2027-02-15,105,1,21.949465,72.945113
PRJ-1007,PCL-10531,Ahmedabad Lift Irrigation Main Canal Reach 3,Irrigation / Water Canal,Gujarat,Ahmedabad,102.2,69,High,0.67,1,Fully Disbursed,0,Declaration Published (Sec 19),Conditional Clearance,230,0.26,Partial Possession (30-70%),Low / Resistant,183,0.464,2023-11-24,2025-01-27,430,1,22.799551,70.712651
PRJ-1007,PCL-10532,Ahmedabad Lift Irrigation Main Canal Reach 3,Irrigation / Water Canal,Gujarat,Ahmedabad,100.74,175,High,0.74,0,Fully Disbursed,0,Declaration Published (Sec 19),Under Scrutiny,166,0.5,Substantial Possession (>70%),Hostile / Legal Injunction,149,0.268,2023-11-24,2024-09-20,301,1,23.347961,69.091343
PRJ-1084,PCL-10533,Andhra Pradesh Inter-River Linking Canal Sector 3,Irrigation / Water Canal,Andhra Pradesh,Guntur,9.72,11,Medium,0.95,0,Fully Disbursed,0,Preliminary Notification (Sec 11),Approved,90,0.68,Full Possession,High / Cooperative,258,0.087,2024-10-17,2024-10-17,0,0,15.402494,80.396651
PRJ-1073,PCL-10534,Bharatmala Economic Highway Ring 1,Highway / Expressway,Uttar Pradesh,Noida,91.37,89,Medium,0.64,0,Pending Disbursal,286,Preliminary Notification (Sec 11),Under Scrutiny,131,0.82,Contested / Encroached,High / Cooperative,306,0.85,2026-02-11,2026-09-15,216,1,25.054115,79.261289
PRJ-1145,PCL-10535,Urban Flyover & Transit Hub 4,Urban Metro / Transit,Tamil Nadu,Tiruchirappalli,38.31,75,High,0.7,0,Partially Disbursed,75,Possession Taken (Sec 38),Under Scrutiny,122,0.82,Substantial Possession (>70%),Hostile / Legal Injunction,158,0.14,2024-06-07,2025-01-09,216,1,10.764847,78.95866
PRJ-1077,PCL-10536,Industrial Rail Siding Network 5,Railway & Freight Corridor,Uttar Pradesh,Kanpur,44.67,68,Low,0.74,1,Pending Disbursal,278,Award Declared (Sec 23),Conditional Clearance,194,0.48,Contested / Encroached,Low / Resistant,224,0.226,2027-04-12,,312,1,28.0866,81.760668
PRJ-1077,PCL-10537,Industrial Rail Siding Network 5,Railway & Freight Corridor,Uttar Pradesh,Kanpur,94.05,81,Medium,0.67,0,Pending Disbursal,147,Notification Pending,Approved,55,0.56,Partial Possession (30-70%),Moderate,263,0.213,2027-04-12,2027-09-29,170,1,27.694466,78.841581
PRJ-1066,PCL-10538,Faridabad Multi-Modal Logistics Park 3,Industrial Corridor / SEZ,Haryana,Faridabad,118.1,129,Medium,0.92,0,Partially Disbursed,115,Declaration Published (Sec 19),Conditional Clearance,74,0.35,Partial Possession (30-70%),Moderate,139,0.378,2025-12-22,2026-07-03,193,1,28.486494,76.281533
PRJ-1255,PCL-10539,NH-50 Four-Laning Bypass Section 3,Highway / Expressway,Haryana,Hisar,29.41,26,Low,0.82,0,Partially Disbursed,86,Preliminary Notification (Sec 11),Approved,15,0.87,Full Possession,High / Cooperative,267,0.419,2024-02-23,2024-03-27,33,0,29.342993,76.485943
PRJ-1009,PCL-10540,Kutch Lift Irrigation Main Canal Reach 5,Irrigation / Water Canal,Gujarat,Kutch,11.51,12,Low,0.68,1,Disputed in Escrow,578,Declaration Published (Sec 19),Approved,59,0.75,Substantial Possession (>70%),Low / Resistant,111,0.661,2024-05-15,2025-04-27,347,1,22.100955,71.135276
PRJ-1216,PCL-10541,Western Freight Corridor Spur Line 2,Railway & Freight Corridor,Gujarat,Kutch,172.37,123,Low,0.62,0,Fully Disbursed,0,Preliminary Notification (Sec 11),Under Scrutiny,129,0.75,Substantial Possession (>70%),Low / Resistant,307,0.69,2025-11-26,,214,1,21.753242,72.692416
PRJ-1038,PCL-10542,Command Area Distribution Network 3,Irrigation / Water Canal,Madhya Pradesh,Bhopal,41.5,33,Low,0.72,0,Fully Disbursed,0,Possession Taken (Sec 38),Approved,117,0.45,Full Possession,High / Cooperative,30,0.317,2023-08-21,2023-09-28,38,0,24.148037,78.851124
PRJ-1154,PCL-10543,Command Area Distribution Network 2,Irrigation / Water Canal,Maharashtra,Pune,18.13,27,Medium,0.65,1,Partially Disbursed,38,Notification Pending,Conditional Clearance,154,0.37,Initial Stage (<30%),High / Cooperative,352,0.508,2026-01-19,2026-11-01,286,1,19.413535,77.674367
PRJ-1233,PCL-10544,Suburban Commuter Rapid Transit Line 2,Urban Metro / Transit,Uttar Pradesh,Noida,103.71,426,High,0.74,1,Partially Disbursed,53,Notification Pending,Approved,69,0.28,Contested / Encroached,Low / Resistant,123,0.711,2026-03-13,2027-05-20,433,1,26.93413,82.529398
PRJ-1029,PCL-10545,Jodhpur Cargo Terminal Expansion 1,Airport Infrastructure,Rajasthan,Jodhpur,22.02,85,Medium,0.72,0,Partially Disbursed,110,Possession Taken (Sec 38),Conditional Clearance,127,0.73,Full Possession,Moderate,79,0.385,2025-10-10,2025-10-24,14,0,25.013188,72.133793
PRJ-1100,PCL-10546,Industrial Rail Siding Network 4,Railway & Freight Corridor,Rajasthan,Udaipur,18.58,29,High,0.75,1,Partially Disbursed,57,Preliminary Notification (Sec 11),Approved,15,0.52,Full Possession,Moderate,175,0.53,2023-10-04,2024-08-25,326,1,25.237646,71.66596
PRJ-1097,PCL-10547,NH-71 Four-Laning Bypass Section 3,Highway / Expressway,Tamil Nadu,Tiruchirappalli,29.42,16,Low,0.44,1,Pending Disbursal,337,Preliminary Notification (Sec 11),Approved,107,0.54,Substantial Possession (>70%),Hostile / Legal Injunction,118,0.437,2026-02-04,2027-07-04,515,1,11.425751,79.029006
PRJ-1145,PCL-10548,Urban Flyover & Transit Hub 4,Urban Metro / Transit,Tamil Nadu,Tiruchirappalli,106.35,250,High,0.96,1,Disputed in Escrow,349,Possession Taken (Sec 38),Pending Environmental Clearance,148,0.56,Initial Stage (<30%),Moderate,166,0.317,2024-06-07,2025-04-30,327,1,12.809713,78.60067
PRJ-1077,PCL-10549,Industrial Rail Siding Network 5,Railway & Freight Corridor,Uttar Pradesh,Kanpur,37.53,41,High,0.48,1,Disputed in Escrow,220,Preliminary Notification (Sec 11),Resubmission Required,121,0.26,Partial Possession (30-70%),High / Cooperative,290,0.567,2027-04-12,2028-06-27,442,1,25.13053,82.348774
PRJ-1073,PCL-10550,Bharatmala Economic Highway Ring 1,Highway / Expressway,Uttar Pradesh,Noida,23.83,40,Medium,0.6,0,Pending Disbursal,264,Possession Taken (Sec 38),Conditional Clearance,104,0.44,Partial Possession (30-70%),Moderate,220,0.502,2026-02-11,2026-10-11,242,1,27.664007,78.919654
PRJ-1221,PCL-10551,Salem Multi-Modal Logistics Park 4,Industrial Corridor / SEZ,Tamil Nadu,Salem,34.39,55,Low,0.6,0,Pending Disbursal,344,Preliminary Notification (Sec 11),Conditional Clearance,116,0.48,Substantial Possession (>70%),Hostile / Legal Injunction,220,0.27,2025-04-24,2026-06-03,405,1,9.686044,79.259564
PRJ-1045,PCL-10552,Uttar Pradesh Clean Energy Hub Sector 2,Renewable / Solar Park,Uttar Pradesh,Prayagraj,18.05,14,Low,0.98,0,Fully Disbursed,0,Preliminary Notification (Sec 11),Approved,15,0.46,Partial Possession (30-70%),High / Cooperative,250,0.247,2024-12-29,2025-01-10,12,0,26.746302,80.505962
PRJ-1132,PCL-10553,Tamil Nadu Green Express Corridor Phase 2,Highway / Expressway,Tamil Nadu,Tiruchirappalli,39.85,85,High,0.9,1,Pending Disbursal,236,Possession Taken (Sec 38),Approved,116,0.51,Initial Stage (<30%),Hostile / Legal Injunction,261,0.172,2024-07-28,2025-12-29,519,1,12.144698,78.420341
PRJ-1226,PCL-10554,DMIC Special Investment Region Node 3,Industrial Corridor / SEZ,Rajasthan,Alwar,80.64,160,High,0.64,1,Pending Disbursal,111,Notification Pending,Resubmission Required,134,0.81,Substantial Possession (>70%),Low / Resistant,153,0.309,2023-07-15,2024-10-25,468,1,25.663622,76.03453
PRJ-1005,PCL-10555,Ahmedabad Multi-Modal Logistics Park 3,Industrial Corridor / SEZ,Gujarat,Ahmedabad,73.96,79,Medium,0.8,1,Disputed in Escrow,522,Preliminary Notification (Sec 11),Approved,15,0.82,Initial Stage (<30%),Low / Resistant,279,0.594,2025-05-08,2026-08-11,460,1,21.49823,69.513311
PRJ-1056,PCL-10556,Coimbatore Greenfield International Airport Phase 2,Airport Infrastructure,Tamil Nadu,Coimbatore,36.1,135,High,0.64,1,Pending Disbursal,252,Award Declared (Sec 23),Resubmission Required,183,0.38,Initial Stage (<30%),Low / Resistant,206,0.827,2024-01-01,2025-06-13,529,1,9.841797,79.318512
PRJ-1244,PCL-10557,Aviation Logistics Runway Package 3,Airport Infrastructure,Karnataka,Mysuru,17.19,46,High,0.68,1,Pending Disbursal,284,Preliminary Notification (Sec 11),Pending Environmental Clearance,108,0.59,Partial Possession (30-70%),High / Cooperative,191,0.376,2025-11-23,2026-09-12,293,1,13.1102,76.004652
PRJ-1028,PCL-10558,Command Area Distribution Network 1,Irrigation / Water Canal,Gujarat,Ahmedabad,41.29,73,Medium,0.56,0,Fully Disbursed,0,Award Declared (Sec 23),Approved,37,0.66,Full Possession,High / Cooperative,177,0.764,2024-07-23,2025-01-26,187,1,21.663329,69.150948
PRJ-1215,PCL-10559,Command Area Distribution Network 2,Irrigation / Water Canal,Uttar Pradesh,Agra,27.94,22,High,0.63,0,Fully Disbursed,0,Award Declared (Sec 23),Approved,15,0.75,Full Possession,High / Cooperative,343,0.578,2025-11-23,2026-05-05,163,1,26.834245,81.66608
PRJ-1083,PCL-10560,Tamil Nadu Clean Energy Hub Sector 5,Renewable / Solar Park,Tamil Nadu,Madurai,98.36,176,High,0.51,1,Disputed in Escrow,281,Preliminary Notification (Sec 11),Conditional Clearance,141,0.87,Initial Stage (<30%),Hostile / Legal Injunction,207,0.263,2026-02-06,2027-05-02,450,1,12.833005,78.40403
PRJ-1163,PCL-10561,Uttar Pradesh Integrated Industrial Township 3,Industrial Corridor / SEZ,Uttar Pradesh,Agra,15.69,33,Medium,0.57,0,Partially Disbursed,97,Notification Pending,Conditional Clearance,155,0.47,Contested / Encroached,High / Cooperative,246,0.501,2026-04-29,2026-04-29,0,0,25.098235,82.891106
PRJ-1231,PCL-10562,Suburban Commuter Rapid Transit Line 2,Urban Metro / Transit,Andhra Pradesh,Guntur,9.29,20,Medium,0.39,0,Partially Disbursed,126,Declaration Published (Sec 19),Approved,46,0.39,Initial Stage (<30%),Moderate,261,0.462,2025-10-18,2025-11-10,23,0,16.861232,80.884047
PRJ-1008,PCL-10563,Western Freight Corridor Spur Line 3,Railway & Freight Corridor,Rajasthan,Udaipur,27.37,26,Low,0.83,1,Pending Disbursal,323,Possession Taken (Sec 38),Approved,72,0.74,Partial Possession (30-70%),Moderate,197,0.164,2026-10-15,2027-07-01,259,1,25.679128,73.196387
PRJ-1172,PCL-10564,Jaipur Cargo Terminal Expansion 1,Airport Infrastructure,Rajasthan,Jaipur,9.65,26,Low,0.82,0,Fully Disbursed,0,Possession Taken (Sec 38),Under Scrutiny,105,0.51,Partial Possession (30-70%),Moderate,153,0.587,2025-01-01,2025-02-01,31,0,24.548872,72.087301
PRJ-1051,PCL-10565,Wind-Solar Hybrid Energy Grid 1,Renewable / Solar Park,Andhra Pradesh,Kurnool,12.32,19,Medium,0.87,0,Partially Disbursed,169,Preliminary Notification (Sec 11),Under Scrutiny,176,0.59,Substantial Possession (>70%),Moderate,457,0.242,2025-10-13,2025-10-25,12,0,18.429598,81.999105
PRJ-1216,PCL-10566,Western Freight Corridor Spur Line 2,Railway & Freight Corridor,Gujarat,Kutch,40.17,54,Low,0.61,0,Fully Disbursed,0,Possession Taken (Sec 38),Approved,120,0.57,Partial Possession (30-70%),Low / Resistant,30,0.388,2025-11-26,2025-12-09,13,0,21.664426,72.468273
PRJ-1004,PCL-10567,Maharashtra Inter-River Linking Canal Sector 3,Irrigation / Water Canal,Maharashtra,Nagpur,37.21,58,Low,0.62,0,Pending Disbursal,302,Declaration Published (Sec 19),Approved,36,0.95,Contested / Encroached,Moderate,246,0.305,2024-04-03,2024-12-17,258,1,20.774889,78.056055
PRJ-1014,PCL-10568,Surat Lift Irrigation Main Canal Reach 4,Irrigation / Water Canal,Gujarat,Surat,14.9,18,High,0.48,1,Disputed in Escrow,400,Declaration Published (Sec 19),Under Scrutiny,192,0.55,Partial Possession (30-70%),Low / Resistant,274,0.504,2024-03-14,2025-09-16,551,1,21.494789,70.697385
PRJ-1202,PCL-10569,Andhra Pradesh Clean Energy Hub Sector 5,Renewable / Solar Park,Andhra Pradesh,Guntur,121.21,168,Medium,0.45,0,Fully Disbursed,0,Award Declared (Sec 23),Under Scrutiny,119,0.61,Substantial Possession (>70%),Moderate,268,0.239,2024-12-08,2025-04-14,127,1,17.69562,81.976525
PRJ-1259,PCL-10570,Visakhapatnam Metro Rail Extension Corridor 1,Urban Metro / Transit,Andhra Pradesh,Visakhapatnam,32.26,83,High,0.82,1,Partially Disbursed,112,Declaration Published (Sec 19),Approved,39,0.62,Full Possession,Hostile / Legal Injunction,100,0.327,2024-03-19,2025-05-13,420,1,14.57084,80.876975
PRJ-1079,PCL-10571,Haryana Inter-River Linking Canal Sector 3,Irrigation / Water Canal,Haryana,Hisar,36.4,71,Low,0.55,0,Fully Disbursed,0,Possession Taken (Sec 38),Under Scrutiny,150,0.64,Partial Possession (30-70%),High / Cooperative,135,0.535,2026-10-18,2027-01-25,99,1,28.116764,76.894394
PRJ-1114,PCL-10572,NH-63 Four-Laning Bypass Section 3,Highway / Expressway,Odisha,Sundargarh,26.65,7,High,0.86,1,Disputed in Escrow,320,Preliminary Notification (Sec 11),Pending Environmental Clearance,159,0.28,Initial Stage (<30%),Low / Resistant,212,0.621,2026-10-05,2028-01-23,475,1,20.321999,85.495626
PRJ-1053,PCL-10573,Haryana Clean Energy Hub Sector 5,Renewable / Solar Park,Haryana,Hisar,21.04,23,Low,0.5,0,Fully Disbursed,0,Award Declared (Sec 23),Pending Environmental Clearance,173,0.75,Full Possession,High / Cooperative,221,0.799,2025-07-20,2026-01-13,177,1,28.316236,77.311678
PRJ-1212,PCL-10574,NH-93 Four-Laning Bypass Section 5,Highway / Expressway,Karnataka,Dharwad,77.66,52,Medium,0.82,0,Pending Disbursal,172,Declaration Published (Sec 19),Approved,26,0.43,Initial Stage (<30%),High / Cooperative,155,0.7,2026-03-12,2026-05-03,52,0,12.910522,77.619495
PRJ-1017,PCL-10575,Madurai Metro Rail Extension Corridor 2,Urban Metro / Transit,Tamil Nadu,Madurai,61.86,149,Very High,0.92,1,Pending Disbursal,220,Preliminary Notification (Sec 11),Approved,49,0.73,Full Possession,Low / Resistant,230,0.263,2025-03-21,2026-01-17,302,1,9.948504,78.112712
PRJ-1079,PCL-10576,Haryana Inter-River Linking Canal Sector 3,Irrigation / Water Canal,Haryana,Hisar,55.51,94,Low,0.88,1,Disputed in Escrow,244,Award Declared (Sec 23),Approved,46,0.66,Substantial Possession (>70%),High / Cooperative,104,0.51,2026-10-18,2027-04-24,188,1,28.569136,76.243292
PRJ-1151,PCL-10577,Wind-Solar Hybrid Energy Grid 3,Renewable / Solar Park,Karnataka,Bengaluru Rural,13.39,25,High,0.89,1,Partially Disbursed,101,Possession Taken (Sec 38),Approved,15,0.31,Contested / Encroached,Hostile / Legal Injunction,136,0.227,2025-12-20,,343,1,14.838514,77.138838
PRJ-1106,PCL-10578,Madhya Pradesh Green Express Corridor Phase 1,Highway / Expressway,Madhya Pradesh,Jabalpur,16.11,28,Medium,0.9,0,Partially Disbursed,128,Possession Taken (Sec 38),Approved,49,0.8,Substantial Possession (>70%),Moderate,228,0.349,2023-05-03,2023-05-23,20,0,26.246553,78.172123
PRJ-1033,PCL-10579,Bharatmala Economic Highway Ring 2,Highway / Expressway,Karnataka,Dharwad,38.97,78,Low,0.79,0,Pending Disbursal,361,Award Declared (Sec 23),Approved,39,0.48,Substantial Possession (>70%),High / Cooperative,153,0.398,2023-12-06,2023-12-25,19,0,14.752077,77.396239
PRJ-1220,PCL-10580,Aviation Logistics Runway Package 4,Airport Infrastructure,Tamil Nadu,Coimbatore,77.01,134,Medium,0.38,0,Fully Disbursed,0,Award Declared (Sec 23),Under Scrutiny,122,0.57,Partial Possession (30-70%),Moderate,259,0.661,2024-03-01,2024-11-20,264,1,12.239048,78.159008
PRJ-1165,PCL-10581,Kutch Lift Irrigation Main Canal Reach 5,Irrigation / Water Canal,Gujarat,Kutch,12.43,19,Medium,0.88,1,Pending Disbursal,128,Notification Pending,Pending Environmental Clearance,121,0.91,Partial Possession (30-70%),Moderate,262,0.402,2025-04-02,2025-09-24,175,1,23.656358,71.521219
PRJ-1164,PCL-10582,Karnal Metro Rail Extension Corridor 4,Urban Metro / Transit,Haryana,Karnal,38.62,97,Low,0.86,0,Partially Disbursed,113,Notification Pending,Approved,15,0.48,Substantial Possession (>70%),High / Cooperative,45,0.181,2024-09-29,2024-09-29,0,0,28.525561,75.644354
PRJ-1003,PCL-10583,Gurugram Metro Rail Extension Corridor 5,Urban Metro / Transit,Haryana,Gurugram,28.83,111,Medium,0.87,0,Fully Disbursed,0,Preliminary Notification (Sec 11),Approved,124,0.84,Full Possession,Low / Resistant,204,0.336,2024-05-29,2024-05-29,0,0,30.237944,76.090295
PRJ-1155,PCL-10584,Andhra Pradesh Inter-River Linking Canal Sector 5,Irrigation / Water Canal,Andhra Pradesh,Guntur,27.27,40,Medium,0.71,0,Fully Disbursed,0,Possession Taken (Sec 38),Under Scrutiny,223,0.97,Substantial Possession (>70%),High / Cooperative,289,0.623,2022-06-15,2022-07-22,37,0,15.258564,81.743092
PRJ-1192,PCL-10585,Karnataka Clean Energy Hub Sector 1,Renewable / Solar Park,Karnataka,Mysuru,24.16,14,High,0.84,0,Pending Disbursal,313,Declaration Published (Sec 19),Approved,91,0.58,Substantial Possession (>70%),High / Cooperative,197,0.179,2025-06-18,2025-07-16,28,0,17.144748,74.87878
PRJ-1003,PCL-10586,Gurugram Metro Rail Extension Corridor 5,Urban Metro / Transit,Haryana,Gurugram,35.39,79,High,0.67,0,Fully Disbursed,0,Award Declared (Sec 23),Under Scrutiny,103,0.55,Partial Possession (30-70%),High / Cooperative,226,0.452,2024-05-29,2024-06-10,12,0,30.291865,77.199228
PRJ-1088,PCL-10587,Prayagraj Cargo Terminal Expansion 1,Airport Infrastructure,Uttar Pradesh,Prayagraj,32.44,48,Low,0.9,0,Pending Disbursal,301,Possession Taken (Sec 38),Under Scrutiny,117,0.53,Initial Stage (<30%),High / Cooperative,252,0.195,2025-11-09,2026-03-04,115,1,28.194519,81.200647
PRJ-1251,PCL-10588,Rajasthan Dedicated High-Speed Rail Segment 3,Railway & Freight Corridor,Rajasthan,Udaipur,61.04,102,Low,0.48,0,Fully Disbursed,0,Notification Pending,Conditional Clearance,168,0.53,Full Possession,High / Cooperative,39,0.348,2026-05-18,2026-06-18,31,0,28.345938,72.949277
PRJ-1040,PCL-10589,DMIC Special Investment Region Node 1,Industrial Corridor / SEZ,Tamil Nadu,Madurai,38.85,30,Medium,0.6,0,Partially Disbursed,117,Declaration Published (Sec 19),Conditional Clearance,138,0.24,Partial Possession (30-70%),High / Cooperative,149,0.118,2025-05-05,2026-02-06,277,1,9.805491,78.583278
PRJ-1160,PCL-10590,Rajasthan Dedicated High-Speed Rail Segment 4,Railway & Freight Corridor,Rajasthan,Kota,22.91,45,Low,0.61,0,Fully Disbursed,0,Possession Taken (Sec 38),Pending Environmental Clearance,221,0.53,Substantial Possession (>70%),High / Cooperative,220,0.686,2025-08-02,,25,0,27.167454,74.916207
PRJ-1143,PCL-10591,Gujarat Inter-River Linking Canal Sector 1,Irrigation / Water Canal,Gujarat,Rajkot,40.3,68,Medium,0.8,0,Fully Disbursed,0,Preliminary Notification (Sec 11),Approved,35,0.38,Initial Stage (<30%),High / Cooperative,109,0.575,2024-12-10,,133,1,22.276973,72.06957
PRJ-1232,PCL-10592,Maharashtra Inter-River Linking Canal Sector 4,Irrigation / Water Canal,Maharashtra,Nagpur,20.33,36,Medium,0.35,0,Fully Disbursed,0,Award Declared (Sec 23),Approved,15,0.58,Full Possession,Moderate,226,0.08,2026-08-29,2027-02-12,167,1,19.070675,73.807288
PRJ-1217,PCL-10593,Gwalior Greenfield International Airport Phase 3,Airport Infrastructure,Madhya Pradesh,Gwalior,8.13,2,Low,0.84,0,Fully Disbursed,0,Preliminary Notification (Sec 11),Under Scrutiny,140,0.44,Initial Stage (<30%),Moderate,392,0.45,2025-01-24,,118,1,22.903299,76.262478
PRJ-1019,PCL-10594,Karnataka Green Express Corridor Phase 4,Highway / Expressway,Karnataka,Kalaburagi,97.96,134,Low,0.84,0,Fully Disbursed,0,Possession Taken (Sec 38),Approved,15,0.13,Partial Possession (30-70%),Low / Resistant,261,0.352,2024-07-20,2024-08-12,23,0,15.368629,75.314055
PRJ-1138,PCL-10595,Gurugram Ultra Mega Solar Park Unit 2,Renewable / Solar Park,Haryana,Gurugram,35.09,52,Medium,0.86,0,Fully Disbursed,0,Declaration Published (Sec 19),Under Scrutiny,119,0.89,Partial Possession (30-70%),Moderate,115,0.101,2026-01-08,2026-01-08,0,0,29.238412,75.874955
PRJ-1123,PCL-10596,Bharatmala Economic Highway Ring 1,Highway / Expressway,Odisha,Angul,24.3,21,Low,0.83,0,Partially Disbursed,139,Award Declared (Sec 23),Approved,15,0.47,Contested / Encroached,High / Cooperative,208,0.85,2026-01-15,,41,0,19.992605,85.889895
PRJ-1005,PCL-10597,Ahmedabad Multi-Modal Logistics Park 3,Industrial Corridor / SEZ,Gujarat,Ahmedabad,22.6,24,Medium,0.91,0,Pending Disbursal,238,Declaration Published (Sec 19),Under Scrutiny,200,0.78,Substantial Possession (>70%),High / Cooperative,346,0.439,2025-05-08,,252,1,22.772615,73.315983
PRJ-1156,PCL-10598,Gurugram Lift Irrigation Main Canal Reach 3,Irrigation / Water Canal,Haryana,Gurugram,189.66,245,High,0.77,1,Pending Disbursal,324,Preliminary Notification (Sec 11),Conditional Clearance,204,0.54,Partial Possession (30-70%),Low / Resistant,262,0.247,2026-11-15,2027-12-26,406,1,29.979342,76.187787
PRJ-1248,PCL-10599,Command Area Distribution Network 1,Irrigation / Water Canal,Karnataka,Kalaburagi,156.94,253,Low,0.83,0,Partially Disbursed,66,Award Declared (Sec 23),Under Scrutiny,165,0.56,Full Possession,Hostile / Legal Injunction,313,0.258,2026-04-12,2026-11-27,229,1,13.102529,76.744509
PRJ-1185,PCL-10600,Bhopal Ultra Mega Solar Park Unit 2,Renewable / Solar Park,Madhya Pradesh,Bhopal,31.89,71,Medium,0.88,0,Partially Disbursed,169,Possession Taken (Sec 38),Resubmission Required,185,0.06,Initial Stage (<30%),High / Cooperative,176,0.362,2026-11-26,2027-07-16,232,1,22.957753,75.621353
PRJ-1179,PCL-10601,Vadodara Greenfield International Airport Phase 5,Airport Infrastructure,Gujarat,Vadodara,22.21,57,Very High,0.48,1,Pending Disbursal,265,Notification Pending,Approved,24,0.84,Contested / Encroached,Moderate,114,0.288,2024-08-04,2025-09-20,412,1,23.625185,70.770515
PRJ-1178,PCL-10602,Andhra Pradesh Dedicated High-Speed Rail Segment 3,Railway & Freight Corridor,Andhra Pradesh,Guntur,24.87,35,Medium,0.57,0,Pending Disbursal,173,Award Declared (Sec 23),Under Scrutiny,186,0.61,Full Possession,High / Cooperative,55,0.284,2023-09-10,2024-01-31,143,1,15.318998,82.800402
PRJ-1233,PCL-10603,Suburban Commuter Rapid Transit Line 2,Urban Metro / Transit,Uttar Pradesh,Noida,47.93,148,Low,0.72,0,Partially Disbursed,30,Preliminary Notification (Sec 11),Approved,67,0.47,Substantial Possession (>70%),High / Cooperative,44,0.704,2026-03-13,2026-03-20,7,0,25.189241,79.578293
PRJ-1080,PCL-10604,Belagavi Cargo Terminal Expansion 3,Airport Infrastructure,Karnataka,Belagavi,59.2,101,Medium,0.78,0,Fully Disbursed,0,Preliminary Notification (Sec 11),Under Scrutiny,156,0.76,Substantial Possession (>70%),High / Cooperative,130,0.71,2026-02-11,2026-03-12,29,0,17.223058,76.832231
PRJ-1217,PCL-10605,Gwalior Greenfield International Airport Phase 3,Airport Infrastructure,Madhya Pradesh,Gwalior,26.7,109,High,0.59,1,Pending Disbursal,255,Notification Pending,Approved,107,0.47,Contested / Encroached,Low / Resistant,208,0.213,2025-01-24,2025-12-29,339,1,23.8061,80.836642
PRJ-1103,PCL-10606,Command Area Distribution Network 4,Irrigation / Water Canal,Madhya Pradesh,Bhopal,46.05,58,Medium,0.73,0,Pending Disbursal,313,Preliminary Notification (Sec 11),Approved,15,0.76,Partial Possession (30-70%),Moderate,231,0.289,2023-04-22,2023-10-20,181,1,23.374674,75.597827
PRJ-1184,PCL-10607,Faridabad Cargo Terminal Expansion 1,Airport Infrastructure,Haryana,Faridabad,21.68,58,Medium,0.91,0,Pending Disbursal,305,Preliminary Notification (Sec 11),Conditional Clearance,177,0.49,Initial Stage (<30%),High / Cooperative,297,0.185,2026-09-01,,202,1,29.174109,76.362571
PRJ-1192,PCL-10608,Karnataka Clean Energy Hub Sector 1,Renewable / Solar Park,Karnataka,Mysuru,33.86,41,Low,0.92,0,Fully Disbursed,0,Preliminary Notification (Sec 11),Under Scrutiny,173,0.61,Partial Possession (30-70%),Moderate,217,0.731,2025-06-18,2026-01-10,206,1,13.173647,76.288463
PRJ-1044,PCL-10609,Urban Flyover & Transit Hub 2,Urban Metro / Transit,Madhya Pradesh,Jabalpur,122.01,401,Medium,0.49,0,Partially Disbursed,114,Preliminary Notification (Sec 11),Approved,54,0.22,Substantial Possession (>70%),High / Cooperative,194,0.532,2023-04-08,2023-10-29,204,1,22.290648,80.361323
PRJ-1028,PCL-10610,Command Area Distribution Network 1,Irrigation / Water Canal,Gujarat,Ahmedabad,12.02,15,Very High,0.88,0,Partially Disbursed,69,Award Declared (Sec 23),Under Scrutiny,158,0.81,Partial Possession (30-70%),High / Cooperative,168,0.101,2024-07-23,2024-08-03,11,0,23.084561,71.321562
PRJ-1249,PCL-10611,Rajasthan Inter-River Linking Canal Sector 1,Irrigation / Water Canal,Rajasthan,Jodhpur,18.31,22,Low,0.81,1,Partially Disbursed,56,Possession Taken (Sec 38),Approved,81,0.38,Initial Stage (<30%),Low / Resistant,241,0.731,2025-02-05,2026-01-03,332,1,26.794121,72.234129
PRJ-1154,PCL-10612,Command Area Distribution Network 2,Irrigation / Water Canal,Maharashtra,Pune,52.4,77,High,0.82,0,Partially Disbursed,61,Possession Taken (Sec 38),Approved,51,0.34,Full Possession,Low / Resistant,179,0.48,2026-01-19,2026-12-02,317,1,19.223216,79.339256
PRJ-1124,PCL-10613,Industrial Rail Siding Network 2,Railway & Freight Corridor,Haryana,Panipat,106.09,141,Medium,0.39,0,Pending Disbursal,342,Award Declared (Sec 23),Under Scrutiny,162,0.75,Partial Possession (30-70%),Moderate,157,0.513,2026-09-30,,266,1,28.459861,76.959163
PRJ-1214,PCL-10614,Western Freight Corridor Spur Line 1,Railway & Freight Corridor,Haryana,Gurugram,28.71,22,Low,0.71,0,Fully Disbursed,0,Notification Pending,Approved,15,0.55,Initial Stage (<30%),High / Cooperative,342,0.215,2026-11-04,,0,0,30.002385,75.831516
PRJ-1235,PCL-10615,Suburban Commuter Rapid Transit Line 1,Urban Metro / Transit,Gujarat,Rajkot,47.48,117,High,0.78,1,Disputed in Escrow,379,Notification Pending,Approved,51,0.41,Initial Stage (<30%),Low / Resistant,257,0.253,2027-01-03,2028-04-12,465,1,21.853022,73.369716
PRJ-1174,PCL-10616,Command Area Distribution Network 1,Irrigation / Water Canal,Odisha,Angul,14.98,4,High,0.9,0,Fully Disbursed,0,Possession Taken (Sec 38),Approved,15,0.62,Substantial Possession (>70%),Low / Resistant,214,0.543,2023-12-27,2024-08-22,239,1,20.744653,86.368393
PRJ-1260,PCL-10617,Aviation Logistics Runway Package 4,Airport Infrastructure,Uttar Pradesh,Noida,79.39,151,Medium,0.74,1,Pending Disbursal,296,Preliminary Notification (Sec 11),Approved,84,0.28,Contested / Encroached,Low / Resistant,240,0.458,2025-05-02,,472,1,27.686353,80.887343
PRJ-1055,PCL-10618,Jodhpur Lift Irrigation Main Canal Reach 3,Irrigation / Water Canal,Rajasthan,Jodhpur,11.31,4,Low,0.57,0,Partially Disbursed,56,Declaration Published (Sec 19),Conditional Clearance,122,0.86,Substantial Possession (>70%),Moderate,44,0.255,2024-10-24,2024-12-10,47,0,26.247509,75.058001
PRJ-1032,PCL-10619,Madhya Pradesh Dedicated High-Speed Rail Segment 5,Railway & Freight Corridor,Madhya Pradesh,Ujjain,23.99,41,Low,0.53,0,Pending Disbursal,179,Award Declared (Sec 23),Approved,83,0.6,Substantial Possession (>70%),Moderate,109,0.08,2023-04-30,2023-10-11,164,1,24.742376,75.782632
PRJ-1103,PCL-10620,Command Area Distribution Network 4,Irrigation / Water Canal,Madhya Pradesh,Bhopal,49.81,79,Low,0.76,0,Partially Disbursed,79,Preliminary Notification (Sec 11),Under Scrutiny,131,0.5,Substantial Possession (>70%),Moderate,275,0.642,2023-04-22,2023-10-12,173,1,22.911159,78.193059
PRJ-1105,PCL-10621,Rajasthan Green Express Corridor Phase 5,Highway / Expressway,Rajasthan,Kota,26.46,12,High,0.55,0,Fully Disbursed,0,Notification Pending,Under Scrutiny,145,0.75,Partial Possession (30-70%),Low / Resistant,248,0.497,2023-06-01,2024-03-19,292,1,24.196252,71.879319
PRJ-1243,PCL-10622,NH-64 Four-Laning Bypass Section 1,Highway / Expressway,Uttar Pradesh,Noida,126.7,242,Very High,0.63,1,Pending Disbursal,126,Notification Pending,Approved,41,0.33,Contested / Encroached,Hostile / Legal Injunction,234,0.531,2027-03-14,,666,1,26.752891,79.97502
PRJ-1119,PCL-10623,Haryana Integrated Industrial Township 2,Industrial Corridor / SEZ,Haryana,Faridabad,26.87,18,High,0.82,0,Fully Disbursed,0,Award Declared (Sec 23),Approved,50,0.39,Initial Stage (<30%),Moderate,320,0.385,2027-02-22,,29,0,28.17355,76.577022
PRJ-1124,PCL-10624,Industrial Rail Siding Network 2,Railway & Freight Corridor,Haryana,Panipat,30.66,50,Medium,0.6,0,Fully Disbursed,0,Possession Taken (Sec 38),Pending Environmental Clearance,131,0.53,Contested / Encroached,High / Cooperative,164,0.529,2026-09-30,,52,0,30.097669,77.320437
PRJ-1216,PCL-10625,Western Freight Corridor Spur Line 2,Railway & Freight Corridor,Gujarat,Kutch,41.46,75,Low,0.64,0,Pending Disbursal,121,Declaration Published (Sec 19),Under Scrutiny,181,0.78,Partial Possession (30-70%),Moderate,391,0.235,2025-11-26,2025-12-14,18,0,21.806555,70.521981
PRJ-1019,PCL-10626,Karnataka Green Express Corridor Phase 4,Highway / Expressway,Karnataka,Kalaburagi,25.09,25,Medium,0.39,0,Partially Disbursed,63,Award Declared (Sec 23),Conditional Clearance,197,0.42,Full Possession,Hostile / Legal Injunction,143,0.324,2024-07-20,2025-06-20,335,1,14.244643,74.776442
PRJ-1116,PCL-10627,Coimbatore Lift Irrigation Main Canal Reach 4,Irrigation / Water Canal,Tamil Nadu,Coimbatore,49.62,36,High,0.71,1,Partially Disbursed,80,Notification Pending,Under Scrutiny,121,0.42,Partial Possession (30-70%),Hostile / Legal Injunction,244,0.261,2024-07-16,2025-10-30,471,1,11.761146,78.387698
PRJ-1010,PCL-10628,Madhya Pradesh Inter-River Linking Canal Sector 1,Irrigation / Water Canal,Madhya Pradesh,Indore,46.13,79,Medium,0.69,0,Fully Disbursed,0,Possession Taken (Sec 38),Approved,73,0.67,Substantial Possession (>70%),High / Cooperative,98,0.43,2023-03-14,2023-04-09,26,0,24.480982,75.383699
PRJ-1181,PCL-10629,Command Area Distribution Network 2,Irrigation / Water Canal,Odisha,Angul,210.98,161,Medium,0.73,0,Partially Disbursed,167,Notification Pending,Approved,94,0.45,Partial Possession (30-70%),Moderate,231,0.404,2026-03-29,,0,0,20.053479,85.228617
PRJ-1030,PCL-10630,Rajasthan Integrated Industrial Township 5,Industrial Corridor / SEZ,Rajasthan,Udaipur,100.64,96,Low,0.73,0,Fully Disbursed,0,Award Declared (Sec 23),Approved,84,0.69,Substantial Possession (>70%),High / Cooperative,323,0.618,2023-11-18,2024-01-21,64,0,24.387091,71.797624
PRJ-1040,PCL-10631,DMIC Special Investment Region Node 1,Industrial Corridor / SEZ,Tamil Nadu,Madurai,18.4,6,Medium,0.54,0,Pending Disbursal,317,Award Declared (Sec 23),Pending Environmental Clearance,145,0.68,Contested / Encroached,Moderate,89,0.384,2025-05-05,2025-12-18,227,1,9.809685,79.958947
PRJ-1137,PCL-10632,Bharatmala Economic Highway Ring 2,Highway / Expressway,Haryana,Faridabad,18.41,20,Low,0.77,0,Partially Disbursed,50,Declaration Published (Sec 19),Pending Environmental Clearance,190,0.69,Partial Possession (30-70%),High / Cooperative,186,0.496,2023-09-09,2023-09-19,10,0,28.815261,76.578696
PRJ-1157,PCL-10633,Industrial Rail Siding Network 1,Railway & Freight Corridor,Odisha,Angul,29.37,29,High,0.8,0,Partially Disbursed,146,Preliminary Notification (Sec 11),Approved,15,0.42,Partial Possession (30-70%),High / Cooperative,231,0.347,2027-01-04,2027-06-01,148,1,21.478963,84.619078
PRJ-1154,PCL-10634,Command Area Distribution Network 2,Irrigation / Water Canal,Maharashtra,Pune,74.35,75,Medium,0.79,0,Fully Disbursed,0,Preliminary Notification (Sec 11),Approved,15,0.67,Substantial Possession (>70%),High / Cooperative,208,0.331,2026-01-19,2026-01-21,2,0,20.448819,73.590757
PRJ-1157,PCL-10635,Industrial Rail Siding Network 1,Railway & Freight Corridor,Odisha,Angul,8.65,25,High,0.61,1,Disputed in Escrow,314,Notification Pending,Approved,66,0.39,Full Possession,Low / Resistant,67,0.498,2027-01-04,2028-01-12,373,1,19.631396,86.11009
PRJ-1219,PCL-10636,Aviation Logistics Runway Package 1,Airport Infrastructure,Haryana,Panipat,44.5,143,High,0.57,0,Pending Disbursal,237,Notification Pending,Under Scrutiny,46,0.75,Initial Stage (<30%),Low / Resistant,205,0.54,2023-09-03,2024-06-29,300,1,29.92827,77.314276
PRJ-1134,PCL-10637,Tamil Nadu Inter-River Linking Canal Sector 2,Irrigation / Water Canal,Tamil Nadu,Kanchipuram,91.41,152,Very High,0.58,1,Disputed in Escrow,320,Preliminary Notification (Sec 11),Resubmission Required,146,0.85,Contested / Encroached,High / Cooperative,116,0.435,2026-05-04,2027-02-23,295,1,10.102666,78.232002
PRJ-1020,PCL-10638,Wind-Solar Hybrid Energy Grid 5,Renewable / Solar Park,Madhya Pradesh,Indore,40.02,57,High,0.69,1,Partially Disbursed,175,Award Declared (Sec 23),Conditional Clearance,224,0.54,Contested / Encroached,Hostile / Legal Injunction,287,0.342,2025-08-31,,549,1,24.758408,77.364847
PRJ-1005,PCL-10639,Ahmedabad Multi-Modal Logistics Park 3,Industrial Corridor / SEZ,Gujarat,Ahmedabad,19.4,13,High,0.49,1,Disputed in Escrow,321,Notification Pending,Under Scrutiny,113,0.42,Contested / Encroached,Moderate,260,0.577,2025-05-08,2026-05-18,375,1,22.402675,73.299896
PRJ-1142,PCL-10640,Madhya Pradesh Integrated Industrial Township 1,Industrial Corridor / SEZ,Madhya Pradesh,Gwalior,45.47,38,Low,0.43,1,Partially Disbursed,39,Declaration Published (Sec 19),Under Scrutiny,161,0.89,Contested / Encroached,Hostile / Legal Injunction,230,0.546,2027-06-16,,411,1,23.19198,78.217545
PRJ-1117,PCL-10641,NH-57 Four-Laning Bypass Section 1,Highway / Expressway,Tamil Nadu,Kanchipuram,90.24,89,Low,0.66,0,Fully Disbursed,0,Preliminary Notification (Sec 11),Under Scrutiny,105,0.8,Full Possession,Moderate,300,0.421,2024-11-09,2025-03-24,135,1,9.756764,79.265104
PRJ-1040,PCL-10642,DMIC Special Investment Region Node 1,Industrial Corridor / SEZ,Tamil Nadu,Madurai,27.16,35,High,0.63,0,Pending Disbursal,163,Preliminary Notification (Sec 11),Approved,93,0.33,Partial Possession (30-70%),Moderate,173,0.543,2025-05-05,2026-04-15,345,1,10.355728,78.059946
PRJ-1192,PCL-10643,Karnataka Clean Energy Hub Sector 1,Renewable / Solar Park,Karnataka,Mysuru,20.39,22,Low,0.83,0,Pending Disbursal,103,Preliminary Notification (Sec 11),Under Scrutiny,250,0.53,Partial Possession (30-70%),High / Cooperative,115,0.56,2025-06-18,2025-07-02,14,0,14.856357,77.665204
PRJ-1177,PCL-10644,Command Area Distribution Network 5,Irrigation / Water Canal,Andhra Pradesh,Krishna,13.98,13,Medium,0.69,0,Partially Disbursed,49,Declaration Published (Sec 19),Under Scrutiny,169,0.33,Contested / Encroached,High / Cooperative,185,0.308,2025-09-30,2025-11-20,51,0,18.185735,79.906314
PRJ-1063,PCL-10645,Western Freight Corridor Spur Line 2,Railway & Freight Corridor,Uttar Pradesh,Varanasi,28.99,13,Medium,0.92,0,Fully Disbursed,0,Notification Pending,Approved,104,0.54,Full Possession,Moderate,225,0.194,2023-06-17,2023-10-17,122,1,27.931823,80.899885
PRJ-1186,PCL-10646,Surat Cargo Terminal Expansion 3,Airport Infrastructure,Gujarat,Surat,20.66,70,Medium,0.54,0,Fully Disbursed,0,Preliminary Notification (Sec 11),Approved,129,0.56,Substantial Possession (>70%),High / Cooperative,203,0.205,2026-06-10,2026-08-01,52,0,21.719583,70.435192
PRJ-1118,PCL-10647,Karnataka Integrated Industrial Township 2,Industrial Corridor / SEZ,Karnataka,Kalaburagi,10.51,6,High,0.87,0,Partially Disbursed,134,Notification Pending,Under Scrutiny,170,0.72,Substantial Possession (>70%),High / Cooperative,66,0.319,2024-03-17,2024-03-17,0,0,14.749943,75.890321
PRJ-1175,PCL-10648,Wind-Solar Hybrid Energy Grid 5,Renewable / Solar Park,Odisha,Angul,7.43,2,Very High,0.39,1,Disputed in Escrow,640,Declaration Published (Sec 19),Pending Environmental Clearance,208,0.36,Full Possession,Low / Resistant,357,0.529,2025-12-29,2027-05-10,497,1,20.365995,84.270066
PRJ-1241,PCL-10649,Western Freight Corridor Spur Line 3,Railway & Freight Corridor,Madhya Pradesh,Gwalior,9.55,2,Medium,0.84,0,Fully Disbursed,0,Notification Pending,Pending Environmental Clearance,151,0.53,Initial Stage (<30%),Moderate,273,0.184,2026-06-08,2026-09-07,91,1,25.318558,75.858947
PRJ-1124,PCL-10650,Industrial Rail Siding Network 2,Railway & Freight Corridor,Haryana,Panipat,33.45,70,High,0.56,1,Disputed in Escrow,203,Preliminary Notification (Sec 11),Conditional Clearance,139,0.48,Partial Possession (30-70%),Low / Resistant,56,0.248,2026-09-30,2027-11-24,420,1,29.75876,75.776156
PRJ-1231,PCL-10651,Suburban Commuter Rapid Transit Line 2,Urban Metro / Transit,Andhra Pradesh,Guntur,59.93,214,High,0.79,1,Pending Disbursal,350,Preliminary Notification (Sec 11),Approved,54,0.84,Full Possession,Low / Resistant,221,0.386,2025-10-18,2026-10-30,377,1,17.309069,80.184882
PRJ-1233,PCL-10652,Suburban Commuter Rapid Transit Line 2,Urban Metro / Transit,Uttar Pradesh,Noida,56.2,156,High,0.49,1,Pending Disbursal,264,Preliminary Notification (Sec 11),Under Scrutiny,211,0.69,Contested / Encroached,Hostile / Legal Injunction,355,0.429,2026-03-13,2027-11-18,615,1,26.339874,80.41837
PRJ-1219,PCL-10653,Aviation Logistics Runway Package 1,Airport Infrastructure,Haryana,Panipat,385.29,1396,Very High,0.73,0,Pending Disbursal,197,Possession Taken (Sec 38),Under Scrutiny,133,0.89,Substantial Possession (>70%),High / Cooperative,204,0.548,2023-09-03,2024-02-09,159,1,28.734617,76.279729
PRJ-1051,PCL-10654,Wind-Solar Hybrid Energy Grid 1,Renewable / Solar Park,Andhra Pradesh,Kurnool,8.27,2,Medium,0.95,0,Pending Disbursal,222,Notification Pending,Conditional Clearance,194,0.64,Contested / Encroached,High / Cooperative,138,0.782,2025-10-13,,9,0,15.578321,78.861403
PRJ-1106,PCL-10655,Madhya Pradesh Green Express Corridor Phase 1,Highway / Expressway,Madhya Pradesh,Jabalpur,132.08,104,Medium,0.71,0,Partially Disbursed,79,Preliminary Notification (Sec 11),Under Scrutiny,184,0.71,Partial Possession (30-70%),High / Cooperative,185,0.509,2023-05-03,2023-11-22,203,1,24.479519,78.305668
PRJ-1145,PCL-10656,Urban Flyover & Transit Hub 4,Urban Metro / Transit,Tamil Nadu,Tiruchirappalli,58.16,213,High,0.92,1,Partially Disbursed,60,Possession Taken (Sec 38),Pending Environmental Clearance,105,0.63,Initial Stage (<30%),Hostile / Legal Injunction,345,0.635,2024-06-07,2025-08-03,422,1,12.75214,78.820612
PRJ-1071,PCL-10657,Maharashtra Dedicated High-Speed Rail Segment 1,Railway & Freight Corridor,Maharashtra,Pune,46.83,25,Medium,0.54,0,Partially Disbursed,113,Declaration Published (Sec 19),Under Scrutiny,154,0.81,Full Possession,High / Cooperative,216,0.376,2024-08-01,2024-09-15,45,0,20.929924,77.732456
PRJ-1038,PCL-10658,Command Area Distribution Network 3,Irrigation / Water Canal,Madhya Pradesh,Bhopal,11.61,3,Medium,0.66,0,Fully Disbursed,0,Notification Pending,Under Scrutiny,134,0.4,Initial Stage (<30%),Low / Resistant,285,0.396,2023-08-21,2024-03-06,198,1,25.159963,77.064784
PRJ-1005,PCL-10659,Ahmedabad Multi-Modal Logistics Park 3,Industrial Corridor / SEZ,Gujarat,Ahmedabad,31.4,39,Low,0.68,0,Partially Disbursed,77,Possession Taken (Sec 38),Approved,15,0.62,Full Possession,High / Cooperative,217,0.661,2025-05-08,2025-05-26,18,0,21.76315,71.629911
PRJ-1110,PCL-10660,Wind-Solar Hybrid Energy Grid 5,Renewable / Solar Park,Rajasthan,Udaipur,35.31,49,Low,0.85,0,Fully Disbursed,0,Possession Taken (Sec 38),Under Scrutiny,134,0.51,Full Possession,High / Cooperative,122,0.748,2026-01-07,2026-01-07,0,0,24.06407,71.446841
PRJ-1093,PCL-10661,Tamil Nadu Dedicated High-Speed Rail Segment 2,Railway & Freight Corridor,Tamil Nadu,Kanchipuram,5.39,2,Medium,0.34,1,Pending Disbursal,336,Award Declared (Sec 23),Approved,16,0.38,Substantial Possession (>70%),Low / Resistant,258,0.322,2023-04-23,2024-08-09,474,1,12.534825,79.656145
PRJ-1148,PCL-10662,NH-67 Four-Laning Bypass Section 1,Highway / Expressway,Gujarat,Ahmedabad,42.4,53,Medium,0.65,0,Partially Disbursed,118,Possession Taken (Sec 38),Conditional Clearance,134,0.83,Partial Possession (30-70%),High / Cooperative,131,0.254,2025-04-24,2025-06-21,58,0,22.266823,71.017561
PRJ-1251,PCL-10663,Rajasthan Dedicated High-Speed Rail Segment 3,Railway & Freight Corridor,Rajasthan,Udaipur,72.8,57,Low,0.72,0,Fully Disbursed,0,Notification Pending,Conditional Clearance,101,0.97,Full Possession,High / Cooperative,139,0.667,2026-05-18,2026-07-09,52,0,26.694659,75.104609
PRJ-1227,PCL-10664,Industrial Rail Siding Network 3,Railway & Freight Corridor,Rajasthan,Jodhpur,45.48,26,Medium,0.9,0,Fully Disbursed,0,Possession Taken (Sec 38),Approved,60,0.12,Substantial Possession (>70%),High / Cooperative,213,0.52,2024-01-17,2024-04-17,91,1,25.920877,72.588126
PRJ-1106,PCL-10665,Madhya Pradesh Green Express Corridor Phase 1,Highway / Expressway,Madhya Pradesh,Jabalpur,19.48,26,Medium,0.91,0,Pending Disbursal,100,Possession Taken (Sec 38),Approved,73,0.47,Partial Possession (30-70%),High / Cooperative,426,0.247,2023-05-03,2023-05-17,14,0,25.480029,75.75602
PRJ-1033,PCL-10666,Bharatmala Economic Highway Ring 2,Highway / Expressway,Karnataka,Dharwad,10.37,8,Low,0.49,0,Pending Disbursal,207,Award Declared (Sec 23),Conditional Clearance,136,0.84,Contested / Encroached,High / Cooperative,429,0.777,2023-12-06,2024-05-31,177,1,15.759165,76.209677
PRJ-1111,PCL-10667,Kalaburagi Multi-Modal Logistics Park 4,Industrial Corridor / SEZ,Karnataka,Kalaburagi,20.3,20,High,0.51,1,Pending Disbursal,338,Preliminary Notification (Sec 11),Approved,66,0.49,Partial Possession (30-70%),Low / Resistant,114,0.609,2026-12-07,2028-04-16,496,1,15.259461,75.345852
PRJ-1127,PCL-10668,Suburban Commuter Rapid Transit Line 2,Urban Metro / Transit,Andhra Pradesh,Kurnool,70.77,271,High,0.86,0,Pending Disbursal,133,Preliminary Notification (Sec 11),Approved,58,0.34,Partial Possession (30-70%),Moderate,30,0.85,2026-05-05,2027-02-14,285,1,14.198623,81.724585
PRJ-1008,PCL-10669,Western Freight Corridor Spur Line 3,Railway & Freight Corridor,Rajasthan,Udaipur,74.74,136,Low,0.66,0,Pending Disbursal,249,Award Declared (Sec 23),Approved,56,0.75,Contested / Encroached,Moderate,267,0.367,2026-10-15,2027-05-03,200,1,27.317669,74.246018
PRJ-1052,PCL-10670,Angul Metro Rail Extension Corridor 2,Urban Metro / Transit,Odisha,Angul,25.29,74,Low,0.85,0,Partially Disbursed,153,Award Declared (Sec 23),Pending Environmental Clearance,217,0.72,Substantial Possession (>70%),High / Cooperative,62,0.569,2026-05-21,,56,0,20.237102,85.821337
PRJ-1255,PCL-10671,NH-50 Four-Laning Bypass Section 3,Highway / Expressway,Haryana,Hisar,62.32,108,Medium,0.97,0,Fully Disbursed,0,Declaration Published (Sec 19),Approved,20,0.66,Substantial Possession (>70%),High / Cooperative,197,0.461,2024-02-23,2024-05-30,97,1,29.796138,77.357769
PRJ-1160,PCL-10672,Rajasthan Dedicated High-Speed Rail Segment 4,Railway & Freight Corridor,Rajasthan,Kota,13.01,24,Low,0.75,0,Partially Disbursed,93,Preliminary Notification (Sec 11),Approved,51,0.69,Substantial Possession (>70%),High / Cooperative,69,0.458,2025-08-02,2025-08-20,18,0,25.512716,75.827117
PRJ-1120,PCL-10673,Kanchipuram Cargo Terminal Expansion 3,Airport Infrastructure,Tamil Nadu,Kanchipuram,67.96,173,High,0.58,1,Disputed in Escrow,486,Possession Taken (Sec 38),Pending Environmental Clearance,167,0.58,Partial Possession (30-70%),Hostile / Legal Injunction,111,0.63,2024-02-03,2025-08-29,573,1,9.750372,78.579595
PRJ-1251,PCL-10674,Rajasthan Dedicated High-Speed Rail Segment 3,Railway & Freight Corridor,Rajasthan,Udaipur,119.38,178,Medium,0.85,0,Pending Disbursal,131,Preliminary Notification (Sec 11),Approved,73,0.21,Full Possession,Moderate,309,0.683,2026-05-18,,262,1,26.45059,72.896795
PRJ-1063,PCL-10675,Western Freight Corridor Spur Line 2,Railway & Freight Corridor,Uttar Pradesh,Varanasi,39.97,78,Low,0.75,0,Pending Disbursal,339,Declaration Published (Sec 19),Conditional Clearance,128,0.32,Initial Stage (<30%),High / Cooperative,80,0.4,2023-06-17,2023-12-16,182,1,25.61507,80.413047
PRJ-1152,PCL-10676,Urban Flyover & Transit Hub 5,Urban Metro / Transit,Madhya Pradesh,Ujjain,42.2,147,High,0.78,1,Disputed in Escrow,468,Declaration Published (Sec 19),Approved,55,0.61,Initial Stage (<30%),Moderate,322,0.349,2024-10-11,2025-10-21,375,1,22.567366,81.422764
PRJ-1191,PCL-10677,Haryana Green Express Corridor Phase 4,Highway / Expressway,Haryana,Karnal,43.15,68,High,0.48,1,Disputed in Escrow,249,Declaration Published (Sec 19),Under Scrutiny,106,0.37,Contested / Encroached,Hostile / Legal Injunction,313,0.465,2024-06-27,2025-12-21,542,1,29.296511,76.027355
PRJ-1214,PCL-10678,Western Freight Corridor Spur Line 1,Railway & Freight Corridor,Haryana,Gurugram,31.25,62,Low,0.7,0,Fully Disbursed,0,Possession Taken (Sec 38),Approved,83,0.53,Full Possession,Moderate,359,0.547,2026-11-04,,134,1,28.480142,76.443938
PRJ-1180,PCL-10679,Agra Multi-Modal Logistics Park 2,Industrial Corridor / SEZ,Uttar Pradesh,Agra,208.79,226,Low,0.84,0,Pending Disbursal,308,Notification Pending,Conditional Clearance,123,0.69,Partial Possession (30-70%),High / Cooperative,411,0.403,2024-01-28,2024-01-28,0,0,27.213568,82.820053
PRJ-1131,PCL-10680,Bharuch Cargo Terminal Expansion 3,Airport Infrastructure,Gujarat,Bharuch,18.78,44,Medium,0.81,0,Fully Disbursed,0,Notification Pending,Approved,15,0.73,Partial Possession (30-70%),High / Cooperative,137,0.629,2022-04-09,2022-05-07,28,0,22.677226,71.873037
PRJ-1197,PCL-10681,Bharuch Cargo Terminal Expansion 1,Airport Infrastructure,Gujarat,Bharuch,29.12,82,Low,0.58,0,Partially Disbursed,151,Declaration Published (Sec 19),Approved,75,0.48,Partial Possession (30-70%),Moderate,181,0.634,2023-08-18,2023-09-02,15,0,22.007465,72.446706
PRJ-1047,PCL-10682,Karnataka Clean Energy Hub Sector 1,Renewable / Solar Park,Karnataka,Dharwad,11.67,18,Medium,0.9,1,Disputed in Escrow,250,Notification Pending,Conditional Clearance,159,0.69,Partial Possession (30-70%),High / Cooperative,279,0.41,2025-12-30,2026-11-19,324,1,17.104781,76.517756
PRJ-1061,PCL-10683,Kota Ultra Mega Solar Park Unit 3,Renewable / Solar Park,Rajasthan,Kota,51.49,101,Medium,0.78,0,Fully Disbursed,0,Preliminary Notification (Sec 11),Pending Environmental Clearance,140,0.55,Partial Possession (30-70%),High / Cooperative,290,0.282,2026-08-16,2026-08-17,1,0,25.109401,73.370155
PRJ-1143,PCL-10684,Gujarat Inter-River Linking Canal Sector 1,Irrigation / Water Canal,Gujarat,Rajkot,5.0,4,Medium,0.75,0,Partially Disbursed,141,Award Declared (Sec 23),Approved,64,0.54,Initial Stage (<30%),Moderate,148,0.752,2024-12-10,2025-01-21,42,0,23.112908,72.745455
PRJ-1178,PCL-10685,Andhra Pradesh Dedicated High-Speed Rail Segment 3,Railway & Freight Corridor,Andhra Pradesh,Guntur,39.11,54,Very High,0.86,1,Partially Disbursed,32,Declaration Published (Sec 19),Approved,46,0.49,Initial Stage (<30%),Hostile / Legal Injunction,254,0.1,2023-09-10,2024-11-16,433,1,17.255363,79.097522
PRJ-1159,PCL-10686,Nagpur Ultra Mega Solar Park Unit 2,Renewable / Solar Park,Maharashtra,Nagpur,8.59,14,Medium,0.66,0,Partially Disbursed,152,Possession Taken (Sec 38),Approved,66,0.49,Partial Possession (30-70%),High / Cooperative,171,0.571,2024-06-10,2025-01-02,206,1,19.002509,78.880661
PRJ-1030,PCL-10687,Rajasthan Integrated Industrial Township 5,Industrial Corridor / SEZ,Rajasthan,Udaipur,31.13,75,High,0.7,1,Pending Disbursal,332,Notification Pending,Conditional Clearance,238,0.84,Full Possession,Hostile / Legal Injunction,361,0.578,2023-11-18,2025-04-07,506,1,28.323019,75.907622
PRJ-1079,PCL-10688,Haryana Inter-River Linking Canal Sector 3,Irrigation / Water Canal,Haryana,Hisar,22.18,45,Low,0.76,1,Pending Disbursal,121,Award Declared (Sec 23),Approved,108,0.55,Initial Stage (<30%),Moderate,384,0.135,2026-10-18,,28,0,29.743535,75.886125
PRJ-1009,PCL-10689,Kutch Lift Irrigation Main Canal Reach 5,Irrigation / Water Canal,Gujarat,Kutch,92.51,169,Very High,0.86,0,Partially Disbursed,123,Notification Pending,Approved,20,0.47,Partial Possession (30-70%),Moderate,324,0.168,2024-05-15,2024-11-10,179,1,22.014728,72.00676
PRJ-1032,PCL-10690,Madhya Pradesh Dedicated High-Speed Rail Segment 5,Railway & Freight Corridor,Madhya Pradesh,Ujjain,43.04,50,Medium,0.59,0,Fully Disbursed,0,Declaration Published (Sec 19),Under Scrutiny,115,0.91,Substantial Possession (>70%),High / Cooperative,101,0.616,2023-04-30,2023-06-22,53,0,22.335802,80.330304
PRJ-1002,PCL-10691,Suburban Commuter Rapid Transit Line 1,Urban Metro / Transit,Madhya Pradesh,Bhopal,51.38,87,Medium,0.75,0,Pending Disbursal,135,Preliminary Notification (Sec 11),Pending Environmental Clearance,143,0.67,Full Possession,Moderate,339,0.16,2023-09-07,2024-05-26,262,1,23.419124,78.63758
PRJ-1163,PCL-10692,Uttar Pradesh Integrated Industrial Township 3,Industrial Corridor / SEZ,Uttar Pradesh,Agra,14.34,26,High,0.68,0,Fully Disbursed,0,Declaration Published (Sec 19),Approved,35,0.65,Partial Possession (30-70%),Moderate,54,0.61,2026-04-29,2026-06-20,52,0,27.059905,83.265134
PRJ-1068,PCL-10693,Maharashtra Inter-River Linking Canal Sector 2,Irrigation / Water Canal,Maharashtra,Pune,32.84,41,Low,0.76,0,Pending Disbursal,229,Declaration Published (Sec 19),Approved,15,0.81,Partial Possession (30-70%),Moderate,145,0.511,2024-02-01,2024-02-23,22,0,18.950412,75.477587
PRJ-1136,PCL-10694,Jaipur Lift Irrigation Main Canal Reach 5,Irrigation / Water Canal,Rajasthan,Jaipur,84.45,96,High,0.66,0,Partially Disbursed,73,Preliminary Notification (Sec 11),Pending Environmental Clearance,169,0.96,Substantial Possession (>70%),Low / Resistant,212,0.641,2022-10-14,2023-08-08,298,1,24.456613,73.145403
PRJ-1108,PCL-10695,Indore Multi-Modal Logistics Park 5,Industrial Corridor / SEZ,Madhya Pradesh,Indore,14.06,31,Medium,0.77,0,Pending Disbursal,227,Preliminary Notification (Sec 11),Under Scrutiny,162,0.55,Partial Possession (30-70%),High / Cooperative,182,0.337,2024-04-08,2024-08-05,119,1,26.422525,77.826662
PRJ-1134,PCL-10696,Tamil Nadu Inter-River Linking Canal Sector 2,Irrigation / Water Canal,Tamil Nadu,Kanchipuram,18.06,25,Low,0.92,0,Fully Disbursed,0,Possession Taken (Sec 38),Under Scrutiny,132,0.42,Initial Stage (<30%),High / Cooperative,282,0.294,2026-05-04,,20,0,9.656923,77.407424
PRJ-1184,PCL-10697,Faridabad Cargo Terminal Expansion 1,Airport Infrastructure,Haryana,Faridabad,23.72,64,Low,0.67,1,Disputed in Escrow,336,Declaration Published (Sec 19),Under Scrutiny,83,0.84,Substantial Possession (>70%),Moderate,104,0.212,2026-09-01,2027-05-11,252,1,30.13639,75.565007
PRJ-1234,PCL-10698,Madhya Pradesh Integrated Industrial Township 5,Industrial Corridor / SEZ,Madhya Pradesh,Ujjain,24.21,38,Medium,0.82,0,Partially Disbursed,153,Possession Taken (Sec 38),Approved,15,0.79,Contested / Encroached,High / Cooperative,239,0.233,2025-12-16,2026-01-25,40,0,24.661729,79.49479
PRJ-1260,PCL-10699,Aviation Logistics Runway Package 4,Airport Infrastructure,Uttar Pradesh,Noida,61.99,140,Medium,0.82,0,Fully Disbursed,0,Award Declared (Sec 23),Pending Environmental Clearance,162,0.39,Initial Stage (<30%),Moderate,216,0.495,2025-05-02,,58,0,25.416708,80.349829
PRJ-1072,PCL-10700,Western Freight Corridor Spur Line 3,Railway & Freight Corridor,Gujarat,Kutch,51.86,103,Very High,0.76,0,Pending Disbursal,324,Possession Taken (Sec 38),Approved,53,0.51,Full Possession,Moderate,323,0.236,2024-02-14,2025-02-13,365,1,21.426683,70.515847
PRJ-1089,PCL-10701,NH-34 Four-Laning Bypass Section 4,Highway / Expressway,Andhra Pradesh,Krishna,34.47,26,Low,0.93,0,Partially Disbursed,125,Preliminary Notification (Sec 11),Under Scrutiny,163,0.55,Full Possession,High / Cooperative,93,0.354,2022-09-29,2022-09-30,1,0,15.375642,78.443839
PRJ-1202,PCL-10702,Andhra Pradesh Clean Energy Hub Sector 5,Renewable / Solar Park,Andhra Pradesh,Guntur,61.25,100,High,0.82,1,Partially Disbursed,62,Award Declared (Sec 23),Conditional Clearance,142,0.59,Substantial Possession (>70%),Low / Resistant,201,0.203,2024-12-08,2025-12-11,368,1,17.124631,82.522882
PRJ-1218,PCL-10703,Bharatmala Economic Highway Ring 2,Highway / Expressway,Haryana,Hisar,35.19,34,Medium,0.88,1,Disputed in Escrow,271,Declaration Published (Sec 19),Approved,58,0.6,Partial Possession (30-70%),Hostile / Legal Injunction,75,0.395,2024-12-20,2026-02-26,433,1,29.482653,76.564819
PRJ-1204,PCL-10704,Gujarat Inter-River Linking Canal Sector 3,Irrigation / Water Canal,Gujarat,Bharuch,32.98,31,Low,0.96,0,Fully Disbursed,0,Declaration Published (Sec 19),Approved,15,0.74,Full Possession,High / Cooperative,101,0.511,2024-09-18,2024-10-25,37,0,23.702299,71.89054
PRJ-1247,PCL-10705,Jodhpur Cargo Terminal Expansion 3,Airport Infrastructure,Rajasthan,Jodhpur,22.02,49,Low,0.67,0,Partially Disbursed,51,Award Declared (Sec 23),Under Scrutiny,92,0.88,Full Possession,Moderate,94,0.306,2023-10-01,2023-10-06,5,0,24.203237,76.705225
PRJ-1007,PCL-10706,Ahmedabad Lift Irrigation Main Canal Reach 3,Irrigation / Water Canal,Gujarat,Ahmedabad,31.77,47,Medium,0.54,0,Partially Disbursed,138,Preliminary Notification (Sec 11),Approved,15,0.28,Full Possession,High / Cooperative,337,0.848,2023-11-24,2024-07-30,249,1,21.516563,69.616454
PRJ-1231,PCL-10707,Suburban Commuter Rapid Transit Line 2,Urban Metro / Transit,Andhra Pradesh,Guntur,42.32,147,High,0.91,1,Partially Disbursed,138,Notification Pending,Conditional Clearance,134,0.77,Contested / Encroached,Hostile / Legal Injunction,308,0.089,2025-10-18,,428,1,16.259071,81.876917
PRJ-1133,PCL-10708,Urban Flyover & Transit Hub 2,Urban Metro / Transit,Madhya Pradesh,Jabalpur,35.21,125,Medium,0.52,0,Fully Disbursed,0,Possession Taken (Sec 38),Under Scrutiny,143,0.61,Full Possession,High / Cooperative,204,0.379,2023-10-11,2023-11-03,23,0,22.919497,80.252145
PRJ-1190,PCL-10709,NH-58 Four-Laning Bypass Section 2,Highway / Expressway,Madhya Pradesh,Jabalpur,82.49,75,High,0.84,1,Pending Disbursal,98,Possession Taken (Sec 38),Approved,84,0.41,Initial Stage (<30%),Low / Resistant,353,0.267,2023-03-13,2024-07-18,493,1,23.160238,77.209755
PRJ-1183,PCL-10710,Udaipur Cargo Terminal Expansion 5,Airport Infrastructure,Rajasthan,Udaipur,33.77,79,Low,0.94,0,Fully Disbursed,0,Possession Taken (Sec 38),Approved,36,0.63,Full Possession,Moderate,355,0.262,2025-10-17,2025-11-25,39,0,27.270379,74.184484
PRJ-1125,PCL-10711,Bharatmala Economic Highway Ring 1,Highway / Expressway,Uttar Pradesh,Prayagraj,51.59,92,High,0.64,1,Pending Disbursal,109,Declaration Published (Sec 19),Under Scrutiny,169,0.84,Contested / Encroached,Low / Resistant,289,0.701,2026-01-26,,409,1,28.173835,82.929335
PRJ-1041,PCL-10712,Andhra Pradesh Inter-River Linking Canal Sector 2,Irrigation / Water Canal,Andhra Pradesh,Krishna,99.27,109,Medium,0.66,0,Partially Disbursed,50,Possession Taken (Sec 38),Resubmission Required,116,0.41,Partial Possession (30-70%),High / Cooperative,286,0.373,2025-12-24,2026-05-10,137,1,15.5362,81.170031
PRJ-1125,PCL-10713,Bharatmala Economic Highway Ring 1,Highway / Expressway,Uttar Pradesh,Prayagraj,9.41,4,Low,0.59,1,Disputed in Escrow,275,Award Declared (Sec 23),Under Scrutiny,93,0.82,Full Possession,Low / Resistant,193,0.5,2026-01-26,,393,1,27.410474,78.313689
PRJ-1146,PCL-10714,Dharwad Multi-Modal Logistics Park 4,Industrial Corridor / SEZ,Karnataka,Dharwad,37.48,29,Medium,0.55,0,Partially Disbursed,111,Preliminary Notification (Sec 11),Approved,78,0.95,Full Possession,High / Cooperative,240,0.434,2025-10-19,,28,0,13.886129,75.852985
PRJ-1148,PCL-10715,NH-67 Four-Laning Bypass Section 1,Highway / Expressway,Gujarat,Ahmedabad,36.91,45,Medium,0.75,0,Partially Disbursed,172,Preliminary Notification (Sec 11),Approved,84,0.62,Full Possession,Moderate,154,0.614,2025-04-24,,54,0,23.161676,71.730991
PRJ-1256,PCL-10716,Tamil Nadu Integrated Industrial Township 5,Industrial Corridor / SEZ,Tamil Nadu,Coimbatore,49.75,64,Low,0.58,0,Pending Disbursal,339,Notification Pending,Resubmission Required,138,0.82,Substantial Possession (>70%),High / Cooperative,320,0.291,2023-11-21,2023-11-24,3,0,10.266167,79.212949
PRJ-1190,PCL-10717,NH-58 Four-Laning Bypass Section 2,Highway / Expressway,Madhya Pradesh,Jabalpur,13.35,20,Medium,0.45,0,Partially Disbursed,174,Possession Taken (Sec 38),Approved,33,0.53,Partial Possession (30-70%),High / Cooperative,271,0.575,2023-03-13,2023-04-05,23,0,23.387744,79.855488
PRJ-1146,PCL-10718,Dharwad Multi-Modal Logistics Park 4,Industrial Corridor / SEZ,Karnataka,Dharwad,108.09,110,High,0.92,0,Pending Disbursal,139,Possession Taken (Sec 38),Approved,129,0.24,Contested / Encroached,High / Cooperative,135,0.262,2025-10-19,,50,0,15.276553,76.120422
PRJ-1082,PCL-10719,Kota Greenfield International Airport Phase 1,Airport Infrastructure,Rajasthan,Kota,76.61,334,High,0.94,1,Disputed in Escrow,322,Award Declared (Sec 23),Conditional Clearance,194,0.38,Initial Stage (<30%),Moderate,277,0.297,2024-03-28,2025-04-23,391,1,27.424248,76.857858
PRJ-1163,PCL-10720,Uttar Pradesh Integrated Industrial Township 3,Industrial Corridor / SEZ,Uttar Pradesh,Agra,25.38,27,Medium,0.48,0,Pending Disbursal,170,Declaration Published (Sec 19),Approved,66,0.78,Full Possession,Moderate,142,0.603,2026-04-29,2026-04-29,0,0,26.757836,80.925545
PRJ-1089,PCL-10721,NH-34 Four-Laning Bypass Section 4,Highway / Expressway,Andhra Pradesh,Krishna,59.23,68,Medium,0.58,0,Fully Disbursed,0,Declaration Published (Sec 19),Approved,15,0.38,Substantial Possession (>70%),High / Cooperative,180,0.726,2022-09-29,2022-11-23,55,0,17.056748,78.531783
PRJ-1210,PCL-10722,Aviation Logistics Runway Package 3,Airport Infrastructure,Rajasthan,Jaipur,9.91,18,Medium,0.96,0,Fully Disbursed,0,Notification Pending,Pending Environmental Clearance,261,0.56,Partial Possession (30-70%),High / Cooperative,255,0.783,2023-07-12,2023-09-18,68,0,28.210152,72.96762
PRJ-1099,PCL-10723,Bharatmala Economic Highway Ring 3,Highway / Expressway,Haryana,Hisar,138.21,151,Very High,0.78,0,Pending Disbursal,255,Declaration Published (Sec 19),Approved,103,0.36,Contested / Encroached,Moderate,172,0.405,2023-08-29,2024-09-05,373,1,30.090742,75.856621
PRJ-1237,PCL-10724,Aviation Logistics Runway Package 2,Airport Infrastructure,Odisha,Sundargarh,40.49,110,Low,0.81,0,Partially Disbursed,114,Declaration Published (Sec 19),Approved,15,0.72,Partial Possession (30-70%),High / Cooperative,276,0.297,2023-06-26,2023-10-25,121,1,20.743902,85.895912
PRJ-1017,PCL-10725,Madurai Metro Rail Extension Corridor 2,Urban Metro / Transit,Tamil Nadu,Madurai,33.71,99,Medium,0.89,0,Pending Disbursal,365,Preliminary Notification (Sec 11),Conditional Clearance,226,0.45,Initial Stage (<30%),High / Cooperative,255,0.265,2025-03-21,2025-04-20,30,0,11.86888,78.309675
PRJ-1225,PCL-10726,Sundargarh Greenfield International Airport Phase 3,Airport Infrastructure,Odisha,Sundargarh,11.37,13,Medium,0.61,0,Fully Disbursed,0,Notification Pending,Under Scrutiny,195,0.95,Substantial Possession (>70%),Moderate,237,0.462,2024-10-04,,41,0,20.8001,86.010286
PRJ-1135,PCL-10727,Wind-Solar Hybrid Energy Grid 3,Renewable / Solar Park,Gujarat,Bharuch,21.38,28,Medium,0.77,0,Fully Disbursed,0,Declaration Published (Sec 19),Conditional Clearance,169,0.8,Full Possession,High / Cooperative,239,0.79,2025-09-09,2025-12-26,108,1,23.248027,71.601173
PRJ-1038,PCL-10728,Command Area Distribution Network 3,Irrigation / Water Canal,Madhya Pradesh,Bhopal,22.3,26,High,0.9,0,Fully Disbursed,0,Possession Taken (Sec 38),Under Scrutiny,139,0.79,Substantial Possession (>70%),Moderate,104,0.318,2023-08-21,2023-09-22,32,0,24.066265,79.58813
PRJ-1072,PCL-10729,Western Freight Corridor Spur Line 3,Railway & Freight Corridor,Gujarat,Kutch,14.3,15,Medium,0.65,0,Pending Disbursal,171,Notification Pending,Under Scrutiny,135,0.52,Substantial Possession (>70%),High / Cooperative,133,0.112,2024-02-14,2024-03-22,37,0,21.47927,70.319094
PRJ-1151,PCL-10730,Wind-Solar Hybrid Energy Grid 3,Renewable / Solar Park,Karnataka,Bengaluru Rural,8.45,2,Medium,0.8,1,Partially Disbursed,84,Notification Pending,Approved,21,0.4,Initial Stage (<30%),Low / Resistant,253,0.203,2025-12-20,2027-02-08,415,1,13.306762,77.126636
PRJ-1208,PCL-10731,Rajasthan Integrated Industrial Township 1,Industrial Corridor / SEZ,Rajasthan,Alwar,16.93,42,Medium,0.79,0,Partially Disbursed,126,Possession Taken (Sec 38),Under Scrutiny,90,0.66,Initial Stage (<30%),Moderate,224,0.384,2025-07-21,2026-01-17,180,1,26.148687,76.360024
PRJ-1195,PCL-10732,Visakhapatnam Ultra Mega Solar Park Unit 1,Renewable / Solar Park,Andhra Pradesh,Visakhapatnam,36.07,46,Low,0.56,0,Partially Disbursed,60,Declaration Published (Sec 19),Approved,50,0.32,Substantial Possession (>70%),High / Cooperative,188,0.39,2025-02-24,2025-04-14,49,0,14.112623,82.690046
PRJ-1117,PCL-10733,NH-57 Four-Laning Bypass Section 1,Highway / Expressway,Tamil Nadu,Kanchipuram,30.07,10,Medium,0.61,0,Fully Disbursed,0,Notification Pending,Conditional Clearance,155,0.3,Substantial Possession (>70%),Low / Resistant,340,0.55,2024-11-09,2025-10-14,339,1,12.070685,78.177037
PRJ-1229,PCL-10734,NH-92 Four-Laning Bypass Section 1,Highway / Expressway,Odisha,Angul,44.71,58,Medium,0.93,0,Fully Disbursed,0,Possession Taken (Sec 38),Approved,15,0.18,Contested / Encroached,Moderate,218,0.499,2024-04-08,2024-08-12,126,1,21.023426,84.719524
PRJ-1143,PCL-10735,Gujarat Inter-River Linking Canal Sector 1,Irrigation / Water Canal,Gujarat,Rajkot,90.23,159,Low,0.73,0,Fully Disbursed,0,Declaration Published (Sec 19),Approved,53,0.56,Partial Possession (30-70%),Low / Resistant,275,0.423,2024-12-10,,159,1,21.314942,69.886062
PRJ-1027,PCL-10736,Jodhpur Multi-Modal Logistics Park 3,Industrial Corridor / SEZ,Rajasthan,Jodhpur,21.89,24,Low,0.52,1,Pending Disbursal,200,Notification Pending,Under Scrutiny,198,0.67,Initial Stage (<30%),High / Cooperative,231,0.551,2024-08-31,2025-05-04,246,1,25.452977,74.790044
PRJ-1058,PCL-10737,Prayagraj Lift Irrigation Main Canal Reach 1,Irrigation / Water Canal,Uttar Pradesh,Prayagraj,35.25,55,Medium,0.54,0,Disputed in Escrow,308,Possession Taken (Sec 38),Under Scrutiny,151,0.69,Initial Stage (<30%),Moderate,280,0.712,2025-03-07,2025-10-21,228,1,27.497937,80.440266
PRJ-1146,PCL-10738,Dharwad Multi-Modal Logistics Park 4,Industrial Corridor / SEZ,Karnataka,Dharwad,6.86,3,Low,0.74,0,Fully Disbursed,0,Possession Taken (Sec 38),Approved,91,0.44,Partial Possession (30-70%),High / Cooperative,212,0.446,2025-10-19,,36,0,17.212035,75.508839
PRJ-1241,PCL-10739,Western Freight Corridor Spur Line 3,Railway & Freight Corridor,Madhya Pradesh,Gwalior,60.83,109,Medium,0.86,0,Fully Disbursed,0,Notification Pending,Conditional Clearance,171,0.58,Full Possession,High / Cooperative,158,0.424,2026-06-08,,96,1,24.231467,76.194289
PRJ-1158,PCL-10740,Urban Flyover & Transit Hub 3,Urban Metro / Transit,Haryana,Karnal,28.73,75,Low,0.92,0,Partially Disbursed,69,Award Declared (Sec 23),Approved,16,0.65,Partial Possession (30-70%),High / Cooperative,253,0.465,2023-09-14,2023-09-28,14,0,29.254271,76.15803
PRJ-1081,PCL-10741,Industrial Rail Siding Network 4,Railway & Freight Corridor,Karnataka,Bengaluru Rural,122.14,233,Very High,0.9,0,Partially Disbursed,98,Declaration Published (Sec 19),Pending Environmental Clearance,172,0.61,Substantial Possession (>70%),Low / Resistant,30,0.581,2025-10-07,2026-07-28,294,1,15.539604,75.052825
PRJ-1075,PCL-10742,Wind-Solar Hybrid Energy Grid 4,Renewable / Solar Park,Haryana,Gurugram,39.84,64,Low,0.59,0,Partially Disbursed,31,Possession Taken (Sec 38),Approved,64,0.37,Substantial Possession (>70%),High / Cooperative,51,0.36,2023-09-05,2023-10-12,37,0,28.784958,76.930748
PRJ-1072,PCL-10743,Western Freight Corridor Spur Line 3,Railway & Freight Corridor,Gujarat,Kutch,71.32,38,Medium,0.74,0,Fully Disbursed,0,Award Declared (Sec 23),Approved,146,0.65,Substantial Possession (>70%),High / Cooperative,124,0.452,2024-02-14,2024-03-30,45,0,23.877459,72.425014
PRJ-1103,PCL-10744,Command Area Distribution Network 4,Irrigation / Water Canal,Madhya Pradesh,Bhopal,41.01,48,Low,0.73,0,Partially Disbursed,150,Preliminary Notification (Sec 11),Conditional Clearance,157,0.47,Substantial Possession (>70%),High / Cooperative,233,0.279,2023-04-22,2023-04-28,6,0,25.558888,79.002357
PRJ-1250,PCL-10745,Andhra Pradesh Integrated Industrial Township 5,Industrial Corridor / SEZ,Andhra Pradesh,Guntur,73.32,102,Low,0.6,0,Partially Disbursed,142,Award Declared (Sec 23),Approved,15,0.58,Full Possession,High / Cooperative,204,0.732,2026-08-26,2026-11-11,77,0,15.149323,82.885953
PRJ-1212,PCL-10746,NH-93 Four-Laning Bypass Section 5,Highway / Expressway,Karnataka,Dharwad,10.04,15,Medium,0.63,0,Fully Disbursed,0,Notification Pending,Conditional Clearance,129,0.73,Full Possession,Moderate,269,0.331,2026-03-12,2026-11-02,235,1,16.589122,77.346642
PRJ-1012,PCL-10747,Uttar Pradesh Dedicated High-Speed Rail Segment 5,Railway & Freight Corridor,Uttar Pradesh,Noida,191.28,342,High,0.94,0,Fully Disbursed,0,Possession Taken (Sec 38),Conditional Clearance,146,0.49,Full Possession,Low / Resistant,239,0.606,2026-03-01,,204,1,25.52759,82.207492
PRJ-1186,PCL-10748,Surat Cargo Terminal Expansion 3,Airport Infrastructure,Gujarat,Surat,37.03,128,Low,0.83,1,Partially Disbursed,135,Possession Taken (Sec 38),Approved,85,0.54,Initial Stage (<30%),Moderate,229,0.471,2026-06-10,2027-04-06,300,1,22.015735,72.031743
PRJ-1192,PCL-10749,Karnataka Clean Energy Hub Sector 1,Renewable / Solar Park,Karnataka,Mysuru,58.49,32,Medium,0.93,0,Partially Disbursed,177,Award Declared (Sec 23),Under Scrutiny,98,0.27,Partial Possession (30-70%),Moderate,161,0.838,2025-06-18,2025-11-07,142,1,12.629386,75.949062
PRJ-1058,PCL-10750,Prayagraj Lift Irrigation Main Canal Reach 1,Irrigation / Water Canal,Uttar Pradesh,Prayagraj,53.0,99,Low,0.75,0,Disputed in Escrow,564,Preliminary Notification (Sec 11),Conditional Clearance,218,0.57,Partial Possession (30-70%),Low / Resistant,284,0.392,2025-03-07,2025-12-16,284,1,26.857992,82.362391
PRJ-1078,PCL-10751,Salem Greenfield International Airport Phase 1,Airport Infrastructure,Tamil Nadu,Salem,5.0,19,Low,0.47,0,Pending Disbursal,311,Preliminary Notification (Sec 11),Approved,51,0.4,Partial Possession (30-70%),Moderate,59,0.173,2026-08-13,2027-03-13,212,1,11.761509,77.27638
PRJ-1005,PCL-10752,Ahmedabad Multi-Modal Logistics Park 3,Industrial Corridor / SEZ,Gujarat,Ahmedabad,49.62,50,Low,0.86,0,Partially Disbursed,81,Notification Pending,Pending Environmental Clearance,125,0.39,Initial Stage (<30%),Moderate,192,0.378,2025-05-08,2025-05-30,22,0,21.703167,70.929458
PRJ-1097,PCL-10753,NH-71 Four-Laning Bypass Section 3,Highway / Expressway,Tamil Nadu,Tiruchirappalli,126.17,117,Low,0.74,0,Partially Disbursed,168,Award Declared (Sec 23),Resubmission Required,159,0.8,Full Possession,Moderate,314,0.678,2026-02-04,,229,1,12.178173,77.689047
PRJ-1107,PCL-10754,Urban Flyover & Transit Hub 3,Urban Metro / Transit,Rajasthan,Udaipur,44.94,193,Medium,0.87,0,Fully Disbursed,0,Possession Taken (Sec 38),Approved,74,0.32,Initial Stage (<30%),Low / Resistant,46,0.563,2026-11-18,2027-06-29,223,1,24.937486,72.013405
PRJ-1107,PCL-10755,Urban Flyover & Transit Hub 3,Urban Metro / Transit,Rajasthan,Udaipur,9.6,29,Low,0.71,0,Fully Disbursed,0,Declaration Published (Sec 19),Under Scrutiny,182,0.78,Substantial Possession (>70%),High / Cooperative,329,0.136,2026-11-18,,7,0,25.723833,73.686193
PRJ-1108,PCL-10756,Indore Multi-Modal Logistics Park 5,Industrial Corridor / SEZ,Madhya Pradesh,Indore,7.22,14,Medium,0.98,0,Disputed in Escrow,589,Notification Pending,Approved,58,0.75,Partial Possession (30-70%),High / Cooperative,156,0.299,2024-04-08,2024-12-31,267,1,22.579577,78.180294
PRJ-1234,PCL-10757,Madhya Pradesh Integrated Industrial Township 5,Industrial Corridor / SEZ,Madhya Pradesh,Ujjain,34.09,47,Very High,0.4,1,Pending Disbursal,123,Possession Taken (Sec 38),Pending Environmental Clearance,165,0.52,Initial Stage (<30%),High / Cooperative,30,0.201,2025-12-16,2026-08-22,249,1,22.12104,77.482186
PRJ-1200,PCL-10758,Kota Ultra Mega Solar Park Unit 4,Renewable / Solar Park,Rajasthan,Kota,100.03,197,High,0.71,1,Disputed in Escrow,270,Notification Pending,Approved,25,0.42,Initial Stage (<30%),Hostile / Legal Injunction,288,0.51,2024-12-01,2026-02-28,454,1,27.904144,71.143515
PRJ-1020,PCL-10759,Wind-Solar Hybrid Energy Grid 5,Renewable / Solar Park,Madhya Pradesh,Indore,44.94,74,Medium,0.5,0,Fully Disbursed,0,Declaration Published (Sec 19),Approved,83,0.65,Substantial Possession (>70%),High / Cooperative,287,0.354,2025-08-31,2025-11-30,91,1,22.319198,80.185234
PRJ-1093,PCL-10760,Tamil Nadu Dedicated High-Speed Rail Segment 2,Railway & Freight Corridor,Tamil Nadu,Kanchipuram,9.81,10,Low,0.84,0,Fully Disbursed,0,Award Declared (Sec 23),Under Scrutiny,125,0.29,Full Possession,High / Cooperative,254,0.427,2023-04-23,2023-08-31,130,1,10.791231,79.917359
PRJ-1015,PCL-10761,Wind-Solar Hybrid Energy Grid 1,Renewable / Solar Park,Rajasthan,Alwar,15.57,21,High,0.61,1,Pending Disbursal,358,Declaration Published (Sec 19),Approved,27,0.55,Full Possession,High / Cooperative,98,0.41,2025-03-04,,382,1,27.96081,71.251914
PRJ-1034,PCL-10762,Suburban Commuter Rapid Transit Line 3,Urban Metro / Transit,Haryana,Hisar,12.56,61,High,0.61,1,Pending Disbursal,90,Award Declared (Sec 23),Under Scrutiny,183,0.77,Contested / Encroached,Low / Resistant,135,0.318,2025-05-18,2026-05-26,373,1,28.319785,76.45381
PRJ-1188,PCL-10763,Andhra Pradesh Dedicated High-Speed Rail Segment 3,Railway & Freight Corridor,Andhra Pradesh,Krishna,23.65,19,Medium,0.83,0,Fully Disbursed,0,Notification Pending,Approved,35,0.79,Initial Stage (<30%),Moderate,131,0.536,2025-03-19,,126,1,18.260384,81.325317
PRJ-1049,PCL-10764,Odisha Inter-River Linking Canal Sector 4,Irrigation / Water Canal,Odisha,Angul,6.8,8,Low,0.89,0,Fully Disbursed,0,Possession Taken (Sec 38),Under Scrutiny,137,0.4,Substantial Possession (>70%),High / Cooperative,159,0.379,2023-01-29,2023-02-12,14,0,21.414897,84.812209
PRJ-1137,PCL-10765,Bharatmala Economic Highway Ring 2,Highway / Expressway,Haryana,Faridabad,63.73,75,Medium,0.55,0,Fully Disbursed,0,Possession Taken (Sec 38),Under Scrutiny,45,0.87,Partial Possession (30-70%),Moderate,273,0.253,2023-09-09,2023-09-17,8,0,29.873745,75.800243
PRJ-1008,PCL-10766,Western Freight Corridor Spur Line 3,Railway & Freight Corridor,Rajasthan,Udaipur,15.84,39,Low,0.89,0,Partially Disbursed,118,Declaration Published (Sec 19),Under Scrutiny,167,0.5,Partial Possession (30-70%),High / Cooperative,216,0.597,2026-10-15,2027-06-11,239,1,24.679,71.251273
PRJ-1110,PCL-10767,Wind-Solar Hybrid Energy Grid 5,Renewable / Solar Park,Rajasthan,Udaipur,83.31,100,Medium,0.9,0,Fully Disbursed,0,Declaration Published (Sec 19),Approved,42,0.5,Partial Possession (30-70%),Moderate,222,0.311,2026-01-07,2026-03-08,60,0,26.044052,72.600547
PRJ-1050,PCL-10768,Tamil Nadu Inter-River Linking Canal Sector 1,Irrigation / Water Canal,Tamil Nadu,Kanchipuram,24.65,32,Low,0.98,0,Pending Disbursal,154,Preliminary Notification (Sec 11),Approved,15,0.52,Substantial Possession (>70%),High / Cooperative,241,0.539,2023-08-24,2023-11-23,91,1,11.821243,78.111363
PRJ-1152,PCL-10769,Urban Flyover & Transit Hub 5,Urban Metro / Transit,Madhya Pradesh,Ujjain,56.79,167,High,0.74,0,Pending Disbursal,183,Possession Taken (Sec 38),Conditional Clearance,140,0.21,Initial Stage (<30%),Hostile / Legal Injunction,111,0.26,2024-10-11,,400,1,22.605717,77.274795
PRJ-1114,PCL-10770,NH-63 Four-Laning Bypass Section 3,Highway / Expressway,Odisha,Sundargarh,160.46,274,High,0.67,1,Pending Disbursal,114,Notification Pending,Approved,63,0.79,Partial Possession (30-70%),Low / Resistant,239,0.641,2026-10-05,2027-10-31,391,1,21.56737,84.586428
PRJ-1192,PCL-10771,Karnataka Clean Energy Hub Sector 1,Renewable / Solar Park,Karnataka,Mysuru,31.9,41,High,0.91,0,Partially Disbursed,168,Notification Pending,Approved,15,0.67,Full Possession,Moderate,30,0.2,2025-06-18,2025-11-07,142,1,13.327874,76.72727
PRJ-1206,PCL-10772,Haryana Inter-River Linking Canal Sector 3,Irrigation / Water Canal,Haryana,Faridabad,166.56,330,Very High,0.78,1,Disputed in Escrow,180,Preliminary Notification (Sec 11),Approved,77,0.21,Initial Stage (<30%),Low / Resistant,133,0.373,2025-07-08,2026-11-11,491,1,28.761591,77.261818
PRJ-1035,PCL-10773,Uttar Pradesh Inter-River Linking Canal Sector 4,Irrigation / Water Canal,Uttar Pradesh,Prayagraj,9.82,5,High,0.82,1,Disputed in Escrow,304,Possession Taken (Sec 38),Conditional Clearance,172,0.44,Initial Stage (<30%),Low / Resistant,161,0.254,2023-10-13,2024-10-28,381,1,25.251356,80.266028
PRJ-1100,PCL-10774,Industrial Rail Siding Network 4,Railway & Freight Corridor,Rajasthan,Udaipur,64.05,73,High,0.68,1,Disputed in Escrow,479,Declaration Published (Sec 19),Approved,15,0.54,Substantial Possession (>70%),High / Cooperative,194,0.231,2023-10-04,2024-08-14,315,1,25.143723,73.117403
PRJ-1168,PCL-10775,Aviation Logistics Runway Package 3,Airport Infrastructure,Haryana,Panipat,66.98,159,Medium,0.65,0,Partially Disbursed,106,Preliminary Notification (Sec 11),Under Scrutiny,123,0.44,Substantial Possession (>70%),Moderate,100,0.489,2026-05-13,2026-11-25,196,1,28.075846,75.772855
PRJ-1175,PCL-10776,Wind-Solar Hybrid Energy Grid 5,Renewable / Solar Park,Odisha,Angul,10.75,5,High,0.7,0,Fully Disbursed,0,Declaration Published (Sec 19),Pending Environmental Clearance,249,0.25,Partial Possession (30-70%),Moderate,186,0.503,2025-12-29,2026-11-29,335,1,21.825612,86.613617
PRJ-1116,PCL-10777,Coimbatore Lift Irrigation Main Canal Reach 4,Irrigation / Water Canal,Tamil Nadu,Coimbatore,12.25,11,Very High,0.69,1,Disputed in Escrow,433,Possession Taken (Sec 38),Approved,15,0.31,Initial Stage (<30%),Hostile / Legal Injunction,180,0.374,2024-07-16,2026-02-13,577,1,11.327654,77.324576
PRJ-1144,PCL-10778,Urban Flyover & Transit Hub 5,Urban Metro / Transit,Uttar Pradesh,Noida,108.65,448,High,0.9,0,Fully Disbursed,0,Award Declared (Sec 23),Approved,78,0.54,Full Possession,Moderate,254,0.542,2026-01-13,,192,1,27.913905,82.00519
PRJ-1254,PCL-10779,NH-50 Four-Laning Bypass Section 4,Highway / Expressway,Andhra Pradesh,Krishna,36.59,30,Very High,0.69,1,Pending Disbursal,282,Notification Pending,Under Scrutiny,187,0.84,Contested / Encroached,Hostile / Legal Injunction,392,0.582,2026-03-16,2027-10-27,590,1,15.024108,80.175458
PRJ-1051,PCL-10780,Wind-Solar Hybrid Energy Grid 1,Renewable / Solar Park,Andhra Pradesh,Kurnool,18.59,24,Medium,0.86,0,Fully Disbursed,0,Possession Taken (Sec 38),Conditional Clearance,145,0.58,Full Possession,Moderate,120,0.324,2025-10-13,2025-11-18,36,0,16.582752,78.625619
PRJ-1236,PCL-10781,Faridabad Lift Irrigation Main Canal Reach 5,Irrigation / Water Canal,Haryana,Faridabad,21.18,45,High,0.37,1,Disputed in Escrow,193,Declaration Published (Sec 19),Under Scrutiny,127,0.64,Full Possession,Low / Resistant,201,0.396,2025-06-16,,469,1,29.426028,76.543254
PRJ-1212,PCL-10782,NH-93 Four-Laning Bypass Section 5,Highway / Expressway,Karnataka,Dharwad,69.1,122,Low,0.76,0,Pending Disbursal,217,Award Declared (Sec 23),Approved,15,0.81,Full Possession,Moderate,216,0.142,2026-03-12,2026-06-11,91,1,16.479287,76.882984
PRJ-1135,PCL-10783,Wind-Solar Hybrid Energy Grid 3,Renewable / Solar Park,Gujarat,Bharuch,17.64,20,High,0.77,0,Partially Disbursed,74,Possession Taken (Sec 38),Pending Environmental Clearance,138,0.78,Full Possession,Low / Resistant,222,0.323,2025-09-09,2026-04-26,229,1,23.278972,69.756605
PRJ-1117,PCL-10784,NH-57 Four-Laning Bypass Section 1,Highway / Expressway,Tamil Nadu,Kanchipuram,6.8,18,Low,0.73,0,Partially Disbursed,127,Declaration Published (Sec 19),Approved,15,0.52,Partial Possession (30-70%),High / Cooperative,189,0.539,2024-11-09,2025-03-11,122,1,10.626216,77.998089
PRJ-1186,PCL-10785,Surat Cargo Terminal Expansion 3,Airport Infrastructure,Gujarat,Surat,11.53,11,Low,0.26,0,Partially Disbursed,173,Award Declared (Sec 23),Conditional Clearance,130,0.72,Substantial Possession (>70%),Low / Resistant,374,0.499,2026-06-10,2027-07-08,393,1,23.238835,73.270957
PRJ-1102,PCL-10786,NH-60 Four-Laning Bypass Section 1,Highway / Expressway,Odisha,Cuttack,20.75,47,Medium,0.32,1,Pending Disbursal,271,Possession Taken (Sec 38),Approved,15,0.94,Partial Possession (30-70%),Hostile / Legal Injunction,324,0.435,2025-07-21,2026-10-03,439,1,19.792746,85.971497
PRJ-1151,PCL-10787,Wind-Solar Hybrid Energy Grid 3,Renewable / Solar Park,Karnataka,Bengaluru Rural,9.16,6,Low,0.5,0,Fully Disbursed,0,Award Declared (Sec 23),Approved,15,0.72,Full Possession,Moderate,113,0.409,2025-12-20,,27,0,15.555758,77.656385
PRJ-1116,PCL-10788,Coimbatore Lift Irrigation Main Canal Reach 4,Irrigation / Water Canal,Tamil Nadu,Coimbatore,23.26,20,Low,0.67,0,Partially Disbursed,142,Possession Taken (Sec 38),Under Scrutiny,116,0.84,Contested / Encroached,Low / Resistant,356,0.226,2024-07-16,2025-04-25,283,1,11.04721,79.565729
PRJ-1096,PCL-10789,Mysuru Ultra Mega Solar Park Unit 1,Renewable / Solar Park,Karnataka,Mysuru,54.82,89,High,0.91,1,Disputed in Escrow,366,Award Declared (Sec 23),Approved,50,0.6,Partial Possession (30-70%),Hostile / Legal Injunction,271,0.685,2024-12-22,,588,1,16.704733,76.408866
PRJ-1183,PCL-10790,Udaipur Cargo Terminal Expansion 5,Airport Infrastructure,Rajasthan,Udaipur,25.57,66,High,0.81,1,Pending Disbursal,139,Notification Pending,Conditional Clearance,168,0.35,Initial Stage (<30%),Low / Resistant,274,0.41,2025-10-17,2026-12-05,414,1,24.388978,75.139874
PRJ-1117,PCL-10791,NH-57 Four-Laning Bypass Section 1,Highway / Expressway,Tamil Nadu,Kanchipuram,55.07,91,Medium,0.65,1,Pending Disbursal,117,Possession Taken (Sec 38),Under Scrutiny,169,0.59,Initial Stage (<30%),Hostile / Legal Injunction,138,0.384,2024-11-09,2025-09-17,312,1,11.998361,79.27445
PRJ-1088,PCL-10792,Prayagraj Cargo Terminal Expansion 1,Airport Infrastructure,Uttar Pradesh,Prayagraj,17.21,56,High,0.53,1,Partially Disbursed,120,Preliminary Notification (Sec 11),Resubmission Required,198,0.83,Partial Possession (30-70%),Low / Resistant,30,0.346,2025-11-09,2026-10-06,331,1,25.125192,80.471729
PRJ-1015,PCL-10793,Wind-Solar Hybrid Energy Grid 1,Renewable / Solar Park,Rajasthan,Alwar,11.46,9,High,0.49,1,Pending Disbursal,365,Award Declared (Sec 23),Approved,15,0.67,Initial Stage (<30%),Hostile / Legal Injunction,136,0.548,2025-03-04,2026-08-31,545,1,27.189894,73.945778
PRJ-1074,PCL-10794,Command Area Distribution Network 2,Irrigation / Water Canal,Gujarat,Kutch,20.14,25,High,0.66,1,Disputed in Escrow,480,Preliminary Notification (Sec 11),Conditional Clearance,220,0.88,Substantial Possession (>70%),Hostile / Legal Injunction,84,0.714,2025-03-22,2026-10-14,571,1,23.272271,73.362786
PRJ-1083,PCL-10795,Tamil Nadu Clean Energy Hub Sector 5,Renewable / Solar Park,Tamil Nadu,Madurai,43.07,60,High,0.76,1,Pending Disbursal,343,Preliminary Notification (Sec 11),Approved,92,0.61,Substantial Possession (>70%),Moderate,151,0.469,2026-02-06,2027-02-21,380,1,12.040692,77.821279
PRJ-1199,PCL-10796,Belagavi Ultra Mega Solar Park Unit 3,Renewable / Solar Park,Karnataka,Belagavi,18.98,33,High,0.7,1,Partially Disbursed,140,Award Declared (Sec 23),Under Scrutiny,169,0.66,Substantial Possession (>70%),Moderate,246,0.747,2023-07-28,2024-09-07,407,1,16.494078,75.77013
PRJ-1117,PCL-10797,NH-57 Four-Laning Bypass Section 1,Highway / Expressway,Tamil Nadu,Kanchipuram,20.28,12,Medium,0.92,0,Pending Disbursal,121,Notification Pending,Approved,122,0.5,Substantial Possession (>70%),High / Cooperative,201,0.412,2024-11-09,2025-05-11,183,1,10.744082,79.056398
PRJ-1007,PCL-10798,Ahmedabad Lift Irrigation Main Canal Reach 3,Irrigation / Water Canal,Gujarat,Ahmedabad,51.0,47,High,0.49,1,Disputed in Escrow,276,Notification Pending,Under Scrutiny,160,0.38,Initial Stage (<30%),Low / Resistant,201,0.648,2023-11-24,2025-05-12,535,1,21.063517,70.742915
PRJ-1050,PCL-10799,Tamil Nadu Inter-River Linking Canal Sector 1,Irrigation / Water Canal,Tamil Nadu,Kanchipuram,44.7,54,Medium,0.44,0,Pending Disbursal,180,Notification Pending,Approved,90,0.87,Partial Possession (30-70%),Hostile / Legal Injunction,187,0.351,2023-08-24,2024-06-23,304,1,12.51513,79.879105
PRJ-1020,PCL-10800,Wind-Solar Hybrid Energy Grid 5,Renewable / Solar Park,Madhya Pradesh,Indore,164.41,277,Medium,0.76,0,Fully Disbursed,0,Declaration Published (Sec 19),Under Scrutiny,157,0.9,Full Possession,Low / Resistant,245,0.168,2025-08-31,,231,1,26.165289,80.734695
PRJ-1080,PCL-10801,Belagavi Cargo Terminal Expansion 3,Airport Infrastructure,Karnataka,Belagavi,81.41,346,Very High,0.82,1,Pending Disbursal,149,Notification Pending,Approved,50,0.46,Partial Possession (30-70%),Low / Resistant,250,0.536,2026-02-11,2027-06-02,476,1,17.436975,77.493997
PRJ-1252,PCL-10802,Maharashtra Clean Energy Hub Sector 5,Renewable / Solar Park,Maharashtra,Solapur,19.84,13,High,0.79,1,Disputed in Escrow,542,Notification Pending,Approved,83,0.62,Initial Stage (<30%),Hostile / Legal Injunction,157,0.584,2025-08-12,2027-02-20,557,1,18.596187,75.637422
PRJ-1202,PCL-10803,Andhra Pradesh Clean Energy Hub Sector 5,Renewable / Solar Park,Andhra Pradesh,Guntur,16.66,8,Low,0.52,0,Partially Disbursed,133,Possession Taken (Sec 38),Approved,40,0.39,Substantial Possession (>70%),Moderate,154,0.265,2024-12-08,2025-08-23,258,1,17.380463,81.201673
PRJ-1248,PCL-10804,Command Area Distribution Network 1,Irrigation / Water Canal,Karnataka,Kalaburagi,56.88,121,High,0.84,1,Pending Disbursal,111,Declaration Published (Sec 19),Pending Environmental Clearance,118,0.75,Partial Possession (30-70%),Low / Resistant,104,0.409,2026-04-12,2027-06-19,433,1,15.53735,75.528872
PRJ-1089,PCL-10805,NH-34 Four-Laning Bypass Section 4,Highway / Expressway,Andhra Pradesh,Krishna,49.56,68,Low,0.57,0,Pending Disbursal,116,Possession Taken (Sec 38),Conditional Clearance,150,0.57,Substantial Possession (>70%),High / Cooperative,190,0.361,2022-09-29,2022-12-30,92,1,16.870103,81.67236
PRJ-1190,PCL-10806,NH-58 Four-Laning Bypass Section 2,Highway / Expressway,Madhya Pradesh,Jabalpur,15.88,3,Medium,0.52,0,Fully Disbursed,0,Declaration Published (Sec 19),Under Scrutiny,170,0.6,Substantial Possession (>70%),High / Cooperative,219,0.486,2023-03-13,2023-04-09,27,0,25.046987,75.336213
PRJ-1024,PCL-10807,Industrial Rail Siding Network 5,Railway & Freight Corridor,Karnataka,Kalaburagi,123.88,160,Very High,0.87,1,Disputed in Escrow,605,Award Declared (Sec 23),Resubmission Required,85,0.79,Contested / Encroached,High / Cooperative,148,0.311,2026-08-23,2027-06-13,294,1,17.068223,75.209295
PRJ-1206,PCL-10808,Haryana Inter-River Linking Canal Sector 3,Irrigation / Water Canal,Haryana,Faridabad,7.18,5,Medium,0.28,1,Pending Disbursal,248,Declaration Published (Sec 19),Pending Environmental Clearance,147,0.05,Initial Stage (<30%),Hostile / Legal Injunction,313,0.595,2025-07-08,2027-03-14,614,1,28.157416,75.819172
PRJ-1006,PCL-10809,Bhopal Multi-Modal Logistics Park 5,Industrial Corridor / SEZ,Madhya Pradesh,Bhopal,15.55,17,High,0.68,1,Pending Disbursal,292,Preliminary Notification (Sec 11),Under Scrutiny,167,0.7,Partial Possession (30-70%),Hostile / Legal Injunction,253,0.344,2026-09-27,,476,1,23.879904,77.697295
PRJ-1059,PCL-10810,Bharatmala Economic Highway Ring 2,Highway / Expressway,Madhya Pradesh,Jabalpur,75.44,92,Low,0.81,0,Fully Disbursed,0,Possession Taken (Sec 38),Approved,20,0.72,Full Possession,High / Cooperative,339,0.41,2026-07-14,2026-07-22,8,0,22.557225,80.82419
PRJ-1062,PCL-10811,Rajasthan Inter-River Linking Canal Sector 2,Irrigation / Water Canal,Rajasthan,Jaipur,7.45,24,Low,0.49,0,Partially Disbursed,39,Possession Taken (Sec 38),Under Scrutiny,147,0.71,Full Possession,Moderate,383,0.479,2024-09-07,2024-12-24,108,1,25.787587,76.275038
PRJ-1199,PCL-10812,Belagavi Ultra Mega Solar Park Unit 3,Renewable / Solar Park,Karnataka,Belagavi,21.84,38,Low,0.87,0,Fully Disbursed,0,Notification Pending,Conditional Clearance,199,0.26,Partial Possession (30-70%),Moderate,193,0.507,2023-07-28,2023-10-03,67,0,13.453944,76.990133
PRJ-1097,PCL-10813,NH-71 Four-Laning Bypass Section 3,Highway / Expressway,Tamil Nadu,Tiruchirappalli,39.32,20,Low,0.73,0,Fully Disbursed,0,Declaration Published (Sec 19),Approved,77,0.32,Full Possession,High / Cooperative,245,0.499,2026-02-04,2026-03-10,34,0,12.163067,79.297221
PRJ-1079,PCL-10814,Haryana Inter-River Linking Canal Sector 3,Irrigation / Water Canal,Haryana,Hisar,17.01,13,Medium,0.93,0,Fully Disbursed,0,Possession Taken (Sec 38),Approved,82,0.78,Full Possession,High / Cooperative,178,0.199,2026-10-18,2026-11-01,14,0,30.322371,76.51063
PRJ-1074,PCL-10815,Command Area Distribution Network 2,Irrigation / Water Canal,Gujarat,Kutch,41.37,34,Low,0.44,1,Disputed in Escrow,550,Award Declared (Sec 23),Approved,59,0.48,Substantial Possession (>70%),Low / Resistant,80,0.57,2025-03-22,,510,1,22.636658,70.447236
PRJ-1196,PCL-10816,Aviation Logistics Runway Package 2,Airport Infrastructure,Madhya Pradesh,Gwalior,98.28,258,High,0.64,1,Fully Disbursed,0,Notification Pending,Approved,36,0.49,Initial Stage (<30%),Hostile / Legal Injunction,229,0.174,2026-03-24,2027-07-22,485,1,22.065052,75.423872
PRJ-1198,PCL-10817,Wind-Solar Hybrid Energy Grid 4,Renewable / Solar Park,Maharashtra,Thane,47.3,44,Medium,0.36,1,Pending Disbursal,322,Possession Taken (Sec 38),Pending Environmental Clearance,201,0.86,Substantial Possession (>70%),Low / Resistant,106,0.422,2027-02-23,2028-05-05,437,1,18.869159,76.992714
PRJ-1074,PCL-10818,Command Area Distribution Network 2,Irrigation / Water Canal,Gujarat,Kutch,90.65,178,High,0.79,1,Disputed in Escrow,401,Award Declared (Sec 23),Approved,55,0.55,Initial Stage (<30%),Moderate,255,0.409,2025-03-22,2026-05-02,406,1,21.881904,72.266306
PRJ-1117,PCL-10819,NH-57 Four-Laning Bypass Section 1,Highway / Expressway,Tamil Nadu,Kanchipuram,43.49,60,Low,0.85,0,Partially Disbursed,145,Possession Taken (Sec 38),Resubmission Required,179,0.23,Substantial Possession (>70%),High / Cooperative,378,0.55,2024-11-09,2025-05-21,193,1,12.907464,77.437575
PRJ-1069,PCL-10820,DMIC Special Investment Region Node 3,Industrial Corridor / SEZ,Andhra Pradesh,Krishna,12.76,5,Low,0.43,0,Partially Disbursed,123,Possession Taken (Sec 38),Under Scrutiny,143,0.38,Partial Possession (30-70%),Moderate,199,0.396,2024-09-29,2025-06-23,267,1,17.232554,79.058984
PRJ-1158,PCL-10821,Urban Flyover & Transit Hub 3,Urban Metro / Transit,Haryana,Karnal,33.44,61,Medium,0.67,0,Partially Disbursed,135,Preliminary Notification (Sec 11),Approved,92,0.76,Full Possession,High / Cooperative,147,0.447,2023-09-14,2023-09-24,10,0,28.562433,75.81853
PRJ-1197,PCL-10822,Bharuch Cargo Terminal Expansion 1,Airport Infrastructure,Gujarat,Bharuch,57.22,231,Low,0.69,0,Fully Disbursed,0,Notification Pending,Conditional Clearance,183,0.55,Substantial Possession (>70%),High / Cooperative,277,0.153,2023-08-18,2023-08-26,8,0,23.767654,70.949849
PRJ-1102,PCL-10823,NH-60 Four-Laning Bypass Section 1,Highway / Expressway,Odisha,Cuttack,54.96,48,Medium,0.69,0,Partially Disbursed,165,Preliminary Notification (Sec 11),Under Scrutiny,158,0.68,Partial Possession (30-70%),Moderate,227,0.519,2025-07-21,,221,1,19.941776,84.904525
PRJ-1028,PCL-10824,Command Area Distribution Network 1,Irrigation / Water Canal,Gujarat,Ahmedabad,43.13,91,Medium,0.91,0,Fully Disbursed,0,Preliminary Notification (Sec 11),Approved,38,0.62,Initial Stage (<30%),Moderate,178,0.298,2024-07-23,2024-08-12,20,0,22.011375,69.445767
PRJ-1229,PCL-10825,NH-92 Four-Laning Bypass Section 1,Highway / Expressway,Odisha,Angul,69.25,71,Low,0.6,0,Fully Disbursed,0,Possession Taken (Sec 38),Approved,30,0.69,Initial Stage (<30%),Moderate,224,0.367,2024-04-08,2024-10-06,181,1,20.785227,85.949729
PRJ-1241,PCL-10826,Western Freight Corridor Spur Line 3,Railway & Freight Corridor,Madhya Pradesh,Gwalior,43.94,82,Low,0.98,0,Pending Disbursal,139,Preliminary Notification (Sec 11),Approved,15,0.73,Substantial Possession (>70%),High / Cooperative,205,0.52,2026-06-08,,30,0,25.129396,76.849902
PRJ-1011,PCL-10827,Urban Flyover & Transit Hub 3,Urban Metro / Transit,Gujarat,Surat,22.17,53,Medium,0.36,1,Fully Disbursed,0,Possession Taken (Sec 38),Pending Environmental Clearance,74,0.87,Initial Stage (<30%),Low / Resistant,294,0.7,2026-11-02,2027-12-30,423,1,22.749909,73.396201
PRJ-1190,PCL-10828,NH-58 Four-Laning Bypass Section 2,Highway / Expressway,Madhya Pradesh,Jabalpur,14.75,14,Medium,0.48,0,Partially Disbursed,80,Award Declared (Sec 23),Approved,142,0.61,Partial Possession (30-70%),High / Cooperative,208,0.41,2023-03-13,2023-04-06,24,0,22.353116,75.913638
PRJ-1182,PCL-10829,Western Freight Corridor Spur Line 4,Railway & Freight Corridor,Karnataka,Kalaburagi,37.82,27,High,0.79,1,Disputed in Escrow,278,Notification Pending,Approved,44,0.59,Initial Stage (<30%),Moderate,145,0.22,2026-02-12,2027-01-31,353,1,15.503782,77.107817
PRJ-1086,PCL-10830,Suburban Commuter Rapid Transit Line 1,Urban Metro / Transit,Haryana,Hisar,28.52,59,Medium,0.6,1,Disputed in Escrow,568,Possession Taken (Sec 38),Under Scrutiny,184,0.44,Partial Possession (30-70%),High / Cooperative,242,0.327,2024-10-11,2025-11-09,394,1,28.174827,76.003727
PRJ-1006,PCL-10831,Bhopal Multi-Modal Logistics Park 5,Industrial Corridor / SEZ,Madhya Pradesh,Bhopal,15.8,15,High,0.82,1,Disputed in Escrow,536,Possession Taken (Sec 38),Approved,57,0.66,Contested / Encroached,Moderate,230,0.623,2026-09-27,2027-10-28,396,1,25.282422,75.172958
PRJ-1209,PCL-10832,Haryana Inter-River Linking Canal Sector 2,Irrigation / Water Canal,Haryana,Panipat,68.75,79,Low,0.85,0,Fully Disbursed,0,Possession Taken (Sec 38),Pending Environmental Clearance,92,0.35,Full Possession,High / Cooperative,219,0.571,2023-08-10,2023-10-07,58,0,29.747473,75.801446
PRJ-1164,PCL-10833,Karnal Metro Rail Extension Corridor 4,Urban Metro / Transit,Haryana,Karnal,23.77,29,Low,0.63,0,Fully Disbursed,0,Preliminary Notification (Sec 11),Approved,52,0.52,Partial Possession (30-70%),Moderate,112,0.685,2024-09-29,2024-10-30,31,0,30.11755,77.252056
PRJ-1039,PCL-10834,Madhya Pradesh Clean Energy Hub Sector 5,Renewable / Solar Park,Madhya Pradesh,Indore,61.2,106,High,0.79,1,Pending Disbursal,325,Award Declared (Sec 23),Conditional Clearance,128,0.37,Substantial Possession (>70%),Low / Resistant,70,0.514,2026-01-30,2027-02-12,378,1,22.092439,75.136062
PRJ-1103,PCL-10835,Command Area Distribution Network 4,Irrigation / Water Canal,Madhya Pradesh,Bhopal,23.2,20,Medium,0.83,0,Partially Disbursed,83,Preliminary Notification (Sec 11),Conditional Clearance,125,0.75,Substantial Possession (>70%),High / Cooperative,190,0.333,2023-04-22,2023-05-03,11,0,26.08921,80.979996
PRJ-1099,PCL-10836,Bharatmala Economic Highway Ring 3,Highway / Expressway,Haryana,Hisar,5.0,2,Medium,0.74,0,Partially Disbursed,45,Possession Taken (Sec 38),Approved,56,0.58,Full Possession,High / Cooperative,177,0.296,2023-08-29,2023-12-13,106,1,29.192506,75.92487
PRJ-1102,PCL-10837,NH-60 Four-Laning Bypass Section 1,Highway / Expressway,Odisha,Cuttack,10.54,21,Low,0.52,0,Fully Disbursed,0,Award Declared (Sec 23),Conditional Clearance,113,0.37,Full Possession,High / Cooperative,221,0.555,2025-07-21,2025-10-20,91,1,20.23448,86.421077
PRJ-1152,PCL-10838,Urban Flyover & Transit Hub 5,Urban Metro / Transit,Madhya Pradesh,Ujjain,9.83,11,Medium,0.55,0,Partially Disbursed,94,Award Declared (Sec 23),Conditional Clearance,156,0.64,Full Possession,Moderate,97,0.361,2024-10-11,2025-03-19,159,1,24.696837,78.292589
PRJ-1031,PCL-10839,Command Area Distribution Network 1,Irrigation / Water Canal,Maharashtra,Aurangabad,70.93,42,High,0.7,1,Disputed in Escrow,225,Award Declared (Sec 23),Under Scrutiny,151,0.74,Contested / Encroached,Low / Resistant,164,0.585,2023-05-22,2024-05-20,364,1,19.847552,78.283302
PRJ-1034,PCL-10840,Suburban Commuter Rapid Transit Line 3,Urban Metro / Transit,Haryana,Hisar,25.55,58,Medium,0.91,0,Fully Disbursed,0,Possession Taken (Sec 38),Approved,37,0.55,Contested / Encroached,Moderate,96,0.493,2025-05-18,2025-09-21,126,1,29.416083,76.931583
PRJ-1022,PCL-10841,Bharatmala Economic Highway Ring 5,Highway / Expressway,Gujarat,Vadodara,5.33,10,Low,0.78,0,Fully Disbursed,0,Possession Taken (Sec 38),Under Scrutiny,197,0.91,Full Possession,Moderate,236,0.492,2024-12-27,2024-12-27,0,0,23.053507,70.852823
PRJ-1013,PCL-10842,Karnal Ultra Mega Solar Park Unit 2,Renewable / Solar Park,Haryana,Karnal,66.02,73,High,0.79,1,Pending Disbursal,178,Declaration Published (Sec 19),Under Scrutiny,201,0.86,Substantial Possession (>70%),High / Cooperative,320,0.384,2025-04-13,2025-11-29,230,1,30.146068,77.047704
PRJ-1077,PCL-10843,Industrial Rail Siding Network 5,Railway & Freight Corridor,Uttar Pradesh,Kanpur,22.37,29,Low,0.47,0,Fully Disbursed,0,Declaration Published (Sec 19),Under Scrutiny,258,0.2,Partial Possession (30-70%),Moderate,220,0.235,2027-04-12,2027-10-28,199,1,25.971026,79.117885
PRJ-1082,PCL-10844,Kota Greenfield International Airport Phase 1,Airport Infrastructure,Rajasthan,Kota,93.66,226,Medium,0.31,1,Pending Disbursal,162,Declaration Published (Sec 19),Under Scrutiny,138,0.44,Initial Stage (<30%),Hostile / Legal Injunction,314,0.395,2024-03-28,2025-09-04,525,1,26.194305,74.978156
PRJ-1252,PCL-10845,Maharashtra Clean Energy Hub Sector 5,Renewable / Solar Park,Maharashtra,Solapur,14.2,2,Medium,0.61,0,Fully Disbursed,0,Declaration Published (Sec 19),Under Scrutiny,180,0.3,Full Possession,Moderate,251,0.499,2025-08-12,2026-08-02,355,1,18.087606,75.021249
PRJ-1066,PCL-10846,Faridabad Multi-Modal Logistics Park 3,Industrial Corridor / SEZ,Haryana,Faridabad,31.16,30,Medium,0.53,0,Fully Disbursed,0,Declaration Published (Sec 19),Pending Environmental Clearance,123,0.42,Initial Stage (<30%),High / Cooperative,223,0.183,2025-12-22,2026-01-14,23,0,28.936962,77.393818
PRJ-1244,PCL-10847,Aviation Logistics Runway Package 3,Airport Infrastructure,Karnataka,Mysuru,33.89,102,Low,0.76,1,Pending Disbursal,207,Notification Pending,Under Scrutiny,156,0.2,Contested / Encroached,High / Cooperative,260,0.516,2025-11-23,2026-10-20,331,1,16.40535,76.325986
PRJ-1010,PCL-10848,Madhya Pradesh Inter-River Linking Canal Sector 1,Irrigation / Water Canal,Madhya Pradesh,Indore,13.71,18,Low,0.37,0,Partially Disbursed,98,Preliminary Notification (Sec 11),Approved,81,0.65,Partial Possession (30-70%),Moderate,199,0.402,2023-03-14,2023-04-28,45,0,23.429224,80.68666
PRJ-1142,PCL-10849,Madhya Pradesh Integrated Industrial Township 1,Industrial Corridor / SEZ,Madhya Pradesh,Gwalior,87.52,140,Medium,0.49,1,Pending Disbursal,337,Notification Pending,Approved,81,0.98,Partial Possession (30-70%),High / Cooperative,224,0.68,2027-06-16,2028-05-13,332,1,25.182394,77.378208
PRJ-1103,PCL-10850,Command Area Distribution Network 4,Irrigation / Water Canal,Madhya Pradesh,Bhopal,15.38,34,Medium,0.58,0,Partially Disbursed,79,Notification Pending,Conditional Clearance,131,0.35,Full Possession,High / Cooperative,48,0.211,2023-04-22,2023-05-20,28,0,25.6762,79.183386
PRJ-1217,PCL-10851,Gwalior Greenfield International Airport Phase 3,Airport Infrastructure,Madhya Pradesh,Gwalior,5.0,20,Low,0.8,1,Pending Disbursal,305,Preliminary Notification (Sec 11),Approved,27,0.62,Contested / Encroached,High / Cooperative,157,0.34,2025-01-24,2025-03-20,55,0,25.132843,80.507286
PRJ-1196,PCL-10852,Aviation Logistics Runway Package 2,Airport Infrastructure,Madhya Pradesh,Gwalior,27.19,95,Low,0.7,0,Partially Disbursed,146,Award Declared (Sec 23),Approved,46,0.79,Full Possession,High / Cooperative,87,0.655,2026-03-24,,1,0,24.493163,78.850608
PRJ-1168,PCL-10853,Aviation Logistics Runway Package 3,Airport Infrastructure,Haryana,Panipat,9.66,25,Medium,0.71,0,Partially Disbursed,131,Declaration Published (Sec 19),Approved,81,0.4,Partial Possession (30-70%),Moderate,134,0.359,2026-05-13,2026-12-13,214,1,29.37618,76.250762
PRJ-1021,PCL-10854,Karnataka Integrated Industrial Township 3,Industrial Corridor / SEZ,Karnataka,Belagavi,43.27,62,Low,0.89,1,Partially Disbursed,163,Declaration Published (Sec 19),Pending Environmental Clearance,182,0.37,Partial Possession (30-70%),High / Cooperative,77,0.53,2025-09-25,2025-10-27,32,0,16.877972,74.728749
PRJ-1174,PCL-10855,Command Area Distribution Network 1,Irrigation / Water Canal,Odisha,Angul,133.89,114,Medium,0.7,0,Partially Disbursed,69,Notification Pending,Conditional Clearance,175,0.74,Partial Possession (30-70%),High / Cooperative,276,0.505,2023-12-27,2023-12-28,1,0,19.761013,84.977647
PRJ-1060,PCL-10856,Suburban Commuter Rapid Transit Line 4,Urban Metro / Transit,Madhya Pradesh,Ujjain,5.0,26,Low,0.47,1,Pending Disbursal,205,Possession Taken (Sec 38),Approved,15,0.73,Partial Possession (30-70%),Moderate,272,0.263,2026-02-24,,363,1,25.406162,80.609456
PRJ-1071,PCL-10857,Maharashtra Dedicated High-Speed Rail Segment 1,Railway & Freight Corridor,Maharashtra,Pune,31.95,53,Medium,0.82,0,Partially Disbursed,136,Notification Pending,Approved,28,0.56,Full Possession,High / Cooperative,208,0.293,2024-08-01,2024-12-04,125,1,19.501693,75.116882
PRJ-1118,PCL-10858,Karnataka Integrated Industrial Township 2,Industrial Corridor / SEZ,Karnataka,Kalaburagi,41.17,54,Medium,0.78,0,Fully Disbursed,0,Declaration Published (Sec 19),Approved,65,0.48,Full Possession,High / Cooperative,186,0.643,2024-03-17,2024-04-06,20,0,15.405422,74.572888
PRJ-1145,PCL-10859,Urban Flyover & Transit Hub 4,Urban Metro / Transit,Tamil Nadu,Tiruchirappalli,22.3,57,High,0.57,1,Partially Disbursed,96,Possession Taken (Sec 38),Approved,78,0.47,Partial Possession (30-70%),Low / Resistant,206,0.518,2024-06-07,2025-06-29,387,1,10.453199,78.210332
PRJ-1208,PCL-10860,Rajasthan Integrated Industrial Township 1,Industrial Corridor / SEZ,Rajasthan,Alwar,50.91,47,Low,0.7,1,Disputed in Escrow,556,Award Declared (Sec 23),Conditional Clearance,172,0.63,Initial Stage (<30%),Low / Resistant,362,0.585,2025-07-21,2026-11-29,496,1,24.950196,71.714892
PRJ-1185,PCL-10861,Bhopal Ultra Mega Solar Park Unit 2,Renewable / Solar Park,Madhya Pradesh,Bhopal,120.0,102,High,0.72,1,Fully Disbursed,0,Preliminary Notification (Sec 11),Approved,49,0.38,Substantial Possession (>70%),Hostile / Legal Injunction,119,0.52,2026-11-26,2028-06-01,553,1,24.090631,79.196113
PRJ-1199,PCL-10862,Belagavi Ultra Mega Solar Park Unit 3,Renewable / Solar Park,Karnataka,Belagavi,44.42,61,High,0.63,1,Pending Disbursal,217,Preliminary Notification (Sec 11),Under Scrutiny,107,0.41,Contested / Encroached,Hostile / Legal Injunction,316,0.271,2023-07-28,2024-10-19,449,1,15.0,76.15
PRJ-1026,PCL-10863,Gujarat Integrated Industrial Township 3,Industrial Corridor / SEZ,Gujarat,Ahmedabad,44.11,98,Low,0.56,0,Fully Disbursed,0,Preliminary Notification (Sec 11),Approved,88,0.67,Substantial Possession (>70%),High / Cooperative,325,0.553,2024-10-07,2024-11-13,37,0,23.535781,73.215863
PRJ-1191,PCL-10864,Haryana Green Express Corridor Phase 4,Highway / Expressway,Haryana,Karnal,10.17,4,High,0.82,1,Pending Disbursal,194,Preliminary Notification (Sec 11),Pending Environmental Clearance,118,0.51,Contested / Encroached,Hostile / Legal Injunction,87,0.542,2024-06-27,2025-07-26,394,1,28.232639,76.343225
PRJ-1016,PCL-10865,Western Freight Corridor Spur Line 1,Railway & Freight Corridor,Tamil Nadu,Tiruchirappalli,69.09,53,Low,0.62,0,Pending Disbursal,229,Award Declared (Sec 23),Approved,56,0.27,Initial Stage (<30%),Moderate,30,0.08,2025-06-05,2026-01-17,226,1,12.542988,79.939334
PRJ-1111,PCL-10866,Kalaburagi Multi-Modal Logistics Park 4,Industrial Corridor / SEZ,Karnataka,Kalaburagi,56.12,41,Medium,0.72,0,Pending Disbursal,112,Preliminary Notification (Sec 11),Resubmission Required,154,0.22,Initial Stage (<30%),Moderate,126,0.402,2026-12-07,2027-07-27,232,1,12.869273,76.719662
PRJ-1104,PCL-10867,Haryana Inter-River Linking Canal Sector 1,Irrigation / Water Canal,Haryana,Karnal,13.82,2,High,0.66,1,Fully Disbursed,0,Preliminary Notification (Sec 11),Pending Environmental Clearance,89,0.75,Contested / Encroached,Moderate,392,0.26,2025-06-25,2026-04-22,301,1,29.974658,75.596384
PRJ-1251,PCL-10868,Rajasthan Dedicated High-Speed Rail Segment 3,Railway & Freight Corridor,Rajasthan,Udaipur,29.91,51,Low,0.89,0,Pending Disbursal,173,Award Declared (Sec 23),Under Scrutiny,134,0.7,Substantial Possession (>70%),High / Cooperative,143,0.749,2026-05-18,,10,0,27.534641,75.271859
PRJ-1178,PCL-10869,Andhra Pradesh Dedicated High-Speed Rail Segment 3,Railway & Freight Corridor,Andhra Pradesh,Guntur,30.27,35,Very High,0.74,1,Disputed in Escrow,635,Possession Taken (Sec 38),Under Scrutiny,175,0.3,Partial Possession (30-70%),Low / Resistant,177,0.372,2023-09-10,2025-02-15,524,1,15.840807,80.893038
PRJ-1045,PCL-10870,Uttar Pradesh Clean Energy Hub Sector 2,Renewable / Solar Park,Uttar Pradesh,Prayagraj,71.0,82,Medium,0.94,0,Pending Disbursal,174,Preliminary Notification (Sec 11),Approved,59,0.53,Initial Stage (<30%),High / Cooperative,135,0.608,2024-12-29,,0,0,27.097316,82.827771
PRJ-1175,PCL-10871,Wind-Solar Hybrid Energy Grid 5,Renewable / Solar Park,Odisha,Angul,39.84,42,High,0.69,0,Fully Disbursed,0,Possession Taken (Sec 38),Approved,35,0.63,Substantial Possession (>70%),High / Cooperative,164,0.406,2025-12-29,2026-03-30,91,1,20.954549,86.296435
PRJ-1022,PCL-10872,Bharatmala Economic Highway Ring 5,Highway / Expressway,Gujarat,Vadodara,61.76,68,Medium,0.89,0,Partially Disbursed,115,Possession Taken (Sec 38),Approved,81,0.65,Partial Possession (30-70%),Low / Resistant,54,0.319,2024-12-27,2025-02-04,39,0,22.55675,71.582044
PRJ-1203,PCL-10873,Rajasthan Inter-River Linking Canal Sector 5,Irrigation / Water Canal,Rajasthan,Jaipur,45.45,44,Medium,0.91,0,Fully Disbursed,0,Possession Taken (Sec 38),Approved,33,0.46,Partial Possession (30-70%),High / Cooperative,256,0.749,2025-01-22,2025-02-18,27,0,26.351733,75.884229
PRJ-1259,PCL-10874,Visakhapatnam Metro Rail Extension Corridor 1,Urban Metro / Transit,Andhra Pradesh,Visakhapatnam,45.87,185,High,0.5,0,Fully Disbursed,0,Declaration Published (Sec 19),Under Scrutiny,152,0.37,Full Possession,Moderate,204,0.67,2024-03-19,2025-01-29,316,1,17.569715,80.476494
PRJ-1013,PCL-10875,Karnal Ultra Mega Solar Park Unit 2,Renewable / Solar Park,Haryana,Karnal,5.0,5,High,0.7,1,Pending Disbursal,150,Possession Taken (Sec 38),Pending Environmental Clearance,158,0.33,Initial Stage (<30%),Low / Resistant,289,0.669,2025-04-13,2026-10-09,544,1,28.088928,76.11199
PRJ-1176,PCL-10876,Wind-Solar Hybrid Energy Grid 4,Renewable / Solar Park,Uttar Pradesh,Noida,44.3,58,Medium,0.71,0,Fully Disbursed,0,Possession Taken (Sec 38),Resubmission Required,186,0.38,Substantial Possession (>70%),High / Cooperative,185,0.596,2023-06-07,2023-12-20,196,1,26.368341,79.175621
PRJ-1131,PCL-10877,Bharuch Cargo Terminal Expansion 3,Airport Infrastructure,Gujarat,Bharuch,32.66,78,Medium,0.64,0,Partially Disbursed,119,Possession Taken (Sec 38),Resubmission Required,164,0.58,Substantial Possession (>70%),High / Cooperative,203,0.318,2022-04-09,2022-04-09,0,0,23.081831,72.839169
PRJ-1045,PCL-10878,Uttar Pradesh Clean Energy Hub Sector 2,Renewable / Solar Park,Uttar Pradesh,Prayagraj,41.11,35,Medium,0.67,0,Partially Disbursed,116,Declaration Published (Sec 19),Under Scrutiny,136,0.67,Substantial Possession (>70%),Moderate,152,0.396,2024-12-29,2025-07-06,189,1,26.664564,80.986169
PRJ-1232,PCL-10879,Maharashtra Inter-River Linking Canal Sector 4,Irrigation / Water Canal,Maharashtra,Nagpur,92.39,65,Low,0.59,0,Pending Disbursal,317,Preliminary Notification (Sec 11),Under Scrutiny,166,0.82,Initial Stage (<30%),Low / Resistant,175,0.436,2026-08-29,2027-08-13,349,1,18.678011,75.677885
PRJ-1025,PCL-10880,Odisha Green Express Corridor Phase 4,Highway / Expressway,Odisha,Sundargarh,115.97,159,Medium,0.62,0,Fully Disbursed,0,Notification Pending,Approved,70,0.4,Full Possession,High / Cooperative,352,0.095,2025-09-08,2025-12-08,91,1,20.208331,84.367705
PRJ-1102,PCL-10881,NH-60 Four-Laning Bypass Section 1,Highway / Expressway,Odisha,Cuttack,34.34,28,Medium,0.82,1,Pending Disbursal,244,Declaration Published (Sec 19),Approved,15,0.61,Contested / Encroached,Moderate,161,0.19,2025-07-21,2026-08-29,404,1,20.80358,84.722415
PRJ-1228,PCL-10882,Udaipur Metro Rail Extension Corridor 1,Urban Metro / Transit,Rajasthan,Udaipur,32.94,74,Low,0.9,0,Partially Disbursed,36,Possession Taken (Sec 38),Under Scrutiny,132,0.81,Partial Possession (30-70%),High / Cooperative,302,0.213,2024-06-01,2024-07-13,42,0,27.607041,76.643443
PRJ-1189,PCL-10883,Haryana Green Express Corridor Phase 3,Highway / Expressway,Haryana,Gurugram,18.61,19,Low,0.46,0,Fully Disbursed,0,Award Declared (Sec 23),Pending Environmental Clearance,149,0.85,Partial Possession (30-70%),Moderate,400,0.676,2025-06-08,2025-10-22,136,1,29.573597,75.752023
PRJ-1125,PCL-10884,Bharatmala Economic Highway Ring 1,Highway / Expressway,Uttar Pradesh,Prayagraj,14.37,16,Low,0.81,0,Fully Disbursed,0,Notification Pending,Approved,15,0.45,Full Possession,Moderate,231,0.613,2026-01-26,2026-04-27,91,1,28.132495,82.777878
PRJ-1095,PCL-10885,Jaipur Lift Irrigation Main Canal Reach 3,Irrigation / Water Canal,Rajasthan,Jaipur,20.71,9,Low,0.8,0,Fully Disbursed,0,Award Declared (Sec 23),Approved,20,0.42,Partial Possession (30-70%),High / Cooperative,266,0.646,2025-01-11,2025-04-12,91,1,26.61133,71.733514
PRJ-1005,PCL-10886,Ahmedabad Multi-Modal Logistics Park 3,Industrial Corridor / SEZ,Gujarat,Ahmedabad,45.64,43,Low,0.37,1,Disputed in Escrow,424,Possession Taken (Sec 38),Approved,15,0.77,Substantial Possession (>70%),Low / Resistant,144,0.28,2025-05-08,2026-07-02,420,1,21.929698,72.620432
PRJ-1037,PCL-10887,Belagavi Ultra Mega Solar Park Unit 4,Renewable / Solar Park,Karnataka,Belagavi,50.09,71,High,0.53,0,Disputed in Escrow,469,Declaration Published (Sec 19),Approved,93,0.37,Contested / Encroached,High / Cooperative,385,0.164,2026-08-25,2027-05-19,267,1,13.265951,74.956258
PRJ-1116,PCL-10888,Coimbatore Lift Irrigation Main Canal Reach 4,Irrigation / Water Canal,Tamil Nadu,Coimbatore,298.58,494,Low,0.69,0,Fully Disbursed,0,Award Declared (Sec 23),Approved,17,0.56,Substantial Possession (>70%),High / Cooperative,171,0.399,2024-07-16,2024-08-06,21,0,12.365117,78.309814
PRJ-1066,PCL-10889,Faridabad Multi-Modal Logistics Park 3,Industrial Corridor / SEZ,Haryana,Faridabad,12.24,21,Medium,0.8,0,Fully Disbursed,0,Notification Pending,Approved,46,0.54,Partial Possession (30-70%),Low / Resistant,168,0.619,2025-12-22,,224,1,29.200478,77.353837
PRJ-1034,PCL-10890,Suburban Commuter Rapid Transit Line 3,Urban Metro / Transit,Haryana,Hisar,36.18,145,High,0.75,1,Pending Disbursal,264,Award Declared (Sec 23),Conditional Clearance,178,0.7,Initial Stage (<30%),High / Cooperative,223,0.286,2025-05-18,2026-03-30,316,1,29.398048,76.888501
PRJ-1241,PCL-10891,Western Freight Corridor Spur Line 3,Railway & Freight Corridor,Madhya Pradesh,Gwalior,17.24,23,Medium,0.81,0,Partially Disbursed,176,Declaration Published (Sec 19),Under Scrutiny,194,0.65,Full Possession,Moderate,150,0.676,2026-06-08,2027-01-23,229,1,24.300336,77.521001
PRJ-1033,PCL-10892,Bharatmala Economic Highway Ring 2,Highway / Expressway,Karnataka,Dharwad,75.64,69,Low,0.93,0,Pending Disbursal,212,Notification Pending,Approved,96,0.75,Contested / Encroached,Moderate,108,0.376,2023-12-06,2024-03-28,113,1,13.782805,75.408277
PRJ-1172,PCL-10893,Jaipur Cargo Terminal Expansion 1,Airport Infrastructure,Rajasthan,Jaipur,33.65,79,Medium,0.83,0,Pending Disbursal,161,Award Declared (Sec 23),Approved,22,0.23,Partial Possession (30-70%),Moderate,97,0.85,2025-01-01,2025-09-13,255,1,26.327756,73.478082
PRJ-1105,PCL-10894,Rajasthan Green Express Corridor Phase 5,Highway / Expressway,Rajasthan,Kota,61.93,60,Medium,0.82,0,Fully Disbursed,0,Award Declared (Sec 23),Approved,49,0.5,Substantial Possession (>70%),Low / Resistant,198,0.254,2023-06-01,2024-01-25,238,1,27.561335,74.482319
PRJ-1126,PCL-10895,Uttar Pradesh Clean Energy Hub Sector 4,Renewable / Solar Park,Uttar Pradesh,Lucknow,59.62,105,Medium,0.38,1,Partially Disbursed,61,Possession Taken (Sec 38),Conditional Clearance,238,0.48,Contested / Encroached,Moderate,194,0.295,2024-09-28,2025-11-14,412,1,26.381543,81.922024
PRJ-1097,PCL-10896,NH-71 Four-Laning Bypass Section 3,Highway / Expressway,Tamil Nadu,Tiruchirappalli,30.33,52,High,0.86,0,Partially Disbursed,137,Declaration Published (Sec 19),Approved,72,0.42,Contested / Encroached,Low / Resistant,109,0.6,2026-02-04,2027-02-23,384,1,12.31077,77.839914
PRJ-1056,PCL-10897,Coimbatore Greenfield International Airport Phase 2,Airport Infrastructure,Tamil Nadu,Coimbatore,104.38,197,Medium,0.88,0,Fully Disbursed,0,Preliminary Notification (Sec 11),Approved,32,0.43,Substantial Possession (>70%),High / Cooperative,324,0.249,2024-01-01,2024-03-01,60,0,11.169652,78.249343
PRJ-1050,PCL-10898,Tamil Nadu Inter-River Linking Canal Sector 1,Irrigation / Water Canal,Tamil Nadu,Kanchipuram,104.1,92,High,0.39,1,Pending Disbursal,231,Award Declared (Sec 23),Approved,51,0.51,Partial Possession (30-70%),Low / Resistant,250,0.323,2023-08-24,2024-11-15,449,1,12.697543,79.178845
PRJ-1137,PCL-10899,Bharatmala Economic Highway Ring 2,Highway / Expressway,Haryana,Faridabad,22.58,2,Low,0.82,0,Fully Disbursed,0,Possession Taken (Sec 38),Approved,15,0.17,Substantial Possession (>70%),Moderate,209,0.209,2023-09-09,2023-10-23,44,0,30.276844,76.221748
PRJ-1047,PCL-10900,Karnataka Clean Energy Hub Sector 1,Renewable / Solar Park,Karnataka,Dharwad,18.09,38,High,0.9,1,Pending Disbursal,213,Possession Taken (Sec 38),Under Scrutiny,141,0.4,Contested / Encroached,High / Cooperative,320,0.464,2025-12-30,2027-01-17,383,1,15.349077,76.515223
PRJ-1002,PCL-10901,Suburban Commuter Rapid Transit Line 1,Urban Metro / Transit,Madhya Pradesh,Bhopal,17.41,76,Medium,0.8,0,Fully Disbursed,0,Preliminary Notification (Sec 11),Approved,53,0.49,Substantial Possession (>70%),High / Cooperative,90,0.741,2023-09-07,2023-12-07,91,1,23.100591,77.024363
PRJ-1197,PCL-10902,Bharuch Cargo Terminal Expansion 1,Airport Infrastructure,Gujarat,Bharuch,49.55,74,High,0.5,0,Fully Disbursed,0,Notification Pending,Approved,15,0.55,Full Possession,Moderate,278,0.396,2023-08-18,2024-05-10,266,1,23.516701,72.353054
PRJ-1199,PCL-10903,Belagavi Ultra Mega Solar Park Unit 3,Renewable / Solar Park,Karnataka,Belagavi,81.68,95,Medium,0.86,0,Fully Disbursed,0,Possession Taken (Sec 38),Approved,15,0.7,Full Possession,Moderate,298,0.46,2023-07-28,2023-12-23,148,1,16.657273,76.490973
PRJ-1128,PCL-10904,Gujarat Green Express Corridor Phase 2,Highway / Expressway,Gujarat,Rajkot,11.85,27,High,0.78,1,Pending Disbursal,123,Possession Taken (Sec 38),Conditional Clearance,172,0.84,Full Possession,Hostile / Legal Injunction,233,0.521,2025-04-05,2026-07-24,475,1,23.123308,73.003191
PRJ-1011,PCL-10905,Urban Flyover & Transit Hub 3,Urban Metro / Transit,Gujarat,Surat,12.66,40,Low,0.81,0,Fully Disbursed,0,Award Declared (Sec 23),Under Scrutiny,174,0.78,Full Possession,High / Cooperative,233,0.474,2026-11-02,2026-11-13,11,0,22.473777,72.236385
PRJ-1101,PCL-10906,Guntur Lift Irrigation Main Canal Reach 2,Irrigation / Water Canal,Andhra Pradesh,Guntur,14.57,15,High,0.87,0,Fully Disbursed,0,Notification Pending,Approved,15,0.64,Full Possession,High / Cooperative,30,0.306,2026-10-07,2026-10-07,0,0,17.771971,82.847891
PRJ-1151,PCL-10907,Wind-Solar Hybrid Energy Grid 3,Renewable / Solar Park,Karnataka,Bengaluru Rural,6.7,12,Low,0.55,0,Fully Disbursed,0,Preliminary Notification (Sec 11),Under Scrutiny,155,0.42,Substantial Possession (>70%),High / Cooperative,186,0.16,2025-12-20,2026-02-01,43,0,13.244007,75.94486
PRJ-1091,PCL-10908,Urban Flyover & Transit Hub 2,Urban Metro / Transit,Odisha,Cuttack,35.09,80,Low,0.86,0,Partially Disbursed,49,Preliminary Notification (Sec 11),Conditional Clearance,132,0.65,Full Possession,High / Cooperative,255,0.289,2026-06-15,2026-07-17,32,0,20.299432,85.319671
PRJ-1237,PCL-10909,Aviation Logistics Runway Package 2,Airport Infrastructure,Odisha,Sundargarh,33.31,70,Medium,0.66,0,Fully Disbursed,0,Declaration Published (Sec 19),Conditional Clearance,190,0.55,Substantial Possession (>70%),High / Cooperative,222,0.347,2023-06-26,2024-01-01,189,1,20.988941,85.046113
PRJ-1259,PCL-10910,Visakhapatnam Metro Rail Extension Corridor 1,Urban Metro / Transit,Andhra Pradesh,Visakhapatnam,16.5,21,Medium,0.93,0,Partially Disbursed,124,Notification Pending,Conditional Clearance,112,0.6,Substantial Possession (>70%),Moderate,138,0.684,2024-03-19,2024-06-18,91,1,17.987288,79.979648
PRJ-1057,PCL-10911,Gujarat Integrated Industrial Township 5,Industrial Corridor / SEZ,Gujarat,Rajkot,42.32,62,Low,0.84,1,Pending Disbursal,360,Possession Taken (Sec 38),Under Scrutiny,188,0.6,Partial Possession (30-70%),Hostile / Legal Injunction,285,0.619,2026-04-19,2027-11-29,589,1,22.5,71.25
PRJ-1239,PCL-10912,Industrial Rail Siding Network 3,Railway & Freight Corridor,Uttar Pradesh,Agra,34.85,28,Medium,0.77,0,Partially Disbursed,164,Possession Taken (Sec 38),Approved,15,0.26,Initial Stage (<30%),Moderate,229,0.791,2026-09-19,,295,1,28.321157,83.143741
PRJ-1038,PCL-10913,Command Area Distribution Network 3,Irrigation / Water Canal,Madhya Pradesh,Bhopal,23.44,14,Medium,0.81,0,Fully Disbursed,0,Award Declared (Sec 23),Under Scrutiny,92,0.45,Partial Possession (30-70%),High / Cooperative,240,0.269,2023-08-21,2023-11-20,91,1,24.689112,77.402008
PRJ-1076,PCL-10914,Nashik Cargo Terminal Expansion 1,Airport Infrastructure,Maharashtra,Nashik,8.35,34,Low,0.41,1,Partially Disbursed,88,Possession Taken (Sec 38),Approved,37,0.77,Partial Possession (30-70%),Low / Resistant,115,0.467,2026-03-11,2027-04-09,394,1,19.354827,76.828751
PRJ-1105,PCL-10915,Rajasthan Green Express Corridor Phase 5,Highway / Expressway,Rajasthan,Kota,27.33,27,High,0.62,0,Fully Disbursed,0,Preliminary Notification (Sec 11),Approved,15,0.51,Initial Stage (<30%),Hostile / Legal Injunction,263,0.4,2023-06-01,2024-04-21,325,1,26.088517,73.50322
PRJ-1222,PCL-10916,DMIC Special Investment Region Node 4,Industrial Corridor / SEZ,Uttar Pradesh,Kanpur,29.02,70,Medium,0.64,0,Pending Disbursal,124,Award Declared (Sec 23),Approved,25,0.45,Full Possession,High / Cooperative,89,0.765,2025-08-20,,237,1,25.31562,79.637336
PRJ-1052,PCL-10917,Angul Metro Rail Extension Corridor 2,Urban Metro / Transit,Odisha,Angul,14.83,29,Low,0.82,0,Fully Disbursed,0,Possession Taken (Sec 38),Approved,15,0.48,Substantial Possession (>70%),High / Cooperative,236,0.378,2026-05-21,2026-05-23,2,0,19.929441,85.969984
PRJ-1189,PCL-10918,Haryana Green Express Corridor Phase 3,Highway / Expressway,Haryana,Gurugram,12.25,9,Medium,0.6,0,Fully Disbursed,0,Notification Pending,Conditional Clearance,164,0.7,Substantial Possession (>70%),High / Cooperative,187,0.21,2025-06-08,2025-09-07,91,1,28.172199,76.532295
PRJ-1194,PCL-10919,NH-25 Four-Laning Bypass Section 4,Highway / Expressway,Madhya Pradesh,Ujjain,45.42,69,Medium,0.55,0,Fully Disbursed,0,Notification Pending,Approved,15,0.36,Substantial Possession (>70%),High / Cooperative,229,0.257,2025-06-25,2025-09-24,91,1,23.502669,79.621335
PRJ-1069,PCL-10920,DMIC Special Investment Region Node 3,Industrial Corridor / SEZ,Andhra Pradesh,Krishna,126.27,147,High,0.74,1,Pending Disbursal,197,Preliminary Notification (Sec 11),Resubmission Required,163,0.86,Substantial Possession (>70%),Moderate,257,0.449,2024-09-29,2025-09-14,350,1,14.905771,80.839545
PRJ-1248,PCL-10921,Command Area Distribution Network 1,Irrigation / Water Canal,Karnataka,Kalaburagi,17.27,27,Low,0.53,1,Disputed in Escrow,595,Award Declared (Sec 23),Under Scrutiny,151,0.79,Contested / Encroached,Moderate,418,0.466,2026-04-12,2027-05-22,405,1,16.40636,75.251102
PRJ-1133,PCL-10922,Urban Flyover & Transit Hub 2,Urban Metro / Transit,Madhya Pradesh,Jabalpur,85.14,345,High,0.92,1,Partially Disbursed,180,Notification Pending,Under Scrutiny,106,0.39,Contested / Encroached,Low / Resistant,205,0.811,2023-10-11,2024-12-09,425,1,24.588991,78.556722
PRJ-1126,PCL-10923,Uttar Pradesh Clean Energy Hub Sector 4,Renewable / Solar Park,Uttar Pradesh,Lucknow,38.19,56,Low,0.63,0,Partially Disbursed,133,Preliminary Notification (Sec 11),Resubmission Required,127,0.23,Full Possession,Moderate,180,0.204,2024-09-28,2024-10-10,12,0,25.819076,78.170016
PRJ-1055,PCL-10924,Jodhpur Lift Irrigation Main Canal Reach 3,Irrigation / Water Canal,Rajasthan,Jodhpur,19.07,34,Low,0.86,0,Fully Disbursed,0,Preliminary Notification (Sec 11),Under Scrutiny,104,0.37,Substantial Possession (>70%),Low / Resistant,217,0.533,2024-10-24,2025-04-28,186,1,27.675904,74.324583
PRJ-1170,PCL-10925,Maharashtra Clean Energy Hub Sector 1,Renewable / Solar Park,Maharashtra,Pune,47.47,66,High,0.7,1,Disputed in Escrow,209,Possession Taken (Sec 38),Approved,15,0.61,Partial Possession (30-70%),Low / Resistant,117,0.146,2027-03-09,2028-04-21,409,1,18.917345,74.601963
PRJ-1171,PCL-10926,Aviation Logistics Runway Package 2,Airport Infrastructure,Maharashtra,Nashik,69.69,139,High,0.66,0,Partially Disbursed,133,Possession Taken (Sec 38),Conditional Clearance,89,0.65,Full Possession,Low / Resistant,181,0.691,2025-11-07,,352,1,20.769023,73.806649
PRJ-1082,PCL-10927,Kota Greenfield International Airport Phase 1,Airport Infrastructure,Rajasthan,Kota,32.38,125,Low,0.75,0,Fully Disbursed,0,Possession Taken (Sec 38),Under Scrutiny,130,0.55,Full Possession,High / Cooperative,122,0.49,2024-03-28,2024-06-12,76,0,26.681122,74.551332
PRJ-1078,PCL-10928,Salem Greenfield International Airport Phase 1,Airport Infrastructure,Tamil Nadu,Salem,13.41,22,Low,0.65,1,Disputed in Escrow,603,Award Declared (Sec 23),Under Scrutiny,149,0.73,Substantial Possession (>70%),Hostile / Legal Injunction,256,0.428,2026-08-13,2027-11-10,454,1,12.922247,77.056471
PRJ-1052,PCL-10929,Angul Metro Rail Extension Corridor 2,Urban Metro / Transit,Odisha,Angul,68.31,297,High,0.57,1,Partially Disbursed,130,Possession Taken (Sec 38),Approved,39,0.76,Initial Stage (<30%),Hostile / Legal Injunction,278,0.675,2026-05-21,2027-09-10,477,1,20.85,85.4
PRJ-1146,PCL-10930,Dharwad Multi-Modal Logistics Park 4,Industrial Corridor / SEZ,Karnataka,Dharwad,55.8,92,Low,0.52,0,Partially Disbursed,87,Award Declared (Sec 23),Approved,54,0.68,Initial Stage (<30%),Moderate,262,0.411,2025-10-19,2025-11-07,19,0,13.229218,76.029477
PRJ-1232,PCL-10931,Maharashtra Inter-River Linking Canal Sector 4,Irrigation / Water Canal,Maharashtra,Nagpur,70.97,70,Medium,0.73,0,Fully Disbursed,0,Award Declared (Sec 23),Under Scrutiny,151,0.64,Full Possession,High / Cooperative,157,0.351,2026-08-29,2026-10-23,55,0,19.090381,76.306806
PRJ-1019,PCL-10932,Karnataka Green Express Corridor Phase 4,Highway / Expressway,Karnataka,Kalaburagi,22.62,24,Low,0.68,0,Fully Disbursed,0,Award Declared (Sec 23),Under Scrutiny,101,0.76,Substantial Possession (>70%),High / Cooperative,250,0.411,2024-07-20,2024-08-12,23,0,12.93932,76.430586
PRJ-1223,PCL-10933,Guntur Multi-Modal Logistics Park 3,Industrial Corridor / SEZ,Andhra Pradesh,Guntur,35.14,51,Medium,0.58,0,Partially Disbursed,151,Preliminary Notification (Sec 11),Approved,65,0.57,Substantial Possession (>70%),Moderate,142,0.292,2023-09-28,2024-04-12,197,1,15.853474,82.606379
PRJ-1026,PCL-10934,Gujarat Integrated Industrial Township 3,Industrial Corridor / SEZ,Gujarat,Ahmedabad,33.85,41,Low,0.57,0,Fully Disbursed,0,Award Declared (Sec 23),Approved,50,0.41,Partial Possession (30-70%),High / Cooperative,300,0.222,2024-10-07,2024-10-07,0,0,21.141001,72.803497
PRJ-1162,PCL-10935,Suburban Commuter Rapid Transit Line 4,Urban Metro / Transit,Haryana,Karnal,40.55,163,Medium,0.82,1,Pending Disbursal,137,Possession Taken (Sec 38),Pending Environmental Clearance,134,0.15,Partial Possession (30-70%),Low / Resistant,232,0.648,2023-05-29,2024-05-07,344,1,30.349356,76.977877
PRJ-1072,PCL-10936,Western Freight Corridor Spur Line 3,Railway & Freight Corridor,Gujarat,Kutch,36.05,62,High,0.48,1,Disputed in Escrow,503,Award Declared (Sec 23),Conditional Clearance,136,0.62,Contested / Encroached,Low / Resistant,237,0.357,2024-02-14,2025-07-27,529,1,21.746068,71.707256
PRJ-1002,PCL-10937,Suburban Commuter Rapid Transit Line 1,Urban Metro / Transit,Madhya Pradesh,Bhopal,14.62,63,Low,0.83,0,Pending Disbursal,348,Award Declared (Sec 23),Under Scrutiny,179,0.41,Contested / Encroached,High / Cooperative,286,0.24,2023-09-07,2023-10-06,29,0,22.510228,79.988035
PRJ-1101,PCL-10938,Guntur Lift Irrigation Main Canal Reach 2,Irrigation / Water Canal,Andhra Pradesh,Guntur,31.27,42,Medium,0.53,0,Partially Disbursed,146,Preliminary Notification (Sec 11),Approved,86,0.59,Full Possession,Moderate,158,0.67,2026-10-07,2027-06-19,255,1,15.963726,82.704103
PRJ-1033,PCL-10939,Bharatmala Economic Highway Ring 2,Highway / Expressway,Karnataka,Dharwad,11.03,22,High,0.68,1,Pending Disbursal,204,Possession Taken (Sec 38),Approved,15,0.62,Contested / Encroached,Low / Resistant,245,0.274,2023-12-06,2025-02-28,450,1,14.875136,77.36035
PRJ-1118,PCL-10940,Karnataka Integrated Industrial Township 2,Industrial Corridor / SEZ,Karnataka,Kalaburagi,27.79,32,Low,0.77,0,Pending Disbursal,212,Possession Taken (Sec 38),Approved,15,0.53,Full Possession,High / Cooperative,64,0.405,2024-03-17,2024-06-16,91,1,15.825318,76.404604
PRJ-1141,PCL-10941,NH-48 Four-Laning Bypass Section 5,Highway / Expressway,Madhya Pradesh,Ujjain,21.5,42,Low,0.61,0,Partially Disbursed,108,Notification Pending,Under Scrutiny,134,0.4,Substantial Possession (>70%),Low / Resistant,111,0.415,2024-10-30,2025-07-21,264,1,24.405134,80.806761
PRJ-1148,PCL-10942,NH-67 Four-Laning Bypass Section 1,Highway / Expressway,Gujarat,Ahmedabad,13.74,22,Medium,0.85,0,Partially Disbursed,33,Possession Taken (Sec 38),Approved,22,0.51,Substantial Possession (>70%),Moderate,279,0.328,2025-04-24,,36,0,23.311057,72.813029
PRJ-1067,PCL-10943,Sundargarh Cargo Terminal Expansion 2,Airport Infrastructure,Odisha,Sundargarh,158.62,309,Medium,0.32,1,Pending Disbursal,173,Award Declared (Sec 23),Approved,86,0.4,Contested / Encroached,Moderate,237,0.205,2024-02-16,2024-11-02,260,1,21.970813,86.023745
PRJ-1036,PCL-10944,Bharatmala Economic Highway Ring 2,Highway / Expressway,Haryana,Gurugram,49.08,49,High,0.8,1,Disputed in Escrow,568,Award Declared (Sec 23),Resubmission Required,207,0.68,Substantial Possession (>70%),Hostile / Legal Injunction,106,0.822,2024-05-20,2026-04-25,705,1,28.232942,75.84558
PRJ-1063,PCL-10945,Western Freight Corridor Spur Line 2,Railway & Freight Corridor,Uttar Pradesh,Varanasi,60.4,84,Medium,0.65,0,Partially Disbursed,121,Preliminary Notification (Sec 11),Approved,54,0.35,Substantial Possession (>70%),High / Cooperative,208,0.608,2023-06-17,2023-12-05,171,1,26.751574,82.560033
PRJ-1129,PCL-10946,Thane Metro Rail Extension Corridor 4,Urban Metro / Transit,Maharashtra,Thane,83.2,259,Very High,0.75,0,Fully Disbursed,0,Award Declared (Sec 23),Approved,34,0.81,Partial Possession (30-70%),Low / Resistant,254,0.461,2026-07-27,2027-04-05,252,1,20.153414,78.879888
PRJ-1180,PCL-10947,Agra Multi-Modal Logistics Park 2,Industrial Corridor / SEZ,Uttar Pradesh,Agra,40.21,63,Medium,0.47,0,Fully Disbursed,0,Declaration Published (Sec 19),Approved,15,0.75,Substantial Possession (>70%),Moderate,223,0.379,2024-01-28,2024-02-10,13,0,25.151283,82.658934
PRJ-1035,PCL-10948,Uttar Pradesh Inter-River Linking Canal Sector 4,Irrigation / Water Canal,Uttar Pradesh,Prayagraj,12.64,41,High,0.54,1,Pending Disbursal,254,Award Declared (Sec 23),Approved,86,0.54,Full Possession,Low / Resistant,244,0.644,2023-10-13,2024-12-26,440,1,28.368867,82.071117
PRJ-1002,PCL-10949,Suburban Commuter Rapid Transit Line 1,Urban Metro / Transit,Madhya Pradesh,Bhopal,72.84,234,High,0.51,0,Fully Disbursed,0,Award Declared (Sec 23),Pending Environmental Clearance,165,0.46,Full Possession,Moderate,201,0.458,2023-09-07,2024-05-26,262,1,24.562133,75.159577
PRJ-1060,PCL-10950,Suburban Commuter Rapid Transit Line 4,Urban Metro / Transit,Madhya Pradesh,Ujjain,19.42,57,Medium,0.35,1,Disputed in Escrow,582,Award Declared (Sec 23),Approved,48,0.55,Initial Stage (<30%),Low / Resistant,208,0.328,2026-02-24,,468,1,24.658696,78.079951
PRJ-1055,PCL-10951,Jodhpur Lift Irrigation Main Canal Reach 3,Irrigation / Water Canal,Rajasthan,Jodhpur,48.54,77,Low,0.72,0,Fully Disbursed,0,Award Declared (Sec 23),Conditional Clearance,112,0.56,Contested / Encroached,High / Cooperative,158,0.272,2024-10-24,2024-10-25,1,0,24.291617,72.82121
PRJ-1256,PCL-10952,Tamil Nadu Integrated Industrial Township 5,Industrial Corridor / SEZ,Tamil Nadu,Coimbatore,46.9,31,Very High,0.98,0,Pending Disbursal,358,Notification Pending,Under Scrutiny,148,0.64,Substantial Possession (>70%),Moderate,208,0.217,2023-11-21,2024-11-08,353,1,10.598509,77.979442
PRJ-1136,PCL-10953,Jaipur Lift Irrigation Main Canal Reach 5,Irrigation / Water Canal,Rajasthan,Jaipur,96.54,94,Medium,0.85,1,Fully Disbursed,0,Award Declared (Sec 23),Conditional Clearance,158,0.85,Initial Stage (<30%),Moderate,374,0.461,2022-10-14,2023-05-13,211,1,27.429195,72.928039
PRJ-1041,PCL-10954,Andhra Pradesh Inter-River Linking Canal Sector 2,Irrigation / Water Canal,Andhra Pradesh,Krishna,18.94,17,Medium,0.78,0,Fully Disbursed,0,Possession Taken (Sec 38),Conditional Clearance,69,0.62,Full Possession,High / Cooperative,124,0.224,2025-12-24,2025-12-24,0,0,17.620939,80.739789
PRJ-1171,PCL-10955,Aviation Logistics Runway Package 2,Airport Infrastructure,Maharashtra,Nashik,10.44,2,High,0.93,1,Pending Disbursal,330,Award Declared (Sec 23),Approved,20,0.84,Substantial Possession (>70%),Low / Resistant,285,0.208,2025-11-07,2027-02-09,459,1,18.83024,73.383142
PRJ-1127,PCL-10956,Suburban Commuter Rapid Transit Line 2,Urban Metro / Transit,Andhra Pradesh,Kurnool,42.48,134,Medium,0.42,1,Fully Disbursed,0,Declaration Published (Sec 19),Conditional Clearance,101,0.29,Substantial Possession (>70%),Hostile / Legal Injunction,230,0.388,2026-05-05,2027-07-23,444,1,14.410839,78.875061
PRJ-1123,PCL-10957,Bharatmala Economic Highway Ring 1,Highway / Expressway,Odisha,Angul,12.92,23,Low,0.75,0,Fully Disbursed,0,Notification Pending,Approved,61,0.89,Substantial Possession (>70%),Moderate,230,0.274,2026-01-15,2026-01-29,14,0,22.123082,84.064274
PRJ-1150,PCL-10958,Suburban Commuter Rapid Transit Line 3,Urban Metro / Transit,Maharashtra,Thane,11.52,45,High,0.83,1,Disputed in Escrow,243,Possession Taken (Sec 38),Approved,27,0.58,Initial Stage (<30%),Moderate,194,0.603,2024-07-27,2025-09-04,404,1,19.048377,75.638932
PRJ-1059,PCL-10959,Bharatmala Economic Highway Ring 2,Highway / Expressway,Madhya Pradesh,Jabalpur,24.47,23,Low,0.93,0,Fully Disbursed,0,Declaration Published (Sec 19),Approved,53,0.66,Full Possession,High / Cooperative,311,0.499,2026-07-14,2026-08-25,42,0,23.834398,76.273456
PRJ-1037,PCL-10960,Belagavi Ultra Mega Solar Park Unit 4,Renewable / Solar Park,Karnataka,Belagavi,58.64,70,Very High,0.6,1,Disputed in Escrow,604,Preliminary Notification (Sec 11),Approved,28,0.66,Partial Possession (30-70%),Low / Resistant,116,0.453,2026-08-25,,514,1,15.901934,74.975479
PRJ-1064,PCL-10961,Jabalpur Multi-Modal Logistics Park 2,Industrial Corridor / SEZ,Madhya Pradesh,Jabalpur,35.45,41,Medium,0.78,0,Fully Disbursed,0,Declaration Published (Sec 19),Approved,15,0.46,Substantial Possession (>70%),Moderate,341,0.187,2025-11-12,2025-11-23,11,0,25.872725,77.130714
PRJ-1125,PCL-10962,Bharatmala Economic Highway Ring 1,Highway / Expressway,Uttar Pradesh,Prayagraj,153.11,186,Medium,0.69,1,Disputed in Escrow,606,Preliminary Notification (Sec 11),Conditional Clearance,134,0.48,Initial Stage (<30%),High / Cooperative,262,0.448,2026-01-26,,383,1,26.715705,83.175372
PRJ-1148,PCL-10963,NH-67 Four-Laning Bypass Section 1,Highway / Expressway,Gujarat,Ahmedabad,24.1,30,Low,0.81,0,Partially Disbursed,119,Award Declared (Sec 23),Under Scrutiny,207,0.61,Substantial Possession (>70%),Moderate,158,0.694,2025-04-24,2026-01-30,281,1,21.458024,70.279044
PRJ-1245,PCL-10964,Haryana Dedicated High-Speed Rail Segment 5,Railway & Freight Corridor,Haryana,Faridabad,24.54,22,Medium,0.76,0,Partially Disbursed,128,Declaration Published (Sec 19),Resubmission Required,87,0.49,Substantial Possession (>70%),High / Cooperative,198,0.696,2024-03-02,2024-07-14,134,1,30.36242,76.062315
PRJ-1075,PCL-10965,Wind-Solar Hybrid Energy Grid 4,Renewable / Solar Park,Haryana,Gurugram,214.48,278,High,0.81,0,Partially Disbursed,133,Preliminary Notification (Sec 11),Approved,15,0.38,Initial Stage (<30%),Moderate,289,0.458,2023-09-05,2024-08-25,355,1,28.313579,76.920361
PRJ-1145,PCL-10966,Urban Flyover & Transit Hub 4,Urban Metro / Transit,Tamil Nadu,Tiruchirappalli,13.27,49,High,0.32,1,Disputed in Escrow,273,Possession Taken (Sec 38),Resubmission Required,218,0.78,Full Possession,Hostile / Legal Injunction,229,0.396,2024-06-07,2025-11-15,526,1,10.407136,77.807312
PRJ-1168,PCL-10967,Aviation Logistics Runway Package 3,Airport Infrastructure,Haryana,Panipat,34.11,84,Low,0.52,0,Partially Disbursed,138,Award Declared (Sec 23),Under Scrutiny,176,0.56,Full Possession,High / Cooperative,30,0.636,2026-05-13,2026-08-12,91,1,29.894383,77.012404
PRJ-1183,PCL-10968,Udaipur Cargo Terminal Expansion 5,Airport Infrastructure,Rajasthan,Udaipur,12.47,14,Low,0.52,0,Partially Disbursed,91,Notification Pending,Approved,42,0.42,Full Possession,High / Cooperative,252,0.356,2025-10-17,,42,0,24.472796,73.833941
PRJ-1040,PCL-10969,DMIC Special Investment Region Node 1,Industrial Corridor / SEZ,Tamil Nadu,Madurai,50.88,62,High,0.86,0,Disputed in Escrow,217,Preliminary Notification (Sec 11),Under Scrutiny,93,0.8,Contested / Encroached,Moderate,262,0.85,2025-05-05,,287,1,9.900854,79.827368
PRJ-1110,PCL-10970,Wind-Solar Hybrid Energy Grid 5,Renewable / Solar Park,Rajasthan,Udaipur,29.72,28,High,0.96,0,Partially Disbursed,145,Declaration Published (Sec 19),Approved,54,0.74,Initial Stage (<30%),Moderate,154,0.559,2026-01-07,,157,1,25.01127,71.621451
PRJ-1129,PCL-10971,Thane Metro Rail Extension Corridor 4,Urban Metro / Transit,Maharashtra,Thane,26.78,79,High,0.4,1,Pending Disbursal,93,Possession Taken (Sec 38),Conditional Clearance,253,0.3,Partial Possession (30-70%),High / Cooperative,282,0.32,2026-07-27,2027-07-07,345,1,20.344189,76.486103
PRJ-1046,PCL-10972,Maharashtra Dedicated High-Speed Rail Segment 4,Railway & Freight Corridor,Maharashtra,Nashik,21.81,40,Low,0.57,0,Partially Disbursed,172,Declaration Published (Sec 19),Approved,60,0.37,Full Possession,Moderate,172,0.183,2024-05-01,2024-11-15,198,1,19.510731,74.517707
PRJ-1011,PCL-10973,Urban Flyover & Transit Hub 3,Urban Metro / Transit,Gujarat,Surat,89.37,342,Medium,0.72,0,Pending Disbursal,191,Declaration Published (Sec 19),Approved,89,0.4,Full Possession,High / Cooperative,122,0.22,2026-11-02,2026-11-28,26,0,22.985166,69.897196
PRJ-1017,PCL-10974,Madurai Metro Rail Extension Corridor 2,Urban Metro / Transit,Tamil Nadu,Madurai,57.82,122,Medium,0.64,1,Disputed in Escrow,258,Preliminary Notification (Sec 11),Conditional Clearance,147,0.58,Substantial Possession (>70%),Low / Resistant,133,0.85,2025-03-21,,441,1,9.950779,79.877948
PRJ-1018,PCL-10975,Maharashtra Clean Energy Hub Sector 1,Renewable / Solar Park,Maharashtra,Aurangabad,88.61,166,Medium,0.57,0,Fully Disbursed,0,Preliminary Notification (Sec 11),Approved,84,0.52,Partial Possession (30-70%),Moderate,221,0.203,2024-07-05,2024-11-21,139,1,19.595786,77.430414
PRJ-1169,PCL-10976,Salem Metro Rail Extension Corridor 3,Urban Metro / Transit,Tamil Nadu,Salem,43.65,188,High,0.88,0,Fully Disbursed,0,Notification Pending,Conditional Clearance,225,0.66,Substantial Possession (>70%),Low / Resistant,182,0.612,2023-08-20,2024-04-04,228,1,12.56372,77.537931
PRJ-1110,PCL-10977,Wind-Solar Hybrid Energy Grid 5,Renewable / Solar Park,Rajasthan,Udaipur,68.51,113,Low,0.44,0,Partially Disbursed,53,Notification Pending,Approved,81,0.29,Partial Possession (30-70%),Moderate,228,0.305,2026-01-07,,9,0,26.25,74.0
PRJ-1058,PCL-10978,Prayagraj Lift Irrigation Main Canal Reach 1,Irrigation / Water Canal,Uttar Pradesh,Prayagraj,21.15,32,Medium,0.59,1,Partially Disbursed,89,Declaration Published (Sec 19),Approved,35,0.82,Substantial Possession (>70%),Moderate,30,0.544,2025-03-07,2025-12-25,293,1,26.95422,80.180878
PRJ-1038,PCL-10979,Command Area Distribution Network 3,Irrigation / Water Canal,Madhya Pradesh,Bhopal,12.11,20,Medium,0.68,0,Fully Disbursed,0,Declaration Published (Sec 19),Approved,74,0.39,Substantial Possession (>70%),High / Cooperative,140,0.686,2023-08-21,2023-09-17,27,0,23.112577,78.584575
PRJ-1072,PCL-10980,Western Freight Corridor Spur Line 3,Railway & Freight Corridor,Gujarat,Kutch,68.38,118,Medium,0.67,1,Disputed in Escrow,459,Preliminary Notification (Sec 11),Conditional Clearance,73,0.53,Partial Possession (30-70%),Moderate,234,0.515,2024-02-14,2025-04-01,412,1,23.378323,70.020234
PRJ-1142,PCL-10981,Madhya Pradesh Integrated Industrial Township 1,Industrial Corridor / SEZ,Madhya Pradesh,Gwalior,70.85,37,Low,0.72,0,Fully Disbursed,0,Preliminary Notification (Sec 11),Approved,61,0.63,Full Possession,High / Cooperative,200,0.551,2027-06-16,2027-07-19,33,0,24.25,78.25
PRJ-1042,PCL-10982,Industrial Rail Siding Network 1,Railway & Freight Corridor,Gujarat,Bharuch,47.85,95,Low,0.75,0,Fully Disbursed,0,Notification Pending,Approved,60,0.68,Full Possession,Moderate,365,0.381,2023-08-16,2023-09-21,36,0,21.289635,69.887857
PRJ-1195,PCL-10983,Visakhapatnam Ultra Mega Solar Park Unit 1,Renewable / Solar Park,Andhra Pradesh,Visakhapatnam,15.01,30,Low,0.48,0,Partially Disbursed,67,Notification Pending,Under Scrutiny,131,0.77,Substantial Possession (>70%),High / Cooperative,237,0.751,2025-02-24,2025-06-23,119,1,17.007586,81.943979
PRJ-1040,PCL-10984,DMIC Special Investment Region Node 1,Industrial Corridor / SEZ,Tamil Nadu,Madurai,25.84,33,Medium,0.7,0,Fully Disbursed,0,Possession Taken (Sec 38),Under Scrutiny,196,0.54,Full Possession,High / Cooperative,339,0.356,2025-05-05,2025-08-04,91,1,10.061963,79.605507
PRJ-1126,PCL-10985,Uttar Pradesh Clean Energy Hub Sector 4,Renewable / Solar Park,Uttar Pradesh,Lucknow,28.62,23,Medium,0.7,1,Pending Disbursal,152,Declaration Published (Sec 19),Approved,72,0.86,Contested / Encroached,High / Cooperative,182,0.646,2024-09-28,2025-07-25,300,1,26.334846,81.488007
PRJ-1165,PCL-10986,Kutch Lift Irrigation Main Canal Reach 5,Irrigation / Water Canal,Gujarat,Kutch,29.48,30,Low,0.94,0,Partially Disbursed,40,Possession Taken (Sec 38),Approved,46,0.38,Full Possession,Moderate,194,0.144,2025-04-02,2025-05-09,37,0,22.121742,69.265591
PRJ-1236,PCL-10987,Faridabad Lift Irrigation Main Canal Reach 5,Irrigation / Water Canal,Haryana,Faridabad,117.56,82,Medium,0.82,0,Pending Disbursal,184,Declaration Published (Sec 19),Approved,15,0.77,Full Possession,Moderate,195,0.612,2025-06-16,,196,1,29.533419,77.044394
PRJ-1201,PCL-10988,Odisha Integrated Industrial Township 2,Industrial Corridor / SEZ,Odisha,Khurda,10.58,15,High,0.65,1,Disputed in Escrow,618,Declaration Published (Sec 19),Under Scrutiny,182,0.73,Initial Stage (<30%),Low / Resistant,329,0.652,2024-08-23,2026-01-12,507,1,20.207319,85.477155
PRJ-1128,PCL-10989,Gujarat Green Express Corridor Phase 2,Highway / Expressway,Gujarat,Rajkot,146.25,244,High,0.51,1,Partially Disbursed,46,Declaration Published (Sec 19),Under Scrutiny,141,0.72,Initial Stage (<30%),High / Cooperative,177,0.169,2025-04-05,,263,1,22.545424,70.713587
PRJ-1158,PCL-10990,Urban Flyover & Transit Hub 3,Urban Metro / Transit,Haryana,Karnal,42.85,82,Medium,0.58,0,Partially Disbursed,165,Possession Taken (Sec 38),Approved,15,0.58,Full Possession,Moderate,30,0.504,2023-09-14,2023-10-12,28,0,29.028339,75.851326
PRJ-1043,PCL-10991,Salem Greenfield International Airport Phase 3,Airport Infrastructure,Tamil Nadu,Salem,19.56,42,High,0.85,1,Disputed in Escrow,371,Award Declared (Sec 23),Pending Environmental Clearance,163,0.71,Full Possession,Low / Resistant,252,0.407,2024-10-31,,396,1,11.120682,77.176414
PRJ-1189,PCL-10992,Haryana Green Express Corridor Phase 3,Highway / Expressway,Haryana,Gurugram,5.0,2,Very High,0.55,1,Partially Disbursed,126,Award Declared (Sec 23),Approved,15,0.59,Partial Possession (30-70%),Hostile / Legal Injunction,239,0.531,2025-06-08,2026-11-03,513,1,28.865834,76.848048
PRJ-1259,PCL-10993,Visakhapatnam Metro Rail Extension Corridor 1,Urban Metro / Transit,Andhra Pradesh,Visakhapatnam,57.11,127,Low,0.85,0,Partially Disbursed,100,Award Declared (Sec 23),Conditional Clearance,185,0.74,Full Possession,High / Cooperative,137,0.679,2024-03-19,2024-03-19,0,0,18.081608,78.160211
PRJ-1032,PCL-10994,Madhya Pradesh Dedicated High-Speed Rail Segment 5,Railway & Freight Corridor,Madhya Pradesh,Ujjain,91.8,114,Medium,0.91,1,Partially Disbursed,85,Declaration Published (Sec 19),Resubmission Required,101,0.8,Contested / Encroached,Hostile / Legal Injunction,242,0.451,2023-04-30,2024-06-20,417,1,25.014182,77.225546
PRJ-1132,PCL-10995,Tamil Nadu Green Express Corridor Phase 2,Highway / Expressway,Tamil Nadu,Tiruchirappalli,18.91,11,Medium,0.89,0,Fully Disbursed,0,Notification Pending,Under Scrutiny,192,0.64,Substantial Possession (>70%),Moderate,226,0.471,2024-07-28,2024-08-22,25,0,11.546213,79.788789
PRJ-1064,PCL-10996,Jabalpur Multi-Modal Logistics Park 2,Industrial Corridor / SEZ,Madhya Pradesh,Jabalpur,33.77,28,Medium,0.36,1,Partially Disbursed,133,Award Declared (Sec 23),Resubmission Required,122,0.62,Full Possession,Low / Resistant,148,0.218,2025-11-12,,390,1,24.445263,78.931322
PRJ-1040,PCL-10997,DMIC Special Investment Region Node 1,Industrial Corridor / SEZ,Tamil Nadu,Madurai,49.07,73,Medium,0.66,0,Fully Disbursed,0,Possession Taken (Sec 38),Resubmission Required,157,0.47,Initial Stage (<30%),Moderate,293,0.389,2025-05-05,2025-05-05,0,0,12.801116,79.896204
PRJ-1005,PCL-10998,Ahmedabad Multi-Modal Logistics Park 3,Industrial Corridor / SEZ,Gujarat,Ahmedabad,28.54,49,Very High,0.68,1,Disputed in Escrow,237,Notification Pending,Approved,86,0.51,Initial Stage (<30%),High / Cooperative,270,0.589,2025-05-08,,352,1,21.080949,69.863247
PRJ-1194,PCL-10999,NH-25 Four-Laning Bypass Section 4,Highway / Expressway,Madhya Pradesh,Ujjain,40.44,49,Medium,0.59,0,Pending Disbursal,302,Preliminary Notification (Sec 11),Pending Environmental Clearance,166,0.95,Initial Stage (<30%),Moderate,277,0.521,2025-06-25,2026-03-15,263,1,23.518949,79.125734
PRJ-1178,PCL-11000,Andhra Pradesh Dedicated High-Speed Rail Segment 3,Railway & Freight Corridor,Andhra Pradesh,Guntur,19.89,11,Low,0.87,0,Partially Disbursed,103,Preliminary Notification (Sec 11),Under Scrutiny,167,0.78,Full Possession,High / Cooperative,121,0.754,2023-09-10,2024-03-11,183,1,14.639276,78.333931
PRJ-1245,PCL-11001,Haryana Dedicated High-Speed Rail Segment 5,Railway & Freight Corridor,Haryana,Faridabad,65.59,65,Very High,0.82,0,Fully Disbursed,0,Declaration Published (Sec 19),Under Scrutiny,157,0.56,Substantial Possession (>70%),Moderate,98,0.437,2024-03-02,2024-09-11,193,1,28.873081,75.600115
PRJ-1232,PCL-11002,Maharashtra Inter-River Linking Canal Sector 4,Irrigation / Water Canal,Maharashtra,Nagpur,62.07,38,Low,0.89,0,Partially Disbursed,63,Notification Pending,Under Scrutiny,81,0.23,Initial Stage (<30%),High / Cooperative,139,0.536,2026-08-29,2026-12-28,121,1,18.847557,75.211246
PRJ-1011,PCL-11003,Urban Flyover & Transit Hub 3,Urban Metro / Transit,Gujarat,Surat,28.48,78,Medium,0.92,0,Fully Disbursed,0,Preliminary Notification (Sec 11),Approved,56,0.69,Full Possession,High / Cooperative,281,0.218,2026-11-02,,44,0,23.306253,70.534964
PRJ-1022,PCL-11004,Bharatmala Economic Highway Ring 5,Highway / Expressway,Gujarat,Vadodara,10.77,15,High,0.78,1,Pending Disbursal,103,Possession Taken (Sec 38),Approved,36,0.33,Initial Stage (<30%),Moderate,198,0.115,2024-12-27,2025-10-20,297,1,23.787159,72.899248
PRJ-1052,PCL-11005,Angul Metro Rail Extension Corridor 2,Urban Metro / Transit,Odisha,Angul,98.28,216,Medium,0.59,0,Partially Disbursed,141,Notification Pending,Approved,78,0.6,Substantial Possession (>70%),High / Cooperative,221,0.568,2026-05-21,2026-12-19,212,1,22.027245,86.122506
PRJ-1074,PCL-11006,Command Area Distribution Network 2,Irrigation / Water Canal,Gujarat,Kutch,24.56,46,Low,0.68,1,Pending Disbursal,92,Notification Pending,Resubmission Required,96,0.36,Contested / Encroached,Low / Resistant,220,0.26,2025-03-22,,331,1,22.851418,73.379247
PRJ-1070,PCL-11007,Command Area Distribution Network 1,Irrigation / Water Canal,Rajasthan,Jaipur,56.91,85,Medium,0.68,1,Pending Disbursal,99,Notification Pending,Conditional Clearance,104,0.44,Initial Stage (<30%),High / Cooperative,324,0.435,2025-08-31,2025-10-14,44,0,25.842812,72.300568
PRJ-1034,PCL-11008,Suburban Commuter Rapid Transit Line 3,Urban Metro / Transit,Haryana,Hisar,90.4,171,Low,0.74,0,Partially Disbursed,72,Possession Taken (Sec 38),Conditional Clearance,182,0.69,Partial Possession (30-70%),Hostile / Legal Injunction,38,0.515,2025-05-18,2026-03-01,287,1,29.977888,76.092952
PRJ-1193,PCL-11009,Prayagraj Lift Irrigation Main Canal Reach 5,Irrigation / Water Canal,Uttar Pradesh,Prayagraj,16.78,35,Medium,0.75,0,Partially Disbursed,146,Preliminary Notification (Sec 11),Pending Environmental Clearance,193,0.9,Full Possession,Moderate,149,0.342,2024-02-19,2024-06-17,119,1,28.006572,81.596564
PRJ-1188,PCL-11010,Andhra Pradesh Dedicated High-Speed Rail Segment 3,Railway & Freight Corridor,Andhra Pradesh,Krishna,119.14,179,Medium,0.65,0,Partially Disbursed,109,Notification Pending,Under Scrutiny,144,0.69,Contested / Encroached,Moderate,151,0.472,2025-03-19,,246,1,16.59883,81.170207
PRJ-1098,PCL-11011,Jaipur Metro Rail Extension Corridor 4,Urban Metro / Transit,Rajasthan,Jaipur,69.45,260,Medium,0.89,0,Fully Disbursed,0,Notification Pending,Under Scrutiny,105,0.57,Initial Stage (<30%),Moderate,185,0.176,2024-08-24,2024-10-30,67,0,24.526761,76.0012
PRJ-1012,PCL-11012,Uttar Pradesh Dedicated High-Speed Rail Segment 5,Railway & Freight Corridor,Uttar Pradesh,Noida,50.31,67,Low,0.92,0,Fully Disbursed,0,Possession Taken (Sec 38),Approved,77,0.72,Full Possession,Moderate,176,0.441,2026-03-01,2026-04-04,34,0,28.416077,80.604079
PRJ-1117,PCL-11013,NH-57 Four-Laning Bypass Section 1,Highway / Expressway,Tamil Nadu,Kanchipuram,45.24,66,Medium,0.81,0,Pending Disbursal,160,Notification Pending,Conditional Clearance,95,0.55,Partial Possession (30-70%),High / Cooperative,30,0.556,2024-11-09,2024-12-19,40,0,11.317979,77.733232
PRJ-1177,PCL-11014,Command Area Distribution Network 5,Irrigation / Water Canal,Andhra Pradesh,Krishna,47.72,12,Low,0.69,0,Fully Disbursed,0,Notification Pending,Conditional Clearance,166,0.29,Partial Possession (30-70%),Moderate,135,0.308,2025-09-30,2026-03-24,175,1,18.27409,82.397685
PRJ-1076,PCL-11015,Nashik Cargo Terminal Expansion 1,Airport Infrastructure,Maharashtra,Nashik,13.08,56,Medium,0.44,0,Fully Disbursed,0,Declaration Published (Sec 19),Approved,15,0.41,Substantial Possession (>70%),Moderate,93,0.415,2026-03-11,2026-10-11,214,1,19.309022,74.752647
PRJ-1075,PCL-11016,Wind-Solar Hybrid Energy Grid 4,Renewable / Solar Park,Haryana,Gurugram,16.83,12,Low,0.62,1,Disputed in Escrow,577,Award Declared (Sec 23),Approved,125,0.49,Substantial Possession (>70%),Low / Resistant,79,0.538,2023-09-05,2024-09-02,363,1,29.889578,77.083742
PRJ-1160,PCL-11017,Rajasthan Dedicated High-Speed Rail Segment 4,Railway & Freight Corridor,Rajasthan,Kota,28.11,69,High,0.66,1,Disputed in Escrow,180,Preliminary Notification (Sec 11),Under Scrutiny,164,0.21,Initial Stage (<30%),Hostile / Legal Injunction,359,0.347,2025-08-02,2027-03-28,603,1,27.78896,72.654219
PRJ-1200,PCL-11018,Kota Ultra Mega Solar Park Unit 4,Renewable / Solar Park,Rajasthan,Kota,25.72,37,High,0.83,1,Disputed in Escrow,596,Notification Pending,Approved,40,0.75,Contested / Encroached,Low / Resistant,254,0.347,2024-12-01,,402,1,24.325462,71.37539
PRJ-1034,PCL-11019,Suburban Commuter Rapid Transit Line 3,Urban Metro / Transit,Haryana,Hisar,11.53,36,Low,0.61,1,Disputed in Escrow,207,Possession Taken (Sec 38),Approved,56,0.61,Substantial Possession (>70%),Moderate,142,0.547,2025-05-18,,256,1,28.950459,75.656374
PRJ-1227,PCL-11020,Industrial Rail Siding Network 3,Railway & Freight Corridor,Rajasthan,Jodhpur,66.71,47,Medium,0.42,1,Disputed in Escrow,405,Possession Taken (Sec 38),Under Scrutiny,115,0.63,Partial Possession (30-70%),Low / Resistant,110,0.189,2024-01-17,2025-05-19,488,1,26.875122,74.749168
PRJ-1230,PCL-11021,Suburban Commuter Rapid Transit Line 5,Urban Metro / Transit,Gujarat,Rajkot,188.22,681,High,0.75,1,Fully Disbursed,0,Preliminary Notification (Sec 11),Conditional Clearance,220,0.77,Initial Stage (<30%),High / Cooperative,254,0.42,2023-04-11,2023-11-27,230,1,23.617763,72.244493
PRJ-1243,PCL-11022,NH-64 Four-Laning Bypass Section 1,Highway / Expressway,Uttar Pradesh,Noida,144.17,294,High,0.53,1,Disputed in Escrow,191,Possession Taken (Sec 38),Pending Environmental Clearance,154,0.4,Initial Stage (<30%),Hostile / Legal Injunction,265,0.401,2027-03-14,2028-07-05,479,1,28.187618,83.034686
PRJ-1102,PCL-11023,NH-60 Four-Laning Bypass Section 1,Highway / Expressway,Odisha,Cuttack,60.74,101,Very High,0.97,0,Fully Disbursed,0,Award Declared (Sec 23),Pending Environmental Clearance,140,0.79,Substantial Possession (>70%),Moderate,217,0.316,2025-07-21,2025-11-19,121,1,20.076933,84.676705
PRJ-1238,PCL-11024,Western Freight Corridor Spur Line 2,Railway & Freight Corridor,Andhra Pradesh,Nellore,37.79,71,Low,0.81,0,Fully Disbursed,0,Preliminary Notification (Sec 11),Approved,16,0.74,Substantial Possession (>70%),High / Cooperative,30,0.361,2026-02-25,2026-02-25,0,0,14.096822,82.212773
PRJ-1163,PCL-11025,Uttar Pradesh Integrated Industrial Township 3,Industrial Corridor / SEZ,Uttar Pradesh,Agra,95.41,136,Low,0.5,0,Fully Disbursed,0,Notification Pending,Approved,70,0.88,Full Possession,High / Cooperative,327,0.751,2026-04-29,2026-08-18,111,1,25.500011,80.72704
PRJ-1166,PCL-11026,Uttar Pradesh Green Express Corridor Phase 3,Highway / Expressway,Uttar Pradesh,Varanasi,35.78,37,Low,0.64,0,Fully Disbursed,0,Preliminary Notification (Sec 11),Approved,29,0.44,Full Possession,Moderate,215,0.434,2025-08-06,,193,1,25.212471,82.716263
PRJ-1241,PCL-11027,Western Freight Corridor Spur Line 3,Railway & Freight Corridor,Madhya Pradesh,Gwalior,5.0,13,Medium,0.59,0,Pending Disbursal,128,Preliminary Notification (Sec 11),Conditional Clearance,120,0.39,Substantial Possession (>70%),High / Cooperative,144,0.184,2026-06-08,2026-06-26,18,0,24.4004,80.987177
PRJ-1094,PCL-11028,DMIC Special Investment Region Node 1,Industrial Corridor / SEZ,Rajasthan,Alwar,49.48,83,Very High,0.56,1,Disputed in Escrow,431,Notification Pending,Approved,107,0.51,Contested / Encroached,Moderate,322,0.517,2026-11-28,,514,1,24.500287,72.190974
PRJ-1125,PCL-11029,Bharatmala Economic Highway Ring 1,Highway / Expressway,Uttar Pradesh,Prayagraj,57.85,54,Medium,0.67,1,Partially Disbursed,145,Preliminary Notification (Sec 11),Under Scrutiny,173,0.79,Contested / Encroached,High / Cooperative,172,0.549,2026-01-26,2026-08-29,215,1,28.030586,82.629611
PRJ-1207,PCL-11030,DMIC Special Investment Region Node 3,Industrial Corridor / SEZ,Madhya Pradesh,Gwalior,273.28,346,High,0.92,0,Fully Disbursed,0,Possession Taken (Sec 38),Under Scrutiny,119,0.65,Partial Possession (30-70%),Moderate,370,0.787,2022-08-02,2022-09-19,48,0,25.045279,81.414593
PRJ-1008,PCL-11031,Western Freight Corridor Spur Line 3,Railway & Freight Corridor,Rajasthan,Udaipur,28.9,32,Low,0.43,1,Pending Disbursal,257,Declaration Published (Sec 19),Approved,36,0.88,Partial Possession (30-70%),Hostile / Legal Injunction,110,0.416,2026-10-15,2028-01-30,472,1,25.65638,71.063284
PRJ-1172,PCL-11032,Jaipur Cargo Terminal Expansion 1,Airport Infrastructure,Rajasthan,Jaipur,9.14,15,Low,0.77,0,Partially Disbursed,74,Preliminary Notification (Sec 11),Resubmission Required,134,0.76,Full Possession,Moderate,135,0.599,2025-01-01,2025-02-09,39,0,26.421928,73.688966
PRJ-1021,PCL-11033,Karnataka Integrated Industrial Township 3,Industrial Corridor / SEZ,Karnataka,Belagavi,150.38,237,Medium,0.69,0,Partially Disbursed,34,Declaration Published (Sec 19),Approved,29,0.78,Initial Stage (<30%),Moderate,164,0.49,2025-09-25,2025-10-03,8,0,15.281879,76.25963
PRJ-1118,PCL-11034,Karnataka Integrated Industrial Township 2,Industrial Corridor / SEZ,Karnataka,Kalaburagi,41.55,87,Medium,0.95,0,Fully Disbursed,0,Declaration Published (Sec 19),Approved,98,0.43,Substantial Possession (>70%),Moderate,253,0.165,2024-03-17,2024-04-13,27,0,15.795337,76.285303
PRJ-1034,PCL-11035,Suburban Commuter Rapid Transit Line 3,Urban Metro / Transit,Haryana,Hisar,193.77,515,High,0.63,1,Disputed in Escrow,535,Possession Taken (Sec 38),Approved,29,0.47,Contested / Encroached,Low / Resistant,406,0.386,2025-05-18,2026-10-29,529,1,29.60345,76.088775
PRJ-1230,PCL-11036,Suburban Commuter Rapid Transit Line 5,Urban Metro / Transit,Gujarat,Rajkot,34.6,121,Medium,0.95,0,Fully Disbursed,0,Preliminary Notification (Sec 11),Resubmission Required,87,0.62,Full Possession,High / Cooperative,394,0.51,2023-04-11,2023-05-13,32,0,22.182439,69.91235
PRJ-1237,PCL-11037,Aviation Logistics Runway Package 2,Airport Infrastructure,Odisha,Sundargarh,28.25,57,Low,0.35,0,Partially Disbursed,69,Declaration Published (Sec 19),Approved,24,0.64,Substantial Possession (>70%),Low / Resistant,272,0.504,2023-06-26,2024-03-19,267,1,20.836735,85.486933
PRJ-1020,PCL-11038,Wind-Solar Hybrid Energy Grid 5,Renewable / Solar Park,Madhya Pradesh,Indore,39.49,58,Low,0.73,0,Partially Disbursed,124,Preliminary Notification (Sec 11),Under Scrutiny,267,0.63,Initial Stage (<30%),Moderate,123,0.431,2025-08-31,2025-10-04,34,0,25.528323,78.4557
PRJ-1200,PCL-11039,Kota Ultra Mega Solar Park Unit 4,Renewable / Solar Park,Rajasthan,Kota,49.57,75,Medium,0.95,1,Pending Disbursal,180,Award Declared (Sec 23),Pending Environmental Clearance,128,0.59,Partial Possession (30-70%),High / Cooperative,313,0.488,2024-12-01,2025-05-08,158,1,25.726132,74.705281
PRJ-1236,PCL-11040,Faridabad Lift Irrigation Main Canal Reach 5,Irrigation / Water Canal,Haryana,Faridabad,35.03,31,High,0.45,0,Partially Disbursed,64,Notification Pending,Conditional Clearance,142,0.71,Partial Possession (30-70%),Moderate,144,0.57,2025-06-16,2026-03-30,287,1,29.474628,75.922604
PRJ-1114,PCL-11041,NH-63 Four-Laning Bypass Section 3,Highway / Expressway,Odisha,Sundargarh,24.97,54,High,0.82,1,Partially Disbursed,50,Award Declared (Sec 23),Approved,15,0.31,Contested / Encroached,Hostile / Legal Injunction,161,0.186,2026-10-05,2028-01-21,473,1,21.80236,84.575333
PRJ-1092,PCL-11042,Wind-Solar Hybrid Energy Grid 5,Renewable / Solar Park,Haryana,Karnal,12.51,9,Medium,0.73,0,Pending Disbursal,203,Award Declared (Sec 23),Under Scrutiny,113,0.69,Contested / Encroached,High / Cooperative,291,0.341,2022-11-23,2022-12-22,29,0,30.243489,76.202366
PRJ-1115,PCL-11043,Wind-Solar Hybrid Energy Grid 4,Renewable / Solar Park,Madhya Pradesh,Jabalpur,14.43,5,Medium,0.9,1,Pending Disbursal,355,Award Declared (Sec 23),Resubmission Required,170,0.77,Contested / Encroached,High / Cooperative,200,0.159,2023-05-31,2024-01-24,238,1,25.835981,81.063308
PRJ-1009,PCL-11044,Kutch Lift Irrigation Main Canal Reach 5,Irrigation / Water Canal,Gujarat,Kutch,8.51,20,Low,0.72,1,Pending Disbursal,151,Notification Pending,Conditional Clearance,166,0.91,Substantial Possession (>70%),High / Cooperative,282,0.248,2024-05-15,2024-06-19,35,0,22.818663,72.376347
PRJ-1247,PCL-11045,Jodhpur Cargo Terminal Expansion 3,Airport Infrastructure,Rajasthan,Jodhpur,21.19,36,High,0.71,1,Disputed in Escrow,224,Award Declared (Sec 23),Approved,15,0.55,Partial Possession (30-70%),Moderate,339,0.393,2023-10-01,2024-11-08,404,1,26.685605,72.022408
PRJ-1233,PCL-11046,Suburban Commuter Rapid Transit Line 2,Urban Metro / Transit,Uttar Pradesh,Noida,25.47,57,Low,0.86,0,Fully Disbursed,0,Possession Taken (Sec 38),Under Scrutiny,87,0.45,Partial Possession (30-70%),High / Cooperative,195,0.745,2026-03-13,,26,0,25.415577,82.519036
PRJ-1219,PCL-11047,Aviation Logistics Runway Package 1,Airport Infrastructure,Haryana,Panipat,13.49,41,Medium,0.81,1,Disputed in Escrow,590,Preliminary Notification (Sec 11),Approved,85,0.57,Contested / Encroached,Low / Resistant,189,0.141,2023-09-03,2024-07-15,316,1,29.123584,76.152908
PRJ-1182,PCL-11048,Western Freight Corridor Spur Line 4,Railway & Freight Corridor,Karnataka,Kalaburagi,24.48,31,Very High,0.71,1,Pending Disbursal,157,Possession Taken (Sec 38),Approved,18,0.57,Partial Possession (30-70%),Low / Resistant,236,0.763,2026-02-12,2027-07-22,525,1,13.418891,75.775384
PRJ-1179,PCL-11049,Vadodara Greenfield International Airport Phase 5,Airport Infrastructure,Gujarat,Vadodara,73.55,302,High,0.69,1,Pending Disbursal,256,Notification Pending,Under Scrutiny,134,0.35,Contested / Encroached,Hostile / Legal Injunction,300,0.85,2024-08-04,2026-03-14,587,1,22.216361,72.966815
PRJ-1227,PCL-11050,Industrial Rail Siding Network 3,Railway & Freight Corridor,Rajasthan,Jodhpur,7.72,8,Medium,0.42,0,Pending Disbursal,233,Notification Pending,Under Scrutiny,117,0.34,Contested / Encroached,Low / Resistant,75,0.415,2024-01-17,2024-11-23,311,1,25.279968,76.139297
PRJ-1187,PCL-11051,Krishna Multi-Modal Logistics Park 3,Industrial Corridor / SEZ,Andhra Pradesh,Krishna,19.62,21,Medium,0.93,1,Disputed in Escrow,646,Preliminary Notification (Sec 11),Resubmission Required,228,0.5,Contested / Encroached,High / Cooperative,190,0.284,2024-03-30,2025-03-03,338,1,17.555051,79.604904
PRJ-1171,PCL-11052,Aviation Logistics Runway Package 2,Airport Infrastructure,Maharashtra,Nashik,20.42,25,Low,0.5,0,Partially Disbursed,180,Declaration Published (Sec 19),Approved,46,0.61,Full Possession,High / Cooperative,184,0.591,2025-11-07,2025-11-20,13,0,18.123648,79.018477
PRJ-1060,PCL-11053,Suburban Commuter Rapid Transit Line 4,Urban Metro / Transit,Madhya Pradesh,Ujjain,30.49,45,Low,0.65,1,Partially Disbursed,138,Notification Pending,Conditional Clearance,100,0.82,Initial Stage (<30%),High / Cooperative,172,0.417,2026-02-24,2026-06-13,109,1,25.566973,80.608305
PRJ-1197,PCL-11054,Bharuch Cargo Terminal Expansion 1,Airport Infrastructure,Gujarat,Bharuch,34.8,127,Low,0.79,0,Pending Disbursal,306,Possession Taken (Sec 38),Pending Environmental Clearance,166,0.68,Contested / Encroached,Low / Resistant,205,0.382,2023-08-18,2024-04-24,250,1,22.168894,71.777834
PRJ-1150,PCL-11055,Suburban Commuter Rapid Transit Line 3,Urban Metro / Transit,Maharashtra,Thane,20.86,37,Medium,0.64,0,Fully Disbursed,0,Award Declared (Sec 23),Approved,15,0.72,Initial Stage (<30%),Moderate,67,0.326,2024-07-27,2025-01-22,179,1,19.915122,74.00811
PRJ-1112,PCL-11056,Command Area Distribution Network 2,Irrigation / Water Canal,Odisha,Jajpur,29.54,42,High,0.92,1,Partially Disbursed,81,Notification Pending,Approved,73,0.84,Contested / Encroached,Low / Resistant,152,0.105,2023-11-11,2024-09-07,301,1,21.644,84.51676
PRJ-1157,PCL-11057,Industrial Rail Siding Network 1,Railway & Freight Corridor,Odisha,Angul,35.33,45,High,0.61,1,Pending Disbursal,194,Notification Pending,Under Scrutiny,127,0.37,Full Possession,Low / Resistant,334,0.679,2027-01-04,2028-09-09,614,1,21.172576,84.209258
PRJ-1045,PCL-11058,Uttar Pradesh Clean Energy Hub Sector 2,Renewable / Solar Park,Uttar Pradesh,Prayagraj,30.58,34,Medium,0.73,0,Pending Disbursal,226,Possession Taken (Sec 38),Approved,65,0.69,Substantial Possession (>70%),High / Cooperative,177,0.578,2024-12-29,,29,0,27.311535,79.005482
PRJ-1073,PCL-11059,Bharatmala Economic Highway Ring 1,Highway / Expressway,Uttar Pradesh,Noida,35.28,62,Medium,0.58,0,Partially Disbursed,56,Possession Taken (Sec 38),Approved,90,0.9,Initial Stage (<30%),High / Cooperative,218,0.482,2026-02-11,2026-03-16,33,0,27.153279,80.809012
PRJ-1241,PCL-11060,Western Freight Corridor Spur Line 3,Railway & Freight Corridor,Madhya Pradesh,Gwalior,73.47,83,Medium,0.51,0,Partially Disbursed,179,Declaration Published (Sec 19),Resubmission Required,155,0.2,Initial Stage (<30%),Moderate,364,0.326,2026-06-08,,293,1,22.822416,77.975867
PRJ-1110,PCL-11061,Wind-Solar Hybrid Energy Grid 5,Renewable / Solar Park,Rajasthan,Udaipur,38.23,81,Medium,0.52,0,Partially Disbursed,107,Declaration Published (Sec 19),Under Scrutiny,195,0.76,Full Possession,Moderate,247,0.587,2026-01-07,2026-01-16,9,0,27.310376,76.251196
PRJ-1187,PCL-11062,Krishna Multi-Modal Logistics Park 3,Industrial Corridor / SEZ,Andhra Pradesh,Krishna,80.11,115,High,0.98,1,Pending Disbursal,303,Preliminary Notification (Sec 11),Under Scrutiny,204,0.48,Initial Stage (<30%),Moderate,246,0.131,2024-03-30,2025-05-21,417,1,17.140869,79.248154
PRJ-1253,PCL-11063,Suburban Commuter Rapid Transit Line 1,Urban Metro / Transit,Odisha,Jajpur,19.67,46,High,0.36,1,Pending Disbursal,345,Notification Pending,Conditional Clearance,132,0.57,Substantial Possession (>70%),Low / Resistant,343,0.309,2023-07-06,2024-09-24,446,1,20.119052,86.232253
PRJ-1225,PCL-11064,Sundargarh Greenfield International Airport Phase 3,Airport Infrastructure,Odisha,Sundargarh,29.34,73,Low,0.3,0,Partially Disbursed,164,Possession Taken (Sec 38),Conditional Clearance,110,0.25,Full Possession,Moderate,117,0.823,2024-10-04,2025-07-06,275,1,19.556989,85.591817
PRJ-1071,PCL-11065,Maharashtra Dedicated High-Speed Rail Segment 1,Railway & Freight Corridor,Maharashtra,Pune,12.71,45,Low,0.72,0,Partially Disbursed,55,Declaration Published (Sec 19),Conditional Clearance,210,0.3,Substantial Possession (>70%),High / Cooperative,78,0.185,2024-08-01,2024-08-09,8,0,19.730778,76.623198
PRJ-1028,PCL-11066,Command Area Distribution Network 1,Irrigation / Water Canal,Gujarat,Ahmedabad,42.62,79,Low,0.83,0,Pending Disbursal,328,Notification Pending,Under Scrutiny,103,0.6,Contested / Encroached,Moderate,154,0.347,2024-07-23,2025-04-28,279,1,22.63914,69.812372
PRJ-1108,PCL-11067,Indore Multi-Modal Logistics Park 5,Industrial Corridor / SEZ,Madhya Pradesh,Indore,25.55,34,Medium,0.65,0,Partially Disbursed,45,Preliminary Notification (Sec 11),Approved,116,0.46,Full Possession,High / Cooperative,127,0.227,2024-04-08,2024-09-18,163,1,25.100606,79.671085
PRJ-1199,PCL-11068,Belagavi Ultra Mega Solar Park Unit 3,Renewable / Solar Park,Karnataka,Belagavi,225.34,406,High,0.7,1,Disputed in Escrow,263,Declaration Published (Sec 19),Pending Environmental Clearance,157,0.8,Initial Stage (<30%),High / Cooperative,273,0.153,2023-07-28,2024-03-27,243,1,15.712494,77.156953
PRJ-1048,PCL-11069,Madhya Pradesh Green Express Corridor Phase 3,Highway / Expressway,Madhya Pradesh,Gwalior,62.02,93,High,0.74,1,Pending Disbursal,102,Preliminary Notification (Sec 11),Approved,15,0.76,Initial Stage (<30%),Low / Resistant,82,0.396,2025-09-05,2026-06-19,287,1,22.150499,76.004978
PRJ-1099,PCL-11070,Bharatmala Economic Highway Ring 3,Highway / Expressway,Haryana,Hisar,75.4,141,Medium,0.81,1,Disputed in Escrow,435,Preliminary Notification (Sec 11),Under Scrutiny,184,0.78,Substantial Possession (>70%),Hostile / Legal Injunction,159,0.145,2023-08-29,2024-12-03,462,1,28.186053,77.114173
PRJ-1078,PCL-11071,Salem Greenfield International Airport Phase 1,Airport Infrastructure,Tamil Nadu,Salem,15.21,45,High,0.88,0,Fully Disbursed,0,Declaration Published (Sec 19),Approved,24,0.45,Substantial Possession (>70%),Hostile / Legal Injunction,164,0.8,2026-08-13,,362,1,12.037968,77.408235
PRJ-1058,PCL-11072,Prayagraj Lift Irrigation Main Canal Reach 1,Irrigation / Water Canal,Uttar Pradesh,Prayagraj,13.37,21,Low,0.54,1,Partially Disbursed,117,Notification Pending,Conditional Clearance,118,0.78,Contested / Encroached,Moderate,334,0.85,2025-03-07,2026-02-11,341,1,26.350779,78.61433
PRJ-1110,PCL-11073,Wind-Solar Hybrid Energy Grid 5,Renewable / Solar Park,Rajasthan,Udaipur,29.84,43,Low,0.71,0,Partially Disbursed,107,Notification Pending,Approved,30,0.77,Partial Possession (30-70%),Moderate,330,0.384,2026-01-07,,178,1,24.212901,74.424115
PRJ-1146,PCL-11074,Dharwad Multi-Modal Logistics Park 4,Industrial Corridor / SEZ,Karnataka,Dharwad,27.92,39,Medium,0.7,0,Partially Disbursed,113,Declaration Published (Sec 19),Approved,15,0.42,Full Possession,Low / Resistant,166,0.654,2025-10-19,2026-08-02,287,1,12.661276,76.336837
PRJ-1100,PCL-11075,Industrial Rail Siding Network 4,Railway & Freight Corridor,Rajasthan,Udaipur,83.38,160,High,0.89,1,Disputed in Escrow,515,Preliminary Notification (Sec 11),Conditional Clearance,130,0.73,Partial Possession (30-70%),Hostile / Legal Injunction,353,0.78,2023-10-04,2025-02-02,487,1,27.132753,73.21369
PRJ-1177,PCL-11076,Command Area Distribution Network 5,Irrigation / Water Canal,Andhra Pradesh,Krishna,70.9,88,Low,0.54,0,Fully Disbursed,0,Award Declared (Sec 23),Approved,31,0.75,Initial Stage (<30%),High / Cooperative,81,0.43,2025-09-30,2025-10-29,29,0,14.614095,81.453347
PRJ-1199,PCL-11077,Belagavi Ultra Mega Solar Park Unit 3,Renewable / Solar Park,Karnataka,Belagavi,68.14,60,Low,0.64,0,Partially Disbursed,36,Declaration Published (Sec 19),Resubmission Required,158,0.91,Initial Stage (<30%),Low / Resistant,262,0.671,2023-07-28,2024-05-03,280,1,14.054031,77.506864
PRJ-1186,PCL-11078,Surat Cargo Terminal Expansion 3,Airport Infrastructure,Gujarat,Surat,33.46,93,Low,0.9,0,Fully Disbursed,0,Preliminary Notification (Sec 11),Approved,62,0.89,Initial Stage (<30%),High / Cooperative,105,0.372,2026-06-10,,91,1,22.831328,71.158966
PRJ-1065,PCL-11079,Karnal Multi-Modal Logistics Park 3,Industrial Corridor / SEZ,Haryana,Karnal,27.97,47,Low,0.6,0,Fully Disbursed,0,Preliminary Notification (Sec 11),Approved,43,0.71,Partial Possession (30-70%),High / Cooperative,191,0.586,2027-01-28,,24,0,30.114026,76.55899
PRJ-1064,PCL-11080,Jabalpur Multi-Modal Logistics Park 2,Industrial Corridor / SEZ,Madhya Pradesh,Jabalpur,89.68,165,Very High,0.78,1,Pending Disbursal,306,Award Declared (Sec 23),Under Scrutiny,129,0.61,Partial Possession (30-70%),Low / Resistant,135,0.398,2025-11-12,2027-02-09,454,1,22.124185,77.374395
PRJ-1179,PCL-11081,Vadodara Greenfield International Airport Phase 5,Airport Infrastructure,Gujarat,Vadodara,15.11,29,Low,0.96,0,Pending Disbursal,218,Possession Taken (Sec 38),Approved,65,0.18,Substantial Possession (>70%),High / Cooperative,69,0.109,2024-08-04,2024-09-12,39,0,22.128712,70.920748
PRJ-1061,PCL-11082,Kota Ultra Mega Solar Park Unit 3,Renewable / Solar Park,Rajasthan,Kota,17.06,22,Low,0.73,0,Partially Disbursed,55,Possession Taken (Sec 38),Approved,72,0.74,Partial Possession (30-70%),Low / Resistant,303,0.417,2026-08-16,,227,1,27.55794,74.08368
PRJ-1022,PCL-11083,Bharatmala Economic Highway Ring 5,Highway / Expressway,Gujarat,Vadodara,22.88,45,Medium,0.69,0,Fully Disbursed,0,Preliminary Notification (Sec 11),Resubmission Required,121,0.22,Partial Possession (30-70%),High / Cooperative,171,0.691,2024-12-27,,149,1,22.628681,71.324148
PRJ-1022,PCL-11084,Bharatmala Economic Highway Ring 5,Highway / Expressway,Gujarat,Vadodara,28.23,5,Medium,0.79,0,Pending Disbursal,237,Award Declared (Sec 23),Resubmission Required,109,0.65,Contested / Encroached,High / Cooperative,166,0.631,2024-12-27,,192,1,22.234902,69.497332
PRJ-1206,PCL-11085,Haryana Inter-River Linking Canal Sector 3,Irrigation / Water Canal,Haryana,Faridabad,78.16,50,Medium,0.68,0,Partially Disbursed,120,Possession Taken (Sec 38),Approved,15,0.78,Substantial Possession (>70%),High / Cooperative,108,0.601,2025-07-08,,122,1,28.469954,76.887723
PRJ-1062,PCL-11086,Rajasthan Inter-River Linking Canal Sector 2,Irrigation / Water Canal,Rajasthan,Jaipur,28.14,57,High,0.38,1,Partially Disbursed,142,Award Declared (Sec 23),Conditional Clearance,186,0.84,Contested / Encroached,Low / Resistant,353,0.453,2024-09-07,2025-12-08,457,1,26.519535,73.0192
PRJ-1077,PCL-11087,Industrial Rail Siding Network 5,Railway & Freight Corridor,Uttar Pradesh,Kanpur,17.0,8,High,0.67,1,Fully Disbursed,0,Award Declared (Sec 23),Approved,82,0.43,Partial Possession (30-70%),Low / Resistant,243,0.386,2027-04-12,2028-07-09,454,1,25.318374,81.209795
PRJ-1013,PCL-11088,Karnal Ultra Mega Solar Park Unit 2,Renewable / Solar Park,Haryana,Karnal,17.7,2,Medium,0.3,1,Pending Disbursal,100,Award Declared (Sec 23),Under Scrutiny,106,0.76,Initial Stage (<30%),Low / Resistant,151,0.342,2025-04-13,,298,1,29.862231,77.060696
PRJ-1139,PCL-11089,NH-95 Four-Laning Bypass Section 2,Highway / Expressway,Maharashtra,Nagpur,33.3,59,Medium,0.83,0,Fully Disbursed,0,Notification Pending,Under Scrutiny,171,0.21,Partial Possession (30-70%),High / Cooperative,293,0.373,2024-10-03,2025-02-09,129,1,19.71509,75.066301
PRJ-1255,PCL-11090,NH-50 Four-Laning Bypass Section 3,Highway / Expressway,Haryana,Hisar,32.3,39,Very High,0.58,1,Partially Disbursed,142,Preliminary Notification (Sec 11),Conditional Clearance,144,0.61,Partial Possession (30-70%),Low / Resistant,182,0.219,2024-02-23,2025-05-30,462,1,30.280226,76.3005
PRJ-1150,PCL-11091,Suburban Commuter Rapid Transit Line 3,Urban Metro / Transit,Maharashtra,Thane,18.95,77,Low,0.67,0,Partially Disbursed,176,Award Declared (Sec 23),Approved,99,0.2,Partial Possession (30-70%),High / Cooperative,282,0.446,2024-07-27,2024-07-27,0,0,18.345961,78.861685
PRJ-1224,PCL-11092,Vadodara Multi-Modal Logistics Park 2,Industrial Corridor / SEZ,Gujarat,Vadodara,54.47,94,Medium,0.8,0,Pending Disbursal,318,Preliminary Notification (Sec 11),Approved,40,0.23,Contested / Encroached,Moderate,238,0.404,2024-02-02,2024-07-23,172,1,21.580744,72.292659
PRJ-1221,PCL-11093,Salem Multi-Modal Logistics Park 4,Industrial Corridor / SEZ,Tamil Nadu,Salem,67.75,45,Low,0.53,0,Pending Disbursal,177,Preliminary Notification (Sec 11),Approved,41,0.14,Full Possession,High / Cooperative,272,0.419,2025-04-24,2026-01-02,253,1,12.433613,80.012839
PRJ-1015,PCL-11094,Wind-Solar Hybrid Energy Grid 1,Renewable / Solar Park,Rajasthan,Alwar,26.89,34,High,0.47,1,Disputed in Escrow,222,Declaration Published (Sec 19),Approved,160,0.86,Contested / Encroached,Hostile / Legal Injunction,31,0.36,2025-03-04,2026-07-27,510,1,26.825628,74.946597
PRJ-1259,PCL-11095,Visakhapatnam Metro Rail Extension Corridor 1,Urban Metro / Transit,Andhra Pradesh,Visakhapatnam,61.97,177,Medium,0.89,0,Pending Disbursal,365,Notification Pending,Under Scrutiny,158,0.61,Contested / Encroached,High / Cooperative,217,0.466,2024-03-19,2024-03-20,1,0,17.943784,81.872193
PRJ-1016,PCL-11096,Western Freight Corridor Spur Line 1,Railway & Freight Corridor,Tamil Nadu,Tiruchirappalli,172.02,335,Very High,0.76,1,Partially Disbursed,60,Possession Taken (Sec 38),Pending Environmental Clearance,65,0.89,Contested / Encroached,Hostile / Legal Injunction,87,0.66,2025-06-05,2026-11-19,532,1,12.322084,79.689342
PRJ-1120,PCL-11097,Kanchipuram Cargo Terminal Expansion 3,Airport Infrastructure,Tamil Nadu,Kanchipuram,22.7,70,Medium,0.88,0,Pending Disbursal,222,Notification Pending,Approved,50,0.29,Initial Stage (<30%),High / Cooperative,147,0.15,2024-02-03,2024-02-03,0,0,11.491698,78.415096
PRJ-1048,PCL-11098,Madhya Pradesh Green Express Corridor Phase 3,Highway / Expressway,Madhya Pradesh,Gwalior,18.13,4,Medium,0.5,0,Partially Disbursed,51,Declaration Published (Sec 19),Under Scrutiny,98,0.62,Substantial Possession (>70%),High / Cooperative,242,0.577,2025-09-05,2025-10-11,36,0,25.696767,76.200912
PRJ-1085,PCL-11099,Command Area Distribution Network 2,Irrigation / Water Canal,Andhra Pradesh,Visakhapatnam,45.93,104,Low,0.54,0,Pending Disbursal,334,Preliminary Notification (Sec 11),Approved,54,0.75,Initial Stage (<30%),Moderate,217,0.654,2024-09-24,2025-06-23,272,1,16.689568,80.125025
PRJ-1061,PCL-11100,Kota Ultra Mega Solar Park Unit 3,Renewable / Solar Park,Rajasthan,Kota,6.0,7,Medium,0.64,1,Disputed in Escrow,508,Declaration Published (Sec 19),Approved,87,0.45,Partial Possession (30-70%),High / Cooperative,217,0.721,2026-08-16,2027-07-30,348,1,25.188066,75.713778
PRJ-1115,PCL-11101,Wind-Solar Hybrid Energy Grid 4,Renewable / Solar Park,Madhya Pradesh,Jabalpur,43.04,33,High,0.44,1,Disputed in Escrow,508,Possession Taken (Sec 38),Approved,22,0.25,Initial Stage (<30%),Low / Resistant,413,0.265,2023-05-31,2024-12-11,560,1,23.51655,77.465276
PRJ-1216,PCL-11102,Western Freight Corridor Spur Line 2,Railway & Freight Corridor,Gujarat,Kutch,37.63,57,Medium,0.76,0,Partially Disbursed,36,Award Declared (Sec 23),Under Scrutiny,181,0.79,Full Possession,High / Cooperative,327,0.156,2025-11-26,,135,1,23.085832,70.295376
PRJ-1174,PCL-11103,Command Area Distribution Network 1,Irrigation / Water Canal,Odisha,Angul,30.79,72,Medium,0.98,0,Fully Disbursed,0,Notification Pending,Under Scrutiny,135,0.5,Full Possession,Moderate,258,0.641,2023-12-27,2024-01-03,7,0,19.815745,84.434317
PRJ-1114,PCL-11104,NH-63 Four-Laning Bypass Section 3,Highway / Expressway,Odisha,Sundargarh,37.04,46,Low,0.76,0,Disputed in Escrow,382,Possession Taken (Sec 38),Approved,52,0.76,Contested / Encroached,High / Cooperative,267,0.124,2026-10-05,2026-10-27,22,0,20.241387,85.130352
PRJ-1035,PCL-11105,Uttar Pradesh Inter-River Linking Canal Sector 4,Irrigation / Water Canal,Uttar Pradesh,Prayagraj,42.66,34,Low,0.62,0,Partially Disbursed,93,Award Declared (Sec 23),Under Scrutiny,175,0.38,Contested / Encroached,High / Cooperative,335,0.492,2023-10-13,2024-04-01,171,1,26.494709,81.415491
PRJ-1084,PCL-11106,Andhra Pradesh Inter-River Linking Canal Sector 3,Irrigation / Water Canal,Andhra Pradesh,Guntur,16.85,25,Low,0.86,0,Pending Disbursal,264,Declaration Published (Sec 19),Resubmission Required,184,0.54,Full Possession,High / Cooperative,267,0.618,2024-10-17,2025-05-02,197,1,18.443748,82.328351
PRJ-1049,PCL-11107,Odisha Inter-River Linking Canal Sector 4,Irrigation / Water Canal,Odisha,Angul,16.21,39,High,0.91,0,Partially Disbursed,156,Declaration Published (Sec 19),Approved,27,0.84,Substantial Possession (>70%),Moderate,45,0.537,2023-01-29,2023-05-14,105,1,20.591582,86.155349
PRJ-1017,PCL-11108,Madurai Metro Rail Extension Corridor 2,Urban Metro / Transit,Tamil Nadu,Madurai,27.59,69,High,0.83,0,Partially Disbursed,153,Preliminary Notification (Sec 11),Conditional Clearance,129,0.56,Full Possession,Moderate,373,0.595,2025-03-21,2025-12-23,277,1,12.518342,79.210745
PRJ-1022,PCL-11109,Bharatmala Economic Highway Ring 5,Highway / Expressway,Gujarat,Vadodara,19.04,34,High,0.75,1,Partially Disbursed,50,Possession Taken (Sec 38),Approved,57,0.64,Initial Stage (<30%),Low / Resistant,113,0.354,2024-12-27,2025-02-24,59,0,22.635443,73.258275
PRJ-1168,PCL-11110,Aviation Logistics Runway Package 3,Airport Infrastructure,Haryana,Panipat,51.65,166,Very High,0.78,1,Pending Disbursal,217,Notification Pending,Approved,70,0.69,Initial Stage (<30%),Low / Resistant,311,0.357,2026-05-13,2027-05-02,354,1,29.544114,77.296322
PRJ-1196,PCL-11111,Aviation Logistics Runway Package 2,Airport Infrastructure,Madhya Pradesh,Gwalior,14.13,60,Low,0.81,0,Pending Disbursal,115,Preliminary Notification (Sec 11),Approved,15,0.55,Full Possession,Moderate,314,0.491,2026-03-24,,42,0,24.545774,79.457611
PRJ-1245,PCL-11112,Haryana Dedicated High-Speed Rail Segment 5,Railway & Freight Corridor,Haryana,Faridabad,68.17,136,High,0.8,1,Pending Disbursal,306,Preliminary Notification (Sec 11),Approved,15,0.26,Initial Stage (<30%),High / Cooperative,128,0.554,2024-03-02,2025-03-14,377,1,30.437242,76.018153
PRJ-1203,PCL-11113,Rajasthan Inter-River Linking Canal Sector 5,Irrigation / Water Canal,Rajasthan,Jaipur,20.72,16,Medium,0.77,0,Fully Disbursed,0,Award Declared (Sec 23),Under Scrutiny,158,0.67,Substantial Possession (>70%),High / Cooperative,369,0.142,2025-01-22,,91,1,24.961423,72.904889
PRJ-1155,PCL-11114,Andhra Pradesh Inter-River Linking Canal Sector 5,Irrigation / Water Canal,Andhra Pradesh,Guntur,23.11,41,Low,0.85,0,Disputed in Escrow,529,Award Declared (Sec 23),Conditional Clearance,136,0.36,Contested / Encroached,High / Cooperative,180,0.229,2022-06-15,2022-06-23,8,0,17.600772,79.513696
PRJ-1223,PCL-11115,Guntur Multi-Modal Logistics Park 3,Industrial Corridor / SEZ,Andhra Pradesh,Guntur,63.69,56,Medium,0.51,0,Pending Disbursal,251,Possession Taken (Sec 38),Pending Environmental Clearance,194,0.95,Initial Stage (<30%),High / Cooperative,248,0.398,2023-09-28,2024-02-05,130,1,15.947896,80.061255
PRJ-1015,PCL-11116,Wind-Solar Hybrid Energy Grid 1,Renewable / Solar Park,Rajasthan,Alwar,51.85,41,Low,0.27,0,Pending Disbursal,104,Possession Taken (Sec 38),Approved,98,0.62,Initial Stage (<30%),Moderate,278,0.343,2025-03-04,2025-09-11,191,1,26.563325,75.666849
PRJ-1196,PCL-11117,Aviation Logistics Runway Package 2,Airport Infrastructure,Madhya Pradesh,Gwalior,41.26,76,Medium,0.16,1,Pending Disbursal,261,Notification Pending,Under Scrutiny,118,0.27,Partial Possession (30-70%),Low / Resistant,127,0.272,2026-03-24,2027-06-04,437,1,25.496428,80.517445
PRJ-1218,PCL-11118,Bharatmala Economic Highway Ring 2,Highway / Expressway,Haryana,Hisar,58.42,36,Low,0.79,0,Fully Disbursed,0,Possession Taken (Sec 38),Under Scrutiny,85,0.46,Substantial Possession (>70%),Low / Resistant,184,0.756,2024-12-20,2025-07-31,223,1,28.434634,75.904802
PRJ-1035,PCL-11119,Uttar Pradesh Inter-River Linking Canal Sector 4,Irrigation / Water Canal,Uttar Pradesh,Prayagraj,42.32,30,Medium,0.91,0,Pending Disbursal,347,Award Declared (Sec 23),Under Scrutiny,151,0.61,Initial Stage (<30%),High / Cooperative,174,0.552,2023-10-13,2024-04-17,187,1,26.376488,78.609744
PRJ-1031,PCL-11120,Command Area Distribution Network 1,Irrigation / Water Canal,Maharashtra,Aurangabad,28.61,41,Low,0.85,0,Partially Disbursed,156,Notification Pending,Approved,15,0.78,Initial Stage (<30%),Moderate,211,0.454,2023-05-22,2023-09-25,126,1,18.067746,78.838398
PRJ-1184,PCL-11121,Faridabad Cargo Terminal Expansion 1,Airport Infrastructure,Haryana,Faridabad,124.25,192,Very High,0.82,0,Fully Disbursed,0,Award Declared (Sec 23),Pending Environmental Clearance,118,0.64,Substantial Possession (>70%),Moderate,194,0.405,2026-09-01,,175,1,29.115812,77.042628
PRJ-1057,PCL-11122,Gujarat Integrated Industrial Township 5,Industrial Corridor / SEZ,Gujarat,Rajkot,35.46,50,Low,0.93,0,Fully Disbursed,0,Award Declared (Sec 23),Under Scrutiny,185,0.49,Partial Possession (30-70%),Moderate,246,0.244,2026-04-19,2026-04-22,3,0,23.716613,69.285273
PRJ-1237,PCL-11123,Aviation Logistics Runway Package 2,Airport Infrastructure,Odisha,Sundargarh,24.27,79,Medium,0.93,0,Fully Disbursed,0,Preliminary Notification (Sec 11),Under Scrutiny,129,0.6,Partial Possession (30-70%),High / Cooperative,267,0.675,2023-06-26,2023-11-12,139,1,20.99068,86.678998
PRJ-1167,PCL-11124,Aviation Logistics Runway Package 4,Airport Infrastructure,Gujarat,Surat,10.81,22,Very High,0.6,0,Fully Disbursed,0,Award Declared (Sec 23),Under Scrutiny,208,0.5,Full Possession,High / Cooperative,275,0.159,2027-09-08,2028-03-14,188,1,23.598085,70.642928
PRJ-1101,PCL-11125,Guntur Lift Irrigation Main Canal Reach 2,Irrigation / Water Canal,Andhra Pradesh,Guntur,19.1,13,Low,0.51,0,Fully Disbursed,0,Notification Pending,Under Scrutiny,151,0.31,Partial Possession (30-70%),Low / Resistant,70,0.596,2026-10-07,2026-10-22,15,0,17.770244,78.425849
PRJ-1044,PCL-11126,Urban Flyover & Transit Hub 2,Urban Metro / Transit,Madhya Pradesh,Jabalpur,17.66,39,Low,0.33,1,Disputed in Escrow,265,Possession Taken (Sec 38),Approved,59,0.69,Substantial Possession (>70%),Low / Resistant,288,0.64,2023-04-08,2024-08-19,499,1,24.033301,80.81749
PRJ-1195,PCL-11127,Visakhapatnam Ultra Mega Solar Park Unit 1,Renewable / Solar Park,Andhra Pradesh,Visakhapatnam,62.54,97,Medium,0.54,0,Pending Disbursal,124,Notification Pending,Conditional Clearance,139,0.78,Initial Stage (<30%),High / Cooperative,117,0.344,2025-02-24,2025-03-05,9,0,17.064365,82.066274
PRJ-1100,PCL-11128,Industrial Rail Siding Network 4,Railway & Freight Corridor,Rajasthan,Udaipur,21.74,39,Low,0.89,0,Fully Disbursed,0,Notification Pending,Pending Environmental Clearance,191,0.47,Full Possession,Moderate,73,0.451,2023-10-04,2024-03-19,167,1,24.196081,74.642397
PRJ-1157,PCL-11129,Industrial Rail Siding Network 1,Railway & Freight Corridor,Odisha,Angul,43.58,84,High,0.67,1,Disputed in Escrow,382,Possession Taken (Sec 38),Under Scrutiny,102,0.63,Partial Possession (30-70%),Low / Resistant,182,0.609,2027-01-04,2028-04-15,467,1,19.58072,86.366164
PRJ-1177,PCL-11130,Command Area Distribution Network 5,Irrigation / Water Canal,Andhra Pradesh,Krishna,107.94,98,Medium,0.83,0,Fully Disbursed,0,Notification Pending,Approved,102,0.24,Substantial Possession (>70%),High / Cooperative,138,0.428,2025-09-30,,97,1,18.401154,79.416385
PRJ-1112,PCL-11131,Command Area Distribution Network 2,Irrigation / Water Canal,Odisha,Jajpur,32.82,37,Medium,0.82,0,Partially Disbursed,112,Declaration Published (Sec 19),Under Scrutiny,114,0.39,Full Possession,Moderate,235,0.523,2023-11-11,2024-07-15,247,1,20.720875,86.167551
PRJ-1258,PCL-11132,Odisha Integrated Industrial Township 2,Industrial Corridor / SEZ,Odisha,Cuttack,8.14,16,Medium,0.92,0,Disputed in Escrow,450,Notification Pending,Conditional Clearance,123,0.32,Contested / Encroached,Moderate,171,0.503,2024-03-08,2025-01-30,328,1,20.88248,84.739733
PRJ-1032,PCL-11133,Madhya Pradesh Dedicated High-Speed Rail Segment 5,Railway & Freight Corridor,Madhya Pradesh,Ujjain,117.46,152,High,0.67,1,Disputed in Escrow,528,Declaration Published (Sec 19),Approved,15,0.78,Partial Possession (30-70%),Hostile / Legal Injunction,171,0.656,2023-04-30,2024-12-27,607,1,23.39673,81.355816
PRJ-1196,PCL-11134,Aviation Logistics Runway Package 2,Airport Infrastructure,Madhya Pradesh,Gwalior,46.62,84,Low,0.65,0,Fully Disbursed,0,Notification Pending,Approved,94,0.71,Substantial Possession (>70%),Moderate,146,0.788,2026-03-24,2026-08-26,155,1,25.176079,76.170189
PRJ-1256,PCL-11135,Tamil Nadu Integrated Industrial Township 5,Industrial Corridor / SEZ,Tamil Nadu,Coimbatore,32.14,42,High,0.33,1,Disputed in Escrow,205,Notification Pending,Under Scrutiny,157,0.82,Partial Possession (30-70%),Moderate,209,0.539,2023-11-21,2024-12-02,377,1,9.652284,79.901847
PRJ-1023,PCL-11136,Maharashtra Green Express Corridor Phase 3,Highway / Expressway,Maharashtra,Nagpur,39.37,45,High,0.72,0,Fully Disbursed,0,Possession Taken (Sec 38),Approved,15,0.38,Full Possession,High / Cooperative,182,0.365,2024-09-30,2025-04-24,206,1,20.417022,73.145378
PRJ-1247,PCL-11137,Jodhpur Cargo Terminal Expansion 3,Airport Infrastructure,Rajasthan,Jodhpur,55.75,157,Very High,0.54,1,Partially Disbursed,45,Declaration Published (Sec 19),Pending Environmental Clearance,123,0.44,Partial Possession (30-70%),Moderate,113,0.457,2023-10-01,2024-09-10,345,1,27.19541,71.768046
PRJ-1125,PCL-11138,Bharatmala Economic Highway Ring 1,Highway / Expressway,Uttar Pradesh,Prayagraj,5.98,11,Low,0.8,0,Partially Disbursed,170,Declaration Published (Sec 19),Approved,95,0.43,Full Possession,High / Cooperative,71,0.649,2026-01-26,2026-02-20,25,0,27.229921,78.509283
PRJ-1051,PCL-11139,Wind-Solar Hybrid Energy Grid 1,Renewable / Solar Park,Andhra Pradesh,Kurnool,54.98,97,Low,0.68,0,Fully Disbursed,0,Award Declared (Sec 23),Conditional Clearance,189,0.77,Full Possession,Moderate,217,0.364,2025-10-13,2026-03-31,169,1,14.203425,79.022923
PRJ-1195,PCL-11140,Visakhapatnam Ultra Mega Solar Park Unit 1,Renewable / Solar Park,Andhra Pradesh,Visakhapatnam,62.72,24,Medium,0.72,0,Partially Disbursed,138,Award Declared (Sec 23),Approved,80,0.53,Full Possession,High / Cooperative,120,0.167,2025-02-24,2025-02-24,0,0,15.975153,78.415211
PRJ-1154,PCL-11141,Command Area Distribution Network 2,Irrigation / Water Canal,Maharashtra,Pune,64.86,100,High,0.75,0,Fully Disbursed,0,Possession Taken (Sec 38),Under Scrutiny,86,0.55,Full Possession,Hostile / Legal Injunction,342,0.616,2026-01-19,2027-03-28,433,1,20.565761,77.587336
PRJ-1138,PCL-11142,Gurugram Ultra Mega Solar Park Unit 2,Renewable / Solar Park,Haryana,Gurugram,131.69,178,Low,0.25,0,Fully Disbursed,0,Notification Pending,Approved,62,0.52,Substantial Possession (>70%),Low / Resistant,96,0.211,2026-01-08,2026-08-13,217,1,29.903822,76.441924
PRJ-1208,PCL-11143,Rajasthan Integrated Industrial Township 1,Industrial Corridor / SEZ,Rajasthan,Alwar,29.64,42,Medium,0.67,0,Partially Disbursed,174,Preliminary Notification (Sec 11),Under Scrutiny,162,0.53,Contested / Encroached,Moderate,260,0.456,2025-07-21,2026-06-11,325,1,24.750945,74.630906
PRJ-1038,PCL-11144,Command Area Distribution Network 3,Irrigation / Water Canal,Madhya Pradesh,Bhopal,27.85,45,Low,0.82,0,Partially Disbursed,126,Preliminary Notification (Sec 11),Under Scrutiny,212,0.71,Full Possession,High / Cooperative,271,0.196,2023-08-21,2023-11-20,91,1,23.651971,77.424373
PRJ-1045,PCL-11145,Uttar Pradesh Clean Energy Hub Sector 2,Renewable / Solar Park,Uttar Pradesh,Prayagraj,19.16,24,Medium,0.35,1,Pending Disbursal,185,Possession Taken (Sec 38),Approved,70,0.77,Contested / Encroached,Hostile / Legal Injunction,190,0.528,2024-12-29,,410,1,25.501184,82.808369
PRJ-1189,PCL-11146,Haryana Green Express Corridor Phase 3,Highway / Expressway,Haryana,Gurugram,23.77,44,Medium,0.78,0,Fully Disbursed,0,Possession Taken (Sec 38),Under Scrutiny,127,0.59,Partial Possession (30-70%),Moderate,150,0.311,2025-06-08,,27,0,30.292858,77.337416
PRJ-1152,PCL-11147,Urban Flyover & Transit Hub 5,Urban Metro / Transit,Madhya Pradesh,Ujjain,6.17,15,Medium,0.41,1,Partially Disbursed,53,Notification Pending,Conditional Clearance,112,0.8,Partial Possession (30-70%),Low / Resistant,346,0.342,2024-10-11,2025-12-17,432,1,23.744425,76.233221
PRJ-1084,PCL-11148,Andhra Pradesh Inter-River Linking Canal Sector 3,Irrigation / Water Canal,Andhra Pradesh,Guntur,126.63,132,Medium,0.71,0,Pending Disbursal,225,Award Declared (Sec 23),Approved,47,0.47,Substantial Possession (>70%),High / Cooperative,225,0.325,2024-10-17,2024-10-17,0,0,14.670018,82.670823
PRJ-1151,PCL-11149,Wind-Solar Hybrid Energy Grid 3,Renewable / Solar Park,Karnataka,Bengaluru Rural,25.3,31,Medium,0.33,1,Pending Disbursal,154,Award Declared (Sec 23),Under Scrutiny,192,0.61,Full Possession,Low / Resistant,164,0.629,2025-12-20,2027-06-10,537,1,14.376957,77.217005
PRJ-1026,PCL-11150,Gujarat Integrated Industrial Township 3,Industrial Corridor / SEZ,Gujarat,Ahmedabad,69.17,125,High,0.51,0,Partially Disbursed,84,Declaration Published (Sec 19),Approved,75,0.41,Initial Stage (<30%),Moderate,232,0.466,2024-10-07,2024-11-19,43,0,21.233771,70.806913
PRJ-1168,PCL-11151,Aviation Logistics Runway Package 3,Airport Infrastructure,Haryana,Panipat,35.92,78,Low,0.69,0,Pending Disbursal,354,Declaration Published (Sec 19),Approved,15,0.26,Partial Possession (30-70%),High / Cooperative,240,0.08,2026-05-13,,8,0,30.179818,77.23241
PRJ-1215,PCL-11152,Command Area Distribution Network 2,Irrigation / Water Canal,Uttar Pradesh,Agra,25.36,15,High,0.75,1,Partially Disbursed,119,Notification Pending,Under Scrutiny,179,0.35,Contested / Encroached,Low / Resistant,111,0.104,2025-11-23,,495,1,25.296459,83.134627
PRJ-1191,PCL-11153,Haryana Green Express Corridor Phase 4,Highway / Expressway,Haryana,Karnal,17.53,32,High,0.39,0,Fully Disbursed,0,Declaration Published (Sec 19),Approved,76,0.64,Partial Possession (30-70%),High / Cooperative,111,0.711,2024-06-27,2024-11-25,151,1,30.389339,76.709795
PRJ-1186,PCL-11154,Surat Cargo Terminal Expansion 3,Airport Infrastructure,Gujarat,Surat,78.33,300,Low,0.49,0,Fully Disbursed,0,Preliminary Notification (Sec 11),Conditional Clearance,132,0.71,Substantial Possession (>70%),Moderate,301,0.185,2026-06-10,,27,0,21.709497,72.644538
PRJ-1248,PCL-11155,Command Area Distribution Network 1,Irrigation / Water Canal,Karnataka,Kalaburagi,18.13,31,Low,0.57,0,Partially Disbursed,113,Award Declared (Sec 23),Approved,101,0.78,Substantial Possession (>70%),Moderate,289,0.343,2026-04-12,2026-05-02,20,0,13.806486,76.792115
PRJ-1212,PCL-11156,NH-93 Four-Laning Bypass Section 5,Highway / Expressway,Karnataka,Dharwad,21.06,27,Medium,0.47,0,Pending Disbursal,149,Possession Taken (Sec 38),Conditional Clearance,123,0.5,Full Possession,High / Cooperative,308,0.324,2026-03-12,2026-04-19,38,0,15.456181,76.38387
PRJ-1073,PCL-11157,Bharatmala Economic Highway Ring 1,Highway / Expressway,Uttar Pradesh,Noida,38.03,23,Medium,0.49,0,Partially Disbursed,39,Award Declared (Sec 23),Approved,78,0.62,Full Possession,High / Cooperative,136,0.08,2026-02-11,2026-03-09,26,0,28.373174,79.141797
PRJ-1207,PCL-11158,DMIC Special Investment Region Node 3,Industrial Corridor / SEZ,Madhya Pradesh,Gwalior,30.94,50,Low,0.81,0,Partially Disbursed,142,Award Declared (Sec 23),Under Scrutiny,134,0.64,Initial Stage (<30%),Hostile / Legal Injunction,312,0.401,2022-08-02,2023-10-01,425,1,23.025828,76.222326
PRJ-1078,PCL-11159,Salem Greenfield International Airport Phase 1,Airport Infrastructure,Tamil Nadu,Salem,50.77,203,Very High,0.56,0,Fully Disbursed,0,Notification Pending,Under Scrutiny,146,0.56,Contested / Encroached,Moderate,330,0.419,2026-08-13,2026-08-29,16,0,10.980301,77.237474
PRJ-1258,PCL-11160,Odisha Integrated Industrial Township 2,Industrial Corridor / SEZ,Odisha,Cuttack,21.65,38,High,0.71,0,Pending Disbursal,242,Possession Taken (Sec 38),Pending Environmental Clearance,166,0.85,Initial Stage (<30%),Moderate,155,0.593,2024-03-08,2024-12-30,297,1,20.057603,84.869827
PRJ-1028,PCL-11161,Command Area Distribution Network 1,Irrigation / Water Canal,Gujarat,Ahmedabad,10.3,2,Low,0.9,0,Fully Disbursed,0,Award Declared (Sec 23),Resubmission Required,157,0.35,Full Possession,High / Cooperative,148,0.441,2024-07-23,2024-08-17,25,0,22.341997,71.005067
PRJ-1005,PCL-11162,Ahmedabad Multi-Modal Logistics Park 3,Industrial Corridor / SEZ,Gujarat,Ahmedabad,34.79,31,High,0.83,0,Partially Disbursed,37,Notification Pending,Approved,97,0.5,Full Possession,High / Cooperative,279,0.138,2025-05-08,2025-05-23,15,0,22.772793,71.429705
PRJ-1237,PCL-11163,Aviation Logistics Runway Package 2,Airport Infrastructure,Odisha,Sundargarh,30.1,64,Very High,0.83,0,Fully Disbursed,0,Possession Taken (Sec 38),Under Scrutiny,166,0.43,Full Possession,High / Cooperative,196,0.522,2023-06-26,2023-07-14,18,0,21.575164,86.59179
PRJ-1087,PCL-11164,Command Area Distribution Network 2,Irrigation / Water Canal,Tamil Nadu,Kanchipuram,101.15,141,High,0.91,0,Fully Disbursed,0,Preliminary Notification (Sec 11),Under Scrutiny,133,0.71,Contested / Encroached,Moderate,241,0.523,2022-11-13,2022-12-19,36,0,11.705076,78.308981
PRJ-1070,PCL-11165,Command Area Distribution Network 1,Irrigation / Water Canal,Rajasthan,Jaipur,26.91,58,High,0.56,0,Fully Disbursed,0,Possession Taken (Sec 38),Conditional Clearance,155,0.57,Partial Possession (30-70%),Moderate,30,0.28,2025-08-31,2026-02-17,170,1,24.85186,76.36659
PRJ-1173,PCL-11166,Urban Flyover & Transit Hub 5,Urban Metro / Transit,Rajasthan,Kota,56.57,110,High,0.68,1,Disputed in Escrow,312,Possession Taken (Sec 38),Under Scrutiny,250,0.48,Initial Stage (<30%),Hostile / Legal Injunction,210,0.557,2025-07-10,2027-05-01,660,1,24.994235,75.294898
PRJ-1253,PCL-11167,Suburban Commuter Rapid Transit Line 1,Urban Metro / Transit,Odisha,Jajpur,22.63,49,Low,0.64,1,Pending Disbursal,277,Preliminary Notification (Sec 11),Pending Environmental Clearance,60,0.64,Initial Stage (<30%),Moderate,165,0.359,2023-07-06,2024-05-14,313,1,19.809722,85.245944
PRJ-1025,PCL-11168,Odisha Green Express Corridor Phase 4,Highway / Expressway,Odisha,Sundargarh,67.45,139,Medium,0.57,0,Fully Disbursed,0,Notification Pending,Approved,15,0.23,Full Possession,Low / Resistant,206,0.615,2025-09-08,,333,1,19.575279,85.11021
PRJ-1110,PCL-11169,Wind-Solar Hybrid Energy Grid 5,Renewable / Solar Park,Rajasthan,Udaipur,30.16,41,High,0.55,0,Partially Disbursed,54,Declaration Published (Sec 19),Resubmission Required,85,0.75,Full Possession,High / Cooperative,267,0.134,2026-01-07,2026-01-17,10,0,25.934996,74.038245
PRJ-1184,PCL-11170,Faridabad Cargo Terminal Expansion 1,Airport Infrastructure,Haryana,Faridabad,21.0,70,Medium,0.6,0,Fully Disbursed,0,Preliminary Notification (Sec 11),Approved,32,0.64,Initial Stage (<30%),High / Cooperative,276,0.21,2026-09-01,2026-09-01,0,0,28.88066,76.975081
PRJ-1010,PCL-11171,Madhya Pradesh Inter-River Linking Canal Sector 1,Irrigation / Water Canal,Madhya Pradesh,Indore,79.77,154,Very High,0.92,0,Partially Disbursed,152,Award Declared (Sec 23),Approved,15,0.54,Partial Possession (30-70%),High / Cooperative,190,0.539,2023-03-14,2023-10-30,230,1,23.800247,77.792228
PRJ-1246,PCL-11172,Bharatmala Economic Highway Ring 2,Highway / Expressway,Andhra Pradesh,Nellore,29.44,17,High,0.35,1,Disputed in Escrow,337,Notification Pending,Under Scrutiny,71,0.74,Contested / Encroached,Moderate,291,0.785,2024-11-19,,354,1,16.254197,81.452502
PRJ-1202,PCL-11173,Andhra Pradesh Clean Energy Hub Sector 5,Renewable / Solar Park,Andhra Pradesh,Guntur,86.43,157,Medium,0.69,0,Partially Disbursed,32,Preliminary Notification (Sec 11),Under Scrutiny,221,0.78,Contested / Encroached,High / Cooperative,224,0.358,2024-12-08,,33,0,16.209417,79.897187
PRJ-1201,PCL-11174,Odisha Integrated Industrial Township 2,Industrial Corridor / SEZ,Odisha,Khurda,80.65,102,Low,0.6,0,Pending Disbursal,166,Declaration Published (Sec 19),Conditional Clearance,149,0.72,Full Possession,High / Cooperative,207,0.326,2024-08-23,2024-09-24,32,0,20.027477,84.335573
PRJ-1036,PCL-11175,Bharatmala Economic Highway Ring 2,Highway / Expressway,Haryana,Gurugram,20.3,30,Medium,0.89,0,Fully Disbursed,0,Declaration Published (Sec 19),Approved,15,0.58,Partial Possession (30-70%),Low / Resistant,172,0.787,2024-05-20,2024-09-21,124,1,28.08656,77.046164
PRJ-1212,PCL-11176,NH-93 Four-Laning Bypass Section 5,Highway / Expressway,Karnataka,Dharwad,28.64,38,High,0.42,1,Partially Disbursed,64,Notification Pending,Pending Environmental Clearance,170,0.63,Partial Possession (30-70%),High / Cooperative,146,0.219,2026-03-12,2026-10-20,222,1,15.05114,75.327522
PRJ-1234,PCL-11177,Madhya Pradesh Integrated Industrial Township 5,Industrial Corridor / SEZ,Madhya Pradesh,Ujjain,87.13,124,High,0.8,1,Pending Disbursal,185,Preliminary Notification (Sec 11),Approved,46,0.6,Contested / Encroached,Low / Resistant,66,0.425,2025-12-16,2027-02-10,421,1,23.519965,80.659327
PRJ-1203,PCL-11178,Rajasthan Inter-River Linking Canal Sector 5,Irrigation / Water Canal,Rajasthan,Jaipur,31.07,45,Medium,0.71,0,Pending Disbursal,162,Possession Taken (Sec 38),Approved,80,0.19,Substantial Possession (>70%),Low / Resistant,184,0.65,2025-01-22,2025-12-17,329,1,24.254275,76.674182
PRJ-1238,PCL-11179,Western Freight Corridor Spur Line 2,Railway & Freight Corridor,Andhra Pradesh,Nellore,153.42,134,High,0.79,0,Pending Disbursal,205,Notification Pending,Approved,15,0.42,Substantial Possession (>70%),High / Cooperative,286,0.42,2026-02-25,,14,0,17.965684,81.455025
PRJ-1088,PCL-11180,Prayagraj Cargo Terminal Expansion 1,Airport Infrastructure,Uttar Pradesh,Prayagraj,35.07,105,Low,0.68,0,Fully Disbursed,0,Award Declared (Sec 23),Under Scrutiny,127,0.44,Substantial Possession (>70%),Moderate,362,0.675,2025-11-09,2026-05-17,189,1,25.279586,82.947284
PRJ-1109,PCL-11181,Kurnool Ultra Mega Solar Park Unit 3,Renewable / Solar Park,Andhra Pradesh,Kurnool,154.1,213,High,0.58,1,Pending Disbursal,330,Declaration Published (Sec 19),Conditional Clearance,104,0.38,Substantial Possession (>70%),Hostile / Legal Injunction,320,0.525,2026-09-17,,652,1,16.406334,79.678347
PRJ-1026,PCL-11182,Gujarat Integrated Industrial Township 3,Industrial Corridor / SEZ,Gujarat,Ahmedabad,25.27,48,Medium,0.6,0,Pending Disbursal,124,Notification Pending,Resubmission Required,167,0.71,Substantial Possession (>70%),Moderate,35,0.508,2024-10-07,2025-03-23,167,1,23.226196,72.451757
PRJ-1246,PCL-11183,Bharatmala Economic Highway Ring 2,Highway / Expressway,Andhra Pradesh,Nellore,26.82,31,Very High,0.58,1,Partially Disbursed,161,Declaration Published (Sec 19),Approved,32,0.46,Contested / Encroached,Moderate,345,0.391,2024-11-19,,329,1,18.006545,81.988159
PRJ-1110,PCL-11184,Wind-Solar Hybrid Energy Grid 5,Renewable / Solar Park,Rajasthan,Udaipur,12.26,30,High,0.98,0,Fully Disbursed,0,Award Declared (Sec 23),Approved,82,0.5,Full Possession,Moderate,165,0.315,2026-01-07,2026-02-03,27,0,26.756184,74.216262
PRJ-1068,PCL-11185,Maharashtra Inter-River Linking Canal Sector 2,Irrigation / Water Canal,Maharashtra,Pune,18.82,29,Low,0.87,0,Partially Disbursed,80,Preliminary Notification (Sec 11),Under Scrutiny,95,0.26,Partial Possession (30-70%),Hostile / Legal Injunction,188,0.687,2024-02-01,2025-04-28,452,1,20.731209,78.555627
PRJ-1066,PCL-11186,Faridabad Multi-Modal Logistics Park 3,Industrial Corridor / SEZ,Haryana,Faridabad,30.34,17,High,0.57,1,Partially Disbursed,142,Possession Taken (Sec 38),Approved,27,0.56,Contested / Encroached,Low / Resistant,239,0.4,2025-12-22,,364,1,28.136678,75.94493
PRJ-1191,PCL-11187,Haryana Green Express Corridor Phase 4,Highway / Expressway,Haryana,Karnal,7.53,8,Low,0.51,0,Fully Disbursed,0,Award Declared (Sec 23),Approved,48,0.41,Full Possession,High / Cooperative,197,0.513,2024-06-27,2024-06-29,2,0,29.772846,75.628715
PRJ-1030,PCL-11188,Rajasthan Integrated Industrial Township 5,Industrial Corridor / SEZ,Rajasthan,Udaipur,25.82,34,High,0.28,1,Disputed in Escrow,229,Notification Pending,Under Scrutiny,129,0.65,Substantial Possession (>70%),Low / Resistant,249,0.189,2023-11-18,2024-11-21,369,1,25.565511,75.728978
PRJ-1012,PCL-11189,Uttar Pradesh Dedicated High-Speed Rail Segment 5,Railway & Freight Corridor,Uttar Pradesh,Noida,14.65,12,Medium,0.87,0,Fully Disbursed,0,Award Declared (Sec 23),Approved,52,0.79,Substantial Possession (>70%),Moderate,296,0.394,2026-03-01,,57,0,27.265988,83.399609
PRJ-1112,PCL-11190,Command Area Distribution Network 2,Irrigation / Water Canal,Odisha,Jajpur,14.4,5,High,0.97,1,Partially Disbursed,129,Possession Taken (Sec 38),Approved,76,0.78,Initial Stage (<30%),Low / Resistant,191,0.761,2023-11-11,2024-10-24,348,1,19.860262,86.169927
PRJ-1104,PCL-11191,Haryana Inter-River Linking Canal Sector 1,Irrigation / Water Canal,Haryana,Karnal,46.78,29,Low,0.8,0,Pending Disbursal,303,Possession Taken (Sec 38),Under Scrutiny,127,0.52,Contested / Encroached,High / Cooperative,343,0.085,2025-06-25,2025-08-17,53,0,30.303326,76.347619
PRJ-1202,PCL-11192,Andhra Pradesh Clean Energy Hub Sector 5,Renewable / Solar Park,Andhra Pradesh,Guntur,28.72,40,Medium,0.65,0,Fully Disbursed,0,Award Declared (Sec 23),Approved,23,0.63,Full Possession,High / Cooperative,205,0.08,2024-12-08,2024-12-08,0,0,18.141391,78.462152
PRJ-1101,PCL-11193,Guntur Lift Irrigation Main Canal Reach 2,Irrigation / Water Canal,Andhra Pradesh,Guntur,29.45,31,Low,0.51,1,Pending Disbursal,282,Declaration Published (Sec 19),Under Scrutiny,134,0.61,Substantial Possession (>70%),High / Cooperative,59,0.603,2026-10-07,,269,1,17.063374,81.01283
PRJ-1061,PCL-11194,Kota Ultra Mega Solar Park Unit 3,Renewable / Solar Park,Rajasthan,Kota,27.41,32,High,0.78,0,Partially Disbursed,172,Award Declared (Sec 23),Approved,24,0.81,Full Possession,Low / Resistant,211,0.258,2026-08-16,2027-03-20,216,1,24.439222,76.765079
PRJ-1021,PCL-11195,Karnataka Integrated Industrial Township 3,Industrial Corridor / SEZ,Karnataka,Belagavi,92.03,182,Very High,0.9,1,Disputed in Escrow,255,Declaration Published (Sec 19),Conditional Clearance,174,0.8,Contested / Encroached,Low / Resistant,181,0.576,2025-09-25,2026-11-10,411,1,15.165625,76.127575
PRJ-1195,PCL-11196,Visakhapatnam Ultra Mega Solar Park Unit 1,Renewable / Solar Park,Andhra Pradesh,Visakhapatnam,74.91,93,Low,0.59,0,Disputed in Escrow,415,Declaration Published (Sec 19),Pending Environmental Clearance,207,0.59,Initial Stage (<30%),High / Cooperative,93,0.378,2025-02-24,,273,1,15.210147,79.034965
PRJ-1126,PCL-11197,Uttar Pradesh Clean Energy Hub Sector 4,Renewable / Solar Park,Uttar Pradesh,Lucknow,14.31,20,High,0.93,1,Disputed in Escrow,614,Notification Pending,Under Scrutiny,129,0.49,Full Possession,Moderate,269,0.453,2024-09-28,2026-01-17,476,1,25.936523,79.142457
PRJ-1137,PCL-11198,Bharatmala Economic Highway Ring 2,Highway / Expressway,Haryana,Faridabad,61.11,104,High,0.6,1,Pending Disbursal,322,Possession Taken (Sec 38),Under Scrutiny,169,0.69,Contested / Encroached,Low / Resistant,203,0.291,2023-09-09,2025-03-12,550,1,28.937508,76.437119
PRJ-1138,PCL-11199,Gurugram Ultra Mega Solar Park Unit 2,Renewable / Solar Park,Haryana,Gurugram,9.6,15,Low,0.82,0,Fully Disbursed,0,Notification Pending,Under Scrutiny,82,0.46,Initial Stage (<30%),High / Cooperative,281,0.502,2026-01-08,2026-01-08,0,0,29.78219,77.341209
PRJ-1258,PCL-11200,Odisha Integrated Industrial Township 2,Industrial Corridor / SEZ,Odisha,Cuttack,45.1,54,High,0.68,1,Pending Disbursal,101,Notification Pending,Under Scrutiny,168,0.68,Full Possession,High / Cooperative,318,0.307,2024-03-08,2024-12-21,288,1,20.544,86.228612
PRJ-1157,PCL-11201,Industrial Rail Siding Network 1,Railway & Freight Corridor,Odisha,Angul,21.52,12,Medium,0.77,0,Fully Disbursed,0,Possession Taken (Sec 38),Approved,61,0.84,Partial Possession (30-70%),High / Cooperative,354,0.26,2027-01-04,2027-01-26,22,0,20.870918,86.249868
PRJ-1123,PCL-11202,Bharatmala Economic Highway Ring 1,Highway / Expressway,Odisha,Angul,70.66,68,Low,0.52,0,Fully Disbursed,0,Declaration Published (Sec 19),Approved,21,0.53,Initial Stage (<30%),Moderate,317,0.093,2026-01-15,2026-07-29,195,1,19.58522,86.399313
PRJ-1136,PCL-11203,Jaipur Lift Irrigation Main Canal Reach 5,Irrigation / Water Canal,Rajasthan,Jaipur,23.99,18,High,0.75,0,Fully Disbursed,0,Award Declared (Sec 23),Pending Environmental Clearance,240,0.44,Full Possession,Hostile / Legal Injunction,261,0.374,2022-10-14,2023-10-30,381,1,26.912927,74.492775
PRJ-1232,PCL-11204,Maharashtra Inter-River Linking Canal Sector 4,Irrigation / Water Canal,Maharashtra,Nagpur,20.48,31,Low,0.49,0,Fully Disbursed,0,Notification Pending,Under Scrutiny,196,0.62,Partial Possession (30-70%),Low / Resistant,68,0.815,2026-08-29,2027-02-18,173,1,19.693057,74.458069
PRJ-1183,PCL-11205,Udaipur Cargo Terminal Expansion 5,Airport Infrastructure,Rajasthan,Udaipur,9.17,14,Medium,0.5,0,Pending Disbursal,233,Award Declared (Sec 23),Approved,78,0.58,Partial Possession (30-70%),Moderate,255,0.534,2025-10-17,2025-11-04,18,0,28.096911,71.888324
PRJ-1091,PCL-11206,Urban Flyover & Transit Hub 2,Urban Metro / Transit,Odisha,Cuttack,28.96,122,Low,0.66,0,Partially Disbursed,42,Preliminary Notification (Sec 11),Under Scrutiny,120,0.71,Substantial Possession (>70%),Moderate,257,0.451,2026-06-15,2026-09-18,95,1,20.675658,86.495778
PRJ-1013,PCL-11207,Karnal Ultra Mega Solar Park Unit 2,Renewable / Solar Park,Haryana,Karnal,76.84,86,Medium,0.34,0,Partially Disbursed,63,Notification Pending,Approved,59,0.24,Partial Possession (30-70%),High / Cooperative,236,0.423,2025-04-13,,200,1,29.709602,76.330752
PRJ-1002,PCL-11208,Suburban Commuter Rapid Transit Line 1,Urban Metro / Transit,Madhya Pradesh,Bhopal,69.68,234,Low,0.72,0,Pending Disbursal,314,Notification Pending,Approved,47,0.45,Contested / Encroached,Moderate,255,0.459,2023-09-07,2024-05-01,237,1,22.540491,80.880571
PRJ-1024,PCL-11209,Industrial Rail Siding Network 5,Railway & Freight Corridor,Karnataka,Kalaburagi,16.33,12,Medium,0.69,1,Partially Disbursed,148,Declaration Published (Sec 19),Approved,31,0.39,Full Possession,Moderate,322,0.632,2026-08-23,2027-05-31,281,1,12.728196,77.49648
PRJ-1064,PCL-11210,Jabalpur Multi-Modal Logistics Park 2,Industrial Corridor / SEZ,Madhya Pradesh,Jabalpur,17.6,6,High,0.71,1,Partially Disbursed,38,Declaration Published (Sec 19),Approved,24,0.4,Partial Possession (30-70%),Low / Resistant,153,0.818,2025-11-12,2026-11-20,373,1,25.434653,76.442747
PRJ-1201,PCL-11211,Odisha Integrated Industrial Township 2,Industrial Corridor / SEZ,Odisha,Khurda,10.51,15,Low,0.77,0,Partially Disbursed,118,Declaration Published (Sec 19),Conditional Clearance,83,0.81,Initial Stage (<30%),Moderate,182,0.596,2024-08-23,2025-01-09,139,1,20.007627,85.996284
PRJ-1110,PCL-11212,Wind-Solar Hybrid Energy Grid 5,Renewable / Solar Park,Rajasthan,Udaipur,16.56,8,Medium,0.89,0,Partially Disbursed,163,Notification Pending,Under Scrutiny,101,0.44,Full Possession,Moderate,195,0.486,2026-01-07,2026-06-25,169,1,28.051996,71.925316
PRJ-1114,PCL-11213,NH-63 Four-Laning Bypass Section 3,Highway / Expressway,Odisha,Sundargarh,17.21,25,Medium,0.89,0,Partially Disbursed,53,Preliminary Notification (Sec 11),Under Scrutiny,124,0.47,Substantial Possession (>70%),Moderate,259,0.517,2026-10-05,2027-02-13,131,1,21.582833,84.658855
PRJ-1255,PCL-11214,NH-50 Four-Laning Bypass Section 3,Highway / Expressway,Haryana,Hisar,34.42,56,Low,0.7,0,Fully Disbursed,0,Possession Taken (Sec 38),Approved,15,0.51,Substantial Possession (>70%),Low / Resistant,183,0.152,2024-02-23,2024-05-29,96,1,29.940989,75.779507
PRJ-1114,PCL-11215,NH-63 Four-Laning Bypass Section 3,Highway / Expressway,Odisha,Sundargarh,24.28,36,Very High,0.62,0,Partially Disbursed,141,Award Declared (Sec 23),Under Scrutiny,152,0.67,Full Possession,Low / Resistant,202,0.276,2026-10-05,,310,1,21.871666,85.557345
PRJ-1227,PCL-11216,Industrial Rail Siding Network 3,Railway & Freight Corridor,Rajasthan,Jodhpur,93.52,78,Very High,0.76,0,Fully Disbursed,0,Declaration Published (Sec 19),Pending Environmental Clearance,199,0.75,Substantial Possession (>70%),Moderate,178,0.292,2024-01-17,2024-02-14,28,0,27.366507,71.823042
PRJ-1150,PCL-11217,Suburban Commuter Rapid Transit Line 3,Urban Metro / Transit,Maharashtra,Thane,15.58,62,Medium,0.75,0,Pending Disbursal,184,Declaration Published (Sec 19),Conditional Clearance,171,0.5,Substantial Possession (>70%),Moderate,223,0.253,2024-07-27,2025-01-15,172,1,18.785893,74.035399
PRJ-1094,PCL-11218,DMIC Special Investment Region Node 1,Industrial Corridor / SEZ,Rajasthan,Alwar,19.42,25,Low,0.71,0,Fully Disbursed,0,Possession Taken (Sec 38),Pending Environmental Clearance,213,0.48,Full Possession,Moderate,176,0.241,2026-11-28,,49,0,27.662633,74.695801
PRJ-1029,PCL-11219,Jodhpur Cargo Terminal Expansion 1,Airport Infrastructure,Rajasthan,Jodhpur,38.17,107,Low,0.75,0,Fully Disbursed,0,Notification Pending,Pending Environmental Clearance,176,0.41,Partial Possession (30-70%),High / Cooperative,324,0.433,2025-10-10,2025-11-12,33,0,25.244847,75.083678
PRJ-1007,PCL-11220,Ahmedabad Lift Irrigation Main Canal Reach 3,Irrigation / Water Canal,Gujarat,Ahmedabad,17.05,36,Low,0.54,0,Fully Disbursed,0,Possession Taken (Sec 38),Approved,15,0.54,Partial Possession (30-70%),Moderate,253,0.359,2023-11-24,2023-12-17,23,0,23.626588,69.365643
PRJ-1188,PCL-11221,Andhra Pradesh Dedicated High-Speed Rail Segment 3,Railway & Freight Corridor,Andhra Pradesh,Krishna,17.18,3,Medium,0.78,0,Fully Disbursed,0,Declaration Published (Sec 19),Pending Environmental Clearance,100,0.85,Partial Possession (30-70%),High / Cooperative,130,0.277,2025-03-19,2025-04-09,21,0,15.748912,79.587772
PRJ-1138,PCL-11222,Gurugram Ultra Mega Solar Park Unit 2,Renewable / Solar Park,Haryana,Gurugram,24.98,46,Low,0.83,1,Disputed in Escrow,226,Notification Pending,Conditional Clearance,215,0.56,Initial Stage (<30%),High / Cooperative,207,0.193,2026-01-08,2026-08-29,233,1,28.22285,76.62583
PRJ-1255,PCL-11223,NH-50 Four-Laning Bypass Section 3,Highway / Expressway,Haryana,Hisar,22.02,38,Low,0.72,0,Fully Disbursed,0,Declaration Published (Sec 19),Under Scrutiny,110,0.39,Full Possession,High / Cooperative,55,0.568,2024-02-23,2024-03-15,21,0,28.908606,75.901239
PRJ-1255,PCL-11224,NH-50 Four-Laning Bypass Section 3,Highway / Expressway,Haryana,Hisar,43.95,23,Low,0.77,0,Partially Disbursed,140,Notification Pending,Approved,59,0.49,Substantial Possession (>70%),Low / Resistant,201,0.525,2024-02-23,2024-10-30,250,1,28.280626,76.935032
PRJ-1208,PCL-11225,Rajasthan Integrated Industrial Township 1,Industrial Corridor / SEZ,Rajasthan,Alwar,22.59,29,Low,0.96,0,Fully Disbursed,0,Notification Pending,Resubmission Required,135,0.2,Full Possession,High / Cooperative,96,0.218,2025-07-21,2025-07-21,0,0,24.209877,76.683857
PRJ-1015,PCL-11226,Wind-Solar Hybrid Energy Grid 1,Renewable / Solar Park,Rajasthan,Alwar,119.06,172,High,0.63,1,Pending Disbursal,211,Declaration Published (Sec 19),Pending Environmental Clearance,93,0.86,Initial Stage (<30%),Low / Resistant,163,0.75,2025-03-04,2026-06-29,482,1,26.075682,73.050801
PRJ-1159,PCL-11227,Nagpur Ultra Mega Solar Park Unit 2,Renewable / Solar Park,Maharashtra,Nagpur,96.38,142,Medium,0.95,1,Pending Disbursal,261,Declaration Published (Sec 19),Approved,80,0.6,Substantial Possession (>70%),High / Cooperative,259,0.311,2024-06-10,2024-12-13,186,1,18.638744,76.906755
PRJ-1036,PCL-11228,Bharatmala Economic Highway Ring 2,Highway / Expressway,Haryana,Gurugram,21.22,35,High,0.65,0,Partially Disbursed,102,Possession Taken (Sec 38),Approved,32,0.39,Full Possession,Moderate,202,0.212,2024-05-20,2025-04-10,325,1,28.894735,75.594686
PRJ-1238,PCL-11229,Western Freight Corridor Spur Line 2,Railway & Freight Corridor,Andhra Pradesh,Nellore,11.54,14,Medium,0.71,0,Partially Disbursed,109,Preliminary Notification (Sec 11),Approved,15,0.62,Full Possession,High / Cooperative,81,0.432,2026-02-25,2026-02-25,0,0,15.79083,79.565015
PRJ-1018,PCL-11230,Maharashtra Clean Energy Hub Sector 1,Renewable / Solar Park,Maharashtra,Aurangabad,14.95,19,Low,0.86,0,Fully Disbursed,0,Notification Pending,Conditional Clearance,149,0.47,Contested / Encroached,High / Cooperative,91,0.654,2024-07-05,2024-07-07,2,0,18.795102,75.166006
PRJ-1096,PCL-11231,Mysuru Ultra Mega Solar Park Unit 1,Renewable / Solar Park,Karnataka,Mysuru,53.87,40,Medium,0.67,0,Partially Disbursed,87,Award Declared (Sec 23),Approved,60,0.35,Partial Possession (30-70%),Moderate,113,0.528,2024-12-22,2025-07-04,194,1,17.268142,75.962414
PRJ-1092,PCL-11232,Wind-Solar Hybrid Energy Grid 5,Renewable / Solar Park,Haryana,Karnal,14.16,18,Medium,0.64,0,Fully Disbursed,0,Preliminary Notification (Sec 11),Pending Environmental Clearance,123,0.55,Substantial Possession (>70%),Moderate,250,0.733,2022-11-23,2023-01-01,39,0,28.933216,75.759232
PRJ-1172,PCL-11233,Jaipur Cargo Terminal Expansion 1,Airport Infrastructure,Rajasthan,Jaipur,9.48,20,Medium,0.71,0,Partially Disbursed,104,Declaration Published (Sec 19),Approved,61,0.42,Full Possession,High / Cooperative,177,0.245,2025-01-01,2025-04-08,97,1,26.741586,73.107218
PRJ-1063,PCL-11234,Western Freight Corridor Spur Line 2,Railway & Freight Corridor,Uttar Pradesh,Varanasi,24.18,35,High,0.57,0,Pending Disbursal,231,Notification Pending,Under Scrutiny,184,0.76,Partial Possession (30-70%),Moderate,194,0.209,2023-06-17,2023-07-30,43,0,26.394775,83.061216
PRJ-1210,PCL-11235,Aviation Logistics Runway Package 3,Airport Infrastructure,Rajasthan,Jaipur,47.96,157,High,0.51,1,Fully Disbursed,0,Award Declared (Sec 23),Under Scrutiny,161,0.82,Substantial Possession (>70%),Low / Resistant,131,0.446,2023-07-12,2024-06-10,334,1,25.210695,74.152365
PRJ-1112,PCL-11236,Command Area Distribution Network 2,Irrigation / Water Canal,Odisha,Jajpur,44.13,45,High,0.65,0,Fully Disbursed,0,Declaration Published (Sec 19),Approved,76,0.59,Initial Stage (<30%),Low / Resistant,112,0.375,2023-11-11,2024-01-13,63,0,22.119651,85.856321
PRJ-1229,PCL-11237,NH-92 Four-Laning Bypass Section 1,Highway / Expressway,Odisha,Angul,10.9,7,Medium,0.55,0,Pending Disbursal,355,Award Declared (Sec 23),Approved,15,0.81,Initial Stage (<30%),High / Cooperative,218,0.256,2024-04-08,2024-04-25,17,0,19.885631,85.916434
PRJ-1190,PCL-11238,NH-58 Four-Laning Bypass Section 2,Highway / Expressway,Madhya Pradesh,Jabalpur,70.58,56,High,0.79,1,Pending Disbursal,311,Award Declared (Sec 23),Approved,55,0.62,Substantial Possession (>70%),High / Cooperative,163,0.28,2023-03-13,2023-10-09,210,1,23.531384,80.172259
PRJ-1115,PCL-11239,Wind-Solar Hybrid Energy Grid 4,Renewable / Solar Park,Madhya Pradesh,Jabalpur,15.51,18,Medium,0.91,0,Fully Disbursed,0,Possession Taken (Sec 38),Approved,66,0.37,Substantial Possession (>70%),High / Cooperative,411,0.524,2023-05-31,2023-08-04,65,0,24.542924,80.316947
PRJ-1201,PCL-11240,Odisha Integrated Industrial Township 2,Industrial Corridor / SEZ,Odisha,Khurda,20.2,20,High,0.62,1,Pending Disbursal,130,Notification Pending,Under Scrutiny,218,0.63,Contested / Encroached,Hostile / Legal Injunction,317,0.773,2024-08-23,2026-01-07,502,1,20.044818,85.622346
PRJ-1185,PCL-11241,Bhopal Ultra Mega Solar Park Unit 2,Renewable / Solar Park,Madhya Pradesh,Bhopal,72.28,119,Medium,0.72,1,Disputed in Escrow,461,Award Declared (Sec 23),Approved,100,0.46,Partial Possession (30-70%),High / Cooperative,382,0.404,2026-11-26,,412,1,24.481222,76.260576
PRJ-1209,PCL-11242,Haryana Inter-River Linking Canal Sector 2,Irrigation / Water Canal,Haryana,Panipat,31.22,28,High,0.74,0,Fully Disbursed,0,Possession Taken (Sec 38),Approved,36,0.29,Full Possession,Moderate,184,0.454,2023-08-10,2024-01-03,146,1,28.428171,76.824422
PRJ-1231,PCL-11243,Suburban Commuter Rapid Transit Line 2,Urban Metro / Transit,Andhra Pradesh,Guntur,149.06,534,High,0.71,1,Pending Disbursal,104,Preliminary Notification (Sec 11),Under Scrutiny,170,0.66,Contested / Encroached,Low / Resistant,158,0.363,2025-10-18,2026-12-07,415,1,17.192505,80.086858
PRJ-1073,PCL-11244,Bharatmala Economic Highway Ring 1,Highway / Expressway,Uttar Pradesh,Noida,46.92,78,Very High,0.39,0,Fully Disbursed,0,Possession Taken (Sec 38),Approved,15,0.5,Full Possession,Moderate,144,0.187,2026-02-11,,157,1,26.984875,79.565131
PRJ-1020,PCL-11245,Wind-Solar Hybrid Energy Grid 5,Renewable / Solar Park,Madhya Pradesh,Indore,48.21,40,Low,0.8,0,Pending Disbursal,173,Declaration Published (Sec 19),Conditional Clearance,154,0.23,Substantial Possession (>70%),Moderate,53,0.36,2025-08-31,2025-11-30,91,1,23.379232,80.435423
PRJ-1093,PCL-11246,Tamil Nadu Dedicated High-Speed Rail Segment 2,Railway & Freight Corridor,Tamil Nadu,Kanchipuram,51.85,91,High,0.7,1,Pending Disbursal,168,Notification Pending,Conditional Clearance,118,0.69,Full Possession,Moderate,393,0.178,2023-04-23,2024-02-06,289,1,11.074749,78.094
PRJ-1170,PCL-11247,Maharashtra Clean Energy Hub Sector 1,Renewable / Solar Park,Maharashtra,Pune,83.53,64,High,0.87,1,Pending Disbursal,329,Possession Taken (Sec 38),Approved,15,0.35,Initial Stage (<30%),Moderate,242,0.264,2027-03-09,2028-03-25,382,1,19.213691,79.395642
PRJ-1234,PCL-11248,Madhya Pradesh Integrated Industrial Township 5,Industrial Corridor / SEZ,Madhya Pradesh,Ujjain,80.88,96,Medium,0.59,0,Fully Disbursed,0,Award Declared (Sec 23),Approved,29,0.8,Partial Possession (30-70%),Moderate,178,0.628,2025-12-16,2026-04-10,115,1,23.65688,80.271025
PRJ-1108,PCL-11249,Indore Multi-Modal Logistics Park 5,Industrial Corridor / SEZ,Madhya Pradesh,Indore,15.05,20,Low,0.92,0,Pending Disbursal,177,Declaration Published (Sec 19),Approved,84,0.5,Full Possession,Moderate,97,0.488,2024-04-08,2024-05-01,23,0,22.29662,81.075998
PRJ-1068,PCL-11250,Maharashtra Inter-River Linking Canal Sector 2,Irrigation / Water Canal,Maharashtra,Pune,70.48,79,High,0.82,0,Partially Disbursed,34,Preliminary Notification (Sec 11),Under Scrutiny,163,0.58,Full Possession,Low / Resistant,208,0.224,2024-02-01,2024-12-07,310,1,18.185333,76.507176
PRJ-1068,PCL-11251,Maharashtra Inter-River Linking Canal Sector 2,Irrigation / Water Canal,Maharashtra,Pune,29.82,13,High,0.67,0,Fully Disbursed,0,Notification Pending,Under Scrutiny,138,0.89,Partial Possession (30-70%),Low / Resistant,236,0.114,2024-02-01,2024-12-08,311,1,18.898755,78.688912
PRJ-1244,PCL-11252,Aviation Logistics Runway Package 3,Airport Infrastructure,Karnataka,Mysuru,32.54,92,Low,0.46,0,Partially Disbursed,76,Award Declared (Sec 23),Approved,62,0.58,Substantial Possession (>70%),High / Cooperative,230,0.377,2025-11-23,2026-01-04,42,0,15.696746,76.761148
PRJ-1226,PCL-11253,DMIC Special Investment Region Node 3,Industrial Corridor / SEZ,Rajasthan,Alwar,6.49,29,Low,0.63,1,Partially Disbursed,40,Notification Pending,Conditional Clearance,139,0.51,Partial Possession (30-70%),Low / Resistant,409,0.285,2023-07-15,2024-07-11,362,1,24.727979,75.048066
PRJ-1145,PCL-11254,Urban Flyover & Transit Hub 4,Urban Metro / Transit,Tamil Nadu,Tiruchirappalli,45.95,171,Medium,0.69,0,Fully Disbursed,0,Notification Pending,Conditional Clearance,129,0.77,Full Possession,High / Cooperative,205,0.323,2024-06-07,2024-11-01,147,1,11.972879,79.88606
PRJ-1067,PCL-11255,Sundargarh Cargo Terminal Expansion 2,Airport Infrastructure,Odisha,Sundargarh,46.01,86,Medium,0.83,0,Fully Disbursed,0,Notification Pending,Approved,46,0.44,Initial Stage (<30%),Moderate,184,0.238,2024-02-16,2024-04-04,48,0,19.769794,86.694181
PRJ-1038,PCL-11256,Command Area Distribution Network 3,Irrigation / Water Canal,Madhya Pradesh,Bhopal,37.34,76,Low,0.83,0,Fully Disbursed,0,Declaration Published (Sec 19),Approved,15,0.47,Substantial Possession (>70%),High / Cooperative,252,0.569,2023-08-21,2023-10-07,47,0,24.049424,75.366696
PRJ-1129,PCL-11257,Thane Metro Rail Extension Corridor 4,Urban Metro / Transit,Maharashtra,Thane,23.96,58,High,0.71,1,Partially Disbursed,66,Possession Taken (Sec 38),Pending Environmental Clearance,156,0.27,Contested / Encroached,Low / Resistant,284,0.553,2026-07-27,2027-10-28,458,1,20.06389,74.190498
PRJ-1094,PCL-11258,DMIC Special Investment Region Node 1,Industrial Corridor / SEZ,Rajasthan,Alwar,31.39,33,Low,0.75,0,Fully Disbursed,0,Award Declared (Sec 23),Under Scrutiny,156,0.79,Substantial Possession (>70%),High / Cooperative,523,0.274,2026-11-28,,28,0,24.769619,73.178228
PRJ-1100,PCL-11259,Industrial Rail Siding Network 4,Railway & Freight Corridor,Rajasthan,Udaipur,11.8,4,Low,0.68,1,Pending Disbursal,99,Award Declared (Sec 23),Under Scrutiny,134,0.69,Initial Stage (<30%),Hostile / Legal Injunction,216,0.66,2023-10-04,2024-12-20,443,1,27.306167,71.058896
PRJ-1170,PCL-11260,Maharashtra Clean Energy Hub Sector 1,Renewable / Solar Park,Maharashtra,Pune,11.69,21,Low,0.68,0,Partially Disbursed,119,Preliminary Notification (Sec 11),Under Scrutiny,122,0.41,Initial Stage (<30%),High / Cooperative,364,0.644,2027-03-09,2027-06-23,106,1,18.084056,76.0236
PRJ-1255,PCL-11261,NH-50 Four-Laning Bypass Section 3,Highway / Expressway,Haryana,Hisar,11.65,16,Medium,0.82,0,Pending Disbursal,252,Possession Taken (Sec 38),Approved,15,0.59,Substantial Possession (>70%),Moderate,231,0.251,2024-02-23,2024-03-04,10,0,28.667709,76.883783
PRJ-1243,PCL-11262,NH-64 Four-Laning Bypass Section 1,Highway / Expressway,Uttar Pradesh,Noida,13.47,22,Medium,0.9,0,Fully Disbursed,0,Notification Pending,Approved,20,0.77,Partial Possession (30-70%),High / Cooperative,303,0.85,2027-03-14,2027-06-13,91,1,26.134283,78.97068
PRJ-1081,PCL-11263,Industrial Rail Siding Network 4,Railway & Freight Corridor,Karnataka,Bengaluru Rural,20.59,16,High,0.71,1,Partially Disbursed,68,Notification Pending,Approved,63,0.29,Contested / Encroached,Hostile / Legal Injunction,292,0.175,2025-10-07,2027-02-15,496,1,13.289456,75.46468
PRJ-1224,PCL-11264,Vadodara Multi-Modal Logistics Park 2,Industrial Corridor / SEZ,Gujarat,Vadodara,37.93,76,Medium,0.42,0,Fully Disbursed,0,Declaration Published (Sec 19),Approved,73,0.52,Substantial Possession (>70%),Moderate,38,0.85,2024-02-02,2024-09-03,214,1,21.758655,71.99085
PRJ-1133,PCL-11265,Urban Flyover & Transit Hub 2,Urban Metro / Transit,Madhya Pradesh,Jabalpur,48.89,169,Medium,0.92,0,Fully Disbursed,0,Notification Pending,Conditional Clearance,102,0.67,Full Possession,High / Cooperative,155,0.555,2023-10-11,2024-01-28,109,1,24.79341,75.223234
PRJ-1115,PCL-11266,Wind-Solar Hybrid Energy Grid 4,Renewable / Solar Park,Madhya Pradesh,Jabalpur,12.0,17,Low,0.71,1,Disputed in Escrow,580,Preliminary Notification (Sec 11),Approved,32,0.92,Partial Possession (30-70%),Low / Resistant,161,0.751,2023-05-31,2024-06-13,379,1,25.149239,76.055017
PRJ-1058,PCL-11267,Prayagraj Lift Irrigation Main Canal Reach 1,Irrigation / Water Canal,Uttar Pradesh,Prayagraj,13.92,11,Medium,0.9,0,Fully Disbursed,0,Preliminary Notification (Sec 11),Approved,15,0.72,Substantial Possession (>70%),Moderate,234,0.306,2025-03-07,2025-03-12,5,0,27.468178,80.956963
PRJ-1030,PCL-11268,Rajasthan Integrated Industrial Township 5,Industrial Corridor / SEZ,Rajasthan,Udaipur,40.93,73,High,0.88,1,Pending Disbursal,347,Possession Taken (Sec 38),Approved,35,0.69,Initial Stage (<30%),Low / Resistant,94,0.578,2023-11-18,2025-03-04,472,1,25.763639,76.884049
PRJ-1161,PCL-11269,Andhra Pradesh Integrated Industrial Township 1,Industrial Corridor / SEZ,Andhra Pradesh,Visakhapatnam,50.47,112,Medium,0.92,0,Partially Disbursed,60,Notification Pending,Approved,54,0.32,Full Possession,High / Cooperative,294,0.432,2023-06-19,2023-06-29,10,0,16.341436,81.852098
PRJ-1093,PCL-11270,Tamil Nadu Dedicated High-Speed Rail Segment 2,Railway & Freight Corridor,Tamil Nadu,Kanchipuram,5.46,2,High,0.78,1,Fully Disbursed,0,Preliminary Notification (Sec 11),Approved,15,0.34,Substantial Possession (>70%),Moderate,99,0.611,2023-04-23,2024-05-21,394,1,9.930096,77.486819
PRJ-1112,PCL-11271,Command Area Distribution Network 2,Irrigation / Water Canal,Odisha,Jajpur,5.0,3,High,0.56,1,Disputed in Escrow,623,Preliminary Notification (Sec 11),Approved,67,0.66,Contested / Encroached,Hostile / Legal Injunction,158,0.337,2023-11-11,2025-04-18,524,1,21.619178,84.354473
PRJ-1209,PCL-11272,Haryana Inter-River Linking Canal Sector 2,Irrigation / Water Canal,Haryana,Panipat,56.29,90,Medium,0.82,0,Partially Disbursed,80,Preliminary Notification (Sec 11),Conditional Clearance,156,0.5,Full Possession,Moderate,286,0.435,2023-08-10,2024-03-31,234,1,29.461506,76.678717
PRJ-1222,PCL-11273,DMIC Special Investment Region Node 4,Industrial Corridor / SEZ,Uttar Pradesh,Kanpur,48.89,77,Low,0.64,1,Disputed in Escrow,562,Declaration Published (Sec 19),Under Scrutiny,145,0.57,Substantial Possession (>70%),High / Cooperative,202,0.321,2025-08-20,2026-03-28,220,1,26.485644,78.163059
PRJ-1002,PCL-11274,Suburban Commuter Rapid Transit Line 1,Urban Metro / Transit,Madhya Pradesh,Bhopal,49.46,194,Medium,0.83,0,Partially Disbursed,30,Award Declared (Sec 23),Under Scrutiny,165,0.46,Full Possession,Low / Resistant,165,0.246,2023-09-07,2024-05-13,249,1,23.465768,75.347045
PRJ-1088,PCL-11275,Prayagraj Cargo Terminal Expansion 1,Airport Infrastructure,Uttar Pradesh,Prayagraj,204.52,661,Low,0.51,0,Fully Disbursed,0,Possession Taken (Sec 38),Conditional Clearance,140,0.54,Initial Stage (<30%),High / Cooperative,162,0.376,2025-11-09,,40,0,27.293948,81.098598
PRJ-1106,PCL-11276,Madhya Pradesh Green Express Corridor Phase 1,Highway / Expressway,Madhya Pradesh,Jabalpur,44.54,77,Medium,0.78,1,Disputed in Escrow,388,Preliminary Notification (Sec 11),Under Scrutiny,171,0.49,Initial Stage (<30%),Low / Resistant,262,0.66,2023-05-03,2024-08-17,472,1,25.930862,78.260251
PRJ-1207,PCL-11277,DMIC Special Investment Region Node 3,Industrial Corridor / SEZ,Madhya Pradesh,Gwalior,9.4,19,Medium,0.84,1,Disputed in Escrow,277,Declaration Published (Sec 19),Under Scrutiny,121,0.42,Contested / Encroached,Low / Resistant,199,0.823,2022-08-02,2023-09-15,409,1,22.828946,77.961205
PRJ-1116,PCL-11278,Coimbatore Lift Irrigation Main Canal Reach 4,Irrigation / Water Canal,Tamil Nadu,Coimbatore,110.42,170,Very High,0.71,1,Disputed in Escrow,416,Notification Pending,Conditional Clearance,126,0.34,Substantial Possession (>70%),Low / Resistant,161,0.687,2024-07-16,2026-02-06,570,1,11.987447,77.522299
PRJ-1011,PCL-11279,Urban Flyover & Transit Hub 3,Urban Metro / Transit,Gujarat,Surat,48.76,138,Low,0.87,0,Partially Disbursed,178,Declaration Published (Sec 19),Approved,25,0.34,Initial Stage (<30%),High / Cooperative,280,0.267,2026-11-02,,20,0,22.227576,72.990873
PRJ-1137,PCL-11280,Bharatmala Economic Highway Ring 2,Highway / Expressway,Haryana,Faridabad,34.23,34,Medium,0.74,1,Disputed in Escrow,535,Preliminary Notification (Sec 11),Approved,42,0.54,Initial Stage (<30%),Low / Resistant,147,0.36,2023-09-09,2024-09-13,370,1,28.643669,75.692615
PRJ-1127,PCL-11281,Suburban Commuter Rapid Transit Line 2,Urban Metro / Transit,Andhra Pradesh,Kurnool,78.19,252,Medium,0.65,0,Pending Disbursal,167,Possession Taken (Sec 38),Approved,48,0.43,Partial Possession (30-70%),Moderate,180,0.635,2026-05-05,2026-11-17,196,1,16.430478,79.514652
PRJ-1088,PCL-11282,Prayagraj Cargo Terminal Expansion 1,Airport Infrastructure,Uttar Pradesh,Prayagraj,16.41,43,Low,0.48,0,Partially Disbursed,174,Declaration Published (Sec 19),Approved,65,0.52,Full Possession,High / Cooperative,201,0.444,2025-11-09,2026-03-14,125,1,27.129561,79.96107
PRJ-1005,PCL-11283,Ahmedabad Multi-Modal Logistics Park 3,Industrial Corridor / SEZ,Gujarat,Ahmedabad,27.88,44,Medium,0.75,0,Partially Disbursed,66,Notification Pending,Approved,25,0.64,Substantial Possession (>70%),Moderate,173,0.583,2025-05-08,,35,0,23.265589,72.297966
PRJ-1225,PCL-11284,Sundargarh Greenfield International Airport Phase 3,Airport Infrastructure,Odisha,Sundargarh,34.84,42,Low,0.97,0,Partially Disbursed,157,Award Declared (Sec 23),Under Scrutiny,184,0.57,Partial Possession (30-70%),Moderate,130,0.577,2024-10-04,2024-11-12,39,0,21.042645,85.120165
PRJ-1142,PCL-11285,Madhya Pradesh Integrated Industrial Township 1,Industrial Corridor / SEZ,Madhya Pradesh,Gwalior,45.6,76,High,0.78,1,Pending Disbursal,237,Possession Taken (Sec 38),Under Scrutiny,109,0.49,Initial Stage (<30%),Hostile / Legal Injunction,110,0.85,2027-06-16,2028-11-28,531,1,22.381179,78.307977
PRJ-1055,PCL-11286,Jodhpur Lift Irrigation Main Canal Reach 3,Irrigation / Water Canal,Rajasthan,Jodhpur,55.57,76,Low,0.76,1,Pending Disbursal,353,Possession Taken (Sec 38),Pending Environmental Clearance,221,0.71,Partial Possession (30-70%),High / Cooperative,30,0.302,2024-10-24,2025-04-14,172,1,28.437863,72.778507
PRJ-1017,PCL-11287,Madurai Metro Rail Extension Corridor 2,Urban Metro / Transit,Tamil Nadu,Madurai,42.56,125,Medium,0.45,0,Fully Disbursed,0,Notification Pending,Approved,29,0.42,Substantial Possession (>70%),High / Cooperative,271,0.469,2025-03-21,2025-06-20,91,1,10.10769,77.482577
PRJ-1114,PCL-11288,NH-63 Four-Laning Bypass Section 3,Highway / Expressway,Odisha,Sundargarh,72.89,104,Low,0.83,1,Pending Disbursal,211,Notification Pending,Under Scrutiny,135,0.3,Initial Stage (<30%),Moderate,298,0.698,2026-10-05,2028-01-05,457,1,19.551416,86.418602
PRJ-1055,PCL-11289,Jodhpur Lift Irrigation Main Canal Reach 3,Irrigation / Water Canal,Rajasthan,Jodhpur,77.26,133,Low,0.68,1,Pending Disbursal,96,Preliminary Notification (Sec 11),Approved,18,0.62,Full Possession,Low / Resistant,162,0.3,2024-10-24,2025-09-01,312,1,26.484662,73.504365
PRJ-1207,PCL-11290,DMIC Special Investment Region Node 3,Industrial Corridor / SEZ,Madhya Pradesh,Gwalior,59.76,89,Medium,0.77,0,Pending Disbursal,288,Award Declared (Sec 23),Approved,51,0.5,Partial Possession (30-70%),High / Cooperative,236,0.25,2022-08-02,2022-12-31,151,1,22.498019,80.737069
PRJ-1225,PCL-11291,Sundargarh Greenfield International Airport Phase 3,Airport Infrastructure,Odisha,Sundargarh,13.23,35,Low,0.48,1,Disputed in Escrow,647,Preliminary Notification (Sec 11),Under Scrutiny,147,0.57,Initial Stage (<30%),High / Cooperative,192,0.08,2024-10-04,2025-06-26,265,1,22.094745,85.845409
PRJ-1018,PCL-11292,Maharashtra Clean Energy Hub Sector 1,Renewable / Solar Park,Maharashtra,Aurangabad,87.73,71,Medium,0.65,1,Pending Disbursal,241,Award Declared (Sec 23),Pending Environmental Clearance,172,0.77,Partial Possession (30-70%),Moderate,38,0.258,2024-07-05,2025-04-30,299,1,18.140567,77.08855
PRJ-1023,PCL-11293,Maharashtra Green Express Corridor Phase 3,Highway / Expressway,Maharashtra,Nagpur,58.45,69,Medium,0.42,1,Disputed in Escrow,264,Award Declared (Sec 23),Pending Environmental Clearance,163,0.78,Partial Possession (30-70%),Hostile / Legal Injunction,238,0.13,2024-09-30,2025-11-27,423,1,19.190845,74.805256
PRJ-1065,PCL-11294,Karnal Multi-Modal Logistics Park 3,Industrial Corridor / SEZ,Haryana,Karnal,104.82,162,High,0.84,1,Pending Disbursal,181,Declaration Published (Sec 19),Pending Environmental Clearance,168,0.61,Substantial Possession (>70%),Low / Resistant,189,0.507,2027-01-28,2028-03-19,416,1,28.33039,77.279306
PRJ-1111,PCL-11295,Kalaburagi Multi-Modal Logistics Park 4,Industrial Corridor / SEZ,Karnataka,Kalaburagi,24.9,15,High,0.82,0,Pending Disbursal,245,Notification Pending,Approved,35,0.74,Contested / Encroached,Moderate,339,0.324,2026-12-07,,158,1,17.116164,76.622052
PRJ-1224,PCL-11296,Vadodara Multi-Modal Logistics Park 2,Industrial Corridor / SEZ,Gujarat,Vadodara,36.15,65,Low,0.69,1,Disputed in Escrow,250,Award Declared (Sec 23),Approved,15,0.85,Partial Possession (30-70%),High / Cooperative,374,0.432,2024-02-02,2024-10-15,256,1,21.996147,69.474111
PRJ-1029,PCL-11297,Jodhpur Cargo Terminal Expansion 1,Airport Infrastructure,Rajasthan,Jodhpur,31.79,72,Low,0.89,0,Pending Disbursal,331,Declaration Published (Sec 19),Pending Environmental Clearance,136,0.85,Initial Stage (<30%),High / Cooperative,320,0.461,2025-10-10,2025-11-19,40,0,24.064627,72.519907
PRJ-1081,PCL-11298,Industrial Rail Siding Network 4,Railway & Freight Corridor,Karnataka,Bengaluru Rural,71.37,98,Medium,0.82,0,Partially Disbursed,112,Notification Pending,Approved,123,0.67,Full Possession,Moderate,220,0.315,2025-10-07,,10,0,14.635434,75.41624
PRJ-1178,PCL-11299,Andhra Pradesh Dedicated High-Speed Rail Segment 3,Railway & Freight Corridor,Andhra Pradesh,Guntur,16.17,14,Low,0.79,0,Partially Disbursed,144,Preliminary Notification (Sec 11),Approved,61,0.59,Initial Stage (<30%),Moderate,360,0.608,2023-09-10,2023-10-30,50,0,14.66575,82.260165
PRJ-1025,PCL-11300,Odisha Green Express Corridor Phase 4,Highway / Expressway,Odisha,Sundargarh,59.75,72,Medium,0.95,0,Fully Disbursed,0,Declaration Published (Sec 19),Approved,91,0.3,Full Possession,High / Cooperative,356,0.85,2025-09-08,2026-03-06,179,1,20.494509,85.668073
PRJ-1152,PCL-11301,Urban Flyover & Transit Hub 5,Urban Metro / Transit,Madhya Pradesh,Ujjain,56.24,167,High,0.63,0,Partially Disbursed,81,Award Declared (Sec 23),Approved,15,0.76,Initial Stage (<30%),Moderate,267,0.492,2024-10-11,2025-07-19,281,1,22.543394,80.102613
PRJ-1251,PCL-11302,Rajasthan Dedicated High-Speed Rail Segment 3,Railway & Freight Corridor,Rajasthan,Udaipur,12.06,6,Medium,0.8,0,Fully Disbursed,0,Declaration Published (Sec 19),Approved,15,0.29,Substantial Possession (>70%),High / Cooperative,157,0.498,2026-05-18,2026-06-01,14,0,26.296398,71.228682
PRJ-1219,PCL-11303,Aviation Logistics Runway Package 1,Airport Infrastructure,Haryana,Panipat,16.75,38,High,0.9,1,Pending Disbursal,179,Possession Taken (Sec 38),Under Scrutiny,155,0.6,Substantial Possession (>70%),Hostile / Legal Injunction,230,0.438,2023-09-03,2025-03-06,550,1,30.297214,76.524662
PRJ-1223,PCL-11304,Guntur Multi-Modal Logistics Park 3,Industrial Corridor / SEZ,Andhra Pradesh,Guntur,70.07,79,Low,0.42,1,Disputed in Escrow,288,Award Declared (Sec 23),Conditional Clearance,187,0.52,Initial Stage (<30%),Low / Resistant,153,0.57,2023-09-28,2025-02-12,503,1,14.8594,81.402929
PRJ-1026,PCL-11305,Gujarat Integrated Industrial Township 3,Industrial Corridor / SEZ,Gujarat,Ahmedabad,47.39,57,Medium,0.72,0,Pending Disbursal,344,Preliminary Notification (Sec 11),Conditional Clearance,125,0.53,Partial Possession (30-70%),High / Cooperative,203,0.42,2024-10-07,,170,1,21.344429,71.53391
PRJ-1204,PCL-11306,Gujarat Inter-River Linking Canal Sector 3,Irrigation / Water Canal,Gujarat,Bharuch,176.5,196,Medium,0.62,0,Partially Disbursed,126,Possession Taken (Sec 38),Approved,51,0.79,Initial Stage (<30%),High / Cooperative,136,0.418,2024-09-18,2025-01-30,134,1,22.757666,69.337339
PRJ-1015,PCL-11307,Wind-Solar Hybrid Energy Grid 1,Renewable / Solar Park,Rajasthan,Alwar,86.17,126,Medium,0.63,0,Partially Disbursed,89,Award Declared (Sec 23),Approved,15,0.63,Partial Possession (30-70%),High / Cooperative,82,0.251,2025-03-04,2025-04-05,32,0,27.083772,71.711777
PRJ-1149,PCL-11308,Wind-Solar Hybrid Energy Grid 1,Renewable / Solar Park,Madhya Pradesh,Ujjain,35.7,37,Low,0.43,1,Pending Disbursal,324,Notification Pending,Approved,38,0.76,Substantial Possession (>70%),Hostile / Legal Injunction,212,0.134,2026-01-31,2027-06-18,503,1,26.030249,76.139288
PRJ-1252,PCL-11309,Maharashtra Clean Energy Hub Sector 5,Renewable / Solar Park,Maharashtra,Solapur,33.87,51,Medium,0.84,0,Pending Disbursal,116,Declaration Published (Sec 19),Approved,15,0.74,Substantial Possession (>70%),Low / Resistant,241,0.252,2025-08-12,2026-01-25,166,1,19.002921,77.593864
PRJ-1038,PCL-11310,Command Area Distribution Network 3,Irrigation / Water Canal,Madhya Pradesh,Bhopal,17.33,9,Medium,0.84,1,Partially Disbursed,33,Award Declared (Sec 23),Conditional Clearance,133,0.53,Initial Stage (<30%),Low / Resistant,184,0.334,2023-08-21,2024-06-23,307,1,25.658007,76.965134
PRJ-1135,PCL-11311,Wind-Solar Hybrid Energy Grid 3,Renewable / Solar Park,Gujarat,Bharuch,6.26,4,High,0.61,0,Pending Disbursal,357,Possession Taken (Sec 38),Resubmission Required,87,0.57,Substantial Possession (>70%),Moderate,147,0.428,2025-09-09,,289,1,23.733778,72.617895
PRJ-1016,PCL-11312,Western Freight Corridor Spur Line 1,Railway & Freight Corridor,Tamil Nadu,Tiruchirappalli,42.51,65,High,0.85,1,Partially Disbursed,155,Notification Pending,Approved,23,0.76,Contested / Encroached,High / Cooperative,56,0.211,2025-06-05,,252,1,10.263728,78.60861
PRJ-1012,PCL-11313,Uttar Pradesh Dedicated High-Speed Rail Segment 5,Railway & Freight Corridor,Uttar Pradesh,Noida,37.52,64,Very High,0.67,1,Partially Disbursed,56,Possession Taken (Sec 38),Under Scrutiny,100,0.58,Full Possession,Low / Resistant,146,0.554,2026-03-01,2027-03-04,368,1,27.558821,81.382854
PRJ-1218,PCL-11314,Bharatmala Economic Highway Ring 2,Highway / Expressway,Haryana,Hisar,143.81,144,High,0.88,0,Fully Disbursed,0,Notification Pending,Under Scrutiny,169,0.66,Full Possession,High / Cooperative,197,0.714,2024-12-20,2025-01-29,40,0,30.269068,76.661882
PRJ-1007,PCL-11315,Ahmedabad Lift Irrigation Main Canal Reach 3,Irrigation / Water Canal,Gujarat,Ahmedabad,28.39,25,Medium,0.69,0,Fully Disbursed,0,Declaration Published (Sec 19),Conditional Clearance,105,0.26,Full Possession,High / Cooperative,304,0.588,2023-11-24,2024-05-03,161,1,23.279526,71.993318
PRJ-1065,PCL-11316,Karnal Multi-Modal Logistics Park 3,Industrial Corridor / SEZ,Haryana,Karnal,20.88,23,Medium,0.74,0,Partially Disbursed,40,Notification Pending,Approved,33,0.31,Substantial Possession (>70%),High / Cooperative,297,0.571,2027-01-28,2027-02-08,11,0,30.096795,77.421042
PRJ-1258,PCL-11317,Odisha Integrated Industrial Township 2,Industrial Corridor / SEZ,Odisha,Cuttack,48.43,65,High,0.96,0,Fully Disbursed,0,Preliminary Notification (Sec 11),Pending Environmental Clearance,171,0.35,Initial Stage (<30%),Moderate,272,0.606,2024-03-08,2024-11-01,238,1,21.414665,84.165335
PRJ-1255,PCL-11318,NH-50 Four-Laning Bypass Section 3,Highway / Expressway,Haryana,Hisar,20.74,3,Medium,0.4,0,Partially Disbursed,132,Notification Pending,Approved,15,0.62,Substantial Possession (>70%),Moderate,149,0.565,2024-02-23,2024-11-14,265,1,28.54354,76.989299
PRJ-1031,PCL-11319,Command Area Distribution Network 1,Irrigation / Water Canal,Maharashtra,Aurangabad,13.69,19,Very High,0.83,0,Fully Disbursed,0,Award Declared (Sec 23),Under Scrutiny,167,0.7,Full Possession,Hostile / Legal Injunction,215,0.285,2023-05-22,2024-05-27,371,1,20.092512,77.060441
PRJ-1045,PCL-11320,Uttar Pradesh Clean Energy Hub Sector 2,Renewable / Solar Park,Uttar Pradesh,Prayagraj,36.12,58,Low,0.54,0,Fully Disbursed,0,Preliminary Notification (Sec 11),Approved,15,0.39,Full Possession,High / Cooperative,157,0.726,2024-12-29,2025-02-13,46,0,27.262249,82.698181
PRJ-1022,PCL-11321,Bharatmala Economic Highway Ring 5,Highway / Expressway,Gujarat,Vadodara,20.78,39,Medium,0.87,1,Partially Disbursed,137,Possession Taken (Sec 38),Approved,67,0.57,Partial Possession (30-70%),High / Cooperative,282,0.334,2024-12-27,,205,1,22.964071,72.738604
PRJ-1043,PCL-11322,Salem Greenfield International Airport Phase 3,Airport Infrastructure,Tamil Nadu,Salem,23.7,19,Medium,0.88,1,Partially Disbursed,148,Award Declared (Sec 23),Under Scrutiny,108,0.83,Partial Possession (30-70%),High / Cooperative,257,0.421,2024-10-31,2025-07-26,268,1,10.834217,77.840151
PRJ-1154,PCL-11323,Command Area Distribution Network 2,Irrigation / Water Canal,Maharashtra,Pune,21.4,40,Very High,0.72,0,Partially Disbursed,64,Possession Taken (Sec 38),Resubmission Required,144,0.79,Full Possession,High / Cooperative,300,0.477,2026-01-19,2026-06-14,146,1,19.237825,74.749846
PRJ-1217,PCL-11324,Gwalior Greenfield International Airport Phase 3,Airport Infrastructure,Madhya Pradesh,Gwalior,24.61,91,Low,0.83,0,Fully Disbursed,0,Notification Pending,Approved,44,0.66,Full Possession,High / Cooperative,235,0.269,2025-01-24,,38,0,22.641012,80.536176
PRJ-1211,PCL-11325,Command Area Distribution Network 2,Irrigation / Water Canal,Tamil Nadu,Coimbatore,25.47,33,Low,0.95,0,Pending Disbursal,91,Notification Pending,Approved,23,0.85,Substantial Possession (>70%),Moderate,350,0.479,2023-06-29,2023-07-10,11,0,11.505451,77.189201
PRJ-1143,PCL-11326,Gujarat Inter-River Linking Canal Sector 1,Irrigation / Water Canal,Gujarat,Rajkot,9.57,26,High,0.89,1,Disputed in Escrow,301,Award Declared (Sec 23),Under Scrutiny,155,0.72,Contested / Encroached,Low / Resistant,218,0.289,2024-12-10,2026-01-03,389,1,23.771605,71.290249
PRJ-1233,PCL-11327,Suburban Commuter Rapid Transit Line 2,Urban Metro / Transit,Uttar Pradesh,Noida,42.74,148,Medium,0.56,0,Fully Disbursed,0,Preliminary Notification (Sec 11),Conditional Clearance,209,0.92,Partial Possession (30-70%),Moderate,195,0.209,2026-03-13,2026-04-14,32,0,25.953999,79.111348
PRJ-1018,PCL-11328,Maharashtra Clean Energy Hub Sector 1,Renewable / Solar Park,Maharashtra,Aurangabad,93.05,135,High,0.85,1,Partially Disbursed,150,Possession Taken (Sec 38),Under Scrutiny,131,0.28,Partial Possession (30-70%),Hostile / Legal Injunction,302,0.592,2024-07-05,2026-02-14,589,1,18.638976,79.111511
PRJ-1120,PCL-11329,Kanchipuram Cargo Terminal Expansion 3,Airport Infrastructure,Tamil Nadu,Kanchipuram,152.84,417,Low,0.86,0,Fully Disbursed,0,Preliminary Notification (Sec 11),Under Scrutiny,193,0.76,Full Possession,High / Cooperative,234,0.397,2024-02-03,2024-03-19,45,0,10.279127,77.930291
PRJ-1099,PCL-11330,Bharatmala Economic Highway Ring 3,Highway / Expressway,Haryana,Hisar,23.02,25,Low,0.91,0,Fully Disbursed,0,Declaration Published (Sec 19),Resubmission Required,201,0.78,Initial Stage (<30%),Moderate,180,0.657,2023-08-29,2024-01-21,145,1,29.280363,76.76014
PRJ-1088,PCL-11331,Prayagraj Cargo Terminal Expansion 1,Airport Infrastructure,Uttar Pradesh,Prayagraj,12.54,3,Low,0.61,0,Fully Disbursed,0,Award Declared (Sec 23),Conditional Clearance,134,0.75,Full Possession,Moderate,118,0.539,2025-11-09,2026-04-14,156,1,27.982012,79.306276
PRJ-1140,PCL-11332,Maharashtra Inter-River Linking Canal Sector 5,Irrigation / Water Canal,Maharashtra,Nagpur,38.39,43,Very High,0.63,1,Partially Disbursed,153,Notification Pending,Approved,15,0.56,Contested / Encroached,Moderate,63,0.468,2023-08-20,2024-10-01,408,1,18.339144,74.426585
PRJ-1074,PCL-11333,Command Area Distribution Network 2,Irrigation / Water Canal,Gujarat,Kutch,71.46,91,Medium,0.74,0,Partially Disbursed,95,Notification Pending,Approved,36,0.5,Full Possession,Moderate,137,0.081,2025-03-22,2025-07-02,102,1,23.226893,71.443539
PRJ-1153,PCL-11334,Salem Ultra Mega Solar Park Unit 2,Renewable / Solar Park,Tamil Nadu,Salem,26.85,23,High,0.57,1,Partially Disbursed,55,Preliminary Notification (Sec 11),Under Scrutiny,175,0.68,Initial Stage (<30%),Low / Resistant,149,0.819,2026-11-14,2028-02-29,472,1,12.247733,77.625119
PRJ-1221,PCL-11335,Salem Multi-Modal Logistics Park 4,Industrial Corridor / SEZ,Tamil Nadu,Salem,145.61,109,Low,0.75,0,Partially Disbursed,44,Declaration Published (Sec 19),Conditional Clearance,121,0.51,Full Possession,Moderate,307,0.489,2025-04-24,2025-11-21,211,1,9.887337,78.232596
PRJ-1201,PCL-11336,Odisha Integrated Industrial Township 2,Industrial Corridor / SEZ,Odisha,Khurda,67.85,54,Medium,0.58,0,Partially Disbursed,32,Award Declared (Sec 23),Under Scrutiny,158,0.59,Substantial Possession (>70%),High / Cooperative,236,0.402,2024-08-23,2025-03-10,199,1,21.872483,85.168082
PRJ-1050,PCL-11337,Tamil Nadu Inter-River Linking Canal Sector 1,Irrigation / Water Canal,Tamil Nadu,Kanchipuram,15.65,43,Medium,0.83,0,Fully Disbursed,0,Possession Taken (Sec 38),Approved,51,0.37,Partial Possession (30-70%),High / Cooperative,288,0.201,2023-08-24,2023-11-23,91,1,11.232772,77.473341
PRJ-1232,PCL-11338,Maharashtra Inter-River Linking Canal Sector 4,Irrigation / Water Canal,Maharashtra,Nagpur,28.25,32,High,0.86,1,Pending Disbursal,128,Possession Taken (Sec 38),Under Scrutiny,147,0.62,Substantial Possession (>70%),Low / Resistant,319,0.403,2026-08-29,2027-12-22,480,1,18.547829,73.648555
PRJ-1162,PCL-11339,Suburban Commuter Rapid Transit Line 4,Urban Metro / Transit,Haryana,Karnal,49.12,105,Medium,0.98,0,Partially Disbursed,170,Preliminary Notification (Sec 11),Under Scrutiny,166,0.65,Full Possession,High / Cooperative,174,0.216,2023-05-29,2023-05-29,0,0,30.138333,76.898896
PRJ-1126,PCL-11340,Uttar Pradesh Clean Energy Hub Sector 4,Renewable / Solar Park,Uttar Pradesh,Lucknow,40.1,39,Low,0.46,0,Pending Disbursal,157,Declaration Published (Sec 19),Approved,15,0.88,Full Possession,High / Cooperative,254,0.57,2024-09-28,2024-09-28,0,0,26.434012,83.359552
PRJ-1074,PCL-11341,Command Area Distribution Network 2,Irrigation / Water Canal,Gujarat,Kutch,12.61,22,High,0.65,0,Pending Disbursal,98,Notification Pending,Approved,44,0.73,Partial Possession (30-70%),High / Cooperative,281,0.247,2025-03-22,2025-08-15,146,1,22.042732,69.994565
PRJ-1093,PCL-11342,Tamil Nadu Dedicated High-Speed Rail Segment 2,Railway & Freight Corridor,Tamil Nadu,Kanchipuram,13.14,13,Medium,0.79,0,Fully Disbursed,0,Declaration Published (Sec 19),Under Scrutiny,181,0.7,Full Possession,Moderate,150,0.541,2023-04-23,2023-11-19,210,1,10.827814,77.120072
PRJ-1154,PCL-11343,Command Area Distribution Network 2,Irrigation / Water Canal,Maharashtra,Pune,55.39,106,Low,0.59,0,Fully Disbursed,0,Notification Pending,Approved,22,0.39,Substantial Possession (>70%),Low / Resistant,184,0.427,2026-01-19,,241,1,20.13858,73.204281
PRJ-1057,PCL-11344,Gujarat Integrated Industrial Township 5,Industrial Corridor / SEZ,Gujarat,Rajkot,32.16,41,High,0.68,0,Pending Disbursal,236,Notification Pending,Conditional Clearance,90,0.66,Contested / Encroached,Moderate,100,0.611,2026-04-19,2027-01-10,266,1,21.977041,73.14262
PRJ-1216,PCL-11345,Western Freight Corridor Spur Line 2,Railway & Freight Corridor,Gujarat,Kutch,124.09,269,Very High,0.35,1,Pending Disbursal,102,Notification Pending,Conditional Clearance,154,0.64,Partial Possession (30-70%),Low / Resistant,295,0.391,2025-11-26,2027-02-25,456,1,21.418015,71.089879
PRJ-1057,PCL-11346,Gujarat Integrated Industrial Township 5,Industrial Corridor / SEZ,Gujarat,Rajkot,54.47,77,Medium,0.88,0,Fully Disbursed,0,Notification Pending,Conditional Clearance,121,0.56,Partial Possession (30-70%),High / Cooperative,288,0.655,2026-04-19,2026-05-08,19,0,22.708472,71.209061
PRJ-1104,PCL-11347,Haryana Inter-River Linking Canal Sector 1,Irrigation / Water Canal,Haryana,Karnal,16.95,18,High,0.95,0,Fully Disbursed,0,Award Declared (Sec 23),Under Scrutiny,107,0.5,Full Possession,Low / Resistant,225,0.707,2025-06-25,,3,0,28.993291,77.377701
PRJ-1081,PCL-11348,Industrial Rail Siding Network 4,Railway & Freight Corridor,Karnataka,Bengaluru Rural,9.29,13,Low,0.54,0,Pending Disbursal,176,Preliminary Notification (Sec 11),Resubmission Required,122,0.42,Full Possession,High / Cooperative,376,0.299,2025-10-07,2025-11-11,35,0,13.124615,76.38707
PRJ-1076,PCL-11349,Nashik Cargo Terminal Expansion 1,Airport Infrastructure,Maharashtra,Nashik,110.89,265,Very High,0.87,1,Fully Disbursed,0,Notification Pending,Under Scrutiny,177,0.45,Partial Possession (30-70%),Low / Resistant,208,0.175,2026-03-11,2027-05-23,438,1,20.562038,75.34939
PRJ-1207,PCL-11350,DMIC Special Investment Region Node 3,Industrial Corridor / SEZ,Madhya Pradesh,Gwalior,79.36,109,Low,0.92,0,Partially Disbursed,53,Preliminary Notification (Sec 11),Approved,40,0.5,Substantial Possession (>70%),Moderate,447,0.411,2022-08-02,2022-11-26,116,1,24.045123,78.84996
PRJ-1048,PCL-11351,Madhya Pradesh Green Express Corridor Phase 3,Highway / Expressway,Madhya Pradesh,Gwalior,10.87,11,High,0.91,0,Pending Disbursal,362,Notification Pending,Conditional Clearance,119,0.45,Contested / Encroached,High / Cooperative,94,0.321,2025-09-05,2026-05-11,248,1,23.741726,79.868999
PRJ-1173,PCL-11352,Urban Flyover & Transit Hub 5,Urban Metro / Transit,Rajasthan,Kota,26.36,113,High,0.64,1,Pending Disbursal,222,Possession Taken (Sec 38),Approved,40,0.23,Substantial Possession (>70%),Hostile / Legal Injunction,85,0.424,2025-07-10,2027-03-04,602,1,25.370887,76.885053
PRJ-1142,PCL-11353,Madhya Pradesh Integrated Industrial Township 1,Industrial Corridor / SEZ,Madhya Pradesh,Gwalior,50.21,43,Low,0.77,0,Fully Disbursed,0,Preliminary Notification (Sec 11),Under Scrutiny,105,0.82,Full Possession,Moderate,231,0.441,2027-06-16,2028-02-02,231,1,25.060906,76.643864
PRJ-1190,PCL-11354,NH-58 Four-Laning Bypass Section 2,Highway / Expressway,Madhya Pradesh,Jabalpur,44.84,39,Medium,0.6,0,Fully Disbursed,0,Award Declared (Sec 23),Conditional Clearance,132,0.55,Partial Possession (30-70%),Moderate,70,0.197,2023-03-13,2023-06-12,91,1,25.104933,77.160247
PRJ-1105,PCL-11355,Rajasthan Green Express Corridor Phase 5,Highway / Expressway,Rajasthan,Kota,29.02,47,Low,0.52,0,Partially Disbursed,94,Award Declared (Sec 23),Under Scrutiny,195,0.53,Partial Possession (30-70%),High / Cooperative,308,0.429,2023-06-01,2023-06-01,0,0,25.475345,72.461124
PRJ-1222,PCL-11356,DMIC Special Investment Region Node 4,Industrial Corridor / SEZ,Uttar Pradesh,Kanpur,53.82,28,Medium,0.73,0,Fully Disbursed,0,Declaration Published (Sec 19),Conditional Clearance,87,0.82,Substantial Possession (>70%),High / Cooperative,333,0.709,2025-08-20,2026-01-23,156,1,26.551497,81.917016
PRJ-1071,PCL-11357,Maharashtra Dedicated High-Speed Rail Segment 1,Railway & Freight Corridor,Maharashtra,Pune,24.54,44,High,0.76,1,Disputed in Escrow,252,Preliminary Notification (Sec 11),Under Scrutiny,113,0.67,Initial Stage (<30%),Hostile / Legal Injunction,137,0.636,2024-08-01,2026-04-17,624,1,19.942593,76.335369
PRJ-1135,PCL-11358,Wind-Solar Hybrid Energy Grid 3,Renewable / Solar Park,Gujarat,Bharuch,57.8,86,High,0.47,0,Fully Disbursed,0,Declaration Published (Sec 19),Resubmission Required,142,0.29,Full Possession,Moderate,257,0.312,2025-09-09,,41,0,23.047599,73.031272
PRJ-1151,PCL-11359,Wind-Solar Hybrid Energy Grid 3,Renewable / Solar Park,Karnataka,Bengaluru Rural,75.96,153,High,0.68,0,Fully Disbursed,0,Preliminary Notification (Sec 11),Under Scrutiny,142,0.82,Initial Stage (<30%),High / Cooperative,242,0.08,2025-12-20,2026-01-06,17,0,12.977231,76.533216
PRJ-1168,PCL-11360,Aviation Logistics Runway Package 3,Airport Infrastructure,Haryana,Panipat,37.39,125,High,0.85,1,Pending Disbursal,178,Declaration Published (Sec 19),Approved,91,0.8,Partial Possession (30-70%),High / Cooperative,273,0.407,2026-05-13,,246,1,28.880284,75.584008
PRJ-1125,PCL-11361,Bharatmala Economic Highway Ring 1,Highway / Expressway,Uttar Pradesh,Prayagraj,20.89,11,Medium,0.82,0,Disputed in Escrow,245,Notification Pending,Conditional Clearance,206,0.68,Contested / Encroached,Moderate,245,0.43,2026-01-26,2026-08-19,205,1,26.826063,80.524719
PRJ-1065,PCL-11362,Karnal Multi-Modal Logistics Park 3,Industrial Corridor / SEZ,Haryana,Karnal,56.14,116,Medium,0.8,0,Fully Disbursed,0,Award Declared (Sec 23),Approved,54,0.65,Partial Possession (30-70%),High / Cooperative,277,0.246,2027-01-28,2027-01-28,0,0,28.120476,77.268454
PRJ-1133,PCL-11363,Urban Flyover & Transit Hub 2,Urban Metro / Transit,Madhya Pradesh,Jabalpur,6.27,31,Low,0.6,1,Pending Disbursal,202,Award Declared (Sec 23),Approved,98,0.71,Contested / Encroached,High / Cooperative,300,0.409,2023-10-11,2024-05-22,224,1,23.423049,79.692599
PRJ-1046,PCL-11364,Maharashtra Dedicated High-Speed Rail Segment 4,Railway & Freight Corridor,Maharashtra,Nashik,9.75,16,Medium,0.61,0,Partially Disbursed,155,Declaration Published (Sec 19),Approved,15,0.17,Full Possession,Moderate,399,0.491,2024-05-01,2024-05-26,25,0,19.015399,73.093799
PRJ-1043,PCL-11365,Salem Greenfield International Airport Phase 3,Airport Infrastructure,Tamil Nadu,Salem,29.09,70,High,0.61,0,Fully Disbursed,0,Possession Taken (Sec 38),Under Scrutiny,85,0.79,Full Possession,Low / Resistant,177,0.59,2024-10-31,,274,1,11.219975,78.32048
PRJ-1201,PCL-11366,Odisha Integrated Industrial Township 2,Industrial Corridor / SEZ,Odisha,Khurda,38.82,39,Medium,0.75,0,Fully Disbursed,0,Declaration Published (Sec 19),Approved,64,0.61,Full Possession,Moderate,227,0.369,2024-08-23,2024-09-04,12,0,21.75299,85.949699
PRJ-1227,PCL-11367,Industrial Rail Siding Network 3,Railway & Freight Corridor,Rajasthan,Jodhpur,7.95,11,Medium,0.61,0,Fully Disbursed,0,Possession Taken (Sec 38),Conditional Clearance,178,0.72,Partial Possession (30-70%),Moderate,231,0.531,2024-01-17,2024-02-09,23,0,27.939046,73.461742
PRJ-1107,PCL-11368,Urban Flyover & Transit Hub 3,Urban Metro / Transit,Rajasthan,Udaipur,36.29,147,Low,0.69,0,Partially Disbursed,107,Declaration Published (Sec 19),Approved,72,0.29,Full Possession,Moderate,165,0.343,2026-11-18,,147,1,25.641065,71.265347
PRJ-1028,PCL-11369,Command Area Distribution Network 1,Irrigation / Water Canal,Gujarat,Ahmedabad,134.55,220,High,0.37,1,Partially Disbursed,140,Award Declared (Sec 23),Under Scrutiny,206,0.7,Contested / Encroached,Moderate,236,0.165,2024-07-23,2025-09-25,429,1,21.940992,70.894815
PRJ-1132,PCL-11370,Tamil Nadu Green Express Corridor Phase 2,Highway / Expressway,Tamil Nadu,Tiruchirappalli,54.68,110,Medium,0.56,0,Pending Disbursal,153,Preliminary Notification (Sec 11),Under Scrutiny,136,0.74,Substantial Possession (>70%),High / Cooperative,61,0.365,2024-07-28,2024-07-28,0,0,11.504429,77.583409
PRJ-1042,PCL-11371,Industrial Rail Siding Network 1,Railway & Freight Corridor,Gujarat,Bharuch,25.45,7,Medium,0.66,0,Partially Disbursed,103,Notification Pending,Pending Environmental Clearance,214,0.56,Substantial Possession (>70%),High / Cooperative,229,0.343,2023-08-16,2024-02-17,185,1,22.59047,71.089837
PRJ-1034,PCL-11372,Suburban Commuter Rapid Transit Line 3,Urban Metro / Transit,Haryana,Hisar,10.28,42,Medium,0.68,0,Pending Disbursal,99,Award Declared (Sec 23),Conditional Clearance,141,0.44,Partial Possession (30-70%),Hostile / Legal Injunction,301,0.219,2025-05-18,,26,0,29.317764,76.076732
PRJ-1083,PCL-11373,Tamil Nadu Clean Energy Hub Sector 5,Renewable / Solar Park,Tamil Nadu,Madurai,5.0,7,Medium,0.71,0,Fully Disbursed,0,Preliminary Notification (Sec 11),Approved,26,0.83,Substantial Possession (>70%),High / Cooperative,297,0.193,2026-02-06,2026-03-12,34,0,12.321604,78.200317
PRJ-1218,PCL-11374,Bharatmala Economic Highway Ring 2,Highway / Expressway,Haryana,Hisar,24.18,20,Low,0.71,0,Fully Disbursed,0,Preliminary Notification (Sec 11),Approved,15,0.12,Full Possession,Moderate,112,0.267,2024-12-20,,21,0,28.060059,77.347339
PRJ-1229,PCL-11375,NH-92 Four-Laning Bypass Section 1,Highway / Expressway,Odisha,Angul,94.59,143,Very High,0.72,0,Fully Disbursed,0,Preliminary Notification (Sec 11),Approved,54,0.6,Initial Stage (<30%),High / Cooperative,152,0.332,2024-04-08,2024-09-03,148,1,20.981973,85.649012
PRJ-1060,PCL-11376,Suburban Commuter Rapid Transit Line 4,Urban Metro / Transit,Madhya Pradesh,Ujjain,9.82,26,Low,0.87,0,Partially Disbursed,41,Preliminary Notification (Sec 11),Pending Environmental Clearance,154,0.44,Partial Possession (30-70%),Moderate,303,0.678,2026-02-24,,3,0,23.109088,79.85136
PRJ-1182,PCL-11377,Western Freight Corridor Spur Line 4,Railway & Freight Corridor,Karnataka,Kalaburagi,16.83,33,Low,0.59,0,Partially Disbursed,149,Notification Pending,Approved,23,0.72,Substantial Possession (>70%),Moderate,211,0.427,2026-02-12,,165,1,15.90034,76.523885
PRJ-1106,PCL-11378,Madhya Pradesh Green Express Corridor Phase 1,Highway / Expressway,Madhya Pradesh,Jabalpur,14.82,20,Low,0.79,0,Fully Disbursed,0,Notification Pending,Under Scrutiny,105,0.63,Partial Possession (30-70%),High / Cooperative,322,0.152,2023-05-03,2023-05-27,24,0,26.266099,77.230647
PRJ-1002,PCL-11379,Suburban Commuter Rapid Transit Line 1,Urban Metro / Transit,Madhya Pradesh,Bhopal,33.04,109,Low,0.55,0,Fully Disbursed,0,Possession Taken (Sec 38),Approved,83,0.77,Partial Possession (30-70%),High / Cooperative,300,0.285,2023-09-07,2023-12-07,91,1,24.125365,80.038094
PRJ-1241,PCL-11380,Western Freight Corridor Spur Line 3,Railway & Freight Corridor,Madhya Pradesh,Gwalior,32.9,55,Medium,0.87,0,Disputed in Escrow,308,Possession Taken (Sec 38),Under Scrutiny,53,0.29,Substantial Possession (>70%),Low / Resistant,263,0.343,2026-06-08,2027-02-20,257,1,26.344171,76.039624
PRJ-1117,PCL-11381,NH-57 Four-Laning Bypass Section 1,Highway / Expressway,Tamil Nadu,Kanchipuram,73.39,102,Low,0.57,1,Pending Disbursal,97,Notification Pending,Approved,15,0.27,Partial Possession (30-70%),Low / Resistant,214,0.194,2024-11-09,2025-11-07,363,1,9.687082,79.772751
PRJ-1008,PCL-11382,Western Freight Corridor Spur Line 3,Railway & Freight Corridor,Rajasthan,Udaipur,94.77,155,Medium,0.7,0,Fully Disbursed,0,Declaration Published (Sec 19),Approved,65,0.48,Partial Possession (30-70%),Moderate,343,0.535,2026-10-15,,146,1,24.796752,72.56567
PRJ-1197,PCL-11383,Bharuch Cargo Terminal Expansion 1,Airport Infrastructure,Gujarat,Bharuch,53.7,152,Very High,0.67,0,Fully Disbursed,0,Possession Taken (Sec 38),Under Scrutiny,144,0.79,Substantial Possession (>70%),Moderate,317,0.248,2023-08-18,2024-07-28,345,1,22.797148,72.409041
PRJ-1061,PCL-11384,Kota Ultra Mega Solar Park Unit 3,Renewable / Solar Park,Rajasthan,Kota,12.71,20,Medium,0.73,0,Fully Disbursed,0,Award Declared (Sec 23),Approved,86,0.9,Full Possession,Moderate,273,0.152,2026-08-16,2026-08-16,0,0,25.131994,76.063256
PRJ-1075,PCL-11385,Wind-Solar Hybrid Energy Grid 4,Renewable / Solar Park,Haryana,Gurugram,102.85,196,Medium,0.92,0,Pending Disbursal,357,Award Declared (Sec 23),Pending Environmental Clearance,160,0.74,Substantial Possession (>70%),High / Cooperative,171,0.815,2023-09-05,2023-09-23,18,0,28.982148,75.558382
PRJ-1058,PCL-11386,Prayagraj Lift Irrigation Main Canal Reach 1,Irrigation / Water Canal,Uttar Pradesh,Prayagraj,7.68,16,Low,0.44,1,Partially Disbursed,32,Award Declared (Sec 23),Pending Environmental Clearance,205,0.81,Contested / Encroached,Hostile / Legal Injunction,365,0.289,2025-03-07,2026-06-05,455,1,27.158009,82.724794
PRJ-1008,PCL-11387,Western Freight Corridor Spur Line 3,Railway & Freight Corridor,Rajasthan,Udaipur,80.95,73,Medium,0.68,0,Fully Disbursed,0,Notification Pending,Resubmission Required,169,0.56,Partial Possession (30-70%),High / Cooperative,84,0.422,2026-10-15,2026-10-15,0,0,25.442128,72.398936
PRJ-1119,PCL-11388,Haryana Integrated Industrial Township 2,Industrial Corridor / SEZ,Haryana,Faridabad,11.72,11,Low,0.94,0,Fully Disbursed,0,Preliminary Notification (Sec 11),Pending Environmental Clearance,232,0.83,Full Possession,Moderate,175,0.4,2027-02-22,2027-02-24,2,0,29.652592,77.327864
PRJ-1080,PCL-11389,Belagavi Cargo Terminal Expansion 3,Airport Infrastructure,Karnataka,Belagavi,24.95,80,Medium,0.5,1,Partially Disbursed,116,Award Declared (Sec 23),Conditional Clearance,123,0.59,Contested / Encroached,Low / Resistant,360,0.537,2026-02-11,2027-03-02,384,1,14.953861,77.174841
PRJ-1040,PCL-11390,DMIC Special Investment Region Node 1,Industrial Corridor / SEZ,Tamil Nadu,Madurai,174.41,188,Low,0.83,0,Partially Disbursed,159,Preliminary Notification (Sec 11),Approved,51,0.6,Full Possession,High / Cooperative,306,0.348,2025-05-05,2025-05-27,22,0,12.629832,79.863583
PRJ-1024,PCL-11391,Industrial Rail Siding Network 5,Railway & Freight Corridor,Karnataka,Kalaburagi,46.33,52,Low,0.77,0,Partially Disbursed,141,Award Declared (Sec 23),Conditional Clearance,90,0.88,Substantial Possession (>70%),High / Cooperative,275,0.672,2026-08-23,,22,0,16.285893,77.148714
PRJ-1184,PCL-11392,Faridabad Cargo Terminal Expansion 1,Airport Infrastructure,Haryana,Faridabad,30.55,86,Low,0.97,1,Pending Disbursal,224,Possession Taken (Sec 38),Under Scrutiny,81,0.55,Initial Stage (<30%),Moderate,153,0.396,2026-09-01,2027-04-25,236,1,28.205179,75.743317
PRJ-1032,PCL-11393,Madhya Pradesh Dedicated High-Speed Rail Segment 5,Railway & Freight Corridor,Madhya Pradesh,Ujjain,55.21,55,Low,0.62,0,Fully Disbursed,0,Preliminary Notification (Sec 11),Conditional Clearance,162,0.52,Substantial Possession (>70%),High / Cooperative,108,0.456,2023-04-30,2023-06-09,40,0,23.002657,78.164726
PRJ-1236,PCL-11394,Faridabad Lift Irrigation Main Canal Reach 5,Irrigation / Water Canal,Haryana,Faridabad,32.29,30,Low,0.82,0,Partially Disbursed,133,Declaration Published (Sec 19),Pending Environmental Clearance,182,0.5,Full Possession,High / Cooperative,242,0.138,2025-06-16,2025-07-12,26,0,29.662125,76.278313
PRJ-1024,PCL-11395,Industrial Rail Siding Network 5,Railway & Freight Corridor,Karnataka,Kalaburagi,74.97,70,Medium,0.58,0,Fully Disbursed,0,Preliminary Notification (Sec 11),Pending Environmental Clearance,233,0.32,Partial Possession (30-70%),Low / Resistant,258,0.396,2026-08-23,,15,0,14.748605,75.921554
PRJ-1206,PCL-11396,Haryana Inter-River Linking Canal Sector 3,Irrigation / Water Canal,Haryana,Faridabad,37.07,44,Low,0.88,1,Pending Disbursal,333,Notification Pending,Approved,15,0.44,Contested / Encroached,Low / Resistant,30,0.488,2025-07-08,2026-07-14,371,1,29.192131,76.864094
PRJ-1202,PCL-11397,Andhra Pradesh Clean Energy Hub Sector 5,Renewable / Solar Park,Andhra Pradesh,Guntur,60.76,30,Low,0.88,0,Fully Disbursed,0,Preliminary Notification (Sec 11),Under Scrutiny,153,0.78,Initial Stage (<30%),High / Cooperative,210,0.286,2024-12-08,,11,0,16.651816,79.195404
PRJ-1103,PCL-11398,Command Area Distribution Network 4,Irrigation / Water Canal,Madhya Pradesh,Bhopal,76.95,163,Medium,0.6,1,Pending Disbursal,94,Award Declared (Sec 23),Approved,15,0.62,Initial Stage (<30%),Low / Resistant,236,0.233,2023-04-22,2024-02-13,297,1,24.591926,79.800104
PRJ-1231,PCL-11399,Suburban Commuter Rapid Transit Line 2,Urban Metro / Transit,Andhra Pradesh,Guntur,71.16,215,High,0.82,1,Partially Disbursed,49,Notification Pending,Conditional Clearance,143,0.44,Full Possession,Low / Resistant,238,0.63,2025-10-18,2026-06-24,249,1,14.304201,80.371081
PRJ-1076,PCL-11400,Nashik Cargo Terminal Expansion 1,Airport Infrastructure,Maharashtra,Nashik,5.1,30,Medium,0.68,0,Fully Disbursed,0,Declaration Published (Sec 19),Approved,56,0.84,Substantial Possession (>70%),High / Cooperative,84,0.591,2026-03-11,,0,0,20.500727,76.101884
PRJ-1039,PCL-11401,Madhya Pradesh Clean Energy Hub Sector 5,Renewable / Solar Park,Madhya Pradesh,Indore,54.8,82,Medium,0.62,0,Fully Disbursed,0,Declaration Published (Sec 19),Approved,49,0.52,Full Possession,Moderate,75,0.485,2026-01-30,2026-02-15,16,0,25.728033,80.362847
PRJ-1059,PCL-11402,Bharatmala Economic Highway Ring 2,Highway / Expressway,Madhya Pradesh,Jabalpur,30.98,26,Medium,0.82,0,Fully Disbursed,0,Possession Taken (Sec 38),Resubmission Required,153,0.45,Full Possession,High / Cooperative,229,0.551,2026-07-14,2026-07-30,16,0,23.321381,80.407758
PRJ-1096,PCL-11403,Mysuru Ultra Mega Solar Park Unit 1,Renewable / Solar Park,Karnataka,Mysuru,26.69,20,Very High,0.74,1,Partially Disbursed,98,Declaration Published (Sec 19),Under Scrutiny,185,0.49,Partial Possession (30-70%),Low / Resistant,322,0.737,2024-12-22,,447,1,12.694981,75.126585
PRJ-1013,PCL-11404,Karnal Ultra Mega Solar Park Unit 2,Renewable / Solar Park,Haryana,Karnal,7.44,22,High,0.63,1,Partially Disbursed,79,Possession Taken (Sec 38),Pending Environmental Clearance,145,0.44,Full Possession,Hostile / Legal Injunction,265,0.328,2025-04-13,,459,1,30.134044,76.406096
PRJ-1017,PCL-11405,Madurai Metro Rail Extension Corridor 2,Urban Metro / Transit,Tamil Nadu,Madurai,77.15,154,Very High,0.42,0,Fully Disbursed,0,Declaration Published (Sec 19),Pending Environmental Clearance,163,0.46,Initial Stage (<30%),Moderate,349,0.38,2025-03-21,2025-11-26,250,1,10.540098,77.664682
PRJ-1228,PCL-11406,Udaipur Metro Rail Extension Corridor 1,Urban Metro / Transit,Rajasthan,Udaipur,54.28,162,High,0.48,1,Pending Disbursal,256,Award Declared (Sec 23),Approved,25,0.49,Contested / Encroached,Hostile / Legal Injunction,321,0.519,2024-06-01,2025-10-10,496,1,25.956217,72.475829
PRJ-1167,PCL-11407,Aviation Logistics Runway Package 4,Airport Infrastructure,Gujarat,Surat,16.03,48,Low,0.91,0,Partially Disbursed,76,Notification Pending,Pending Environmental Clearance,230,0.81,Full Possession,High / Cooperative,276,0.582,2027-09-08,2027-10-08,30,0,21.365305,71.705942
PRJ-1114,PCL-11408,NH-63 Four-Laning Bypass Section 3,Highway / Expressway,Odisha,Sundargarh,166.22,319,High,0.81,1,Pending Disbursal,304,Possession Taken (Sec 38),Approved,32,0.69,Partial Possession (30-70%),Moderate,99,0.254,2026-10-05,2027-08-21,320,1,20.45496,84.178947
PRJ-1156,PCL-11409,Gurugram Lift Irrigation Main Canal Reach 3,Irrigation / Water Canal,Haryana,Gurugram,8.82,17,Medium,0.7,0,Partially Disbursed,30,Notification Pending,Pending Environmental Clearance,148,0.21,Substantial Possession (>70%),Moderate,293,0.394,2026-11-15,2026-12-08,23,0,28.904155,75.940277
PRJ-1254,PCL-11410,NH-50 Four-Laning Bypass Section 4,Highway / Expressway,Andhra Pradesh,Krishna,102.84,192,Low,0.54,1,Disputed in Escrow,232,Notification Pending,Resubmission Required,50,0.47,Contested / Encroached,High / Cooperative,88,0.635,2026-03-16,,199,1,18.422356,81.742333
PRJ-1040,PCL-11411,DMIC Special Investment Region Node 1,Industrial Corridor / SEZ,Tamil Nadu,Madurai,17.92,35,High,0.63,1,Pending Disbursal,107,Notification Pending,Approved,19,0.59,Contested / Encroached,Moderate,207,0.345,2025-05-05,,248,1,12.624002,79.457551
PRJ-1106,PCL-11412,Madhya Pradesh Green Express Corridor Phase 1,Highway / Expressway,Madhya Pradesh,Jabalpur,20.76,37,Low,0.25,0,Partially Disbursed,114,Award Declared (Sec 23),Pending Environmental Clearance,138,0.73,Full Possession,Moderate,50,0.171,2023-05-03,2023-06-13,41,0,22.812578,81.177389
PRJ-1116,PCL-11413,Coimbatore Lift Irrigation Main Canal Reach 4,Irrigation / Water Canal,Tamil Nadu,Coimbatore,104.63,183,High,0.91,0,Partially Disbursed,171,Notification Pending,Approved,40,0.78,Partial Possession (30-70%),High / Cooperative,87,0.484,2024-07-16,2024-08-05,20,0,12.913656,77.929408
PRJ-1126,PCL-11414,Uttar Pradesh Clean Energy Hub Sector 4,Renewable / Solar Park,Uttar Pradesh,Lucknow,20.42,31,Medium,0.75,0,Fully Disbursed,0,Notification Pending,Approved,53,0.73,Substantial Possession (>70%),High / Cooperative,256,0.822,2024-09-28,2024-12-22,85,0,25.705344,78.925887
PRJ-1119,PCL-11415,Haryana Integrated Industrial Township 2,Industrial Corridor / SEZ,Haryana,Faridabad,41.78,76,High,0.86,0,Fully Disbursed,0,Award Declared (Sec 23),Conditional Clearance,168,0.44,Substantial Possession (>70%),High / Cooperative,388,0.28,2027-02-22,2027-03-24,30,0,28.343877,77.130141
PRJ-1069,PCL-11416,DMIC Special Investment Region Node 3,Industrial Corridor / SEZ,Andhra Pradesh,Krishna,14.88,20,Medium,0.65,0,Fully Disbursed,0,Award Declared (Sec 23),Approved,135,0.45,Full Possession,High / Cooperative,336,0.411,2024-09-29,2025-07-28,302,1,18.236067,78.627732
PRJ-1094,PCL-11417,DMIC Special Investment Region Node 1,Industrial Corridor / SEZ,Rajasthan,Alwar,17.48,29,Medium,0.63,1,Disputed in Escrow,230,Notification Pending,Approved,34,0.37,Partial Possession (30-70%),Low / Resistant,226,0.731,2026-11-28,,311,1,26.669309,76.165089
PRJ-1247,PCL-11418,Jodhpur Cargo Terminal Expansion 3,Airport Infrastructure,Rajasthan,Jodhpur,175.26,312,High,0.47,1,Partially Disbursed,160,Possession Taken (Sec 38),Approved,83,0.67,Substantial Possession (>70%),Hostile / Legal Injunction,175,0.579,2023-10-01,2025-01-06,463,1,25.688459,75.313028
PRJ-1014,PCL-11419,Surat Lift Irrigation Main Canal Reach 4,Irrigation / Water Canal,Gujarat,Surat,15.41,26,High,0.64,0,Fully Disbursed,0,Notification Pending,Pending Environmental Clearance,153,0.58,Full Possession,High / Cooperative,231,0.291,2024-03-14,2024-07-10,118,1,23.632033,70.923183
PRJ-1032,PCL-11420,Madhya Pradesh Dedicated High-Speed Rail Segment 5,Railway & Freight Corridor,Madhya Pradesh,Ujjain,12.0,7,Medium,0.8,1,Pending Disbursal,228,Declaration Published (Sec 19),Conditional Clearance,157,0.53,Substantial Possession (>70%),Low / Resistant,123,0.25,2023-04-30,2024-05-23,389,1,22.890628,79.562963
PRJ-1054,PCL-11421,Haryana Inter-River Linking Canal Sector 4,Irrigation / Water Canal,Haryana,Hisar,28.85,18,High,0.76,1,Pending Disbursal,223,Possession Taken (Sec 38),Under Scrutiny,164,0.86,Substantial Possession (>70%),Low / Resistant,173,0.413,2027-04-14,2028-07-01,444,1,28.76883,76.815762
PRJ-1068,PCL-11422,Maharashtra Inter-River Linking Canal Sector 2,Irrigation / Water Canal,Maharashtra,Pune,157.71,213,High,0.78,0,Fully Disbursed,0,Notification Pending,Conditional Clearance,136,0.55,Substantial Possession (>70%),Moderate,227,0.52,2024-02-01,2024-10-23,265,1,18.494644,73.647916
PRJ-1004,PCL-11423,Maharashtra Inter-River Linking Canal Sector 3,Irrigation / Water Canal,Maharashtra,Nagpur,34.17,48,Medium,0.83,0,Fully Disbursed,0,Declaration Published (Sec 19),Pending Environmental Clearance,184,0.65,Partial Possession (30-70%),Moderate,167,0.559,2024-04-03,2024-11-23,234,1,18.927282,76.523482
PRJ-1221,PCL-11424,Salem Multi-Modal Logistics Park 4,Industrial Corridor / SEZ,Tamil Nadu,Salem,135.38,190,Low,0.65,0,Partially Disbursed,140,Award Declared (Sec 23),Approved,90,0.68,Substantial Possession (>70%),High / Cooperative,134,0.257,2025-04-24,2025-05-08,14,0,10.754587,78.159702
PRJ-1184,PCL-11425,Faridabad Cargo Terminal Expansion 1,Airport Infrastructure,Haryana,Faridabad,85.28,331,High,0.43,1,Pending Disbursal,334,Declaration Published (Sec 19),Approved,15,0.75,Substantial Possession (>70%),Hostile / Legal Injunction,146,0.443,2026-09-01,2027-12-27,482,1,29.814578,76.557769
PRJ-1247,PCL-11426,Jodhpur Cargo Terminal Expansion 3,Airport Infrastructure,Rajasthan,Jodhpur,19.45,30,Low,0.96,0,Pending Disbursal,281,Preliminary Notification (Sec 11),Conditional Clearance,171,0.79,Partial Possession (30-70%),High / Cooperative,149,0.399,2023-10-01,2023-11-03,33,0,24.601449,74.498556
PRJ-1089,PCL-11427,NH-34 Four-Laning Bypass Section 4,Highway / Expressway,Andhra Pradesh,Krishna,37.9,59,Medium,0.71,0,Pending Disbursal,297,Declaration Published (Sec 19),Conditional Clearance,138,0.25,Contested / Encroached,High / Cooperative,109,0.345,2022-09-29,2023-06-30,274,1,14.857694,79.766779
PRJ-1211,PCL-11428,Command Area Distribution Network 2,Irrigation / Water Canal,Tamil Nadu,Coimbatore,104.02,198,High,0.95,0,Partially Disbursed,92,Award Declared (Sec 23),Approved,20,0.66,Substantial Possession (>70%),High / Cooperative,100,0.3,2023-06-29,2023-09-28,91,1,10.19159,79.407485
PRJ-1006,PCL-11429,Bhopal Multi-Modal Logistics Park 5,Industrial Corridor / SEZ,Madhya Pradesh,Bhopal,44.94,82,Medium,0.64,0,Fully Disbursed,0,Possession Taken (Sec 38),Approved,48,0.39,Initial Stage (<30%),Moderate,249,0.29,2026-09-27,2026-09-27,0,0,25.517468,78.925101
PRJ-1027,PCL-11430,Jodhpur Multi-Modal Logistics Park 3,Industrial Corridor / SEZ,Rajasthan,Jodhpur,12.47,2,Low,0.93,0,Fully Disbursed,0,Declaration Published (Sec 19),Under Scrutiny,125,0.8,Full Possession,Moderate,118,0.598,2024-08-31,2024-09-13,13,0,28.286641,73.181708
PRJ-1113,PCL-11431,Visakhapatnam Cargo Terminal Expansion 1,Airport Infrastructure,Andhra Pradesh,Visakhapatnam,77.95,240,Medium,0.78,0,Fully Disbursed,0,Notification Pending,Approved,16,0.6,Initial Stage (<30%),High / Cooperative,318,0.398,2025-06-19,2025-07-10,21,0,15.130685,81.788776
PRJ-1011,PCL-11432,Urban Flyover & Transit Hub 3,Urban Metro / Transit,Gujarat,Surat,146.54,418,Low,0.97,0,Pending Disbursal,304,Preliminary Notification (Sec 11),Under Scrutiny,187,0.64,Partial Possession (30-70%),High / Cooperative,161,0.226,2026-11-02,2027-02-21,111,1,23.752116,69.681691
PRJ-1182,PCL-11433,Western Freight Corridor Spur Line 4,Railway & Freight Corridor,Karnataka,Kalaburagi,21.17,39,Low,0.79,1,Disputed in Escrow,517,Declaration Published (Sec 19),Pending Environmental Clearance,146,0.5,Initial Stage (<30%),High / Cooperative,302,0.263,2026-02-12,2026-12-20,311,1,12.600585,76.381817
PRJ-1102,PCL-11434,NH-60 Four-Laning Bypass Section 1,Highway / Expressway,Odisha,Cuttack,46.63,63,High,0.91,0,Pending Disbursal,243,Declaration Published (Sec 19),Pending Environmental Clearance,137,0.72,Contested / Encroached,Moderate,323,0.352,2025-07-21,2026-03-23,245,1,21.594902,84.359599
PRJ-1148,PCL-11435,NH-67 Four-Laning Bypass Section 1,Highway / Expressway,Gujarat,Ahmedabad,98.72,122,Medium,0.74,0,Fully Disbursed,0,Possession Taken (Sec 38),Pending Environmental Clearance,178,0.46,Partial Possession (30-70%),Moderate,256,0.182,2025-04-24,2025-09-12,141,1,21.387282,72.34501
PRJ-1129,PCL-11436,Thane Metro Rail Extension Corridor 4,Urban Metro / Transit,Maharashtra,Thane,15.63,53,High,0.58,1,Pending Disbursal,264,Preliminary Notification (Sec 11),Under Scrutiny,135,0.9,Partial Possession (30-70%),Hostile / Legal Injunction,183,0.819,2026-07-27,2027-11-12,473,1,19.802775,74.202389
PRJ-1254,PCL-11437,NH-50 Four-Laning Bypass Section 4,Highway / Expressway,Andhra Pradesh,Krishna,16.7,7,Medium,0.26,1,Pending Disbursal,317,Award Declared (Sec 23),Approved,21,0.57,Partial Possession (30-70%),High / Cooperative,274,0.571,2026-03-16,,391,1,16.776779,80.816696
PRJ-1138,PCL-11438,Gurugram Ultra Mega Solar Park Unit 2,Renewable / Solar Park,Haryana,Gurugram,47.46,86,Medium,0.61,0,Partially Disbursed,32,Declaration Published (Sec 19),Approved,102,0.34,Full Possession,High / Cooperative,244,0.545,2026-01-08,2026-07-21,194,1,28.878841,77.033719
PRJ-1194,PCL-11439,NH-25 Four-Laning Bypass Section 4,Highway / Expressway,Madhya Pradesh,Ujjain,45.29,69,Low,0.9,0,Partially Disbursed,98,Preliminary Notification (Sec 11),Under Scrutiny,159,0.54,Contested / Encroached,Moderate,238,0.282,2025-06-25,2025-11-26,154,1,25.755093,75.925619
PRJ-1257,PCL-11440,Haryana Dedicated High-Speed Rail Segment 4,Railway & Freight Corridor,Haryana,Faridabad,61.18,69,Medium,0.89,1,Disputed in Escrow,300,Award Declared (Sec 23),Conditional Clearance,178,0.59,Initial Stage (<30%),High / Cooperative,259,0.581,2027-01-06,,378,1,30.148553,76.739061
PRJ-1113,PCL-11441,Visakhapatnam Cargo Terminal Expansion 1,Airport Infrastructure,Andhra Pradesh,Visakhapatnam,22.14,78,Low,0.95,0,Fully Disbursed,0,Preliminary Notification (Sec 11),Approved,16,0.67,Substantial Possession (>70%),High / Cooperative,210,0.65,2025-06-19,2025-06-19,0,0,16.148605,78.430498
PRJ-1142,PCL-11442,Madhya Pradesh Integrated Industrial Township 1,Industrial Corridor / SEZ,Madhya Pradesh,Gwalior,31.28,53,Low,0.95,0,Pending Disbursal,269,Possession Taken (Sec 38),Approved,50,0.54,Partial Possession (30-70%),Moderate,235,0.372,2027-06-16,2028-02-20,249,1,22.984026,75.377868
PRJ-1199,PCL-11443,Belagavi Ultra Mega Solar Park Unit 3,Renewable / Solar Park,Karnataka,Belagavi,34.42,72,High,0.81,1,Pending Disbursal,134,Notification Pending,Approved,15,0.43,Initial Stage (<30%),Low / Resistant,52,0.405,2023-07-28,2024-07-27,365,1,16.24959,75.843223
PRJ-1018,PCL-11444,Maharashtra Clean Energy Hub Sector 1,Renewable / Solar Park,Maharashtra,Aurangabad,25.86,47,Medium,0.64,0,Partially Disbursed,108,Award Declared (Sec 23),Approved,15,0.62,Substantial Possession (>70%),Moderate,287,0.59,2024-07-05,2024-08-25,51,0,20.771309,74.004577
PRJ-1198,PCL-11445,Wind-Solar Hybrid Energy Grid 4,Renewable / Solar Park,Maharashtra,Thane,11.72,4,High,0.69,0,Fully Disbursed,0,Declaration Published (Sec 19),Approved,93,0.22,Initial Stage (<30%),Moderate,370,0.794,2027-02-23,,247,1,18.109258,79.298275
PRJ-1014,PCL-11446,Surat Lift Irrigation Main Canal Reach 4,Irrigation / Water Canal,Gujarat,Surat,30.5,42,Low,0.79,0,Pending Disbursal,151,Notification Pending,Pending Environmental Clearance,144,0.36,Full Possession,High / Cooperative,98,0.671,2024-03-14,2024-10-13,213,1,22.199438,71.886293
PRJ-1211,PCL-11447,Command Area Distribution Network 2,Irrigation / Water Canal,Tamil Nadu,Coimbatore,64.28,95,Low,0.76,1,Pending Disbursal,350,Notification Pending,Approved,65,0.54,Partial Possession (30-70%),High / Cooperative,320,0.347,2023-06-29,2024-05-16,322,1,12.568699,78.523662
PRJ-1024,PCL-11448,Industrial Rail Siding Network 5,Railway & Freight Corridor,Karnataka,Kalaburagi,43.57,66,Low,0.71,0,Partially Disbursed,158,Possession Taken (Sec 38),Resubmission Required,177,0.57,Full Possession,Moderate,320,0.513,2026-08-23,2026-08-31,8,0,14.447333,76.954576
PRJ-1166,PCL-11449,Uttar Pradesh Green Express Corridor Phase 3,Highway / Expressway,Uttar Pradesh,Varanasi,283.79,429,High,0.75,1,Pending Disbursal,224,Notification Pending,Approved,109,0.36,Contested / Encroached,High / Cooperative,334,0.331,2025-08-06,2026-05-04,271,1,27.933746,82.60675
PRJ-1227,PCL-11450,Industrial Rail Siding Network 3,Railway & Freight Corridor,Rajasthan,Jodhpur,25.72,25,Low,0.58,0,Partially Disbursed,33,Possession Taken (Sec 38),Approved,65,0.81,Partial Possession (30-70%),High / Cooperative,301,0.257,2024-01-17,2024-02-15,29,0,24.180854,73.35545
PRJ-1042,PCL-11451,Industrial Rail Siding Network 1,Railway & Freight Corridor,Gujarat,Bharuch,183.96,245,Medium,0.29,1,Disputed in Escrow,632,Declaration Published (Sec 19),Conditional Clearance,173,0.86,Partial Possession (30-70%),High / Cooperative,265,0.587,2023-08-16,2024-09-08,389,1,23.001421,71.543262
PRJ-1004,PCL-11452,Maharashtra Inter-River Linking Canal Sector 3,Irrigation / Water Canal,Maharashtra,Nagpur,19.14,29,Low,0.9,0,Fully Disbursed,0,Notification Pending,Under Scrutiny,157,0.58,Initial Stage (<30%),High / Cooperative,137,0.542,2024-04-03,2024-04-03,0,0,19.598291,78.313095
PRJ-1045,PCL-11453,Uttar Pradesh Clean Energy Hub Sector 2,Renewable / Solar Park,Uttar Pradesh,Prayagraj,59.39,71,Medium,0.73,0,Fully Disbursed,0,Award Declared (Sec 23),Conditional Clearance,212,0.79,Substantial Possession (>70%),Moderate,30,0.08,2024-12-29,,20,0,27.343544,79.331989
PRJ-1195,PCL-11454,Visakhapatnam Ultra Mega Solar Park Unit 1,Renewable / Solar Park,Andhra Pradesh,Visakhapatnam,11.76,4,Medium,0.49,0,Disputed in Escrow,451,Declaration Published (Sec 19),Resubmission Required,175,0.74,Partial Possession (30-70%),High / Cooperative,245,0.314,2025-02-24,2025-08-04,161,1,16.684783,78.361196
PRJ-1143,PCL-11455,Gujarat Inter-River Linking Canal Sector 1,Irrigation / Water Canal,Gujarat,Rajkot,23.02,9,Low,0.73,0,Partially Disbursed,149,Notification Pending,Approved,15,0.77,Substantial Possession (>70%),Low / Resistant,222,0.216,2024-12-10,,28,0,22.960198,70.129574
PRJ-1193,PCL-11456,Prayagraj Lift Irrigation Main Canal Reach 5,Irrigation / Water Canal,Uttar Pradesh,Prayagraj,16.37,16,Low,0.88,0,Pending Disbursal,116,Preliminary Notification (Sec 11),Approved,113,0.32,Initial Stage (<30%),Low / Resistant,283,0.733,2024-02-19,2025-02-25,372,1,28.293084,79.513828
PRJ-1073,PCL-11457,Bharatmala Economic Highway Ring 1,Highway / Expressway,Uttar Pradesh,Noida,38.66,29,Low,0.91,0,Fully Disbursed,0,Preliminary Notification (Sec 11),Pending Environmental Clearance,75,0.72,Contested / Encroached,Low / Resistant,336,0.666,2026-02-11,2026-06-20,129,1,28.114259,81.581864
PRJ-1229,PCL-11458,NH-92 Four-Laning Bypass Section 1,Highway / Expressway,Odisha,Angul,44.71,62,Medium,0.73,0,Pending Disbursal,123,Possession Taken (Sec 38),Approved,109,0.89,Full Possession,Moderate,189,0.382,2024-04-08,2024-09-04,149,1,21.837572,84.599685
PRJ-1213,PCL-11459,Uttar Pradesh Green Express Corridor Phase 3,Highway / Expressway,Uttar Pradesh,Agra,51.19,86,High,0.6,1,Disputed in Escrow,518,Preliminary Notification (Sec 11),Under Scrutiny,145,0.88,Initial Stage (<30%),Hostile / Legal Injunction,361,0.558,2026-11-07,2028-08-03,635,1,26.92091,81.566923
PRJ-1095,PCL-11460,Jaipur Lift Irrigation Main Canal Reach 3,Irrigation / Water Canal,Rajasthan,Jaipur,18.01,8,Low,0.81,0,Partially Disbursed,58,Notification Pending,Pending Environmental Clearance,212,0.85,Substantial Possession (>70%),Moderate,131,0.778,2025-01-11,2025-04-12,91,1,26.872978,73.804867
PRJ-1208,PCL-11461,Rajasthan Integrated Industrial Township 1,Industrial Corridor / SEZ,Rajasthan,Alwar,35.73,27,Low,0.47,0,Partially Disbursed,74,Possession Taken (Sec 38),Approved,96,0.79,Initial Stage (<30%),High / Cooperative,303,0.716,2025-07-21,2025-11-13,115,1,26.25,74.0
PRJ-1167,PCL-11462,Aviation Logistics Runway Package 4,Airport Infrastructure,Gujarat,Surat,29.79,107,Medium,0.74,0,Pending Disbursal,338,Preliminary Notification (Sec 11),Approved,75,0.58,Full Possession,High / Cooperative,272,0.449,2027-09-08,2027-10-15,37,0,23.378899,70.728535
PRJ-1074,PCL-11463,Command Area Distribution Network 2,Irrigation / Water Canal,Gujarat,Kutch,30.47,41,Medium,0.6,1,Disputed in Escrow,294,Possession Taken (Sec 38),Approved,77,0.38,Full Possession,High / Cooperative,286,0.552,2025-03-22,2026-03-06,349,1,21.914944,71.94357
PRJ-1232,PCL-11464,Maharashtra Inter-River Linking Canal Sector 4,Irrigation / Water Canal,Maharashtra,Nagpur,12.45,14,Low,0.68,0,Fully Disbursed,0,Award Declared (Sec 23),Approved,31,0.44,Full Possession,High / Cooperative,255,0.438,2026-08-29,2026-09-22,24,0,19.2247,78.274719
PRJ-1158,PCL-11465,Urban Flyover & Transit Hub 3,Urban Metro / Transit,Haryana,Karnal,18.37,63,Medium,0.92,1,Pending Disbursal,315,Award Declared (Sec 23),Conditional Clearance,81,0.84,Partial Possession (30-70%),Moderate,231,0.634,2023-09-14,2024-08-11,332,1,28.150869,76.224234
PRJ-1125,PCL-11466,Bharatmala Economic Highway Ring 1,Highway / Expressway,Uttar Pradesh,Prayagraj,19.82,18,High,0.71,1,Pending Disbursal,321,Possession Taken (Sec 38),Approved,93,0.78,Partial Possession (30-70%),Low / Resistant,136,0.437,2026-01-26,2027-04-20,449,1,28.020593,82.516173
PRJ-1078,PCL-11467,Salem Greenfield International Airport Phase 1,Airport Infrastructure,Tamil Nadu,Salem,24.65,54,Low,0.74,0,Partially Disbursed,165,Possession Taken (Sec 38),Approved,15,0.57,Full Possession,High / Cooperative,284,0.151,2026-08-13,2026-09-01,19,0,12.946813,80.028264
PRJ-1249,PCL-11468,Rajasthan Inter-River Linking Canal Sector 1,Irrigation / Water Canal,Rajasthan,Jodhpur,50.77,66,Low,0.89,0,Fully Disbursed,0,Notification Pending,Approved,33,0.5,Full Possession,Moderate,222,0.369,2025-02-05,2025-03-13,36,0,28.308279,76.096385
PRJ-1006,PCL-11469,Bhopal Multi-Modal Logistics Park 5,Industrial Corridor / SEZ,Madhya Pradesh,Bhopal,34.48,72,High,0.76,1,Partially Disbursed,118,Possession Taken (Sec 38),Under Scrutiny,171,0.63,Initial Stage (<30%),Low / Resistant,146,0.562,2026-09-27,2028-01-09,469,1,23.738859,77.598193
PRJ-1080,PCL-11470,Belagavi Cargo Terminal Expansion 3,Airport Infrastructure,Karnataka,Belagavi,165.86,618,High,0.76,1,Pending Disbursal,334,Possession Taken (Sec 38),Under Scrutiny,132,0.59,Initial Stage (<30%),Moderate,161,0.533,2026-02-11,2027-04-24,437,1,15.43114,76.909158
PRJ-1191,PCL-11471,Haryana Green Express Corridor Phase 4,Highway / Expressway,Haryana,Karnal,12.22,14,Low,0.72,1,Disputed in Escrow,593,Award Declared (Sec 23),Pending Environmental Clearance,105,0.71,Contested / Encroached,Moderate,195,0.593,2024-06-27,2025-03-25,271,1,30.249275,76.374274
PRJ-1103,PCL-11472,Command Area Distribution Network 4,Irrigation / Water Canal,Madhya Pradesh,Bhopal,67.79,120,Medium,0.71,0,Fully Disbursed,0,Preliminary Notification (Sec 11),Pending Environmental Clearance,175,0.61,Full Possession,High / Cooperative,204,0.378,2023-04-22,2023-10-03,164,1,24.703739,79.824628
PRJ-1239,PCL-11473,Industrial Rail Siding Network 3,Railway & Freight Corridor,Uttar Pradesh,Agra,11.04,17,Medium,0.7,0,Partially Disbursed,88,Preliminary Notification (Sec 11),Pending Environmental Clearance,140,0.45,Partial Possession (30-70%),High / Cooperative,372,0.588,2026-09-19,,276,1,28.211817,78.842688
PRJ-1061,PCL-11474,Kota Ultra Mega Solar Park Unit 3,Renewable / Solar Park,Rajasthan,Kota,42.38,69,Low,0.4,0,Partially Disbursed,38,Notification Pending,Under Scrutiny,103,0.59,Substantial Possession (>70%),Hostile / Legal Injunction,30,0.358,2026-08-16,2027-09-30,410,1,24.123404,74.097859
PRJ-1153,PCL-11475,Salem Ultra Mega Solar Park Unit 2,Renewable / Solar Park,Tamil Nadu,Salem,62.91,113,Low,0.46,1,Disputed in Escrow,512,Declaration Published (Sec 19),Approved,119,0.75,Substantial Possession (>70%),Low / Resistant,290,0.338,2026-11-14,,409,1,10.093214,79.486303
PRJ-1249,PCL-11476,Rajasthan Inter-River Linking Canal Sector 1,Irrigation / Water Canal,Rajasthan,Jodhpur,133.38,247,Medium,0.52,0,Partially Disbursed,62,Notification Pending,Pending Environmental Clearance,184,0.5,Partial Possession (30-70%),Low / Resistant,30,0.583,2025-02-05,2026-02-26,386,1,28.420635,73.575832
PRJ-1018,PCL-11477,Maharashtra Clean Energy Hub Sector 1,Renewable / Solar Park,Maharashtra,Aurangabad,96.84,117,Low,0.7,0,Fully Disbursed,0,Preliminary Notification (Sec 11),Approved,132,0.59,Substantial Possession (>70%),High / Cooperative,82,0.384,2024-07-05,2024-10-04,91,1,19.932201,78.536762
PRJ-1221,PCL-11478,Salem Multi-Modal Logistics Park 4,Industrial Corridor / SEZ,Tamil Nadu,Salem,35.8,25,High,0.43,1,Disputed in Escrow,614,Preliminary Notification (Sec 11),Approved,128,0.46,Contested / Encroached,Hostile / Legal Injunction,298,0.541,2025-04-24,2027-04-14,720,1,11.494361,80.082329
PRJ-1084,PCL-11479,Andhra Pradesh Inter-River Linking Canal Sector 3,Irrigation / Water Canal,Andhra Pradesh,Guntur,47.28,82,Medium,0.9,0,Fully Disbursed,0,Preliminary Notification (Sec 11),Under Scrutiny,102,0.61,Substantial Possession (>70%),Moderate,69,0.27,2024-10-17,,42,0,15.449146,82.775389
PRJ-1180,PCL-11480,Agra Multi-Modal Logistics Park 2,Industrial Corridor / SEZ,Uttar Pradesh,Agra,15.27,9,High,0.93,1,Disputed in Escrow,606,Notification Pending,Conditional Clearance,150,0.76,Initial Stage (<30%),Moderate,273,0.531,2024-01-28,2025-04-15,443,1,25.261174,80.312836
PRJ-1102,PCL-11481,NH-60 Four-Laning Bypass Section 1,Highway / Expressway,Odisha,Cuttack,23.31,36,Low,0.76,0,Pending Disbursal,248,Award Declared (Sec 23),Conditional Clearance,155,0.4,Partial Possession (30-70%),Moderate,209,0.758,2025-07-21,2026-03-01,223,1,20.890655,84.572116
PRJ-1253,PCL-11482,Suburban Commuter Rapid Transit Line 1,Urban Metro / Transit,Odisha,Jajpur,17.73,79,Medium,0.94,0,Disputed in Escrow,633,Preliminary Notification (Sec 11),Under Scrutiny,219,0.57,Initial Stage (<30%),High / Cooperative,311,0.394,2023-07-06,2024-01-11,189,1,20.671255,85.248615
PRJ-1037,PCL-11483,Belagavi Ultra Mega Solar Park Unit 4,Renewable / Solar Park,Karnataka,Belagavi,18.08,36,Medium,0.73,0,Fully Disbursed,0,Declaration Published (Sec 19),Resubmission Required,171,0.67,Full Possession,Low / Resistant,57,0.38,2026-08-25,2026-11-29,96,1,16.403495,76.5656
PRJ-1138,PCL-11484,Gurugram Ultra Mega Solar Park Unit 2,Renewable / Solar Park,Haryana,Gurugram,21.73,29,Medium,0.89,0,Partially Disbursed,118,Award Declared (Sec 23),Under Scrutiny,88,0.35,Full Possession,High / Cooperative,222,0.335,2026-01-08,,6,0,28.894021,75.915913
PRJ-1232,PCL-11485,Maharashtra Inter-River Linking Canal Sector 4,Irrigation / Water Canal,Maharashtra,Nagpur,49.03,73,Medium,0.47,0,Pending Disbursal,114,Possession Taken (Sec 38),Conditional Clearance,118,0.98,Full Possession,High / Cooperative,135,0.468,2026-08-29,2026-09-13,15,0,18.805659,77.647205
PRJ-1007,PCL-11486,Ahmedabad Lift Irrigation Main Canal Reach 3,Irrigation / Water Canal,Gujarat,Ahmedabad,17.23,23,Medium,0.41,0,Fully Disbursed,0,Notification Pending,Approved,113,0.47,Full Possession,Hostile / Legal Injunction,388,0.745,2023-11-24,2025-03-11,473,1,23.128791,70.453306
PRJ-1108,PCL-11487,Indore Multi-Modal Logistics Park 5,Industrial Corridor / SEZ,Madhya Pradesh,Indore,82.56,66,High,0.89,1,Pending Disbursal,294,Award Declared (Sec 23),Under Scrutiny,125,0.22,Initial Stage (<30%),Low / Resistant,229,0.615,2024-04-08,2025-06-21,439,1,24.639692,77.5694
PRJ-1228,PCL-11488,Udaipur Metro Rail Extension Corridor 1,Urban Metro / Transit,Rajasthan,Udaipur,41.86,101,Low,0.67,0,Pending Disbursal,234,Possession Taken (Sec 38),Conditional Clearance,199,0.23,Partial Possession (30-70%),Moderate,174,0.566,2024-06-01,2025-03-12,284,1,26.400384,71.123441
PRJ-1122,PCL-11489,Gujarat Integrated Industrial Township 3,Industrial Corridor / SEZ,Gujarat,Surat,90.32,78,High,0.43,1,Pending Disbursal,100,Notification Pending,Pending Environmental Clearance,154,0.57,Contested / Encroached,Low / Resistant,129,0.499,2024-12-31,2026-03-22,446,1,22.043383,70.887104
PRJ-1250,PCL-11490,Andhra Pradesh Integrated Industrial Township 5,Industrial Corridor / SEZ,Andhra Pradesh,Guntur,107.23,158,High,0.62,1,Fully Disbursed,0,Preliminary Notification (Sec 11),Under Scrutiny,155,0.59,Initial Stage (<30%),Hostile / Legal Injunction,310,0.42,2026-08-26,2028-01-23,515,1,14.237315,81.577188
PRJ-1145,PCL-11491,Urban Flyover & Transit Hub 4,Urban Metro / Transit,Tamil Nadu,Tiruchirappalli,37.28,71,High,0.63,1,Partially Disbursed,115,Notification Pending,Approved,53,0.26,Partial Possession (30-70%),High / Cooperative,202,0.35,2024-06-07,2025-01-13,220,1,12.493219,77.294468
PRJ-1084,PCL-11492,Andhra Pradesh Inter-River Linking Canal Sector 3,Irrigation / Water Canal,Andhra Pradesh,Guntur,29.16,40,Low,0.87,1,Disputed in Escrow,588,Declaration Published (Sec 19),Approved,15,0.42,Partial Possession (30-70%),Moderate,306,0.31,2024-10-17,2025-09-30,348,1,17.571507,79.230747
PRJ-1004,PCL-11493,Maharashtra Inter-River Linking Canal Sector 3,Irrigation / Water Canal,Maharashtra,Nagpur,17.38,9,Low,0.83,0,Partially Disbursed,166,Declaration Published (Sec 19),Pending Environmental Clearance,145,0.72,Initial Stage (<30%),High / Cooperative,214,0.466,2024-04-03,2024-07-03,91,1,19.430542,79.142627
PRJ-1033,PCL-11494,Bharatmala Economic Highway Ring 2,Highway / Expressway,Karnataka,Dharwad,34.21,41,Medium,0.44,1,Pending Disbursal,338,Possession Taken (Sec 38),Resubmission Required,164,0.61,Substantial Possession (>70%),Low / Resistant,224,0.227,2023-12-06,2025-06-12,554,1,13.96745,76.936873
PRJ-1128,PCL-11495,Gujarat Green Express Corridor Phase 2,Highway / Expressway,Gujarat,Rajkot,39.65,41,Low,0.86,1,Disputed in Escrow,217,Notification Pending,Approved,90,0.54,Substantial Possession (>70%),High / Cooperative,249,0.497,2025-04-05,2025-09-30,178,1,21.997479,72.389354
PRJ-1230,PCL-11496,Suburban Commuter Rapid Transit Line 5,Urban Metro / Transit,Gujarat,Rajkot,63.14,178,Low,0.74,1,Partially Disbursed,131,Possession Taken (Sec 38),Approved,35,0.15,Contested / Encroached,Low / Resistant,274,0.257,2023-04-11,2024-04-27,382,1,21.067219,73.040138
PRJ-1067,PCL-11497,Sundargarh Cargo Terminal Expansion 2,Airport Infrastructure,Odisha,Sundargarh,32.7,56,Medium,0.69,1,Pending Disbursal,151,Preliminary Notification (Sec 11),Pending Environmental Clearance,124,0.81,Initial Stage (<30%),High / Cooperative,226,0.562,2024-02-16,2024-11-25,283,1,21.450428,86.445168
PRJ-1085,PCL-11498,Command Area Distribution Network 2,Irrigation / Water Canal,Andhra Pradesh,Visakhapatnam,6.07,9,Low,0.74,0,Fully Disbursed,0,Declaration Published (Sec 19),Conditional Clearance,71,0.43,Substantial Possession (>70%),High / Cooperative,128,0.597,2024-09-24,2024-09-24,0,0,14.30829,81.679822
PRJ-1240,PCL-11499,Suburban Commuter Rapid Transit Line 3,Urban Metro / Transit,Madhya Pradesh,Gwalior,34.34,143,Medium,0.78,0,Fully Disbursed,0,Notification Pending,Conditional Clearance,99,0.45,Substantial Possession (>70%),Moderate,227,0.527,2026-01-18,2026-06-08,141,1,25.112901,77.396676
PRJ-1179,PCL-11500,Vadodara Greenfield International Airport Phase 5,Airport Infrastructure,Gujarat,Vadodara,56.72,234,High,0.72,1,Pending Disbursal,160,Preliminary Notification (Sec 11),Approved,42,0.73,Contested / Encroached,Moderate,137,0.165,2024-08-04,2024-08-26,22,0,23.709971,73.219098
PRJ-1145,PCL-11501,Urban Flyover & Transit Hub 4,Urban Metro / Transit,Tamil Nadu,Tiruchirappalli,53.6,106,Low,0.54,0,Fully Disbursed,0,Notification Pending,Under Scrutiny,166,0.55,Full Possession,Moderate,35,0.36,2024-06-07,2024-07-04,27,0,11.907852,79.919759
PRJ-1109,PCL-11502,Kurnool Ultra Mega Solar Park Unit 3,Renewable / Solar Park,Andhra Pradesh,Kurnool,60.98,61,Low,0.59,1,Partially Disbursed,124,Declaration Published (Sec 19),Approved,40,0.44,Initial Stage (<30%),Hostile / Legal Injunction,374,0.425,2026-09-17,2027-10-28,406,1,15.296932,82.160941
PRJ-1195,PCL-11503,Visakhapatnam Ultra Mega Solar Park Unit 1,Renewable / Solar Park,Andhra Pradesh,Visakhapatnam,35.62,54,High,0.65,1,Pending Disbursal,319,Preliminary Notification (Sec 11),Approved,18,0.41,Contested / Encroached,Hostile / Legal Injunction,197,0.36,2025-02-24,2026-06-19,480,1,14.103115,82.800587
PRJ-1208,PCL-11504,Rajasthan Integrated Industrial Township 1,Industrial Corridor / SEZ,Rajasthan,Alwar,80.46,140,Low,0.8,1,Pending Disbursal,191,Preliminary Notification (Sec 11),Approved,77,0.71,Partial Possession (30-70%),Moderate,240,0.2,2025-07-21,2026-05-01,284,1,24.120556,72.210768
PRJ-1217,PCL-11505,Gwalior Greenfield International Airport Phase 3,Airport Infrastructure,Madhya Pradesh,Gwalior,28.66,64,Low,0.61,1,Partially Disbursed,95,Award Declared (Sec 23),Approved,15,0.41,Partial Possession (30-70%),High / Cooperative,110,0.813,2025-01-24,2025-09-03,222,1,24.237022,75.650892
PRJ-1136,PCL-11506,Jaipur Lift Irrigation Main Canal Reach 5,Irrigation / Water Canal,Rajasthan,Jaipur,44.05,41,Medium,0.58,0,Fully Disbursed,0,Possession Taken (Sec 38),Under Scrutiny,79,0.32,Full Possession,High / Cooperative,151,0.469,2022-10-14,2022-11-08,25,0,24.299103,73.264719
PRJ-1041,PCL-11507,Andhra Pradesh Inter-River Linking Canal Sector 2,Irrigation / Water Canal,Andhra Pradesh,Krishna,13.57,24,Medium,0.69,0,Fully Disbursed,0,Possession Taken (Sec 38),Under Scrutiny,87,0.59,Substantial Possession (>70%),High / Cooperative,336,0.58,2025-12-24,,95,1,17.387274,82.618789
PRJ-1121,PCL-11508,Haryana Inter-River Linking Canal Sector 3,Irrigation / Water Canal,Haryana,Panipat,24.84,31,Low,0.73,0,Partially Disbursed,31,Award Declared (Sec 23),Under Scrutiny,238,0.75,Full Possession,Moderate,211,0.151,2025-08-19,,91,1,28.51754,76.162311
PRJ-1245,PCL-11509,Haryana Dedicated High-Speed Rail Segment 5,Railway & Freight Corridor,Haryana,Faridabad,22.52,13,Low,0.71,0,Fully Disbursed,0,Declaration Published (Sec 19),Approved,32,0.35,Substantial Possession (>70%),Low / Resistant,295,0.319,2024-03-02,2024-09-23,205,1,30.084156,77.072449
PRJ-1124,PCL-11510,Industrial Rail Siding Network 2,Railway & Freight Corridor,Haryana,Panipat,60.85,49,Medium,0.82,0,Partially Disbursed,83,Notification Pending,Resubmission Required,221,0.77,Substantial Possession (>70%),Moderate,226,0.215,2026-09-30,,197,1,28.570833,77.165587
PRJ-1069,PCL-11511,DMIC Special Investment Region Node 3,Industrial Corridor / SEZ,Andhra Pradesh,Krishna,9.34,31,High,0.41,1,Pending Disbursal,185,Award Declared (Sec 23),Approved,23,0.63,Initial Stage (<30%),Hostile / Legal Injunction,320,0.846,2024-09-29,2026-05-03,581,1,15.467504,81.789124
PRJ-1082,PCL-11512,Kota Greenfield International Airport Phase 1,Airport Infrastructure,Rajasthan,Kota,10.8,31,Low,0.54,0,Fully Disbursed,0,Preliminary Notification (Sec 11),Approved,15,0.64,Contested / Encroached,High / Cooperative,246,0.734,2024-03-28,2024-06-27,91,1,25.034871,74.206013
PRJ-1097,PCL-11513,NH-71 Four-Laning Bypass Section 3,Highway / Expressway,Tamil Nadu,Tiruchirappalli,27.1,28,Low,0.37,1,Disputed in Escrow,489,Notification Pending,Under Scrutiny,132,0.61,Contested / Encroached,Moderate,142,0.239,2026-02-04,2026-10-23,261,1,10.325041,79.524966
PRJ-1170,PCL-11514,Maharashtra Clean Energy Hub Sector 1,Renewable / Solar Park,Maharashtra,Pune,26.36,33,Low,0.39,0,Fully Disbursed,0,Possession Taken (Sec 38),Approved,153,0.5,Substantial Possession (>70%),Moderate,319,0.431,2027-03-09,,278,1,20.427647,78.566913
PRJ-1114,PCL-11515,NH-63 Four-Laning Bypass Section 3,Highway / Expressway,Odisha,Sundargarh,68.7,112,High,0.83,1,Partially Disbursed,140,Declaration Published (Sec 19),Pending Environmental Clearance,150,0.65,Initial Stage (<30%),Hostile / Legal Injunction,235,0.339,2026-10-05,,481,1,19.873224,84.060206
PRJ-1039,PCL-11516,Madhya Pradesh Clean Energy Hub Sector 5,Renewable / Solar Park,Madhya Pradesh,Indore,58.8,89,Low,0.45,0,Partially Disbursed,37,Possession Taken (Sec 38),Approved,62,0.69,Substantial Possession (>70%),High / Cooperative,157,0.675,2026-01-30,2026-05-01,91,1,23.872337,79.69625
PRJ-1018,PCL-11517,Maharashtra Clean Energy Hub Sector 1,Renewable / Solar Park,Maharashtra,Aurangabad,40.42,39,High,0.45,1,Disputed in Escrow,199,Possession Taken (Sec 38),Conditional Clearance,180,0.71,Partial Possession (30-70%),High / Cooperative,300,0.514,2024-07-05,2025-09-14,436,1,19.021668,75.054428
PRJ-1254,PCL-11518,NH-50 Four-Laning Bypass Section 4,Highway / Expressway,Andhra Pradesh,Krishna,77.36,136,Medium,0.64,0,Fully Disbursed,0,Possession Taken (Sec 38),Approved,15,0.34,Substantial Possession (>70%),Moderate,172,0.404,2026-03-16,2026-07-02,108,1,15.239094,81.359448
PRJ-1082,PCL-11519,Kota Greenfield International Airport Phase 1,Airport Infrastructure,Rajasthan,Kota,31.95,98,Low,0.63,0,Partially Disbursed,133,Award Declared (Sec 23),Pending Environmental Clearance,132,0.71,Partial Possession (30-70%),Moderate,274,0.444,2024-03-28,2024-12-03,250,1,24.110691,71.286058
PRJ-1230,PCL-11520,Suburban Commuter Rapid Transit Line 5,Urban Metro / Transit,Gujarat,Rajkot,66.07,201,Medium,0.65,0,Partially Disbursed,176,Possession Taken (Sec 38),Conditional Clearance,91,0.53,Partial Possession (30-70%),Moderate,220,0.389,2023-04-11,2024-01-08,272,1,21.825071,71.668055
PRJ-1040,PCL-11521,DMIC Special Investment Region Node 1,Industrial Corridor / SEZ,Tamil Nadu,Madurai,10.98,8,Low,0.75,0,Pending Disbursal,97,Award Declared (Sec 23),Under Scrutiny,138,0.32,Partial Possession (30-70%),Moderate,174,0.451,2025-05-05,2026-01-11,251,1,10.426137,79.883074
PRJ-1224,PCL-11522,Vadodara Multi-Modal Logistics Park 2,Industrial Corridor / SEZ,Gujarat,Vadodara,33.22,55,Very High,0.63,0,Fully Disbursed,0,Declaration Published (Sec 19),Conditional Clearance,138,0.26,Substantial Possession (>70%),Moderate,292,0.328,2024-02-02,2024-02-02,0,0,21.910137,69.61126
PRJ-1039,PCL-11523,Madhya Pradesh Clean Energy Hub Sector 5,Renewable / Solar Park,Madhya Pradesh,Indore,11.96,10,Low,0.73,1,Fully Disbursed,0,Preliminary Notification (Sec 11),Approved,32,0.73,Initial Stage (<30%),Low / Resistant,153,0.486,2026-01-30,2026-12-12,316,1,24.956345,80.875469
PRJ-1084,PCL-11524,Andhra Pradesh Inter-River Linking Canal Sector 3,Irrigation / Water Canal,Andhra Pradesh,Guntur,17.16,21,Medium,0.76,0,Fully Disbursed,0,Declaration Published (Sec 19),Approved,15,0.78,Partial Possession (30-70%),Low / Resistant,106,0.325,2024-10-17,2024-11-14,28,0,14.654871,78.996232
PRJ-1033,PCL-11525,Bharatmala Economic Highway Ring 2,Highway / Expressway,Karnataka,Dharwad,33.94,57,High,0.44,1,Pending Disbursal,337,Preliminary Notification (Sec 11),Approved,32,0.57,Initial Stage (<30%),High / Cooperative,294,0.238,2023-12-06,2024-10-14,313,1,16.701499,77.027924
PRJ-1035,PCL-11526,Uttar Pradesh Inter-River Linking Canal Sector 4,Irrigation / Water Canal,Uttar Pradesh,Prayagraj,46.69,76,Very High,0.38,1,Pending Disbursal,279,Possession Taken (Sec 38),Approved,15,0.48,Contested / Encroached,Moderate,251,0.496,2023-10-13,2025-02-02,478,1,26.368972,78.31717
PRJ-1139,PCL-11527,NH-95 Four-Laning Bypass Section 2,Highway / Expressway,Maharashtra,Nagpur,57.58,44,Medium,0.55,0,Partially Disbursed,129,Declaration Published (Sec 19),Pending Environmental Clearance,160,0.39,Substantial Possession (>70%),High / Cooperative,54,0.392,2024-10-03,2024-10-23,20,0,19.185104,77.869445
PRJ-1228,PCL-11528,Udaipur Metro Rail Extension Corridor 1,Urban Metro / Transit,Rajasthan,Udaipur,289.29,521,Very High,0.36,0,Fully Disbursed,0,Possession Taken (Sec 38),Approved,129,0.63,Full Possession,High / Cooperative,338,0.514,2024-06-01,2025-02-10,254,1,24.728327,73.380332
PRJ-1183,PCL-11529,Udaipur Cargo Terminal Expansion 5,Airport Infrastructure,Rajasthan,Udaipur,87.9,296,High,0.91,1,Disputed in Escrow,384,Award Declared (Sec 23),Approved,15,0.2,Contested / Encroached,Moderate,127,0.464,2025-10-17,2026-12-20,429,1,28.013821,75.371484
PRJ-1089,PCL-11530,NH-34 Four-Laning Bypass Section 4,Highway / Expressway,Andhra Pradesh,Krishna,26.41,23,Low,0.75,0,Partially Disbursed,136,Notification Pending,Pending Environmental Clearance,162,0.69,Full Possession,Moderate,285,0.619,2022-09-29,2023-04-08,191,1,15.170969,80.161672
PRJ-1037,PCL-11531,Belagavi Ultra Mega Solar Park Unit 4,Renewable / Solar Park,Karnataka,Belagavi,31.23,25,Low,0.82,0,Fully Disbursed,0,Notification Pending,Under Scrutiny,195,0.6,Substantial Possession (>70%),Low / Resistant,261,0.329,2026-08-25,,126,1,14.582144,75.679281
PRJ-1104,PCL-11532,Haryana Inter-River Linking Canal Sector 1,Irrigation / Water Canal,Haryana,Karnal,17.93,20,Medium,0.75,0,Fully Disbursed,0,Possession Taken (Sec 38),Pending Environmental Clearance,67,0.54,Partial Possession (30-70%),Moderate,304,0.557,2025-06-25,2025-10-31,128,1,28.533818,76.322418
PRJ-1210,PCL-11533,Aviation Logistics Runway Package 3,Airport Infrastructure,Rajasthan,Jaipur,11.83,30,High,0.7,1,Pending Disbursal,121,Declaration Published (Sec 19),Approved,101,0.32,Initial Stage (<30%),Moderate,461,0.159,2023-07-12,2024-07-29,383,1,24.903538,76.253192
PRJ-1115,PCL-11534,Wind-Solar Hybrid Energy Grid 4,Renewable / Solar Park,Madhya Pradesh,Jabalpur,60.16,92,Medium,0.78,0,Fully Disbursed,0,Possession Taken (Sec 38),Under Scrutiny,144,0.64,Partial Possession (30-70%),High / Cooperative,261,0.124,2023-05-31,2023-06-02,2,0,22.183746,78.945765
PRJ-1249,PCL-11535,Rajasthan Inter-River Linking Canal Sector 1,Irrigation / Water Canal,Rajasthan,Jodhpur,42.87,81,High,0.54,1,Disputed in Escrow,464,Award Declared (Sec 23),Approved,55,0.49,Partial Possession (30-70%),High / Cooperative,229,0.85,2025-02-05,2026-03-27,415,1,27.869229,76.473847
PRJ-1153,PCL-11536,Salem Ultra Mega Solar Park Unit 2,Renewable / Solar Park,Tamil Nadu,Salem,29.22,17,High,0.84,0,Fully Disbursed,0,Notification Pending,Resubmission Required,267,0.75,Full Possession,Moderate,157,0.388,2026-11-14,2027-09-22,312,1,10.630429,77.180936
PRJ-1115,PCL-11537,Wind-Solar Hybrid Energy Grid 4,Renewable / Solar Park,Madhya Pradesh,Jabalpur,30.11,64,Medium,0.58,0,Fully Disbursed,0,Possession Taken (Sec 38),Approved,88,0.76,Partial Possession (30-70%),Moderate,265,0.208,2023-05-31,2023-11-05,158,1,24.571364,79.381716
PRJ-1076,PCL-11538,Nashik Cargo Terminal Expansion 1,Airport Infrastructure,Maharashtra,Nashik,18.28,30,Low,0.94,0,Partially Disbursed,65,Award Declared (Sec 23),Under Scrutiny,171,0.41,Substantial Possession (>70%),High / Cooperative,277,0.266,2026-03-11,2026-04-17,37,0,19.936953,78.22595
PRJ-1160,PCL-11539,Rajasthan Dedicated High-Speed Rail Segment 4,Railway & Freight Corridor,Rajasthan,Kota,13.6,2,Medium,0.72,0,Fully Disbursed,0,Award Declared (Sec 23),Under Scrutiny,119,0.82,Initial Stage (<30%),High / Cooperative,261,0.399,2025-08-02,2025-11-01,91,1,24.725685,72.39141
PRJ-1218,PCL-11540,Bharatmala Economic Highway Ring 2,Highway / Expressway,Haryana,Hisar,11.75,15,Medium,0.43,0,Partially Disbursed,63,Notification Pending,Approved,15,0.77,Substantial Possession (>70%),Moderate,264,0.412,2024-12-20,2025-01-21,32,0,29.820754,77.437517
PRJ-1142,PCL-11541,Madhya Pradesh Integrated Industrial Township 1,Industrial Corridor / SEZ,Madhya Pradesh,Gwalior,30.13,35,High,0.84,0,Fully Disbursed,0,Award Declared (Sec 23),Conditional Clearance,109,0.63,Substantial Possession (>70%),Moderate,35,0.579,2027-06-16,2028-01-08,206,1,22.516493,77.739822
PRJ-1236,PCL-11542,Faridabad Lift Irrigation Main Canal Reach 5,Irrigation / Water Canal,Haryana,Faridabad,10.68,23,Low,0.71,0,Partially Disbursed,128,Possession Taken (Sec 38),Approved,36,0.48,Substantial Possession (>70%),Moderate,285,0.656,2025-06-16,2025-10-25,131,1,29.057976,76.463075
PRJ-1045,PCL-11543,Uttar Pradesh Clean Energy Hub Sector 2,Renewable / Solar Park,Uttar Pradesh,Prayagraj,64.36,101,High,0.87,1,Pending Disbursal,240,Declaration Published (Sec 19),Pending Environmental Clearance,239,0.78,Contested / Encroached,Low / Resistant,194,0.179,2024-12-29,2025-11-01,307,1,26.313204,83.35132
PRJ-1213,PCL-11544,Uttar Pradesh Green Express Corridor Phase 3,Highway / Expressway,Uttar Pradesh,Agra,21.94,6,Medium,0.82,1,Disputed in Escrow,292,Possession Taken (Sec 38),Approved,39,0.75,Initial Stage (<30%),High / Cooperative,327,0.307,2026-11-07,,21,0,27.167716,81.256087
PRJ-1078,PCL-11545,Salem Greenfield International Airport Phase 1,Airport Infrastructure,Tamil Nadu,Salem,9.48,23,Medium,0.54,0,Partially Disbursed,139,Award Declared (Sec 23),Conditional Clearance,145,0.3,Initial Stage (<30%),High / Cooperative,247,0.381,2026-08-13,2027-02-14,185,1,12.555272,77.756797
PRJ-1230,PCL-11546,Suburban Commuter Rapid Transit Line 5,Urban Metro / Transit,Gujarat,Rajkot,66.15,196,High,0.37,1,Pending Disbursal,317,Possession Taken (Sec 38),Under Scrutiny,170,0.69,Partial Possession (30-70%),Moderate,338,0.519,2023-04-11,2024-08-10,487,1,21.211324,72.959717
PRJ-1040,PCL-11547,DMIC Special Investment Region Node 1,Industrial Corridor / SEZ,Tamil Nadu,Madurai,12.0,9,Medium,0.71,0,Fully Disbursed,0,Notification Pending,Approved,63,0.55,Substantial Possession (>70%),High / Cooperative,295,0.555,2025-05-05,2025-08-27,114,1,12.912032,79.773436
PRJ-1155,PCL-11548,Andhra Pradesh Inter-River Linking Canal Sector 5,Irrigation / Water Canal,Andhra Pradesh,Guntur,9.81,22,Medium,0.82,0,Fully Disbursed,0,Award Declared (Sec 23),Under Scrutiny,171,0.64,Substantial Possession (>70%),High / Cooperative,105,0.222,2022-06-15,2022-08-10,56,0,15.676213,82.889074
PRJ-1012,PCL-11549,Uttar Pradesh Dedicated High-Speed Rail Segment 5,Railway & Freight Corridor,Uttar Pradesh,Noida,43.43,64,Medium,0.88,0,Partially Disbursed,76,Preliminary Notification (Sec 11),Pending Environmental Clearance,216,0.64,Partial Possession (30-70%),High / Cooperative,249,0.399,2026-03-01,2026-03-22,21,0,27.978231,83.231218
PRJ-1171,PCL-11550,Aviation Logistics Runway Package 2,Airport Infrastructure,Maharashtra,Nashik,185.94,696,Low,0.88,0,Partially Disbursed,129,Preliminary Notification (Sec 11),Under Scrutiny,148,0.58,Full Possession,Low / Resistant,320,0.167,2025-11-07,2025-12-11,34,0,20.19086,76.551965
PRJ-1251,PCL-11551,Rajasthan Dedicated High-Speed Rail Segment 3,Railway & Freight Corridor,Rajasthan,Udaipur,98.03,162,Very High,0.54,0,Fully Disbursed,0,Notification Pending,Approved,61,0.51,Substantial Possession (>70%),Low / Resistant,233,0.459,2026-05-18,2027-07-18,426,1,24.080988,73.420561
PRJ-1199,PCL-11552,Belagavi Ultra Mega Solar Park Unit 3,Renewable / Solar Park,Karnataka,Belagavi,47.79,46,High,0.77,0,Fully Disbursed,0,Award Declared (Sec 23),Under Scrutiny,116,0.47,Substantial Possession (>70%),Low / Resistant,325,0.281,2023-07-28,2024-03-04,220,1,15.261068,77.40909
PRJ-1162,PCL-11553,Suburban Commuter Rapid Transit Line 4,Urban Metro / Transit,Haryana,Karnal,41.2,101,Medium,0.77,0,Pending Disbursal,187,Award Declared (Sec 23),Approved,78,0.69,Substantial Possession (>70%),Low / Resistant,172,0.579,2023-05-29,2024-02-21,268,1,28.156173,76.482577
PRJ-1227,PCL-11554,Industrial Rail Siding Network 3,Railway & Freight Corridor,Rajasthan,Jodhpur,68.3,56,High,0.57,1,Pending Disbursal,264,Preliminary Notification (Sec 11),Under Scrutiny,101,0.27,Contested / Encroached,Hostile / Legal Injunction,145,0.688,2024-01-17,2025-06-03,503,1,25.088953,71.649212
PRJ-1017,PCL-11555,Madurai Metro Rail Extension Corridor 2,Urban Metro / Transit,Tamil Nadu,Madurai,36.79,108,Medium,0.69,0,Partially Disbursed,101,Award Declared (Sec 23),Approved,15,0.74,Substantial Possession (>70%),Moderate,290,0.474,2025-03-21,,146,1,10.76542,79.045493
PRJ-1040,PCL-11556,DMIC Special Investment Region Node 1,Industrial Corridor / SEZ,Tamil Nadu,Madurai,8.63,2,Low,0.68,1,Partially Disbursed,88,Award Declared (Sec 23),Pending Environmental Clearance,198,0.52,Substantial Possession (>70%),Low / Resistant,275,0.479,2025-05-05,2026-06-03,394,1,10.608635,78.006563
PRJ-1167,PCL-11557,Aviation Logistics Runway Package 4,Airport Infrastructure,Gujarat,Surat,5.0,37,Medium,0.72,1,Pending Disbursal,320,Notification Pending,Approved,74,0.74,Substantial Possession (>70%),High / Cooperative,191,0.438,2027-09-08,,153,1,22.870577,70.781593
PRJ-1155,PCL-11558,Andhra Pradesh Inter-River Linking Canal Sector 5,Irrigation / Water Canal,Andhra Pradesh,Guntur,21.73,30,Medium,0.83,0,Partially Disbursed,105,Preliminary Notification (Sec 11),Pending Environmental Clearance,155,0.37,Contested / Encroached,High / Cooperative,168,0.56,2022-06-15,2022-08-23,69,0,17.588905,81.125059
PRJ-1217,PCL-11559,Gwalior Greenfield International Airport Phase 3,Airport Infrastructure,Madhya Pradesh,Gwalior,41.05,98,Low,0.67,0,Partially Disbursed,152,Declaration Published (Sec 19),Conditional Clearance,154,0.31,Substantial Possession (>70%),High / Cooperative,65,0.507,2025-01-24,,230,1,25.242769,77.784547
PRJ-1256,PCL-11560,Tamil Nadu Integrated Industrial Township 5,Industrial Corridor / SEZ,Tamil Nadu,Coimbatore,57.08,55,High,0.87,1,Partially Disbursed,160,Possession Taken (Sec 38),Resubmission Required,144,0.6,Contested / Encroached,Low / Resistant,266,0.784,2023-11-21,2025-03-25,490,1,10.794575,79.239897
PRJ-1020,PCL-11561,Wind-Solar Hybrid Energy Grid 5,Renewable / Solar Park,Madhya Pradesh,Indore,22.1,29,Medium,0.78,0,Fully Disbursed,0,Declaration Published (Sec 19),Approved,70,0.26,Full Possession,Moderate,176,0.637,2025-08-31,2026-03-04,185,1,22.651503,80.361145
PRJ-1191,PCL-11562,Haryana Green Express Corridor Phase 4,Highway / Expressway,Haryana,Karnal,270.71,424,High,0.59,0,Fully Disbursed,0,Possession Taken (Sec 38),Pending Environmental Clearance,132,0.62,Full Possession,Low / Resistant,292,0.19,2024-06-27,2025-05-07,314,1,28.215534,76.209223
PRJ-1242,PCL-11563,Gwalior Ultra Mega Solar Park Unit 5,Renewable / Solar Park,Madhya Pradesh,Gwalior,180.07,293,Medium,0.63,0,Fully Disbursed,0,Preliminary Notification (Sec 11),Pending Environmental Clearance,100,0.83,Substantial Possession (>70%),Moderate,273,0.245,2026-07-15,2026-07-16,1,0,25.169684,77.538168
PRJ-1059,PCL-11564,Bharatmala Economic Highway Ring 2,Highway / Expressway,Madhya Pradesh,Jabalpur,27.73,29,High,0.78,1,Disputed in Escrow,387,Notification Pending,Under Scrutiny,146,0.78,Initial Stage (<30%),Hostile / Legal Injunction,81,0.216,2026-07-14,2027-11-27,501,1,23.918657,77.878502
PRJ-1051,PCL-11565,Wind-Solar Hybrid Energy Grid 1,Renewable / Solar Park,Andhra Pradesh,Kurnool,106.41,182,High,0.71,0,Partially Disbursed,95,Notification Pending,Approved,69,0.94,Substantial Possession (>70%),Moderate,190,0.39,2025-10-13,,125,1,15.052877,81.78972
PRJ-1066,PCL-11566,Faridabad Multi-Modal Logistics Park 3,Industrial Corridor / SEZ,Haryana,Faridabad,41.99,37,Medium,0.68,0,Pending Disbursal,104,Declaration Published (Sec 19),Approved,15,0.18,Initial Stage (<30%),Moderate,304,0.321,2025-12-22,2026-08-12,233,1,29.469579,76.916035
PRJ-1016,PCL-11567,Western Freight Corridor Spur Line 1,Railway & Freight Corridor,Tamil Nadu,Tiruchirappalli,49.01,50,High,0.46,0,Fully Disbursed,0,Possession Taken (Sec 38),Under Scrutiny,134,0.57,Substantial Possession (>70%),High / Cooperative,225,0.49,2025-06-05,2025-12-24,202,1,11.505469,79.05201
PRJ-1223,PCL-11568,Guntur Multi-Modal Logistics Park 3,Industrial Corridor / SEZ,Andhra Pradesh,Guntur,31.0,71,Medium,0.92,1,Disputed in Escrow,196,Declaration Published (Sec 19),Conditional Clearance,146,0.51,Contested / Encroached,Low / Resistant,146,0.316,2023-09-28,2024-07-03,279,1,18.241205,78.057329
PRJ-1113,PCL-11569,Visakhapatnam Cargo Terminal Expansion 1,Airport Infrastructure,Andhra Pradesh,Visakhapatnam,37.89,52,High,0.26,1,Pending Disbursal,203,Possession Taken (Sec 38),Under Scrutiny,181,0.49,Initial Stage (<30%),Moderate,70,0.346,2025-06-19,2026-06-25,371,1,15.232125,80.933077
PRJ-1232,PCL-11570,Maharashtra Inter-River Linking Canal Sector 4,Irrigation / Water Canal,Maharashtra,Nagpur,91.2,132,Low,0.36,1,Fully Disbursed,0,Declaration Published (Sec 19),Approved,25,0.19,Contested / Encroached,Moderate,167,0.249,2026-08-29,2027-04-05,219,1,19.831378,75.145346
PRJ-1203,PCL-11571,Rajasthan Inter-River Linking Canal Sector 5,Irrigation / Water Canal,Rajasthan,Jaipur,19.58,13,High,0.3,1,Pending Disbursal,216,Possession Taken (Sec 38),Conditional Clearance,158,0.37,Partial Possession (30-70%),Moderate,172,0.558,2025-01-22,2026-03-18,420,1,28.045049,73.612258
PRJ-1183,PCL-11572,Udaipur Cargo Terminal Expansion 5,Airport Infrastructure,Rajasthan,Udaipur,39.76,157,High,0.58,0,Partially Disbursed,154,Possession Taken (Sec 38),Approved,15,0.42,Initial Stage (<30%),Moderate,167,0.199,2025-10-17,2026-07-15,271,1,27.284282,74.842791
PRJ-1024,PCL-11573,Industrial Rail Siding Network 5,Railway & Freight Corridor,Karnataka,Kalaburagi,9.8,26,High,0.78,1,Partially Disbursed,115,Award Declared (Sec 23),Approved,39,0.59,Contested / Encroached,Low / Resistant,53,0.363,2026-08-23,2027-07-16,327,1,12.678996,77.517341
PRJ-1139,PCL-11574,NH-95 Four-Laning Bypass Section 2,Highway / Expressway,Maharashtra,Nagpur,156.92,147,Medium,0.5,0,Pending Disbursal,207,Notification Pending,Approved,15,0.43,Initial Stage (<30%),High / Cooperative,295,0.282,2024-10-03,,236,1,20.310514,78.972301
PRJ-1130,PCL-11575,Visakhapatnam Lift Irrigation Main Canal Reach 4,Irrigation / Water Canal,Andhra Pradesh,Visakhapatnam,15.39,28,Medium,0.7,0,Partially Disbursed,80,Declaration Published (Sec 19),Approved,15,0.43,Full Possession,High / Cooperative,165,0.55,2026-08-01,2026-09-02,32,0,18.120666,79.402367
PRJ-1239,PCL-11576,Industrial Rail Siding Network 3,Railway & Freight Corridor,Uttar Pradesh,Agra,58.88,31,High,0.74,1,Pending Disbursal,214,Possession Taken (Sec 38),Under Scrutiny,109,0.52,Partial Possession (30-70%),High / Cooperative,186,0.177,2026-09-19,,297,1,27.054794,79.760802
PRJ-1192,PCL-11577,Karnataka Clean Energy Hub Sector 1,Renewable / Solar Park,Karnataka,Mysuru,84.65,129,Medium,0.77,1,Partially Disbursed,51,Award Declared (Sec 23),Approved,69,0.48,Substantial Possession (>70%),Low / Resistant,342,0.172,2025-06-18,2026-04-07,293,1,15.010037,74.741279
PRJ-1212,PCL-11578,NH-93 Four-Laning Bypass Section 5,Highway / Expressway,Karnataka,Dharwad,33.15,53,Medium,0.75,0,Fully Disbursed,0,Notification Pending,Under Scrutiny,144,0.42,Substantial Possession (>70%),Moderate,260,0.411,2026-03-12,2026-11-12,245,1,13.387068,74.882431
PRJ-1170,PCL-11579,Maharashtra Clean Energy Hub Sector 1,Renewable / Solar Park,Maharashtra,Pune,16.95,22,Medium,0.73,0,Fully Disbursed,0,Notification Pending,Under Scrutiny,154,0.08,Full Possession,Moderate,198,0.432,2027-03-09,,17,0,20.25686,78.419277
PRJ-1135,PCL-11580,Wind-Solar Hybrid Energy Grid 3,Renewable / Solar Park,Gujarat,Bharuch,37.17,25,Low,0.8,1,Disputed in Escrow,401,Award Declared (Sec 23),Resubmission Required,89,0.62,Initial Stage (<30%),High / Cooperative,252,0.171,2025-09-09,2026-03-22,194,1,21.569697,72.319402
PRJ-1168,PCL-11581,Aviation Logistics Runway Package 3,Airport Infrastructure,Haryana,Panipat,79.48,172,Low,0.83,0,Fully Disbursed,0,Possession Taken (Sec 38),Approved,87,0.53,Full Possession,High / Cooperative,383,0.525,2026-05-13,2026-10-01,141,1,30.24723,75.8124
PRJ-1073,PCL-11582,Bharatmala Economic Highway Ring 1,Highway / Expressway,Uttar Pradesh,Noida,70.18,76,High,0.9,0,Fully Disbursed,0,Declaration Published (Sec 19),Pending Environmental Clearance,164,0.64,Full Possession,Moderate,198,0.699,2026-02-11,2026-11-07,269,1,25.114917,83.358761
PRJ-1067,PCL-11583,Sundargarh Cargo Terminal Expansion 2,Airport Infrastructure,Odisha,Sundargarh,16.26,40,Low,0.76,0,Partially Disbursed,41,Preliminary Notification (Sec 11),Approved,92,0.43,Full Possession,High / Cooperative,218,0.101,2024-02-16,2024-03-08,21,0,20.028892,84.525472
PRJ-1108,PCL-11584,Indore Multi-Modal Logistics Park 5,Industrial Corridor / SEZ,Madhya Pradesh,Indore,6.64,11,Low,0.49,0,Pending Disbursal,199,Declaration Published (Sec 19),Approved,90,0.87,Substantial Possession (>70%),High / Cooperative,231,0.612,2024-04-08,2024-10-19,194,1,23.03396,75.696584
PRJ-1211,PCL-11585,Command Area Distribution Network 2,Irrigation / Water Canal,Tamil Nadu,Coimbatore,41.95,37,Low,0.81,0,Fully Disbursed,0,Possession Taken (Sec 38),Approved,52,0.48,Full Possession,High / Cooperative,119,0.33,2023-06-29,2023-07-04,5,0,11.859535,78.083095
PRJ-1221,PCL-11586,Salem Multi-Modal Logistics Park 4,Industrial Corridor / SEZ,Tamil Nadu,Salem,8.49,14,Medium,0.42,1,Pending Disbursal,322,Possession Taken (Sec 38),Under Scrutiny,58,0.57,Contested / Encroached,Low / Resistant,227,0.452,2025-04-24,2026-09-22,516,1,11.009956,77.87963
PRJ-1185,PCL-11587,Bhopal Ultra Mega Solar Park Unit 2,Renewable / Solar Park,Madhya Pradesh,Bhopal,53.6,52,Medium,0.84,0,Fully Disbursed,0,Possession Taken (Sec 38),Resubmission Required,92,0.86,Substantial Possession (>70%),Moderate,110,0.434,2026-11-26,2026-12-06,10,0,22.830327,78.070145
PRJ-1034,PCL-11588,Suburban Commuter Rapid Transit Line 3,Urban Metro / Transit,Haryana,Hisar,14.64,44,Low,0.48,0,Partially Disbursed,136,Possession Taken (Sec 38),Approved,50,0.35,Full Possession,Moderate,223,0.417,2025-05-18,2025-07-19,62,0,28.692027,77.001658
PRJ-1128,PCL-11589,Gujarat Green Express Corridor Phase 2,Highway / Expressway,Gujarat,Rajkot,6.56,18,Low,0.64,0,Fully Disbursed,0,Possession Taken (Sec 38),Approved,81,0.84,Full Possession,High / Cooperative,171,0.233,2025-04-05,,55,0,22.222527,71.609062
PRJ-1209,PCL-11590,Haryana Inter-River Linking Canal Sector 2,Irrigation / Water Canal,Haryana,Panipat,40.78,63,Medium,0.53,0,Fully Disbursed,0,Possession Taken (Sec 38),Under Scrutiny,126,0.78,Substantial Possession (>70%),High / Cooperative,192,0.513,2023-08-10,2024-02-12,186,1,28.355476,76.754202
PRJ-1174,PCL-11591,Command Area Distribution Network 1,Irrigation / Water Canal,Odisha,Angul,19.7,22,Medium,0.16,0,Partially Disbursed,170,Declaration Published (Sec 19),Approved,73,0.81,Full Possession,Hostile / Legal Injunction,30,0.454,2023-12-27,2024-11-22,331,1,20.784535,84.472966
PRJ-1211,PCL-11592,Command Area Distribution Network 2,Irrigation / Water Canal,Tamil Nadu,Coimbatore,12.06,21,Medium,0.38,0,Fully Disbursed,0,Notification Pending,Approved,66,0.64,Substantial Possession (>70%),High / Cooperative,262,0.305,2023-06-29,2023-06-29,0,0,11.414998,78.600655
PRJ-1122,PCL-11593,Gujarat Integrated Industrial Township 3,Industrial Corridor / SEZ,Gujarat,Surat,10.89,37,High,0.78,1,Disputed in Escrow,524,Notification Pending,Approved,31,0.6,Partial Possession (30-70%),High / Cooperative,77,0.688,2024-12-31,2025-11-12,316,1,22.836142,72.359023
PRJ-1237,PCL-11594,Aviation Logistics Runway Package 2,Airport Infrastructure,Odisha,Sundargarh,29.9,87,Low,0.71,1,Disputed in Escrow,576,Preliminary Notification (Sec 11),Pending Environmental Clearance,190,0.53,Partial Possession (30-70%),High / Cooperative,278,0.186,2023-06-26,2024-06-07,347,1,19.7798,84.711076
PRJ-1247,PCL-11595,Jodhpur Cargo Terminal Expansion 3,Airport Infrastructure,Rajasthan,Jodhpur,15.05,19,High,0.41,1,Partially Disbursed,63,Preliminary Notification (Sec 11),Resubmission Required,170,0.54,Partial Possession (30-70%),Moderate,279,0.331,2023-10-01,2024-11-12,408,1,28.269274,76.382632
PRJ-1153,PCL-11596,Salem Ultra Mega Solar Park Unit 2,Renewable / Solar Park,Tamil Nadu,Salem,15.75,26,Medium,0.86,0,Disputed in Escrow,504,Declaration Published (Sec 19),Approved,127,0.83,Contested / Encroached,Moderate,258,0.707,2026-11-14,2027-08-15,274,1,12.212191,78.420267
PRJ-1098,PCL-11597,Jaipur Metro Rail Extension Corridor 4,Urban Metro / Transit,Rajasthan,Jaipur,20.89,72,Medium,0.62,0,Fully Disbursed,0,Declaration Published (Sec 19),Approved,24,0.68,Substantial Possession (>70%),Moderate,116,0.356,2024-08-24,2024-09-19,26,0,26.680531,73.764056
PRJ-1041,PCL-11598,Andhra Pradesh Inter-River Linking Canal Sector 2,Irrigation / Water Canal,Andhra Pradesh,Krishna,31.66,52,Medium,0.65,0,Partially Disbursed,134,Possession Taken (Sec 38),Resubmission Required,171,0.8,Full Possession,High / Cooperative,99,0.245,2025-12-24,2025-12-25,1,0,18.421294,78.588203
PRJ-1112,PCL-11599,Command Area Distribution Network 2,Irrigation / Water Canal,Odisha,Jajpur,37.93,25,Very High,0.49,0,Partially Disbursed,37,Preliminary Notification (Sec 11),Approved,54,0.87,Partial Possession (30-70%),High / Cooperative,215,0.099,2023-11-11,2023-11-30,19,0,20.404455,85.670222
PRJ-1140,PCL-11600,Maharashtra Inter-River Linking Canal Sector 5,Irrigation / Water Canal,Maharashtra,Nagpur,24.67,33,Low,0.93,0,Fully Disbursed,0,Possession Taken (Sec 38),Conditional Clearance,208,0.49,Partial Possession (30-70%),High / Cooperative,131,0.372,2023-08-20,2023-10-01,42,0,20.171007,73.266879
PRJ-1141,PCL-11601,NH-48 Four-Laning Bypass Section 5,Highway / Expressway,Madhya Pradesh,Ujjain,57.54,39,Medium,0.96,0,Partially Disbursed,48,Possession Taken (Sec 38),Under Scrutiny,164,0.18,Full Possession,Moderate,180,0.475,2024-10-30,2025-03-23,144,1,24.397308,75.692502
PRJ-1047,PCL-11602,Karnataka Clean Energy Hub Sector 1,Renewable / Solar Park,Karnataka,Dharwad,37.34,35,Medium,0.66,0,Partially Disbursed,42,Award Declared (Sec 23),Under Scrutiny,85,0.66,Initial Stage (<30%),Moderate,375,0.087,2025-12-30,,1,0,13.058274,74.58335
PRJ-1214,PCL-11603,Western Freight Corridor Spur Line 1,Railway & Freight Corridor,Haryana,Gurugram,66.37,83,Medium,0.57,0,Pending Disbursal,110,Declaration Published (Sec 19),Approved,26,0.58,Full Possession,High / Cooperative,273,0.356,2026-11-04,,45,0,30.097718,77.309076
PRJ-1257,PCL-11604,Haryana Dedicated High-Speed Rail Segment 4,Railway & Freight Corridor,Haryana,Faridabad,27.59,42,Low,0.75,1,Pending Disbursal,128,Possession Taken (Sec 38),Approved,38,0.2,Initial Stage (<30%),High / Cooperative,284,0.329,2027-01-06,,0,0,30.198765,77.325616
PRJ-1052,PCL-11605,Angul Metro Rail Extension Corridor 2,Urban Metro / Transit,Odisha,Angul,5.0,11,Low,0.62,0,Pending Disbursal,343,Preliminary Notification (Sec 11),Approved,67,0.61,Substantial Possession (>70%),High / Cooperative,298,0.411,2026-05-21,2026-07-04,44,0,20.084063,85.517572
PRJ-1159,PCL-11606,Nagpur Ultra Mega Solar Park Unit 2,Renewable / Solar Park,Maharashtra,Nagpur,8.0,14,Low,0.55,0,Fully Disbursed,0,Notification Pending,Under Scrutiny,181,0.23,Partial Possession (30-70%),High / Cooperative,38,0.411,2024-06-10,2024-06-16,6,0,20.736046,78.278246
PRJ-1062,PCL-11607,Rajasthan Inter-River Linking Canal Sector 2,Irrigation / Water Canal,Rajasthan,Jaipur,22.12,43,Low,0.62,0,Partially Disbursed,84,Possession Taken (Sec 38),Under Scrutiny,101,0.55,Substantial Possession (>70%),High / Cooperative,197,0.738,2024-09-07,2025-01-30,145,1,24.633088,74.198344
PRJ-1151,PCL-11608,Wind-Solar Hybrid Energy Grid 3,Renewable / Solar Park,Karnataka,Bengaluru Rural,27.48,20,Medium,0.87,1,Pending Disbursal,244,Notification Pending,Resubmission Required,143,0.51,Initial Stage (<30%),Low / Resistant,345,0.389,2025-12-20,2027-01-09,385,1,16.764913,75.150071
PRJ-1147,PCL-11609,Wind-Solar Hybrid Energy Grid 3,Renewable / Solar Park,Andhra Pradesh,Nellore,21.05,20,Low,0.67,0,Fully Disbursed,0,Award Declared (Sec 23),Approved,78,0.75,Full Possession,High / Cooperative,259,0.219,2024-01-23,2024-02-20,28,0,14.795005,81.192936
PRJ-1222,PCL-11610,DMIC Special Investment Region Node 4,Industrial Corridor / SEZ,Uttar Pradesh,Kanpur,16.34,13,Medium,0.62,0,Disputed in Escrow,269,Possession Taken (Sec 38),Conditional Clearance,172,0.48,Contested / Encroached,Moderate,209,0.585,2025-08-20,2026-03-13,205,1,28.33376,79.051949
PRJ-1145,PCL-11611,Urban Flyover & Transit Hub 4,Urban Metro / Transit,Tamil Nadu,Tiruchirappalli,9.43,35,Medium,0.55,0,Fully Disbursed,0,Notification Pending,Pending Environmental Clearance,199,0.66,Substantial Possession (>70%),Moderate,127,0.372,2024-06-07,2025-01-20,227,1,11.2043,79.557051
PRJ-1145,PCL-11612,Urban Flyover & Transit Hub 4,Urban Metro / Transit,Tamil Nadu,Tiruchirappalli,167.32,519,Very High,0.76,1,Disputed in Escrow,538,Award Declared (Sec 23),Approved,73,0.58,Partial Possession (30-70%),High / Cooperative,235,0.594,2024-06-07,2025-05-07,334,1,11.272724,80.094122
PRJ-1206,PCL-11613,Haryana Inter-River Linking Canal Sector 3,Irrigation / Water Canal,Haryana,Faridabad,28.44,45,High,0.68,1,Pending Disbursal,134,Possession Taken (Sec 38),Approved,15,0.9,Partial Possession (30-70%),Hostile / Legal Injunction,275,0.348,2025-07-08,2026-09-02,421,1,28.549697,76.241717
PRJ-1188,PCL-11614,Andhra Pradesh Dedicated High-Speed Rail Segment 3,Railway & Freight Corridor,Andhra Pradesh,Krishna,107.21,66,Low,0.81,0,Disputed in Escrow,320,Preliminary Notification (Sec 11),Conditional Clearance,120,0.8,Full Possession,High / Cooperative,185,0.531,2025-03-19,2025-04-24,36,0,14.163917,79.92563
PRJ-1216,PCL-11615,Western Freight Corridor Spur Line 2,Railway & Freight Corridor,Gujarat,Kutch,72.87,116,Medium,0.82,0,Fully Disbursed,0,Possession Taken (Sec 38),Approved,15,0.38,Substantial Possession (>70%),Moderate,98,0.374,2025-11-26,2025-12-09,13,0,23.547323,70.196979
PRJ-1052,PCL-11616,Angul Metro Rail Extension Corridor 2,Urban Metro / Transit,Odisha,Angul,12.46,24,Medium,0.83,0,Fully Disbursed,0,Declaration Published (Sec 19),Approved,15,0.84,Full Possession,High / Cooperative,133,0.316,2026-05-21,,91,1,20.81324,85.498006
PRJ-1080,PCL-11617,Belagavi Cargo Terminal Expansion 3,Airport Infrastructure,Karnataka,Belagavi,53.29,153,Very High,0.96,1,Pending Disbursal,242,Preliminary Notification (Sec 11),Approved,34,0.35,Substantial Possession (>70%),Low / Resistant,179,0.452,2026-02-11,2027-04-20,433,1,13.941152,76.26536
PRJ-1232,PCL-11618,Maharashtra Inter-River Linking Canal Sector 4,Irrigation / Water Canal,Maharashtra,Nagpur,24.83,22,High,0.7,0,Fully Disbursed,0,Preliminary Notification (Sec 11),Conditional Clearance,140,0.58,Initial Stage (<30%),Low / Resistant,282,0.69,2026-08-29,2027-09-20,387,1,19.805485,73.791261
PRJ-1227,PCL-11619,Industrial Rail Siding Network 3,Railway & Freight Corridor,Rajasthan,Jodhpur,52.58,83,Medium,0.91,1,Disputed in Escrow,328,Preliminary Notification (Sec 11),Under Scrutiny,142,0.74,Contested / Encroached,Low / Resistant,143,0.219,2024-01-17,2025-01-19,368,1,28.131641,72.021919
PRJ-1251,PCL-11620,Rajasthan Dedicated High-Speed Rail Segment 3,Railway & Freight Corridor,Rajasthan,Udaipur,36.7,66,Medium,0.36,0,Fully Disbursed,0,Preliminary Notification (Sec 11),Approved,15,0.62,Full Possession,High / Cooperative,147,0.761,2026-05-18,2026-06-04,17,0,26.498708,71.291516
PRJ-1169,PCL-11621,Salem Metro Rail Extension Corridor 3,Urban Metro / Transit,Tamil Nadu,Salem,10.31,20,High,0.63,1,Disputed in Escrow,515,Award Declared (Sec 23),Approved,23,0.54,Initial Stage (<30%),Low / Resistant,167,0.7,2023-08-20,2025-01-15,514,1,10.374788,77.289324
PRJ-1148,PCL-11622,NH-67 Four-Laning Bypass Section 1,Highway / Expressway,Gujarat,Ahmedabad,22.7,29,Low,0.66,0,Pending Disbursal,204,Preliminary Notification (Sec 11),Approved,22,0.78,Contested / Encroached,Moderate,198,0.379,2025-04-24,2025-05-22,28,0,23.175015,71.816755
PRJ-1013,PCL-11623,Karnal Ultra Mega Solar Park Unit 2,Renewable / Solar Park,Haryana,Karnal,26.37,31,High,0.55,1,Disputed in Escrow,497,Possession Taken (Sec 38),Approved,31,0.61,Contested / Encroached,Low / Resistant,273,0.496,2025-04-13,2026-08-16,490,1,29.666853,75.981955
PRJ-1008,PCL-11624,Western Freight Corridor Spur Line 3,Railway & Freight Corridor,Rajasthan,Udaipur,28.66,24,Low,0.7,0,Partially Disbursed,35,Notification Pending,Conditional Clearance,184,0.2,Full Possession,High / Cooperative,225,0.53,2026-10-15,,38,0,25.453321,73.008409
PRJ-1215,PCL-11625,Command Area Distribution Network 2,Irrigation / Water Canal,Uttar Pradesh,Agra,16.31,15,Medium,0.38,1,Pending Disbursal,309,Preliminary Notification (Sec 11),Approved,31,0.4,Contested / Encroached,Moderate,40,0.273,2025-11-23,2026-09-30,311,1,27.099326,80.371597
PRJ-1124,PCL-11626,Industrial Rail Siding Network 2,Railway & Freight Corridor,Haryana,Panipat,74.26,88,High,0.84,1,Pending Disbursal,137,Declaration Published (Sec 19),Approved,15,0.53,Initial Stage (<30%),High / Cooperative,311,0.096,2026-09-30,2027-05-05,217,1,28.610468,76.986677
PRJ-1030,PCL-11627,Rajasthan Integrated Industrial Township 5,Industrial Corridor / SEZ,Rajasthan,Udaipur,158.29,120,Low,0.9,0,Partially Disbursed,131,Award Declared (Sec 23),Approved,33,0.76,Substantial Possession (>70%),High / Cooperative,217,0.32,2023-11-18,2023-12-19,31,0,24.666059,72.347717
PRJ-1093,PCL-11628,Tamil Nadu Dedicated High-Speed Rail Segment 2,Railway & Freight Corridor,Tamil Nadu,Kanchipuram,54.41,58,Low,0.46,0,Pending Disbursal,179,Declaration Published (Sec 19),Approved,39,0.88,Full Possession,High / Cooperative,236,0.567,2023-04-23,2023-12-29,250,1,10.648569,79.766962
PRJ-1041,PCL-11629,Andhra Pradesh Inter-River Linking Canal Sector 2,Irrigation / Water Canal,Andhra Pradesh,Krishna,22.18,8,Low,0.87,0,Partially Disbursed,113,Notification Pending,Approved,16,0.85,Substantial Possession (>70%),High / Cooperative,279,0.549,2025-12-24,2026-01-16,23,0,16.049224,78.667493
PRJ-1015,PCL-11630,Wind-Solar Hybrid Energy Grid 1,Renewable / Solar Park,Rajasthan,Alwar,89.28,119,Medium,0.62,0,Partially Disbursed,91,Declaration Published (Sec 19),Approved,23,0.6,Full Possession,High / Cooperative,288,0.348,2025-03-04,2025-04-04,31,0,25.74036,75.971168
PRJ-1150,PCL-11631,Suburban Commuter Rapid Transit Line 3,Urban Metro / Transit,Maharashtra,Thane,33.06,136,Low,0.83,0,Partially Disbursed,87,Preliminary Notification (Sec 11),Approved,41,0.73,Initial Stage (<30%),Moderate,180,0.332,2024-07-27,2024-10-26,91,1,19.090625,79.007872
PRJ-1223,PCL-11632,Guntur Multi-Modal Logistics Park 3,Industrial Corridor / SEZ,Andhra Pradesh,Guntur,54.36,80,Medium,0.57,1,Pending Disbursal,170,Notification Pending,Approved,98,0.77,Substantial Possession (>70%),High / Cooperative,254,0.09,2023-09-28,2024-05-17,232,1,15.776164,82.483623
PRJ-1209,PCL-11633,Haryana Inter-River Linking Canal Sector 2,Irrigation / Water Canal,Haryana,Panipat,24.81,21,Low,0.77,0,Pending Disbursal,285,Notification Pending,Approved,70,0.88,Contested / Encroached,Moderate,105,0.402,2023-08-10,2023-09-09,30,0,29.163626,77.312461
PRJ-1203,PCL-11634,Rajasthan Inter-River Linking Canal Sector 5,Irrigation / Water Canal,Rajasthan,Jaipur,197.46,226,Low,0.56,0,Partially Disbursed,158,Preliminary Notification (Sec 11),Approved,83,0.49,Partial Possession (30-70%),High / Cooperative,56,0.284,2025-01-22,,51,0,25.023679,71.794591
PRJ-1078,PCL-11635,Salem Greenfield International Airport Phase 1,Airport Infrastructure,Tamil Nadu,Salem,20.61,49,Low,0.86,0,Fully Disbursed,0,Declaration Published (Sec 19),Under Scrutiny,163,0.49,Substantial Possession (>70%),High / Cooperative,142,0.199,2026-08-13,,32,0,9.703283,77.345181
PRJ-1012,PCL-11636,Uttar Pradesh Dedicated High-Speed Rail Segment 5,Railway & Freight Corridor,Uttar Pradesh,Noida,63.91,62,Low,0.76,0,Fully Disbursed,0,Award Declared (Sec 23),Conditional Clearance,119,0.56,Full Possession,High / Cooperative,181,0.487,2026-03-01,2026-03-01,0,0,25.674944,81.191543
PRJ-1159,PCL-11637,Nagpur Ultra Mega Solar Park Unit 2,Renewable / Solar Park,Maharashtra,Nagpur,11.91,21,High,0.37,1,Disputed in Escrow,356,Declaration Published (Sec 19),Approved,59,0.78,Partial Possession (30-70%),High / Cooperative,236,0.199,2024-06-10,2025-05-20,344,1,18.057126,75.926781
PRJ-1240,PCL-11638,Suburban Commuter Rapid Transit Line 3,Urban Metro / Transit,Madhya Pradesh,Gwalior,24.33,99,Low,0.53,0,Fully Disbursed,0,Declaration Published (Sec 19),Approved,79,0.42,Partial Possession (30-70%),High / Cooperative,41,0.164,2026-01-18,2026-04-19,91,1,24.098082,80.053776
PRJ-1181,PCL-11639,Command Area Distribution Network 2,Irrigation / Water Canal,Odisha,Angul,24.14,48,High,0.88,0,Fully Disbursed,0,Possession Taken (Sec 38),Conditional Clearance,156,0.66,Full Possession,Low / Resistant,150,0.254,2026-03-29,2026-07-08,101,1,20.05911,85.708553
PRJ-1215,PCL-11640,Command Area Distribution Network 2,Irrigation / Water Canal,Uttar Pradesh,Agra,22.4,39,Medium,0.58,0,Partially Disbursed,44,Possession Taken (Sec 38),Under Scrutiny,188,0.69,Partial Possession (30-70%),Moderate,323,0.422,2025-11-23,,209,1,25.277448,78.193115
PRJ-1126,PCL-11641,Uttar Pradesh Clean Energy Hub Sector 4,Renewable / Solar Park,Uttar Pradesh,Lucknow,47.03,75,Medium,0.59,1,Pending Disbursal,334,Possession Taken (Sec 38),Approved,102,0.8,Partial Possession (30-70%),Low / Resistant,379,0.469,2024-09-28,2025-10-12,379,1,25.285441,78.664937
PRJ-1249,PCL-11642,Rajasthan Inter-River Linking Canal Sector 1,Irrigation / Water Canal,Rajasthan,Jodhpur,116.34,84,High,0.84,0,Partially Disbursed,161,Award Declared (Sec 23),Approved,105,0.78,Initial Stage (<30%),Moderate,276,0.463,2025-02-05,2025-09-04,211,1,24.591658,73.148841
PRJ-1078,PCL-11643,Salem Greenfield International Airport Phase 1,Airport Infrastructure,Tamil Nadu,Salem,70.65,113,High,0.68,0,Partially Disbursed,92,Notification Pending,Conditional Clearance,233,0.81,Substantial Possession (>70%),Moderate,179,0.77,2026-08-13,2027-05-31,291,1,11.611332,77.646952
PRJ-1038,PCL-11644,Command Area Distribution Network 3,Irrigation / Water Canal,Madhya Pradesh,Bhopal,92.85,106,Medium,0.31,1,Pending Disbursal,154,Possession Taken (Sec 38),Conditional Clearance,187,0.77,Initial Stage (<30%),Low / Resistant,130,0.424,2023-08-21,2024-10-26,432,1,22.961588,76.71178
PRJ-1252,PCL-11645,Maharashtra Clean Energy Hub Sector 5,Renewable / Solar Park,Maharashtra,Solapur,42.33,80,Medium,0.54,0,Fully Disbursed,0,Declaration Published (Sec 19),Pending Environmental Clearance,129,0.18,Full Possession,Moderate,364,0.391,2025-08-12,2026-04-22,253,1,19.961422,74.340915
PRJ-1016,PCL-11646,Western Freight Corridor Spur Line 1,Railway & Freight Corridor,Tamil Nadu,Tiruchirappalli,41.45,24,Medium,0.85,0,Pending Disbursal,202,Award Declared (Sec 23),Approved,48,0.64,Substantial Possession (>70%),High / Cooperative,200,0.117,2025-06-05,2025-07-07,32,0,12.319385,79.541868
PRJ-1177,PCL-11647,Command Area Distribution Network 5,Irrigation / Water Canal,Andhra Pradesh,Krishna,31.05,30,Very High,0.97,0,Pending Disbursal,287,Notification Pending,Under Scrutiny,150,0.59,Partial Possession (30-70%),Moderate,97,0.389,2025-09-30,2026-05-01,213,1,15.020672,82.008213
PRJ-1219,PCL-11648,Aviation Logistics Runway Package 1,Airport Infrastructure,Haryana,Panipat,9.18,51,Low,0.94,1,Pending Disbursal,160,Award Declared (Sec 23),Approved,32,0.92,Partial Possession (30-70%),High / Cooperative,291,0.404,2023-09-03,2024-03-10,189,1,28.433383,76.079496
PRJ-1215,PCL-11649,Command Area Distribution Network 2,Irrigation / Water Canal,Uttar Pradesh,Agra,47.86,49,Low,0.69,1,Pending Disbursal,154,Possession Taken (Sec 38),Pending Environmental Clearance,186,0.7,Contested / Encroached,Moderate,355,0.621,2025-11-23,2026-10-30,341,1,26.16177,80.932692
PRJ-1164,PCL-11650,Karnal Metro Rail Extension Corridor 4,Urban Metro / Transit,Haryana,Karnal,61.3,200,Medium,0.9,0,Fully Disbursed,0,Declaration Published (Sec 19),Under Scrutiny,153,0.62,Full Possession,Moderate,30,0.394,2024-09-29,2024-10-31,32,0,29.735168,76.716389
PRJ-1191,PCL-11651,Haryana Green Express Corridor Phase 4,Highway / Expressway,Haryana,Karnal,44.73,61,Low,0.77,0,Pending Disbursal,93,Award Declared (Sec 23),Pending Environmental Clearance,125,0.78,Contested / Encroached,High / Cooperative,145,0.455,2024-06-27,2024-08-09,43,0,30.212482,75.903488
PRJ-1238,PCL-11652,Western Freight Corridor Spur Line 2,Railway & Freight Corridor,Andhra Pradesh,Nellore,19.72,19,Medium,0.71,1,Fully Disbursed,0,Declaration Published (Sec 19),Under Scrutiny,144,0.77,Initial Stage (<30%),Moderate,297,0.622,2026-02-25,2027-01-10,319,1,17.825066,78.721008
PRJ-1074,PCL-11653,Command Area Distribution Network 2,Irrigation / Water Canal,Gujarat,Kutch,12.98,20,High,0.77,0,Partially Disbursed,99,Award Declared (Sec 23),Approved,17,0.57,Initial Stage (<30%),Low / Resistant,162,0.553,2025-03-22,2026-01-11,295,1,23.295097,69.899499
PRJ-1228,PCL-11654,Udaipur Metro Rail Extension Corridor 1,Urban Metro / Transit,Rajasthan,Udaipur,145.92,477,High,0.52,1,Disputed in Escrow,398,Declaration Published (Sec 19),Approved,57,0.71,Substantial Possession (>70%),Hostile / Legal Injunction,140,0.533,2024-06-01,2025-11-12,529,1,24.101703,72.213069
PRJ-1078,PCL-11655,Salem Greenfield International Airport Phase 1,Airport Infrastructure,Tamil Nadu,Salem,29.13,40,High,0.84,1,Disputed in Escrow,244,Possession Taken (Sec 38),Conditional Clearance,177,0.33,Contested / Encroached,Low / Resistant,219,0.639,2026-08-13,,462,1,9.642027,79.99236
PRJ-1109,PCL-11656,Kurnool Ultra Mega Solar Park Unit 3,Renewable / Solar Park,Andhra Pradesh,Kurnool,42.59,66,Low,0.55,1,Disputed in Escrow,456,Notification Pending,Approved,114,0.82,Contested / Encroached,Moderate,281,0.271,2026-09-17,2027-08-25,342,1,15.910582,80.261658
PRJ-1196,PCL-11657,Aviation Logistics Runway Package 2,Airport Infrastructure,Madhya Pradesh,Gwalior,31.47,104,Medium,0.9,0,Pending Disbursal,158,Preliminary Notification (Sec 11),Under Scrutiny,71,0.79,Substantial Possession (>70%),High / Cooperative,336,0.344,2026-03-24,2026-04-19,26,0,22.088399,77.197636
PRJ-1027,PCL-11658,Jodhpur Multi-Modal Logistics Park 3,Industrial Corridor / SEZ,Rajasthan,Jodhpur,6.79,7,Medium,0.79,0,Pending Disbursal,281,Preliminary Notification (Sec 11),Conditional Clearance,191,0.49,Contested / Encroached,Low / Resistant,135,0.267,2024-08-31,2025-06-26,299,1,24.550388,72.158004
PRJ-1040,PCL-11659,DMIC Special Investment Region Node 1,Industrial Corridor / SEZ,Tamil Nadu,Madurai,22.27,36,Medium,0.77,0,Partially Disbursed,45,Notification Pending,Pending Environmental Clearance,130,0.54,Full Possession,Moderate,267,0.506,2025-05-05,2026-01-02,242,1,9.918156,78.078587
PRJ-1019,PCL-11660,Karnataka Green Express Corridor Phase 4,Highway / Expressway,Karnataka,Kalaburagi,56.09,36,Low,0.81,0,Fully Disbursed,0,Notification Pending,Approved,57,0.91,Partial Possession (30-70%),High / Cooperative,202,0.636,2024-07-20,2024-07-20,0,0,13.950622,76.591784
PRJ-1098,PCL-11661,Jaipur Metro Rail Extension Corridor 4,Urban Metro / Transit,Rajasthan,Jaipur,20.56,34,Medium,0.79,0,Fully Disbursed,0,Preliminary Notification (Sec 11),Approved,101,0.61,Substantial Possession (>70%),High / Cooperative,163,0.622,2024-08-24,2024-12-07,105,1,26.348739,74.911728
PRJ-1207,PCL-11662,DMIC Special Investment Region Node 3,Industrial Corridor / SEZ,Madhya Pradesh,Gwalior,28.37,37,Low,0.44,1,Pending Disbursal,136,Notification Pending,Approved,27,0.38,Contested / Encroached,Hostile / Legal Injunction,147,0.248,2022-08-02,2023-06-09,311,1,24.321806,77.083671
PRJ-1053,PCL-11663,Haryana Clean Energy Hub Sector 5,Renewable / Solar Park,Haryana,Hisar,30.01,50,Medium,0.82,0,Fully Disbursed,0,Preliminary Notification (Sec 11),Approved,21,0.26,Initial Stage (<30%),High / Cooperative,190,0.653,2025-07-20,2025-12-08,141,1,29.021516,76.701988
PRJ-1217,PCL-11664,Gwalior Greenfield International Airport Phase 3,Airport Infrastructure,Madhya Pradesh,Gwalior,29.12,96,High,0.77,0,Partially Disbursed,81,Declaration Published (Sec 19),Approved,83,0.86,Full Possession,Moderate,128,0.519,2025-01-24,2025-01-31,7,0,22.54642,78.690001
PRJ-1015,PCL-11665,Wind-Solar Hybrid Energy Grid 1,Renewable / Solar Park,Rajasthan,Alwar,28.35,39,Low,0.68,0,Partially Disbursed,138,Award Declared (Sec 23),Approved,61,0.4,Full Possession,High / Cooperative,172,0.115,2025-03-04,2025-03-14,10,0,25.514494,76.826341
PRJ-1123,PCL-11666,Bharatmala Economic Highway Ring 1,Highway / Expressway,Odisha,Angul,53.84,75,High,0.81,1,Pending Disbursal,162,Preliminary Notification (Sec 11),Under Scrutiny,156,0.73,Contested / Encroached,Moderate,306,0.339,2026-01-15,2027-01-20,370,1,22.117211,85.611957
PRJ-1035,PCL-11667,Uttar Pradesh Inter-River Linking Canal Sector 4,Irrigation / Water Canal,Uttar Pradesh,Prayagraj,8.84,8,Medium,0.78,0,Fully Disbursed,0,Declaration Published (Sec 19),Approved,22,0.91,Partial Possession (30-70%),Moderate,378,0.416,2023-10-13,2024-02-07,117,1,27.366486,80.9629
PRJ-1081,PCL-11668,Industrial Rail Siding Network 4,Railway & Freight Corridor,Karnataka,Bengaluru Rural,9.71,23,Medium,0.98,0,Fully Disbursed,0,Award Declared (Sec 23),Approved,16,0.38,Substantial Possession (>70%),Moderate,160,0.645,2025-10-07,,28,0,16.964656,76.028483
PRJ-1164,PCL-11669,Karnal Metro Rail Extension Corridor 4,Urban Metro / Transit,Haryana,Karnal,20.23,78,Medium,0.7,1,Pending Disbursal,187,Preliminary Notification (Sec 11),Under Scrutiny,133,0.47,Initial Stage (<30%),Low / Resistant,431,0.561,2024-09-29,2025-11-18,415,1,28.351877,76.533932
PRJ-1005,PCL-11670,Ahmedabad Multi-Modal Logistics Park 3,Industrial Corridor / SEZ,Gujarat,Ahmedabad,14.88,15,High,0.85,0,Partially Disbursed,150,Possession Taken (Sec 38),Pending Environmental Clearance,144,0.95,Initial Stage (<30%),Hostile / Legal Injunction,299,0.289,2025-05-08,2026-03-09,305,1,22.902835,72.418313
PRJ-1257,PCL-11671,Haryana Dedicated High-Speed Rail Segment 4,Railway & Freight Corridor,Haryana,Faridabad,13.45,9,Medium,0.6,0,Fully Disbursed,0,Notification Pending,Approved,43,0.61,Substantial Possession (>70%),Moderate,232,0.08,2027-01-06,,137,1,28.751975,76.156175
PRJ-1073,PCL-11672,Bharatmala Economic Highway Ring 1,Highway / Expressway,Uttar Pradesh,Noida,29.15,45,Medium,0.61,0,Pending Disbursal,268,Possession Taken (Sec 38),Conditional Clearance,180,0.23,Initial Stage (<30%),High / Cooperative,96,0.663,2026-02-11,2026-11-23,285,1,27.485515,79.554754
PRJ-1219,PCL-11673,Aviation Logistics Runway Package 1,Airport Infrastructure,Haryana,Panipat,15.55,43,Medium,0.48,0,Fully Disbursed,0,Possession Taken (Sec 38),Approved,15,0.78,Substantial Possession (>70%),High / Cooperative,160,0.262,2023-09-03,2023-10-29,56,0,30.293221,76.837926
PRJ-1194,PCL-11674,NH-25 Four-Laning Bypass Section 4,Highway / Expressway,Madhya Pradesh,Ujjain,66.13,64,Low,0.55,0,Fully Disbursed,0,Award Declared (Sec 23),Pending Environmental Clearance,182,0.32,Contested / Encroached,High / Cooperative,397,0.491,2025-06-25,2025-10-10,107,1,24.355667,76.550984
PRJ-1101,PCL-11675,Guntur Lift Irrigation Main Canal Reach 2,Irrigation / Water Canal,Andhra Pradesh,Guntur,19.01,41,Low,0.82,0,Partially Disbursed,92,Notification Pending,Conditional Clearance,190,0.6,Substantial Possession (>70%),Moderate,270,0.252,2026-10-07,2026-12-06,60,0,17.483458,81.108301
PRJ-1125,PCL-11676,Bharatmala Economic Highway Ring 1,Highway / Expressway,Uttar Pradesh,Prayagraj,25.25,14,High,0.61,1,Disputed in Escrow,199,Preliminary Notification (Sec 11),Approved,15,0.59,Partial Possession (30-70%),Low / Resistant,174,0.271,2026-01-26,,473,1,26.482534,82.16622
PRJ-1005,PCL-11677,Ahmedabad Multi-Modal Logistics Park 3,Industrial Corridor / SEZ,Gujarat,Ahmedabad,29.86,43,Medium,0.67,0,Pending Disbursal,262,Notification Pending,Under Scrutiny,102,0.76,Initial Stage (<30%),Moderate,213,0.38,2025-05-08,,50,0,21.139117,69.193865
PRJ-1148,PCL-11678,NH-67 Four-Laning Bypass Section 1,Highway / Expressway,Gujarat,Ahmedabad,14.59,12,High,0.72,1,Pending Disbursal,331,Notification Pending,Approved,34,0.81,Partial Possession (30-70%),Low / Resistant,241,0.346,2025-04-24,2026-07-03,435,1,22.52204,72.190412
PRJ-1259,PCL-11679,Visakhapatnam Metro Rail Extension Corridor 1,Urban Metro / Transit,Andhra Pradesh,Visakhapatnam,118.2,293,Medium,0.61,0,Fully Disbursed,0,Declaration Published (Sec 19),Approved,44,0.4,Contested / Encroached,Moderate,134,0.465,2024-03-19,2024-08-19,153,1,18.11616,82.876261
PRJ-1072,PCL-11680,Western Freight Corridor Spur Line 3,Railway & Freight Corridor,Gujarat,Kutch,43.15,44,High,0.53,1,Pending Disbursal,175,Possession Taken (Sec 38),Under Scrutiny,134,0.57,Partial Possession (30-70%),High / Cooperative,42,0.317,2024-02-14,2024-12-24,314,1,23.420132,70.84374
PRJ-1018,PCL-11681,Maharashtra Clean Energy Hub Sector 1,Renewable / Solar Park,Maharashtra,Aurangabad,14.96,24,Low,0.57,1,Pending Disbursal,283,Preliminary Notification (Sec 11),Approved,15,0.56,Initial Stage (<30%),High / Cooperative,113,0.63,2024-07-05,2025-04-09,278,1,20.048698,77.75168
PRJ-1174,PCL-11682,Command Area Distribution Network 1,Irrigation / Water Canal,Odisha,Angul,38.16,50,Low,0.9,1,Partially Disbursed,80,Declaration Published (Sec 19),Approved,74,0.22,Partial Possession (30-70%),Low / Resistant,275,0.739,2023-12-27,2024-10-03,281,1,20.277489,86.274534
PRJ-1112,PCL-11683,Command Area Distribution Network 2,Irrigation / Water Canal,Odisha,Jajpur,86.35,165,Medium,0.84,0,Fully Disbursed,0,Preliminary Notification (Sec 11),Under Scrutiny,77,0.66,Substantial Possession (>70%),High / Cooperative,440,0.522,2023-11-11,2023-12-01,20,0,20.541612,85.974475
PRJ-1121,PCL-11684,Haryana Inter-River Linking Canal Sector 3,Irrigation / Water Canal,Haryana,Panipat,52.65,36,Low,0.68,0,Partially Disbursed,41,Declaration Published (Sec 19),Under Scrutiny,131,0.67,Contested / Encroached,Low / Resistant,187,0.346,2025-08-19,2026-03-29,222,1,28.20832,76.392398
PRJ-1143,PCL-11685,Gujarat Inter-River Linking Canal Sector 1,Irrigation / Water Canal,Gujarat,Rajkot,5.0,9,High,0.78,1,Disputed in Escrow,205,Award Declared (Sec 23),Conditional Clearance,125,0.76,Initial Stage (<30%),Low / Resistant,391,0.363,2024-12-10,,470,1,21.23696,71.442523
PRJ-1214,PCL-11686,Western Freight Corridor Spur Line 1,Railway & Freight Corridor,Haryana,Gurugram,82.84,121,Medium,0.81,0,Fully Disbursed,0,Possession Taken (Sec 38),Under Scrutiny,122,0.53,Full Possession,Moderate,261,0.534,2026-11-04,2026-11-23,19,0,28.995379,76.5642
PRJ-1156,PCL-11687,Gurugram Lift Irrigation Main Canal Reach 3,Irrigation / Water Canal,Haryana,Gurugram,159.38,315,Very High,0.56,1,Disputed in Escrow,292,Preliminary Notification (Sec 11),Resubmission Required,136,0.87,Contested / Encroached,Hostile / Legal Injunction,247,0.535,2026-11-15,2028-05-29,561,1,29.921544,77.248846
PRJ-1109,PCL-11688,Kurnool Ultra Mega Solar Park Unit 3,Renewable / Solar Park,Andhra Pradesh,Kurnool,32.98,2,Medium,0.4,1,Pending Disbursal,347,Award Declared (Sec 23),Resubmission Required,100,0.32,Substantial Possession (>70%),Low / Resistant,290,0.384,2026-09-17,,451,1,17.01711,81.684241
PRJ-1158,PCL-11689,Urban Flyover & Transit Hub 3,Urban Metro / Transit,Haryana,Karnal,24.74,39,Very High,0.67,1,Fully Disbursed,0,Preliminary Notification (Sec 11),Approved,24,0.81,Initial Stage (<30%),Low / Resistant,154,0.363,2023-09-14,2024-09-07,359,1,28.385834,76.352162
PRJ-1051,PCL-11690,Wind-Solar Hybrid Energy Grid 1,Renewable / Solar Park,Andhra Pradesh,Kurnool,20.62,35,Low,0.76,0,Fully Disbursed,0,Declaration Published (Sec 19),Approved,124,0.62,Substantial Possession (>70%),Moderate,339,0.44,2025-10-13,2025-11-02,20,0,16.289983,80.39571
PRJ-1045,PCL-11691,Uttar Pradesh Clean Energy Hub Sector 2,Renewable / Solar Park,Uttar Pradesh,Prayagraj,12.92,7,Medium,0.69,0,Partially Disbursed,77,Possession Taken (Sec 38),Approved,77,0.83,Substantial Possession (>70%),High / Cooperative,274,0.698,2024-12-29,2025-01-24,26,0,27.527613,80.191166
PRJ-1100,PCL-11692,Industrial Rail Siding Network 4,Railway & Freight Corridor,Rajasthan,Udaipur,41.19,67,Very High,0.93,1,Disputed in Escrow,488,Notification Pending,Resubmission Required,216,0.88,Full Possession,Moderate,227,0.849,2023-10-04,2025-02-26,511,1,26.019204,73.392784
PRJ-1124,PCL-11693,Industrial Rail Siding Network 2,Railway & Freight Corridor,Haryana,Panipat,33.94,36,Low,0.63,0,Fully Disbursed,0,Award Declared (Sec 23),Resubmission Required,96,0.51,Partial Possession (30-70%),Moderate,286,0.328,2026-09-30,,157,1,29.990216,76.624641
PRJ-1097,PCL-11694,NH-71 Four-Laning Bypass Section 3,Highway / Expressway,Tamil Nadu,Tiruchirappalli,45.78,82,Low,0.9,1,Disputed in Escrow,328,Preliminary Notification (Sec 11),Conditional Clearance,195,0.61,Substantial Possession (>70%),High / Cooperative,341,0.184,2026-02-04,2026-03-18,42,0,12.651259,78.195008
PRJ-1248,PCL-11695,Command Area Distribution Network 1,Irrigation / Water Canal,Karnataka,Kalaburagi,11.92,2,High,0.73,0,Fully Disbursed,0,Possession Taken (Sec 38),Approved,18,0.85,Full Possession,Low / Resistant,303,0.631,2026-04-12,,276,1,15.252037,75.153107
PRJ-1059,PCL-11696,Bharatmala Economic Highway Ring 2,Highway / Expressway,Madhya Pradesh,Jabalpur,75.03,87,Low,0.7,0,Fully Disbursed,0,Notification Pending,Approved,32,0.56,Full Possession,Moderate,117,0.237,2026-07-14,,21,0,25.752659,77.023567
PRJ-1229,PCL-11697,NH-92 Four-Laning Bypass Section 1,Highway / Expressway,Odisha,Angul,23.65,29,Medium,0.83,1,Fully Disbursed,0,Declaration Published (Sec 19),Under Scrutiny,168,0.54,Full Possession,High / Cooperative,166,0.569,2024-04-08,2024-10-04,179,1,21.009063,86.450283
PRJ-1077,PCL-11698,Industrial Rail Siding Network 5,Railway & Freight Corridor,Uttar Pradesh,Kanpur,24.11,39,Medium,0.88,0,Fully Disbursed,0,Preliminary Notification (Sec 11),Approved,20,0.47,Substantial Possession (>70%),Moderate,207,0.722,2027-04-12,2027-11-07,209,1,26.205644,78.121241
PRJ-1083,PCL-11699,Tamil Nadu Clean Energy Hub Sector 5,Renewable / Solar Park,Tamil Nadu,Madurai,17.87,30,High,0.9,1,Partially Disbursed,40,Preliminary Notification (Sec 11),Conditional Clearance,189,0.48,Initial Stage (<30%),Low / Resistant,205,0.286,2026-02-06,2026-12-04,301,1,10.322011,77.636001
PRJ-1134,PCL-11700,Tamil Nadu Inter-River Linking Canal Sector 2,Irrigation / Water Canal,Tamil Nadu,Kanchipuram,29.62,28,Medium,0.74,0,Partially Disbursed,91,Possession Taken (Sec 38),Pending Environmental Clearance,127,0.74,Partial Possession (30-70%),High / Cooperative,277,0.37,2026-05-04,,227,1,12.220688,79.854565
PRJ-1168,PCL-11701,Aviation Logistics Runway Package 3,Airport Infrastructure,Haryana,Panipat,81.91,145,Medium,0.72,0,Partially Disbursed,124,Possession Taken (Sec 38),Under Scrutiny,187,0.16,Initial Stage (<30%),High / Cooperative,184,0.488,2026-05-13,2027-01-04,236,1,29.237564,77.0356
PRJ-1253,PCL-11702,Suburban Commuter Rapid Transit Line 1,Urban Metro / Transit,Odisha,Jajpur,22.46,59,High,0.63,1,Partially Disbursed,127,Possession Taken (Sec 38),Pending Environmental Clearance,155,0.84,Contested / Encroached,Moderate,30,0.475,2023-07-06,2024-04-13,282,1,21.601363,85.027095
PRJ-1215,PCL-11703,Command Area Distribution Network 2,Irrigation / Water Canal,Uttar Pradesh,Agra,20.15,24,Medium,0.98,0,Fully Disbursed,0,Declaration Published (Sec 19),Under Scrutiny,211,0.74,Initial Stage (<30%),High / Cooperative,30,0.462,2025-11-23,2026-01-02,40,0,26.253382,82.769591
PRJ-1082,PCL-11704,Kota Greenfield International Airport Phase 1,Airport Infrastructure,Rajasthan,Kota,36.98,75,Very High,0.87,1,Partially Disbursed,37,Possession Taken (Sec 38),Under Scrutiny,185,0.6,Initial Stage (<30%),Hostile / Legal Injunction,133,0.119,2024-03-28,2025-09-09,530,1,27.810574,75.959537
PRJ-1149,PCL-11705,Wind-Solar Hybrid Energy Grid 1,Renewable / Solar Park,Madhya Pradesh,Ujjain,37.85,47,High,0.68,1,Disputed in Escrow,308,Award Declared (Sec 23),Approved,63,0.75,Contested / Encroached,Low / Resistant,30,0.559,2026-01-31,2027-06-01,486,1,23.122294,79.998093
PRJ-1173,PCL-11706,Urban Flyover & Transit Hub 5,Urban Metro / Transit,Rajasthan,Kota,35.13,49,Medium,0.68,0,Fully Disbursed,0,Preliminary Notification (Sec 11),Under Scrutiny,118,0.6,Substantial Possession (>70%),High / Cooperative,372,0.389,2025-07-10,,143,1,27.862691,71.236875
PRJ-1005,PCL-11707,Ahmedabad Multi-Modal Logistics Park 3,Industrial Corridor / SEZ,Gujarat,Ahmedabad,33.59,23,Very High,0.5,1,Fully Disbursed,0,Possession Taken (Sec 38),Approved,15,0.74,Contested / Encroached,Low / Resistant,175,0.266,2025-05-08,,324,1,21.198296,69.917124
PRJ-1162,PCL-11708,Suburban Commuter Rapid Transit Line 4,Urban Metro / Transit,Haryana,Karnal,116.93,284,High,0.46,1,Disputed in Escrow,212,Possession Taken (Sec 38),Approved,77,0.19,Initial Stage (<30%),Low / Resistant,424,0.5,2023-05-29,2024-12-09,560,1,28.697139,77.048091
PRJ-1182,PCL-11709,Western Freight Corridor Spur Line 4,Railway & Freight Corridor,Karnataka,Kalaburagi,58.96,79,Low,0.58,1,Partially Disbursed,173,Preliminary Notification (Sec 11),Approved,72,0.76,Partial Possession (30-70%),Hostile / Legal Injunction,132,0.592,2026-02-12,,340,1,12.738413,74.974497
PRJ-1238,PCL-11710,Western Freight Corridor Spur Line 2,Railway & Freight Corridor,Andhra Pradesh,Nellore,209.67,324,High,0.52,1,Pending Disbursal,259,Declaration Published (Sec 19),Approved,18,0.7,Contested / Encroached,Hostile / Legal Injunction,173,0.157,2026-02-25,,474,1,16.67515,81.831716
PRJ-1123,PCL-11711,Bharatmala Economic Highway Ring 1,Highway / Expressway,Odisha,Angul,10.92,14,High,0.8,1,Pending Disbursal,225,Declaration Published (Sec 19),Under Scrutiny,208,0.61,Contested / Encroached,Moderate,175,0.459,2026-01-15,,394,1,21.257733,85.605482
PRJ-1177,PCL-11712,Command Area Distribution Network 5,Irrigation / Water Canal,Andhra Pradesh,Krishna,9.97,2,Low,0.43,0,Fully Disbursed,0,Award Declared (Sec 23),Approved,39,0.8,Full Possession,Moderate,305,0.307,2025-09-30,2025-09-30,0,0,14.538442,78.300452
PRJ-1021,PCL-11713,Karnataka Integrated Industrial Township 3,Industrial Corridor / SEZ,Karnataka,Belagavi,36.52,64,Medium,0.37,1,Disputed in Escrow,335,Award Declared (Sec 23),Conditional Clearance,129,0.21,Partial Possession (30-70%),Moderate,151,0.716,2025-09-25,2027-03-03,524,1,16.461113,77.186151
PRJ-1017,PCL-11714,Madurai Metro Rail Extension Corridor 2,Urban Metro / Transit,Tamil Nadu,Madurai,20.41,50,Medium,0.75,0,Fully Disbursed,0,Award Declared (Sec 23),Approved,48,0.26,Contested / Encroached,High / Cooperative,113,0.421,2025-03-21,,144,1,12.690941,78.345425
PRJ-1163,PCL-11715,Uttar Pradesh Integrated Industrial Township 3,Industrial Corridor / SEZ,Uttar Pradesh,Agra,73.33,88,Medium,0.89,1,Pending Disbursal,141,Declaration Published (Sec 19),Conditional Clearance,134,0.81,Full Possession,Low / Resistant,255,0.307,2026-04-29,,337,1,27.873548,80.07258
PRJ-1227,PCL-11716,Industrial Rail Siding Network 3,Railway & Freight Corridor,Rajasthan,Jodhpur,33.18,49,Low,0.86,1,Disputed in Escrow,303,Preliminary Notification (Sec 11),Conditional Clearance,184,0.68,Partial Possession (30-70%),Moderate,152,0.512,2024-01-17,2024-12-13,331,1,25.775922,71.133282
PRJ-1173,PCL-11717,Urban Flyover & Transit Hub 5,Urban Metro / Transit,Rajasthan,Kota,41.12,110,Low,0.7,0,Partially Disbursed,168,Declaration Published (Sec 19),Pending Environmental Clearance,235,0.31,Full Possession,High / Cooperative,291,0.636,2025-07-10,2026-05-10,304,1,28.22921,73.621377
PRJ-1226,PCL-11718,DMIC Special Investment Region Node 3,Industrial Corridor / SEZ,Rajasthan,Alwar,15.44,23,Very High,0.48,0,Pending Disbursal,361,Notification Pending,Under Scrutiny,212,0.52,Full Possession,Moderate,144,0.793,2023-07-15,2024-10-07,450,1,25.051282,75.792591
PRJ-1047,PCL-11719,Karnataka Clean Energy Hub Sector 1,Renewable / Solar Park,Karnataka,Dharwad,50.65,39,Medium,0.41,1,Pending Disbursal,164,Notification Pending,Approved,15,0.81,Contested / Encroached,Hostile / Legal Injunction,200,0.556,2025-12-30,2027-07-23,570,1,15.772096,76.630681
PRJ-1242,PCL-11720,Gwalior Ultra Mega Solar Park Unit 5,Renewable / Solar Park,Madhya Pradesh,Gwalior,31.28,31,Low,0.46,1,Pending Disbursal,102,Award Declared (Sec 23),Under Scrutiny,111,0.89,Substantial Possession (>70%),Moderate,36,0.378,2026-07-15,2027-03-09,237,1,23.641972,77.424947
PRJ-1104,PCL-11721,Haryana Inter-River Linking Canal Sector 1,Irrigation / Water Canal,Haryana,Karnal,36.94,68,Medium,0.54,1,Fully Disbursed,0,Declaration Published (Sec 19),Under Scrutiny,141,0.24,Initial Stage (<30%),Low / Resistant,283,0.232,2025-06-25,2026-05-28,337,1,29.602552,76.02259
PRJ-1055,PCL-11722,Jodhpur Lift Irrigation Main Canal Reach 3,Irrigation / Water Canal,Rajasthan,Jodhpur,15.08,20,Low,0.85,0,Fully Disbursed,0,Award Declared (Sec 23),Conditional Clearance,213,0.34,Initial Stage (<30%),Moderate,142,0.652,2024-10-24,,207,1,25.46105,73.457201
PRJ-1058,PCL-11723,Prayagraj Lift Irrigation Main Canal Reach 1,Irrigation / Water Canal,Uttar Pradesh,Prayagraj,19.15,26,Medium,0.39,1,Disputed in Escrow,259,Declaration Published (Sec 19),Approved,15,0.67,Initial Stage (<30%),Low / Resistant,175,0.458,2025-03-07,2026-04-28,417,1,27.9123,78.812775
PRJ-1165,PCL-11724,Kutch Lift Irrigation Main Canal Reach 5,Irrigation / Water Canal,Gujarat,Kutch,84.76,101,Medium,0.75,0,Partially Disbursed,145,Possession Taken (Sec 38),Approved,15,0.7,Substantial Possession (>70%),Moderate,339,0.158,2025-04-02,2025-07-25,114,1,22.333695,72.039349
PRJ-1042,PCL-11725,Industrial Rail Siding Network 1,Railway & Freight Corridor,Gujarat,Bharuch,18.64,17,Low,0.71,0,Fully Disbursed,0,Possession Taken (Sec 38),Conditional Clearance,185,0.76,Substantial Possession (>70%),High / Cooperative,313,0.526,2023-08-16,2023-09-07,22,0,22.132164,69.914586
PRJ-1018,PCL-11726,Maharashtra Clean Energy Hub Sector 1,Renewable / Solar Park,Maharashtra,Aurangabad,23.52,19,Low,0.56,0,Partially Disbursed,145,Possession Taken (Sec 38),Approved,84,0.89,Substantial Possession (>70%),High / Cooperative,295,0.361,2024-07-05,2024-10-12,99,1,20.622458,77.816567
PRJ-1005,PCL-11727,Ahmedabad Multi-Modal Logistics Park 3,Industrial Corridor / SEZ,Gujarat,Ahmedabad,10.68,4,Medium,0.55,0,Fully Disbursed,0,Preliminary Notification (Sec 11),Under Scrutiny,177,0.53,Partial Possession (30-70%),Moderate,273,0.721,2025-05-08,2025-11-29,205,1,22.803302,72.212837
PRJ-1259,PCL-11728,Visakhapatnam Metro Rail Extension Corridor 1,Urban Metro / Transit,Andhra Pradesh,Visakhapatnam,18.71,41,Medium,0.4,1,Fully Disbursed,0,Award Declared (Sec 23),Approved,108,0.4,Partial Possession (30-70%),High / Cooperative,206,0.707,2024-03-19,2024-12-28,284,1,14.473536,78.420033
PRJ-1052,PCL-11729,Angul Metro Rail Extension Corridor 2,Urban Metro / Transit,Odisha,Angul,38.64,67,Low,0.95,0,Partially Disbursed,74,Preliminary Notification (Sec 11),Conditional Clearance,217,0.67,Partial Possession (30-70%),Moderate,201,0.697,2026-05-21,,21,0,20.968279,84.481144
PRJ-1199,PCL-11730,Belagavi Ultra Mega Solar Park Unit 3,Renewable / Solar Park,Karnataka,Belagavi,52.78,88,Low,0.9,0,Partially Disbursed,52,Possession Taken (Sec 38),Resubmission Required,196,0.43,Partial Possession (30-70%),Moderate,266,0.771,2023-07-28,2023-12-13,138,1,15.112562,76.865727
PRJ-1239,PCL-11731,Industrial Rail Siding Network 3,Railway & Freight Corridor,Uttar Pradesh,Agra,14.28,2,Medium,0.87,1,Fully Disbursed,0,Declaration Published (Sec 19),Approved,91,0.52,Initial Stage (<30%),High / Cooperative,222,0.491,2026-09-19,,284,1,27.596893,81.249559
PRJ-1243,PCL-11732,NH-64 Four-Laning Bypass Section 1,Highway / Expressway,Uttar Pradesh,Noida,17.36,24,Low,0.84,0,Partially Disbursed,166,Notification Pending,Approved,30,0.4,Full Possession,High / Cooperative,231,0.154,2027-03-14,2027-04-06,23,0,28.155304,80.516461
PRJ-1042,PCL-11733,Industrial Rail Siding Network 1,Railway & Freight Corridor,Gujarat,Bharuch,160.69,242,Low,0.67,0,Fully Disbursed,0,Award Declared (Sec 23),Approved,49,0.56,Substantial Possession (>70%),High / Cooperative,341,0.329,2023-08-16,2023-10-13,58,0,23.267769,72.931471
PRJ-1177,PCL-11734,Command Area Distribution Network 5,Irrigation / Water Canal,Andhra Pradesh,Krishna,10.75,3,Medium,0.54,0,Fully Disbursed,0,Preliminary Notification (Sec 11),Under Scrutiny,138,0.93,Partial Possession (30-70%),High / Cooperative,241,0.797,2025-09-30,2025-11-11,42,0,15.539099,82.081243
PRJ-1218,PCL-11735,Bharatmala Economic Highway Ring 2,Highway / Expressway,Haryana,Hisar,58.09,39,Medium,0.56,0,Partially Disbursed,169,Declaration Published (Sec 19),Pending Environmental Clearance,135,0.92,Substantial Possession (>70%),Moderate,79,0.524,2024-12-20,2025-07-05,197,1,28.627242,76.223313
PRJ-1101,PCL-11736,Guntur Lift Irrigation Main Canal Reach 2,Irrigation / Water Canal,Andhra Pradesh,Guntur,7.1,8,Low,0.69,1,Partially Disbursed,103,Possession Taken (Sec 38),Resubmission Required,141,0.76,Partial Possession (30-70%),Hostile / Legal Injunction,110,0.203,2026-10-07,2027-10-22,380,1,16.445671,82.225155
PRJ-1091,PCL-11737,Urban Flyover & Transit Hub 2,Urban Metro / Transit,Odisha,Cuttack,145.06,306,Medium,0.58,1,Pending Disbursal,139,Award Declared (Sec 23),Approved,62,0.77,Initial Stage (<30%),Moderate,179,0.632,2026-06-15,2027-05-30,349,1,20.835022,84.602943
PRJ-1117,PCL-11738,NH-57 Four-Laning Bypass Section 1,Highway / Expressway,Tamil Nadu,Kanchipuram,32.36,31,Medium,0.89,1,Pending Disbursal,218,Possession Taken (Sec 38),Approved,129,0.43,Initial Stage (<30%),Low / Resistant,205,0.732,2024-11-09,2026-01-14,431,1,9.933162,78.280025
PRJ-1248,PCL-11739,Command Area Distribution Network 1,Irrigation / Water Canal,Karnataka,Kalaburagi,28.93,52,High,0.84,1,Pending Disbursal,339,Notification Pending,Pending Environmental Clearance,119,0.61,Partial Possession (30-70%),Moderate,309,0.59,2026-04-12,2027-07-16,460,1,17.092166,75.242642
PRJ-1041,PCL-11740,Andhra Pradesh Inter-River Linking Canal Sector 2,Irrigation / Water Canal,Andhra Pradesh,Krishna,55.65,49,Very High,0.9,1,Disputed in Escrow,238,Declaration Published (Sec 19),Under Scrutiny,154,0.62,Substantial Possession (>70%),Low / Resistant,176,0.196,2025-12-24,,314,1,17.418234,80.8756
PRJ-1033,PCL-11741,Bharatmala Economic Highway Ring 2,Highway / Expressway,Karnataka,Dharwad,204.51,238,Very High,0.55,1,Pending Disbursal,177,Declaration Published (Sec 19),Under Scrutiny,81,0.53,Partial Possession (30-70%),High / Cooperative,119,0.574,2023-12-06,2024-08-29,267,1,12.764037,75.395512
PRJ-1099,PCL-11742,Bharatmala Economic Highway Ring 3,Highway / Expressway,Haryana,Hisar,64.32,83,Medium,0.64,1,Partially Disbursed,152,Award Declared (Sec 23),Under Scrutiny,108,0.81,Initial Stage (<30%),Hostile / Legal Injunction,276,0.325,2023-08-29,2024-12-23,482,1,28.099013,76.5693
PRJ-1130,PCL-11743,Visakhapatnam Lift Irrigation Main Canal Reach 4,Irrigation / Water Canal,Andhra Pradesh,Visakhapatnam,95.96,101,Medium,0.57,1,Partially Disbursed,64,Preliminary Notification (Sec 11),Under Scrutiny,163,0.9,Substantial Possession (>70%),Moderate,210,0.524,2026-08-01,2027-08-19,383,1,17.713575,80.387615
PRJ-1172,PCL-11744,Jaipur Cargo Terminal Expansion 1,Airport Infrastructure,Rajasthan,Jaipur,42.22,139,Medium,0.83,0,Pending Disbursal,94,Possession Taken (Sec 38),Approved,72,0.49,Full Possession,Moderate,199,0.45,2025-01-01,2025-01-01,0,0,28.396517,73.150082
PRJ-1161,PCL-11745,Andhra Pradesh Integrated Industrial Township 1,Industrial Corridor / SEZ,Andhra Pradesh,Visakhapatnam,32.09,63,Low,0.89,0,Disputed in Escrow,367,Award Declared (Sec 23),Approved,15,0.84,Substantial Possession (>70%),High / Cooperative,64,0.246,2023-06-19,2023-06-29,10,0,15.838082,79.241945
PRJ-1213,PCL-11746,Uttar Pradesh Green Express Corridor Phase 3,Highway / Expressway,Uttar Pradesh,Agra,37.01,43,Low,0.62,0,Fully Disbursed,0,Declaration Published (Sec 19),Under Scrutiny,168,0.51,Partial Possession (30-70%),Low / Resistant,174,0.228,2026-11-07,2027-05-17,191,1,25.40141,81.272091
PRJ-1028,PCL-11747,Command Area Distribution Network 1,Irrigation / Water Canal,Gujarat,Ahmedabad,45.52,31,Low,0.85,0,Fully Disbursed,0,Preliminary Notification (Sec 11),Approved,94,0.92,Substantial Possession (>70%),Moderate,257,0.471,2024-07-23,2024-08-30,38,0,22.186695,73.353331
PRJ-1088,PCL-11748,Prayagraj Cargo Terminal Expansion 1,Airport Infrastructure,Uttar Pradesh,Prayagraj,74.13,312,Medium,0.85,0,Fully Disbursed,0,Possession Taken (Sec 38),Under Scrutiny,184,0.61,Substantial Possession (>70%),Low / Resistant,94,0.305,2025-11-09,,143,1,25.440726,79.247738
PRJ-1024,PCL-11749,Industrial Rail Siding Network 5,Railway & Freight Corridor,Karnataka,Kalaburagi,28.14,22,Medium,0.81,0,Fully Disbursed,0,Notification Pending,Conditional Clearance,155,0.58,Substantial Possession (>70%),High / Cooperative,203,0.233,2026-08-23,2026-08-23,0,0,14.071314,76.476564
PRJ-1121,PCL-11750,Haryana Inter-River Linking Canal Sector 3,Irrigation / Water Canal,Haryana,Panipat,12.17,23,High,0.94,0,Disputed in Escrow,291,Notification Pending,Under Scrutiny,148,0.38,Substantial Possession (>70%),Moderate,169,0.541,2025-08-19,2026-04-30,254,1,29.682198,77.292432
PRJ-1176,PCL-11751,Wind-Solar Hybrid Energy Grid 4,Renewable / Solar Park,Uttar Pradesh,Noida,46.45,27,Medium,0.84,0,Pending Disbursal,124,Award Declared (Sec 23),Conditional Clearance,106,0.32,Initial Stage (<30%),Moderate,212,0.472,2023-06-07,2023-07-06,29,0,25.409861,82.417099
PRJ-1055,PCL-11752,Jodhpur Lift Irrigation Main Canal Reach 3,Irrigation / Water Canal,Rajasthan,Jodhpur,18.52,14,Medium,0.83,0,Fully Disbursed,0,Notification Pending,Under Scrutiny,186,0.63,Substantial Possession (>70%),High / Cooperative,187,0.167,2024-10-24,,91,1,27.653162,76.8996
PRJ-1129,PCL-11753,Thane Metro Rail Extension Corridor 4,Urban Metro / Transit,Maharashtra,Thane,32.53,91,High,0.65,1,Disputed in Escrow,420,Notification Pending,Approved,34,0.68,Initial Stage (<30%),Low / Resistant,298,0.538,2026-07-27,2027-09-12,412,1,18.973183,73.650423
PRJ-1024,PCL-11754,Industrial Rail Siding Network 5,Railway & Freight Corridor,Karnataka,Kalaburagi,30.46,45,Medium,0.56,0,Fully Disbursed,0,Award Declared (Sec 23),Pending Environmental Clearance,114,0.74,Full Possession,Moderate,167,0.382,2026-08-23,2026-10-13,51,0,15.738,75.921677
PRJ-1091,PCL-11755,Urban Flyover & Transit Hub 2,Urban Metro / Transit,Odisha,Cuttack,24.01,71,High,0.91,0,Pending Disbursal,304,Possession Taken (Sec 38),Under Scrutiny,95,0.44,Substantial Possession (>70%),Moderate,178,0.544,2026-06-15,2027-05-01,320,1,21.376807,85.294436
PRJ-1241,PCL-11756,Western Freight Corridor Spur Line 3,Railway & Freight Corridor,Madhya Pradesh,Gwalior,19.86,16,Medium,0.9,0,Partially Disbursed,32,Declaration Published (Sec 19),Approved,15,0.34,Partial Possession (30-70%),High / Cooperative,274,0.313,2026-06-08,2026-08-12,65,0,22.895282,77.794271
PRJ-1139,PCL-11757,NH-95 Four-Laning Bypass Section 2,Highway / Expressway,Maharashtra,Nagpur,37.79,73,High,0.55,0,Fully Disbursed,0,Declaration Published (Sec 19),Approved,57,0.86,Full Possession,Moderate,150,0.37,2024-10-03,2025-04-29,208,1,18.322767,76.997068
PRJ-1049,PCL-11758,Odisha Inter-River Linking Canal Sector 4,Irrigation / Water Canal,Odisha,Angul,78.85,133,Low,0.51,0,Partially Disbursed,99,Declaration Published (Sec 19),Under Scrutiny,79,0.68,Partial Possession (30-70%),High / Cooperative,183,0.604,2023-01-29,2023-04-30,91,1,21.868056,84.319671
PRJ-1144,PCL-11759,Urban Flyover & Transit Hub 5,Urban Metro / Transit,Uttar Pradesh,Noida,34.25,98,Medium,0.79,0,Partially Disbursed,53,Preliminary Notification (Sec 11),Under Scrutiny,141,0.68,Substantial Possession (>70%),High / Cooperative,223,0.411,2026-01-13,2026-02-05,23,0,25.881812,82.568634
PRJ-1214,PCL-11760,Western Freight Corridor Spur Line 1,Railway & Freight Corridor,Haryana,Gurugram,146.11,266,Medium,0.79,0,Partially Disbursed,46,Declaration Published (Sec 19),Under Scrutiny,128,0.63,Full Possession,High / Cooperative,260,0.597,2026-11-04,,53,0,30.425264,75.565322
PRJ-1167,PCL-11761,Aviation Logistics Runway Package 4,Airport Infrastructure,Gujarat,Surat,40.98,118,Medium,0.4,1,Partially Disbursed,48,Preliminary Notification (Sec 11),Under Scrutiny,114,0.22,Partial Possession (30-70%),Hostile / Legal Injunction,142,0.722,2027-09-08,2029-02-15,526,1,23.921343,72.06126
PRJ-1090,PCL-11762,Haryana Dedicated High-Speed Rail Segment 5,Railway & Freight Corridor,Haryana,Gurugram,31.72,36,Medium,0.57,0,Pending Disbursal,306,Notification Pending,Approved,31,0.79,Substantial Possession (>70%),High / Cooperative,114,0.499,2023-10-27,2024-04-17,173,1,28.134558,77.367939
PRJ-1119,PCL-11763,Haryana Integrated Industrial Township 2,Industrial Corridor / SEZ,Haryana,Faridabad,47.26,46,High,0.55,1,Disputed in Escrow,491,Preliminary Notification (Sec 11),Conditional Clearance,73,0.51,Contested / Encroached,Low / Resistant,181,0.386,2027-02-22,2028-09-08,564,1,29.339423,75.727214
PRJ-1144,PCL-11764,Urban Flyover & Transit Hub 5,Urban Metro / Transit,Uttar Pradesh,Noida,26.23,57,Medium,0.65,0,Fully Disbursed,0,Possession Taken (Sec 38),Approved,95,0.91,Partial Possession (30-70%),Moderate,309,0.351,2026-01-13,2026-01-31,18,0,27.272597,82.686773
PRJ-1118,PCL-11765,Karnataka Integrated Industrial Township 2,Industrial Corridor / SEZ,Karnataka,Kalaburagi,57.32,64,Low,0.83,0,Fully Disbursed,0,Notification Pending,Approved,15,0.69,Full Possession,Low / Resistant,268,0.345,2024-03-17,2024-04-21,35,0,17.216133,75.373534
PRJ-1186,PCL-11766,Surat Cargo Terminal Expansion 3,Airport Infrastructure,Gujarat,Surat,36.25,77,Medium,0.82,0,Fully Disbursed,0,Award Declared (Sec 23),Approved,34,0.64,Substantial Possession (>70%),High / Cooperative,274,0.453,2026-06-10,2026-06-18,8,0,23.404613,69.823203
PRJ-1012,PCL-11767,Uttar Pradesh Dedicated High-Speed Rail Segment 5,Railway & Freight Corridor,Uttar Pradesh,Noida,17.63,49,High,0.74,0,Pending Disbursal,281,Notification Pending,Approved,15,0.39,Contested / Encroached,Low / Resistant,229,0.173,2026-03-01,2027-02-21,357,1,27.0139,79.925939
PRJ-1005,PCL-11768,Ahmedabad Multi-Modal Logistics Park 3,Industrial Corridor / SEZ,Gujarat,Ahmedabad,51.17,89,High,0.6,1,Pending Disbursal,139,Possession Taken (Sec 38),Approved,145,0.78,Full Possession,Moderate,232,0.516,2025-05-08,2026-05-04,361,1,21.771342,70.928448
PRJ-1104,PCL-11769,Haryana Inter-River Linking Canal Sector 1,Irrigation / Water Canal,Haryana,Karnal,5.24,8,Low,0.46,0,Partially Disbursed,100,Award Declared (Sec 23),Conditional Clearance,164,0.58,Substantial Possession (>70%),High / Cooperative,191,0.465,2025-06-25,2025-07-26,31,0,28.060873,76.997842
PRJ-1223,PCL-11770,Guntur Multi-Modal Logistics Park 3,Industrial Corridor / SEZ,Andhra Pradesh,Guntur,37.16,63,Low,0.62,0,Partially Disbursed,35,Possession Taken (Sec 38),Under Scrutiny,175,0.6,Full Possession,High / Cooperative,382,0.359,2023-09-28,2024-03-27,181,1,15.940678,80.93631
PRJ-1226,PCL-11771,DMIC Special Investment Region Node 3,Industrial Corridor / SEZ,Rajasthan,Alwar,53.09,70,Low,0.45,0,Pending Disbursal,319,Preliminary Notification (Sec 11),Approved,91,0.77,Initial Stage (<30%),Moderate,288,0.44,2023-07-15,2024-02-15,215,1,28.046014,71.526682
PRJ-1222,PCL-11772,DMIC Special Investment Region Node 4,Industrial Corridor / SEZ,Uttar Pradesh,Kanpur,34.97,34,Medium,0.81,0,Partially Disbursed,128,Possession Taken (Sec 38),Under Scrutiny,127,0.36,Full Possession,Moderate,294,0.705,2025-08-20,2026-04-14,237,1,27.524845,78.050278
PRJ-1105,PCL-11773,Rajasthan Green Express Corridor Phase 5,Highway / Expressway,Rajasthan,Kota,84.99,163,High,0.73,1,Pending Disbursal,99,Award Declared (Sec 23),Approved,84,0.4,Contested / Encroached,Low / Resistant,243,0.374,2023-06-01,2024-07-31,426,1,25.299981,72.274174
PRJ-1210,PCL-11774,Aviation Logistics Runway Package 3,Airport Infrastructure,Rajasthan,Jaipur,16.0,60,Low,0.48,1,Disputed in Escrow,563,Award Declared (Sec 23),Pending Environmental Clearance,111,0.62,Contested / Encroached,High / Cooperative,278,0.37,2023-07-12,2024-06-11,335,1,25.847525,75.223716
PRJ-1242,PCL-11775,Gwalior Ultra Mega Solar Park Unit 5,Renewable / Solar Park,Madhya Pradesh,Gwalior,59.14,45,Low,0.41,1,Fully Disbursed,0,Declaration Published (Sec 19),Approved,49,0.58,Contested / Encroached,Moderate,139,0.366,2026-07-15,,261,1,25.708331,78.48718
PRJ-1166,PCL-11776,Uttar Pradesh Green Express Corridor Phase 3,Highway / Expressway,Uttar Pradesh,Varanasi,10.56,16,Low,0.46,0,Partially Disbursed,48,Possession Taken (Sec 38),Conditional Clearance,91,0.72,Full Possession,High / Cooperative,171,0.378,2025-08-06,2025-08-13,7,0,28.012397,83.444557
PRJ-1209,PCL-11777,Haryana Inter-River Linking Canal Sector 2,Irrigation / Water Canal,Haryana,Panipat,37.21,58,Low,0.92,0,Partially Disbursed,51,Preliminary Notification (Sec 11),Conditional Clearance,198,0.21,Initial Stage (<30%),Moderate,332,0.405,2023-08-10,2024-02-10,184,1,30.112683,77.199528
PRJ-1194,PCL-11778,NH-25 Four-Laning Bypass Section 4,Highway / Expressway,Madhya Pradesh,Ujjain,42.52,68,Medium,0.73,0,Pending Disbursal,278,Declaration Published (Sec 19),Pending Environmental Clearance,161,0.5,Contested / Encroached,High / Cooperative,118,0.287,2025-06-25,2026-01-09,198,1,24.694762,75.587979
PRJ-1193,PCL-11779,Prayagraj Lift Irrigation Main Canal Reach 5,Irrigation / Water Canal,Uttar Pradesh,Prayagraj,39.79,39,Low,0.95,0,Partially Disbursed,85,Award Declared (Sec 23),Approved,106,0.48,Full Possession,High / Cooperative,321,0.333,2024-02-19,2024-03-19,29,0,27.630555,78.313372
PRJ-1133,PCL-11780,Urban Flyover & Transit Hub 2,Urban Metro / Transit,Madhya Pradesh,Jabalpur,46.67,132,Medium,0.41,1,Partially Disbursed,68,Declaration Published (Sec 19),Approved,46,0.34,Partial Possession (30-70%),Moderate,140,0.323,2023-10-11,2024-08-09,303,1,23.823052,80.047651
PRJ-1245,PCL-11781,Haryana Dedicated High-Speed Rail Segment 5,Railway & Freight Corridor,Haryana,Faridabad,54.11,40,High,0.44,1,Pending Disbursal,272,Possession Taken (Sec 38),Under Scrutiny,64,0.35,Partial Possession (30-70%),Hostile / Legal Injunction,337,0.628,2024-03-02,2025-10-06,583,1,29.763755,76.961291
PRJ-1070,PCL-11782,Command Area Distribution Network 1,Irrigation / Water Canal,Rajasthan,Jaipur,62.22,81,Low,0.54,0,Pending Disbursal,340,Possession Taken (Sec 38),Approved,15,0.35,Initial Stage (<30%),High / Cooperative,72,0.71,2025-08-31,2025-09-12,12,0,25.757746,76.614886
PRJ-1140,PCL-11783,Maharashtra Inter-River Linking Canal Sector 5,Irrigation / Water Canal,Maharashtra,Nagpur,5.76,26,High,0.85,1,Pending Disbursal,187,Possession Taken (Sec 38),Conditional Clearance,156,0.77,Contested / Encroached,Low / Resistant,164,0.605,2023-08-20,2024-12-24,492,1,20.034001,77.210405
PRJ-1015,PCL-11784,Wind-Solar Hybrid Energy Grid 1,Renewable / Solar Park,Rajasthan,Alwar,23.06,48,Medium,0.54,0,Fully Disbursed,0,Declaration Published (Sec 19),Approved,62,0.38,Initial Stage (<30%),Moderate,56,0.312,2025-03-04,2025-05-01,58,0,28.284134,75.675648
PRJ-1158,PCL-11785,Urban Flyover & Transit Hub 3,Urban Metro / Transit,Haryana,Karnal,16.85,45,Low,0.66,0,Partially Disbursed,83,Preliminary Notification (Sec 11),Under Scrutiny,95,0.83,Full Possession,Moderate,30,0.748,2023-09-14,2023-12-20,97,1,29.482255,76.216391
PRJ-1024,PCL-11786,Industrial Rail Siding Network 5,Railway & Freight Corridor,Karnataka,Kalaburagi,16.9,2,Medium,0.84,0,Fully Disbursed,0,Award Declared (Sec 23),Conditional Clearance,121,0.65,Full Possession,High / Cooperative,91,0.288,2026-08-23,2026-09-10,18,0,15.347779,75.438842
PRJ-1171,PCL-11787,Aviation Logistics Runway Package 2,Airport Infrastructure,Maharashtra,Nashik,39.49,86,Very High,0.79,1,Partially Disbursed,135,Possession Taken (Sec 38),Resubmission Required,131,0.78,Initial Stage (<30%),Hostile / Legal Injunction,310,0.687,2025-11-07,2027-03-06,484,1,19.948613,75.755065
PRJ-1007,PCL-11788,Ahmedabad Lift Irrigation Main Canal Reach 3,Irrigation / Water Canal,Gujarat,Ahmedabad,54.21,60,High,0.68,1,Partially Disbursed,92,Award Declared (Sec 23),Under Scrutiny,179,0.78,Contested / Encroached,Low / Resistant,217,0.563,2023-11-24,2025-02-07,441,1,23.548933,69.212004
PRJ-1216,PCL-11789,Western Freight Corridor Spur Line 2,Railway & Freight Corridor,Gujarat,Kutch,53.56,91,Medium,0.78,0,Fully Disbursed,0,Preliminary Notification (Sec 11),Approved,58,0.71,Full Possession,Moderate,175,0.379,2025-11-26,2025-12-23,27,0,21.27561,71.690031
PRJ-1230,PCL-11790,Suburban Commuter Rapid Transit Line 5,Urban Metro / Transit,Gujarat,Rajkot,70.55,207,Medium,0.71,0,Pending Disbursal,351,Possession Taken (Sec 38),Under Scrutiny,120,0.6,Initial Stage (<30%),High / Cooperative,194,0.771,2023-04-11,2024-02-11,306,1,23.333911,70.2674
PRJ-1237,PCL-11791,Aviation Logistics Runway Package 2,Airport Infrastructure,Odisha,Sundargarh,33.75,124,High,0.59,1,Partially Disbursed,34,Award Declared (Sec 23),Conditional Clearance,125,0.83,Partial Possession (30-70%),Hostile / Legal Injunction,69,0.338,2023-06-26,2024-08-08,409,1,21.456002,85.161344
PRJ-1192,PCL-11792,Karnataka Clean Energy Hub Sector 1,Renewable / Solar Park,Karnataka,Mysuru,45.75,35,Medium,0.89,0,Fully Disbursed,0,Declaration Published (Sec 19),Under Scrutiny,126,0.55,Full Possession,Moderate,140,0.535,2025-06-18,2025-11-30,165,1,12.632202,76.604092
PRJ-1009,PCL-11793,Kutch Lift Irrigation Main Canal Reach 5,Irrigation / Water Canal,Gujarat,Kutch,128.12,193,High,0.98,0,Fully Disbursed,0,Preliminary Notification (Sec 11),Approved,54,0.31,Full Possession,Moderate,247,0.369,2024-05-15,2024-08-14,91,1,21.965083,72.737974
PRJ-1199,PCL-11794,Belagavi Ultra Mega Solar Park Unit 3,Renewable / Solar Park,Karnataka,Belagavi,85.45,83,High,0.67,0,Fully Disbursed,0,Possession Taken (Sec 38),Conditional Clearance,104,0.64,Substantial Possession (>70%),Moderate,207,0.543,2023-07-28,2023-10-27,91,1,14.392873,75.536646
PRJ-1234,PCL-11795,Madhya Pradesh Integrated Industrial Township 5,Industrial Corridor / SEZ,Madhya Pradesh,Ujjain,5.0,2,Low,0.96,0,Fully Disbursed,0,Declaration Published (Sec 19),Pending Environmental Clearance,130,0.79,Full Possession,Moderate,171,0.393,2025-12-16,2025-12-31,15,0,23.366622,76.985652
PRJ-1183,PCL-11796,Udaipur Cargo Terminal Expansion 5,Airport Infrastructure,Rajasthan,Udaipur,49.82,172,High,0.43,1,Disputed in Escrow,622,Possession Taken (Sec 38),Under Scrutiny,165,0.37,Substantial Possession (>70%),Hostile / Legal Injunction,150,0.483,2025-10-17,,554,1,28.415294,74.219896
PRJ-1188,PCL-11797,Andhra Pradesh Dedicated High-Speed Rail Segment 3,Railway & Freight Corridor,Andhra Pradesh,Krishna,86.71,57,Medium,0.74,0,Pending Disbursal,304,Award Declared (Sec 23),Under Scrutiny,131,0.47,Substantial Possession (>70%),High / Cooperative,144,0.309,2025-03-19,2025-09-19,184,1,14.385961,81.354148
PRJ-1187,PCL-11798,Krishna Multi-Modal Logistics Park 3,Industrial Corridor / SEZ,Andhra Pradesh,Krishna,15.34,29,Medium,0.91,0,Partially Disbursed,177,Notification Pending,Approved,88,0.55,Initial Stage (<30%),High / Cooperative,270,0.398,2024-03-30,2024-04-08,9,0,16.85586,81.449456
PRJ-1039,PCL-11799,Madhya Pradesh Clean Energy Hub Sector 5,Renewable / Solar Park,Madhya Pradesh,Indore,24.78,37,Medium,0.57,0,Pending Disbursal,146,Possession Taken (Sec 38),Under Scrutiny,167,0.72,Partial Possession (30-70%),High / Cooperative,161,0.346,2026-01-30,2026-08-03,185,1,26.083364,81.265204
PRJ-1050,PCL-11800,Tamil Nadu Inter-River Linking Canal Sector 1,Irrigation / Water Canal,Tamil Nadu,Kanchipuram,62.39,98,Medium,0.72,0,Fully Disbursed,0,Preliminary Notification (Sec 11),Resubmission Required,189,0.17,Initial Stage (<30%),Moderate,275,0.332,2023-08-24,2024-03-30,219,1,11.547829,78.014252
PRJ-1133,PCL-11801,Urban Flyover & Transit Hub 2,Urban Metro / Transit,Madhya Pradesh,Jabalpur,16.13,37,Medium,0.82,0,Fully Disbursed,0,Notification Pending,Pending Environmental Clearance,122,0.61,Substantial Possession (>70%),Moderate,30,0.426,2023-10-11,2023-11-06,26,0,25.861054,76.260103
PRJ-1124,PCL-11802,Industrial Rail Siding Network 2,Railway & Freight Corridor,Haryana,Panipat,38.5,67,Medium,0.56,1,Pending Disbursal,331,Declaration Published (Sec 19),Approved,80,0.6,Contested / Encroached,High / Cooperative,107,0.375,2026-09-30,2027-10-06,371,1,30.39738,77.159284
PRJ-1101,PCL-11803,Guntur Lift Irrigation Main Canal Reach 2,Irrigation / Water Canal,Andhra Pradesh,Guntur,27.26,42,Medium,0.44,0,Fully Disbursed,0,Preliminary Notification (Sec 11),Approved,52,0.32,Partial Possession (30-70%),Hostile / Legal Injunction,254,0.454,2026-10-07,2027-10-28,386,1,15.147618,79.678467
PRJ-1046,PCL-11804,Maharashtra Dedicated High-Speed Rail Segment 4,Railway & Freight Corridor,Maharashtra,Nashik,143.19,89,Very High,0.9,1,Pending Disbursal,250,Award Declared (Sec 23),Under Scrutiny,171,0.64,Contested / Encroached,Low / Resistant,84,0.451,2024-05-01,2025-04-25,359,1,19.997984,73.688773
PRJ-1122,PCL-11805,Gujarat Integrated Industrial Township 3,Industrial Corridor / SEZ,Gujarat,Surat,91.67,180,Medium,0.84,0,Fully Disbursed,0,Notification Pending,Approved,97,0.97,Substantial Possession (>70%),Moderate,87,0.631,2024-12-31,2025-02-13,44,0,23.223006,70.393878
PRJ-1137,PCL-11806,Bharatmala Economic Highway Ring 2,Highway / Expressway,Haryana,Faridabad,100.81,104,Low,0.9,0,Fully Disbursed,0,Possession Taken (Sec 38),Resubmission Required,141,0.83,Initial Stage (<30%),Moderate,289,0.529,2023-09-09,2023-09-09,0,0,29.25,76.5
PRJ-1195,PCL-11807,Visakhapatnam Ultra Mega Solar Park Unit 1,Renewable / Solar Park,Andhra Pradesh,Visakhapatnam,80.01,56,High,0.91,0,Partially Disbursed,63,Declaration Published (Sec 19),Under Scrutiny,161,0.56,Full Possession,Hostile / Legal Injunction,271,0.55,2025-02-24,2026-02-08,349,1,17.086096,78.507089
PRJ-1073,PCL-11808,Bharatmala Economic Highway Ring 1,Highway / Expressway,Uttar Pradesh,Noida,18.67,6,Medium,0.57,0,Pending Disbursal,295,Declaration Published (Sec 19),Under Scrutiny,270,0.78,Partial Possession (30-70%),Moderate,147,0.619,2026-02-11,2026-12-08,300,1,26.469171,80.768672
PRJ-1075,PCL-11809,Wind-Solar Hybrid Energy Grid 4,Renewable / Solar Park,Haryana,Gurugram,59.18,58,Medium,0.59,1,Fully Disbursed,0,Award Declared (Sec 23),Under Scrutiny,145,0.75,Substantial Possession (>70%),Low / Resistant,168,0.225,2023-09-05,2024-07-31,330,1,28.123145,75.91775
PRJ-1181,PCL-11810,Command Area Distribution Network 2,Irrigation / Water Canal,Odisha,Angul,33.88,47,Medium,0.34,1,Fully Disbursed,0,Possession Taken (Sec 38),Pending Environmental Clearance,111,0.19,Partial Possession (30-70%),Low / Resistant,122,0.323,2026-03-29,2027-04-06,373,1,20.829919,86.102171
PRJ-1066,PCL-11811,Faridabad Multi-Modal Logistics Park 3,Industrial Corridor / SEZ,Haryana,Faridabad,26.28,36,Low,0.72,1,Pending Disbursal,112,Award Declared (Sec 23),Under Scrutiny,105,0.77,Initial Stage (<30%),Moderate,354,0.3,2025-12-22,2026-09-05,257,1,28.659813,75.913612
PRJ-1076,PCL-11812,Nashik Cargo Terminal Expansion 1,Airport Infrastructure,Maharashtra,Nashik,11.69,31,High,0.77,0,Fully Disbursed,0,Declaration Published (Sec 19),Approved,15,0.68,Substantial Possession (>70%),High / Cooperative,208,0.389,2026-03-11,2026-06-23,104,1,20.69923,79.115441
PRJ-1245,PCL-11813,Haryana Dedicated High-Speed Rail Segment 5,Railway & Freight Corridor,Haryana,Faridabad,49.68,62,Very High,0.7,1,Pending Disbursal,221,Preliminary Notification (Sec 11),Under Scrutiny,69,0.84,Contested / Encroached,Hostile / Legal Injunction,230,0.495,2024-03-02,2025-08-28,544,1,28.682376,77.363777
PRJ-1170,PCL-11814,Maharashtra Clean Energy Hub Sector 1,Renewable / Solar Park,Maharashtra,Pune,47.76,49,Low,0.6,1,Disputed in Escrow,400,Declaration Published (Sec 19),Approved,54,0.6,Initial Stage (<30%),Low / Resistant,122,0.536,2027-03-09,2028-05-12,430,1,19.31339,79.212795
PRJ-1227,PCL-11815,Industrial Rail Siding Network 3,Railway & Freight Corridor,Rajasthan,Jodhpur,17.13,16,Very High,0.52,1,Partially Disbursed,82,Possession Taken (Sec 38),Under Scrutiny,15,0.78,Substantial Possession (>70%),Hostile / Legal Injunction,225,0.35,2024-01-17,2025-06-15,515,1,27.253223,73.29741
PRJ-1071,PCL-11816,Maharashtra Dedicated High-Speed Rail Segment 1,Railway & Freight Corridor,Maharashtra,Pune,31.9,19,Low,0.77,0,Fully Disbursed,0,Award Declared (Sec 23),Under Scrutiny,162,0.6,Substantial Possession (>70%),Moderate,145,0.166,2024-08-01,2024-08-13,12,0,20.495703,73.197393
PRJ-1229,PCL-11817,NH-92 Four-Laning Bypass Section 1,Highway / Expressway,Odisha,Angul,76.94,101,Low,0.8,0,Fully Disbursed,0,Award Declared (Sec 23),Pending Environmental Clearance,137,0.69,Substantial Possession (>70%),Moderate,54,0.531,2024-04-08,2024-04-08,0,0,21.896632,84.265032
PRJ-1166,PCL-11818,Uttar Pradesh Green Express Corridor Phase 3,Highway / Expressway,Uttar Pradesh,Varanasi,32.37,57,Medium,0.88,0,Partially Disbursed,96,Possession Taken (Sec 38),Conditional Clearance,139,0.36,Partial Possession (30-70%),High / Cooperative,196,0.619,2025-08-06,,31,0,27.531499,81.074645
PRJ-1226,PCL-11819,DMIC Special Investment Region Node 3,Industrial Corridor / SEZ,Rajasthan,Alwar,26.2,25,Low,0.94,0,Partially Disbursed,174,Award Declared (Sec 23),Conditional Clearance,131,0.17,Full Possession,Moderate,321,0.472,2023-07-15,2023-08-24,40,0,24.613842,72.462274
PRJ-1253,PCL-11820,Suburban Commuter Rapid Transit Line 1,Urban Metro / Transit,Odisha,Jajpur,18.26,69,High,0.84,0,Partially Disbursed,135,Award Declared (Sec 23),Approved,92,0.3,Partial Possession (30-70%),Moderate,188,0.326,2023-07-06,2024-04-24,293,1,19.570349,85.552802
PRJ-1086,PCL-11821,Suburban Commuter Rapid Transit Line 1,Urban Metro / Transit,Haryana,Hisar,24.57,89,Medium,0.76,1,Disputed in Escrow,547,Notification Pending,Pending Environmental Clearance,130,0.67,Contested / Encroached,Low / Resistant,458,0.398,2024-10-11,,457,1,28.932144,76.810712
PRJ-1126,PCL-11822,Uttar Pradesh Clean Energy Hub Sector 4,Renewable / Solar Park,Uttar Pradesh,Lucknow,122.59,219,High,0.58,0,Partially Disbursed,138,Possession Taken (Sec 38),Pending Environmental Clearance,164,0.37,Substantial Possession (>70%),Moderate,240,0.309,2024-09-28,2025-04-12,196,1,26.319956,78.275366
PRJ-1205,PCL-11823,Rajasthan Dedicated High-Speed Rail Segment 2,Railway & Freight Corridor,Rajasthan,Jaipur,205.4,211,Very High,0.56,1,Disputed in Escrow,423,Award Declared (Sec 23),Approved,50,0.51,Partial Possession (30-70%),Low / Resistant,319,0.164,2024-08-20,2026-01-18,516,1,25.275584,75.78009
PRJ-1042,PCL-11824,Industrial Rail Siding Network 1,Railway & Freight Corridor,Gujarat,Bharuch,25.78,31,High,0.77,0,Pending Disbursal,340,Award Declared (Sec 23),Under Scrutiny,153,0.28,Initial Stage (<30%),Moderate,261,0.164,2023-08-16,2024-05-23,281,1,23.769122,70.46846
PRJ-1033,PCL-11825,Bharatmala Economic Highway Ring 2,Highway / Expressway,Karnataka,Dharwad,19.97,28,Medium,0.83,1,Pending Disbursal,151,Preliminary Notification (Sec 11),Conditional Clearance,234,0.41,Initial Stage (<30%),Hostile / Legal Injunction,189,0.7,2023-12-06,2025-05-04,515,1,16.008195,75.481624
PRJ-1172,PCL-11826,Jaipur Cargo Terminal Expansion 1,Airport Infrastructure,Rajasthan,Jaipur,58.07,144,Low,0.6,0,Fully Disbursed,0,Preliminary Notification (Sec 11),Under Scrutiny,138,0.87,Substantial Possession (>70%),Moderate,71,0.345,2025-01-01,,39,0,25.035687,74.667458
PRJ-1005,PCL-11827,Ahmedabad Multi-Modal Logistics Park 3,Industrial Corridor / SEZ,Gujarat,Ahmedabad,29.81,49,Medium,0.62,0,Pending Disbursal,292,Declaration Published (Sec 19),Conditional Clearance,203,0.39,Substantial Possession (>70%),Moderate,289,0.411,2025-05-08,2026-03-10,306,1,23.699193,69.26921
PRJ-1080,PCL-11828,Belagavi Cargo Terminal Expansion 3,Airport Infrastructure,Karnataka,Belagavi,53.6,101,Low,0.98,0,Fully Disbursed,0,Notification Pending,Approved,15,0.76,Substantial Possession (>70%),Moderate,96,0.583,2026-02-11,2026-02-18,7,0,13.395505,75.448502
PRJ-1131,PCL-11829,Bharuch Cargo Terminal Expansion 3,Airport Infrastructure,Gujarat,Bharuch,5.0,21,High,0.43,0,Fully Disbursed,0,Declaration Published (Sec 19),Approved,120,0.86,Full Possession,Hostile / Legal Injunction,64,0.248,2022-04-09,2023-01-08,274,1,22.314092,72.104294
PRJ-1171,PCL-11830,Aviation Logistics Runway Package 2,Airport Infrastructure,Maharashtra,Nashik,47.14,115,High,0.57,1,Disputed in Escrow,233,Award Declared (Sec 23),Approved,78,0.88,Partial Possession (30-70%),Low / Resistant,106,0.768,2025-11-07,2027-01-16,435,1,20.574354,75.857255
PRJ-1079,PCL-11831,Haryana Inter-River Linking Canal Sector 3,Irrigation / Water Canal,Haryana,Hisar,102.99,177,High,0.91,0,Disputed in Escrow,504,Declaration Published (Sec 19),Under Scrutiny,114,0.65,Full Possession,Moderate,258,0.406,2026-10-18,,250,1,30.191991,75.627716
PRJ-1154,PCL-11832,Command Area Distribution Network 2,Irrigation / Water Canal,Maharashtra,Pune,67.96,100,Low,0.9,0,Fully Disbursed,0,Declaration Published (Sec 19),Conditional Clearance,124,0.58,Substantial Possession (>70%),Moderate,248,0.497,2026-01-19,2026-04-20,91,1,19.859748,73.452986
PRJ-1183,PCL-11833,Udaipur Cargo Terminal Expansion 5,Airport Infrastructure,Rajasthan,Udaipur,56.58,221,High,0.89,1,Disputed in Escrow,524,Possession Taken (Sec 38),Under Scrutiny,139,0.73,Contested / Encroached,Low / Resistant,178,0.549,2025-10-17,,450,1,28.31734,75.313664
PRJ-1082,PCL-11834,Kota Greenfield International Airport Phase 1,Airport Infrastructure,Rajasthan,Kota,18.64,26,Medium,0.77,0,Fully Disbursed,0,Possession Taken (Sec 38),Approved,15,0.45,Substantial Possession (>70%),High / Cooperative,210,0.277,2024-03-28,2024-04-12,15,0,25.74962,73.509031
PRJ-1012,PCL-11835,Uttar Pradesh Dedicated High-Speed Rail Segment 5,Railway & Freight Corridor,Uttar Pradesh,Noida,144.56,114,High,0.89,1,Partially Disbursed,159,Preliminary Notification (Sec 11),Under Scrutiny,196,0.95,Partial Possession (30-70%),Low / Resistant,181,0.254,2026-03-01,2026-12-30,304,1,27.876044,82.532734
PRJ-1142,PCL-11836,Madhya Pradesh Integrated Industrial Township 1,Industrial Corridor / SEZ,Madhya Pradesh,Gwalior,32.15,33,Low,0.62,1,Disputed in Escrow,497,Notification Pending,Approved,81,0.8,Contested / Encroached,High / Cooperative,211,0.379,2027-06-16,2028-04-05,294,1,23.365315,80.128179
PRJ-1173,PCL-11837,Urban Flyover & Transit Hub 5,Urban Metro / Transit,Rajasthan,Kota,9.69,34,Medium,0.49,0,Pending Disbursal,336,Preliminary Notification (Sec 11),Approved,32,0.59,Partial Possession (30-70%),High / Cooperative,53,0.348,2025-07-10,2026-02-11,216,1,26.96704,73.857626
PRJ-1108,PCL-11838,Indore Multi-Modal Logistics Park 5,Industrial Corridor / SEZ,Madhya Pradesh,Indore,41.5,87,Medium,0.93,0,Fully Disbursed,0,Possession Taken (Sec 38),Conditional Clearance,156,0.55,Full Possession,High / Cooperative,257,0.293,2024-04-08,2024-07-08,91,1,24.860047,77.007873
PRJ-1002,PCL-11839,Suburban Commuter Rapid Transit Line 1,Urban Metro / Transit,Madhya Pradesh,Bhopal,29.73,97,High,0.88,0,Partially Disbursed,106,Preliminary Notification (Sec 11),Approved,15,0.45,Substantial Possession (>70%),Low / Resistant,204,0.201,2023-09-07,2024-03-28,203,1,25.702301,76.750042
PRJ-1064,PCL-11840,Jabalpur Multi-Modal Logistics Park 2,Industrial Corridor / SEZ,Madhya Pradesh,Jabalpur,18.09,2,High,0.67,1,Disputed in Escrow,572,Award Declared (Sec 23),Under Scrutiny,187,0.27,Partial Possession (30-70%),Low / Resistant,236,0.573,2025-11-12,2027-08-01,627,1,26.424081,79.299537
PRJ-1135,PCL-11841,Wind-Solar Hybrid Energy Grid 3,Renewable / Solar Park,Gujarat,Bharuch,29.34,20,High,0.52,1,Pending Disbursal,143,Declaration Published (Sec 19),Approved,19,0.73,Initial Stage (<30%),Low / Resistant,165,0.511,2025-09-09,2026-10-18,404,1,23.06328,71.178529
PRJ-1049,PCL-11842,Odisha Inter-River Linking Canal Sector 4,Irrigation / Water Canal,Odisha,Angul,25.49,33,Medium,0.79,0,Fully Disbursed,0,Declaration Published (Sec 19),Under Scrutiny,153,0.59,Initial Stage (<30%),Moderate,172,0.248,2023-01-29,2023-10-08,252,1,20.573121,84.937757
PRJ-1010,PCL-11843,Madhya Pradesh Inter-River Linking Canal Sector 1,Irrigation / Water Canal,Madhya Pradesh,Indore,79.07,96,Very High,0.56,0,Fully Disbursed,0,Possession Taken (Sec 38),Approved,87,0.78,Substantial Possession (>70%),Moderate,293,0.362,2023-03-14,2023-10-11,211,1,25.719555,79.364567
PRJ-1207,PCL-11844,DMIC Special Investment Region Node 3,Industrial Corridor / SEZ,Madhya Pradesh,Gwalior,115.18,201,Very High,0.81,0,Partially Disbursed,135,Declaration Published (Sec 19),Approved,15,0.39,Partial Possession (30-70%),Moderate,261,0.499,2022-08-02,2023-04-10,251,1,22.24497,80.089455
PRJ-1155,PCL-11845,Andhra Pradesh Inter-River Linking Canal Sector 5,Irrigation / Water Canal,Andhra Pradesh,Guntur,43.05,52,Low,0.86,0,Fully Disbursed,0,Preliminary Notification (Sec 11),Approved,124,0.64,Contested / Encroached,Moderate,221,0.578,2022-06-15,2022-07-07,22,0,16.003774,79.522857
PRJ-1251,PCL-11846,Rajasthan Dedicated High-Speed Rail Segment 3,Railway & Freight Corridor,Rajasthan,Udaipur,24.25,48,Very High,0.63,1,Pending Disbursal,264,Preliminary Notification (Sec 11),Under Scrutiny,110,0.33,Partial Possession (30-70%),High / Cooperative,286,0.481,2026-05-18,2027-04-28,345,1,27.219603,75.809158
PRJ-1207,PCL-11847,DMIC Special Investment Region Node 3,Industrial Corridor / SEZ,Madhya Pradesh,Gwalior,22.48,8,High,0.88,1,Pending Disbursal,105,Preliminary Notification (Sec 11),Conditional Clearance,166,0.69,Partial Possession (30-70%),High / Cooperative,190,0.339,2022-08-02,2023-04-24,265,1,22.21315,78.003469
PRJ-1197,PCL-11848,Bharuch Cargo Terminal Expansion 1,Airport Infrastructure,Gujarat,Bharuch,119.89,259,Low,0.53,0,Fully Disbursed,0,Notification Pending,Approved,32,0.76,Partial Possession (30-70%),Moderate,221,0.522,2023-08-18,2024-03-13,208,1,22.384035,72.528542
PRJ-1080,PCL-11849,Belagavi Cargo Terminal Expansion 3,Airport Infrastructure,Karnataka,Belagavi,13.13,48,High,0.79,1,Disputed in Escrow,397,Possession Taken (Sec 38),Approved,63,0.48,Partial Possession (30-70%),Low / Resistant,282,0.291,2026-02-11,2027-07-10,514,1,13.088226,77.104005
PRJ-1250,PCL-11850,Andhra Pradesh Integrated Industrial Township 5,Industrial Corridor / SEZ,Andhra Pradesh,Guntur,48.03,83,Medium,0.34,1,Pending Disbursal,322,Declaration Published (Sec 19),Approved,18,0.49,Initial Stage (<30%),Low / Resistant,109,0.364,2026-08-26,,511,1,18.449372,79.853271
PRJ-1110,PCL-11851,Wind-Solar Hybrid Energy Grid 5,Renewable / Solar Park,Rajasthan,Udaipur,84.12,63,Low,0.43,1,Fully Disbursed,0,Possession Taken (Sec 38),Pending Environmental Clearance,148,0.56,Partial Possession (30-70%),High / Cooperative,266,0.362,2026-01-07,2026-07-09,183,1,25.064129,73.087895
PRJ-1117,PCL-11852,NH-57 Four-Laning Bypass Section 1,Highway / Expressway,Tamil Nadu,Kanchipuram,7.48,14,Low,0.69,0,Fully Disbursed,0,Preliminary Notification (Sec 11),Resubmission Required,117,0.71,Full Possession,Moderate,266,0.347,2024-11-09,,56,0,11.019525,79.688304
PRJ-1006,PCL-11853,Bhopal Multi-Modal Logistics Park 5,Industrial Corridor / SEZ,Madhya Pradesh,Bhopal,22.85,32,Low,0.91,0,Pending Disbursal,168,Possession Taken (Sec 38),Conditional Clearance,169,0.38,Substantial Possession (>70%),High / Cooperative,306,0.129,2026-09-27,2026-11-20,54,0,24.97245,80.900707
PRJ-1213,PCL-11854,Uttar Pradesh Green Express Corridor Phase 3,Highway / Expressway,Uttar Pradesh,Agra,29.37,49,High,0.81,1,Partially Disbursed,159,Notification Pending,Approved,15,0.55,Contested / Encroached,Low / Resistant,121,0.674,2026-11-07,2027-12-08,396,1,25.856768,81.989083
PRJ-1066,PCL-11855,Faridabad Multi-Modal Logistics Park 3,Industrial Corridor / SEZ,Haryana,Faridabad,115.18,100,Low,0.76,0,Fully Disbursed,0,Possession Taken (Sec 38),Approved,15,0.79,Full Possession,Moderate,373,0.62,2025-12-22,2025-12-29,7,0,30.346594,77.063851
PRJ-1076,PCL-11856,Nashik Cargo Terminal Expansion 1,Airport Infrastructure,Maharashtra,Nashik,26.41,108,Medium,0.51,0,Pending Disbursal,229,Possession Taken (Sec 38),Pending Environmental Clearance,226,0.63,Contested / Encroached,Moderate,311,0.15,2026-03-11,2027-01-24,319,1,20.494415,78.234077
PRJ-1163,PCL-11857,Uttar Pradesh Integrated Industrial Township 3,Industrial Corridor / SEZ,Uttar Pradesh,Agra,44.12,34,Low,0.65,0,Pending Disbursal,265,Preliminary Notification (Sec 11),Approved,60,0.77,Contested / Encroached,Moderate,260,0.346,2026-04-29,2027-01-13,259,1,26.002558,83.042485
PRJ-1174,PCL-11858,Command Area Distribution Network 1,Irrigation / Water Canal,Odisha,Angul,45.1,89,Medium,0.76,0,Fully Disbursed,0,Possession Taken (Sec 38),Under Scrutiny,116,0.31,Partial Possession (30-70%),High / Cooperative,166,0.398,2023-12-27,2024-02-12,47,0,19.9254,84.606409
PRJ-1144,PCL-11859,Urban Flyover & Transit Hub 5,Urban Metro / Transit,Uttar Pradesh,Noida,11.12,11,Medium,0.83,0,Fully Disbursed,0,Notification Pending,Approved,15,0.85,Full Possession,High / Cooperative,376,0.213,2026-01-13,,25,0,27.980648,83.121138
PRJ-1050,PCL-11860,Tamil Nadu Inter-River Linking Canal Sector 1,Irrigation / Water Canal,Tamil Nadu,Kanchipuram,23.5,27,High,0.88,1,Pending Disbursal,292,Award Declared (Sec 23),Under Scrutiny,116,0.73,Initial Stage (<30%),High / Cooperative,364,0.142,2023-08-24,2024-06-21,302,1,9.928393,78.423039
PRJ-1006,PCL-11861,Bhopal Multi-Modal Logistics Park 5,Industrial Corridor / SEZ,Madhya Pradesh,Bhopal,16.36,20,Low,0.83,0,Fully Disbursed,0,Notification Pending,Approved,59,0.88,Substantial Possession (>70%),Moderate,344,0.363,2026-09-27,2026-10-10,13,0,26.412092,79.282962
PRJ-1034,PCL-11862,Suburban Commuter Rapid Transit Line 3,Urban Metro / Transit,Haryana,Hisar,40.47,67,Low,0.36,0,Partially Disbursed,173,Preliminary Notification (Sec 11),Under Scrutiny,157,0.38,Full Possession,Moderate,177,0.595,2025-05-18,2026-02-04,262,1,29.577621,75.902529
PRJ-1023,PCL-11863,Maharashtra Green Express Corridor Phase 3,Highway / Expressway,Maharashtra,Nagpur,17.97,23,High,0.84,1,Pending Disbursal,309,Possession Taken (Sec 38),Approved,66,0.49,Initial Stage (<30%),Low / Resistant,209,0.222,2024-09-30,2025-11-19,415,1,18.705946,78.343505
PRJ-1019,PCL-11864,Karnataka Green Express Corridor Phase 4,Highway / Expressway,Karnataka,Kalaburagi,43.96,74,Medium,0.62,0,Fully Disbursed,0,Notification Pending,Approved,15,0.82,Substantial Possession (>70%),High / Cooperative,205,0.571,2024-07-20,2024-07-26,6,0,14.132216,77.449864
PRJ-1250,PCL-11865,Andhra Pradesh Integrated Industrial Township 5,Industrial Corridor / SEZ,Andhra Pradesh,Guntur,20.87,11,High,0.5,1,Pending Disbursal,117,Preliminary Notification (Sec 11),Under Scrutiny,141,0.35,Contested / Encroached,Hostile / Legal Injunction,260,0.303,2026-08-26,2028-04-22,605,1,16.888761,79.174393
PRJ-1097,PCL-11866,NH-71 Four-Laning Bypass Section 3,Highway / Expressway,Tamil Nadu,Tiruchirappalli,32.23,46,Medium,0.85,0,Fully Disbursed,0,Award Declared (Sec 23),Pending Environmental Clearance,98,0.58,Full Possession,High / Cooperative,301,0.426,2026-02-04,2026-08-04,181,1,10.900161,78.73897
PRJ-1071,PCL-11867,Maharashtra Dedicated High-Speed Rail Segment 1,Railway & Freight Corridor,Maharashtra,Pune,28.17,20,High,0.4,1,Pending Disbursal,102,Notification Pending,Conditional Clearance,75,0.81,Initial Stage (<30%),High / Cooperative,206,0.577,2024-08-01,2025-04-10,252,1,20.314781,75.23194
PRJ-1006,PCL-11868,Bhopal Multi-Modal Logistics Park 5,Industrial Corridor / SEZ,Madhya Pradesh,Bhopal,56.05,78,Low,0.49,1,Disputed in Escrow,603,Award Declared (Sec 23),Approved,64,0.38,Contested / Encroached,Hostile / Legal Injunction,192,0.388,2026-09-27,,413,1,22.672884,80.445471
PRJ-1186,PCL-11869,Surat Cargo Terminal Expansion 3,Airport Infrastructure,Gujarat,Surat,83.25,203,Low,0.72,0,Fully Disbursed,0,Declaration Published (Sec 19),Conditional Clearance,163,0.55,Partial Possession (30-70%),High / Cooperative,247,0.652,2026-06-10,2026-09-15,97,1,22.35104,72.945714
PRJ-1042,PCL-11870,Industrial Rail Siding Network 1,Railway & Freight Corridor,Gujarat,Bharuch,14.46,17,Low,0.66,0,Partially Disbursed,124,Notification Pending,Resubmission Required,171,0.56,Substantial Possession (>70%),Moderate,307,0.371,2023-08-16,2024-04-14,242,1,21.932349,73.042323
PRJ-1007,PCL-11871,Ahmedabad Lift Irrigation Main Canal Reach 3,Irrigation / Water Canal,Gujarat,Ahmedabad,55.08,94,Medium,0.77,0,Fully Disbursed,0,Possession Taken (Sec 38),Under Scrutiny,246,0.48,Full Possession,High / Cooperative,203,0.23,2023-11-24,2024-01-25,62,0,23.752022,70.541049
PRJ-1257,PCL-11872,Haryana Dedicated High-Speed Rail Segment 4,Railway & Freight Corridor,Haryana,Faridabad,15.79,3,Low,0.7,0,Fully Disbursed,0,Award Declared (Sec 23),Approved,49,0.3,Substantial Possession (>70%),High / Cooperative,208,0.605,2027-01-06,,29,0,29.134563,75.658269
PRJ-1165,PCL-11873,Kutch Lift Irrigation Main Canal Reach 5,Irrigation / Water Canal,Gujarat,Kutch,48.35,66,Low,0.95,0,Fully Disbursed,0,Possession Taken (Sec 38),Pending Environmental Clearance,193,0.67,Substantial Possession (>70%),Moderate,341,0.691,2025-04-02,2025-09-30,181,1,21.655618,71.022159
PRJ-1115,PCL-11874,Wind-Solar Hybrid Energy Grid 4,Renewable / Solar Park,Madhya Pradesh,Jabalpur,24.06,26,Medium,0.81,0,Partially Disbursed,89,Preliminary Notification (Sec 11),Under Scrutiny,184,0.53,Substantial Possession (>70%),Moderate,158,0.337,2023-05-31,2023-10-05,127,1,23.414722,81.077151
PRJ-1117,PCL-11875,NH-57 Four-Laning Bypass Section 1,Highway / Expressway,Tamil Nadu,Kanchipuram,27.18,35,Medium,0.29,1,Disputed in Escrow,435,Award Declared (Sec 23),Resubmission Required,126,0.62,Partial Possession (30-70%),Low / Resistant,177,0.294,2024-11-09,2025-12-15,401,1,10.317714,77.86901
PRJ-1144,PCL-11876,Urban Flyover & Transit Hub 5,Urban Metro / Transit,Uttar Pradesh,Noida,61.12,201,High,0.42,1,Partially Disbursed,59,Notification Pending,Approved,24,0.68,Partial Possession (30-70%),Hostile / Legal Injunction,344,0.346,2026-01-13,2027-04-18,460,1,28.099477,82.68744
PRJ-1149,PCL-11877,Wind-Solar Hybrid Energy Grid 1,Renewable / Solar Park,Madhya Pradesh,Ujjain,199.84,284,Very High,0.5,1,Pending Disbursal,243,Possession Taken (Sec 38),Approved,15,0.66,Substantial Possession (>70%),Hostile / Legal Injunction,93,0.309,2026-01-31,2027-04-05,429,1,22.763671,75.379372
PRJ-1243,PCL-11878,NH-64 Four-Laning Bypass Section 1,Highway / Expressway,Uttar Pradesh,Noida,13.24,5,Medium,0.24,1,Partially Disbursed,174,Possession Taken (Sec 38),Approved,41,0.62,Partial Possession (30-70%),Moderate,160,0.379,2027-03-14,2028-05-22,435,1,26.383496,82.808009
PRJ-1173,PCL-11879,Urban Flyover & Transit Hub 5,Urban Metro / Transit,Rajasthan,Kota,52.4,72,Low,0.4,0,Pending Disbursal,284,Notification Pending,Pending Environmental Clearance,153,0.85,Contested / Encroached,High / Cooperative,166,0.651,2025-07-10,2026-05-09,303,1,25.230798,76.884985
PRJ-1094,PCL-11880,DMIC Special Investment Region Node 1,Industrial Corridor / SEZ,Rajasthan,Alwar,21.75,44,Medium,0.8,1,Pending Disbursal,333,Preliminary Notification (Sec 11),Under Scrutiny,132,0.34,Contested / Encroached,High / Cooperative,165,0.502,2026-11-28,2028-01-16,414,1,28.107543,76.677761
PRJ-1225,PCL-11881,Sundargarh Greenfield International Airport Phase 3,Airport Infrastructure,Odisha,Sundargarh,25.0,98,Low,0.97,0,Fully Disbursed,0,Declaration Published (Sec 19),Under Scrutiny,101,0.5,Substantial Possession (>70%),Moderate,105,0.163,2024-10-04,2024-11-24,51,0,21.099973,85.314646
PRJ-1228,PCL-11882,Udaipur Metro Rail Extension Corridor 1,Urban Metro / Transit,Rajasthan,Udaipur,45.77,58,Medium,0.78,0,Fully Disbursed,0,Notification Pending,Approved,63,0.48,Full Possession,High / Cooperative,250,0.229,2024-06-01,2024-06-09,8,0,24.35694,75.683415
PRJ-1209,PCL-11883,Haryana Inter-River Linking Canal Sector 2,Irrigation / Water Canal,Haryana,Panipat,75.09,133,Low,0.81,0,Pending Disbursal,213,Preliminary Notification (Sec 11),Conditional Clearance,205,0.55,Partial Possession (30-70%),High / Cooperative,209,0.725,2023-08-10,2024-03-21,224,1,29.345134,77.261912
PRJ-1118,PCL-11884,Karnataka Integrated Industrial Township 2,Industrial Corridor / SEZ,Karnataka,Kalaburagi,84.81,141,High,0.45,1,Disputed in Escrow,373,Notification Pending,Resubmission Required,111,0.86,Partial Possession (30-70%),Hostile / Legal Injunction,162,0.405,2024-03-17,2025-11-28,621,1,13.785933,75.763073
PRJ-1002,PCL-11885,Suburban Commuter Rapid Transit Line 1,Urban Metro / Transit,Madhya Pradesh,Bhopal,138.25,247,Medium,0.79,0,Partially Disbursed,108,Preliminary Notification (Sec 11),Approved,15,0.38,Full Possession,Moderate,241,0.755,2023-09-07,2024-02-14,160,1,23.804837,77.250255
PRJ-1025,PCL-11886,Odisha Green Express Corridor Phase 4,Highway / Expressway,Odisha,Sundargarh,40.4,67,Low,0.41,1,Pending Disbursal,335,Award Declared (Sec 23),Approved,46,0.27,Substantial Possession (>70%),Hostile / Legal Injunction,80,0.196,2025-09-08,2027-02-11,521,1,19.635816,85.082858
PRJ-1006,PCL-11887,Bhopal Multi-Modal Logistics Park 5,Industrial Corridor / SEZ,Madhya Pradesh,Bhopal,55.88,101,High,0.9,1,Partially Disbursed,143,Possession Taken (Sec 38),Conditional Clearance,107,0.35,Partial Possession (30-70%),Low / Resistant,114,0.396,2026-09-27,2027-09-09,347,1,23.17607,77.367504
PRJ-1016,PCL-11888,Western Freight Corridor Spur Line 1,Railway & Freight Corridor,Tamil Nadu,Tiruchirappalli,45.21,99,Medium,0.85,0,Fully Disbursed,0,Declaration Published (Sec 19),Approved,58,0.92,Partial Possession (30-70%),Moderate,319,0.592,2025-06-05,,0,0,11.180882,79.714883
PRJ-1128,PCL-11889,Gujarat Green Express Corridor Phase 2,Highway / Expressway,Gujarat,Rajkot,21.82,13,High,0.79,1,Pending Disbursal,295,Possession Taken (Sec 38),Pending Environmental Clearance,187,0.69,Contested / Encroached,Low / Resistant,201,0.503,2025-04-05,2026-06-24,445,1,23.62437,73.085034
PRJ-1242,PCL-11890,Gwalior Ultra Mega Solar Park Unit 5,Renewable / Solar Park,Madhya Pradesh,Gwalior,29.43,16,High,0.82,1,Disputed in Escrow,308,Declaration Published (Sec 19),Conditional Clearance,161,0.84,Initial Stage (<30%),Low / Resistant,209,0.573,2026-07-15,,479,1,24.539785,80.021112
PRJ-1058,PCL-11891,Prayagraj Lift Irrigation Main Canal Reach 1,Irrigation / Water Canal,Uttar Pradesh,Prayagraj,48.46,55,Low,0.71,0,Partially Disbursed,168,Notification Pending,Under Scrutiny,162,0.58,Substantial Possession (>70%),High / Cooperative,151,0.368,2025-03-07,,108,1,26.661224,81.649278
PRJ-1022,PCL-11892,Bharatmala Economic Highway Ring 5,Highway / Expressway,Gujarat,Vadodara,123.11,141,Low,0.9,1,Partially Disbursed,30,Preliminary Notification (Sec 11),Conditional Clearance,124,0.56,Initial Stage (<30%),Low / Resistant,309,0.348,2024-12-27,2025-11-03,311,1,21.568513,71.19574
PRJ-1035,PCL-11893,Uttar Pradesh Inter-River Linking Canal Sector 4,Irrigation / Water Canal,Uttar Pradesh,Prayagraj,8.1,2,Medium,0.9,1,Disputed in Escrow,387,Possession Taken (Sec 38),Approved,44,0.69,Initial Stage (<30%),Moderate,391,0.337,2023-10-13,2024-10-13,366,1,26.404386,80.911067
PRJ-1010,PCL-11894,Madhya Pradesh Inter-River Linking Canal Sector 1,Irrigation / Water Canal,Madhya Pradesh,Indore,54.77,63,Medium,0.75,0,Pending Disbursal,207,Possession Taken (Sec 38),Approved,26,0.55,Initial Stage (<30%),High / Cooperative,232,0.111,2023-03-14,2023-03-24,10,0,25.481643,77.325275
PRJ-1150,PCL-11895,Suburban Commuter Rapid Transit Line 3,Urban Metro / Transit,Maharashtra,Thane,12.95,48,Low,0.87,0,Pending Disbursal,162,Declaration Published (Sec 19),Under Scrutiny,130,0.25,Full Possession,Moderate,170,0.67,2024-07-27,2025-03-29,245,1,20.181339,79.014828
PRJ-1006,PCL-11896,Bhopal Multi-Modal Logistics Park 5,Industrial Corridor / SEZ,Madhya Pradesh,Bhopal,74.4,135,Low,0.82,1,Partially Disbursed,154,Preliminary Notification (Sec 11),Approved,105,0.54,Initial Stage (<30%),Hostile / Legal Injunction,294,0.43,2026-09-27,2028-01-02,462,1,23.925477,80.141974
PRJ-1236,PCL-11897,Faridabad Lift Irrigation Main Canal Reach 5,Irrigation / Water Canal,Haryana,Faridabad,44.85,78,Medium,0.75,0,Pending Disbursal,157,Preliminary Notification (Sec 11),Under Scrutiny,191,0.79,Substantial Possession (>70%),High / Cooperative,263,0.272,2025-06-16,,23,0,28.066722,76.243467
PRJ-1080,PCL-11898,Belagavi Cargo Terminal Expansion 3,Airport Infrastructure,Karnataka,Belagavi,46.61,85,Low,0.6,0,Pending Disbursal,227,Notification Pending,Under Scrutiny,171,0.32,Substantial Possession (>70%),High / Cooperative,162,0.443,2026-02-11,2026-09-22,223,1,15.243573,76.856786
PRJ-1083,PCL-11899,Tamil Nadu Clean Energy Hub Sector 5,Renewable / Solar Park,Tamil Nadu,Madurai,187.96,255,Very High,0.63,0,Pending Disbursal,129,Possession Taken (Sec 38),Conditional Clearance,146,0.75,Partial Possession (30-70%),Hostile / Legal Injunction,113,0.273,2026-02-06,,272,1,11.567525,77.369736
PRJ-1085,PCL-11900,Command Area Distribution Network 2,Irrigation / Water Canal,Andhra Pradesh,Visakhapatnam,138.46,177,Very High,0.31,1,Partially Disbursed,109,Declaration Published (Sec 19),Approved,15,0.55,Contested / Encroached,Low / Resistant,219,0.566,2024-09-24,2026-02-07,501,1,18.33382,82.479785
PRJ-1211,PCL-11901,Command Area Distribution Network 2,Irrigation / Water Canal,Tamil Nadu,Coimbatore,83.58,125,Medium,0.66,0,Fully Disbursed,0,Notification Pending,Resubmission Required,42,0.54,Initial Stage (<30%),Moderate,64,0.308,2023-06-29,2023-07-08,9,0,10.088734,77.453887
PRJ-1231,PCL-11902,Suburban Commuter Rapid Transit Line 2,Urban Metro / Transit,Andhra Pradesh,Guntur,45.49,121,High,0.55,1,Pending Disbursal,187,Award Declared (Sec 23),Approved,25,0.43,Contested / Encroached,Low / Resistant,235,0.45,2025-10-18,2026-10-23,370,1,15.086792,82.577621
PRJ-1237,PCL-11903,Aviation Logistics Runway Package 2,Airport Infrastructure,Odisha,Sundargarh,207.97,871,High,0.77,1,Pending Disbursal,247,Declaration Published (Sec 19),Pending Environmental Clearance,152,0.35,Contested / Encroached,Low / Resistant,293,0.659,2023-06-26,2024-11-25,518,1,20.899119,84.494935
PRJ-1081,PCL-11904,Industrial Rail Siding Network 4,Railway & Freight Corridor,Karnataka,Bengaluru Rural,54.83,79,Low,0.92,0,Partially Disbursed,62,Award Declared (Sec 23),Under Scrutiny,153,0.98,Initial Stage (<30%),Low / Resistant,317,0.155,2025-10-07,2025-11-08,32,0,15.555578,76.378334
PRJ-1026,PCL-11905,Gujarat Integrated Industrial Township 3,Industrial Corridor / SEZ,Gujarat,Ahmedabad,26.5,17,Medium,0.72,0,Fully Disbursed,0,Declaration Published (Sec 19),Approved,66,0.28,Partial Possession (30-70%),High / Cooperative,185,0.095,2024-10-07,2024-10-18,11,0,22.69611,69.091729
PRJ-1065,PCL-11906,Karnal Multi-Modal Logistics Park 3,Industrial Corridor / SEZ,Haryana,Karnal,31.74,70,Low,0.64,0,Partially Disbursed,51,Award Declared (Sec 23),Pending Environmental Clearance,196,0.52,Substantial Possession (>70%),Moderate,83,0.724,2027-01-28,,116,1,28.928322,76.678409
PRJ-1171,PCL-11907,Aviation Logistics Runway Package 2,Airport Infrastructure,Maharashtra,Nashik,53.01,213,Medium,0.37,1,Pending Disbursal,123,Award Declared (Sec 23),Under Scrutiny,137,0.51,Contested / Encroached,Low / Resistant,177,0.119,2025-11-07,2026-12-28,416,1,18.480095,74.597052
PRJ-1007,PCL-11908,Ahmedabad Lift Irrigation Main Canal Reach 3,Irrigation / Water Canal,Gujarat,Ahmedabad,21.0,34,Low,0.68,0,Pending Disbursal,360,Award Declared (Sec 23),Approved,113,0.62,Partial Possession (30-70%),Moderate,146,0.328,2023-11-24,2024-03-13,110,1,23.598526,71.840191
PRJ-1125,PCL-11909,Bharatmala Economic Highway Ring 1,Highway / Expressway,Uttar Pradesh,Prayagraj,10.48,10,Low,0.8,0,Partially Disbursed,152,Preliminary Notification (Sec 11),Resubmission Required,125,0.5,Full Possession,High / Cooperative,206,0.418,2026-01-26,2026-02-01,6,0,27.885818,83.249267
PRJ-1086,PCL-11910,Suburban Commuter Rapid Transit Line 1,Urban Metro / Transit,Haryana,Hisar,45.57,158,High,0.59,1,Fully Disbursed,0,Declaration Published (Sec 19),Approved,15,0.42,Initial Stage (<30%),Low / Resistant,222,0.287,2024-10-11,2025-06-29,261,1,29.085063,77.284274
PRJ-1029,PCL-11911,Jodhpur Cargo Terminal Expansion 1,Airport Infrastructure,Rajasthan,Jodhpur,133.99,330,Very High,0.86,1,Pending Disbursal,340,Declaration Published (Sec 19),Conditional Clearance,132,0.5,Contested / Encroached,Low / Resistant,283,0.307,2025-10-10,2026-11-23,409,1,25.952225,76.020319
PRJ-1027,PCL-11912,Jodhpur Multi-Modal Logistics Park 3,Industrial Corridor / SEZ,Rajasthan,Jodhpur,41.49,60,Low,0.83,0,Partially Disbursed,45,Possession Taken (Sec 38),Approved,15,0.61,Substantial Possession (>70%),Moderate,143,0.596,2024-08-31,2024-09-18,18,0,27.193354,72.726427
PRJ-1116,PCL-11913,Coimbatore Lift Irrigation Main Canal Reach 4,Irrigation / Water Canal,Tamil Nadu,Coimbatore,33.2,38,Medium,0.86,0,Pending Disbursal,183,Award Declared (Sec 23),Approved,41,0.71,Substantial Possession (>70%),Moderate,62,0.47,2024-07-16,2024-07-16,0,0,11.664708,77.997909
PRJ-1172,PCL-11914,Jaipur Cargo Terminal Expansion 1,Airport Infrastructure,Rajasthan,Jaipur,42.42,155,High,0.74,1,Disputed in Escrow,299,Award Declared (Sec 23),Approved,15,0.55,Initial Stage (<30%),Hostile / Legal Injunction,157,0.49,2025-01-01,,474,1,26.059364,72.513908
PRJ-1093,PCL-11915,Tamil Nadu Dedicated High-Speed Rail Segment 2,Railway & Freight Corridor,Tamil Nadu,Kanchipuram,6.65,10,Low,0.78,0,Fully Disbursed,0,Notification Pending,Under Scrutiny,193,0.72,Full Possession,High / Cooperative,225,0.206,2023-04-23,2023-06-28,66,0,12.901585,78.361612
PRJ-1081,PCL-11916,Industrial Rail Siding Network 4,Railway & Freight Corridor,Karnataka,Bengaluru Rural,30.55,22,High,0.9,1,Disputed in Escrow,347,Preliminary Notification (Sec 11),Conditional Clearance,212,0.82,Initial Stage (<30%),Moderate,191,0.369,2025-10-07,2026-08-28,325,1,12.819327,75.286485
PRJ-1167,PCL-11917,Aviation Logistics Runway Package 4,Airport Infrastructure,Gujarat,Surat,22.53,76,Very High,0.57,0,Fully Disbursed,0,Declaration Published (Sec 19),Approved,100,0.46,Substantial Possession (>70%),Moderate,256,0.127,2027-09-08,2028-03-01,175,1,22.599532,71.244088
PRJ-1175,PCL-11918,Wind-Solar Hybrid Energy Grid 5,Renewable / Solar Park,Odisha,Angul,18.01,35,Low,0.54,0,Fully Disbursed,0,Declaration Published (Sec 19),Under Scrutiny,129,0.67,Partial Possession (30-70%),Moderate,204,0.508,2025-12-29,2026-02-09,42,0,20.572503,84.242257
PRJ-1039,PCL-11919,Madhya Pradesh Clean Energy Hub Sector 5,Renewable / Solar Park,Madhya Pradesh,Indore,59.14,96,Medium,0.71,0,Fully Disbursed,0,Declaration Published (Sec 19),Conditional Clearance,143,0.48,Full Possession,Low / Resistant,145,0.246,2026-01-30,2026-03-11,40,0,24.630083,80.454675
PRJ-1036,PCL-11920,Bharatmala Economic Highway Ring 2,Highway / Expressway,Haryana,Gurugram,54.96,47,Medium,0.71,1,Pending Disbursal,152,Possession Taken (Sec 38),Approved,77,0.61,Partial Possession (30-70%),Low / Resistant,291,0.473,2024-05-20,2025-05-08,353,1,29.529529,77.211524
PRJ-1068,PCL-11921,Maharashtra Inter-River Linking Canal Sector 2,Irrigation / Water Canal,Maharashtra,Pune,15.34,8,High,0.9,1,Disputed in Escrow,218,Notification Pending,Under Scrutiny,88,0.24,Contested / Encroached,High / Cooperative,243,0.291,2024-02-01,2024-11-05,278,1,20.893919,75.671309
PRJ-1122,PCL-11922,Gujarat Integrated Industrial Township 3,Industrial Corridor / SEZ,Gujarat,Surat,119.11,207,High,0.84,1,Pending Disbursal,118,Award Declared (Sec 23),Under Scrutiny,77,0.48,Initial Stage (<30%),Hostile / Legal Injunction,168,0.631,2024-12-31,2026-04-02,457,1,21.966234,69.090736
PRJ-1216,PCL-11923,Western Freight Corridor Spur Line 2,Railway & Freight Corridor,Gujarat,Kutch,25.1,17,Low,0.6,0,Fully Disbursed,0,Notification Pending,Approved,83,0.48,Partial Possession (30-70%),High / Cooperative,140,0.571,2025-11-26,,91,1,22.777375,71.076548
PRJ-1146,PCL-11924,Dharwad Multi-Modal Logistics Park 4,Industrial Corridor / SEZ,Karnataka,Dharwad,20.14,14,Low,0.6,0,Pending Disbursal,358,Notification Pending,Under Scrutiny,202,0.63,Initial Stage (<30%),High / Cooperative,248,0.342,2025-10-19,2026-04-20,183,1,16.299923,75.886313
PRJ-1201,PCL-11925,Odisha Integrated Industrial Township 2,Industrial Corridor / SEZ,Odisha,Khurda,5.95,13,Medium,0.79,0,Partially Disbursed,120,Preliminary Notification (Sec 11),Under Scrutiny,100,0.61,Partial Possession (30-70%),High / Cooperative,49,0.286,2024-08-23,2024-09-09,17,0,21.256753,85.091859
PRJ-1024,PCL-11926,Industrial Rail Siding Network 5,Railway & Freight Corridor,Karnataka,Kalaburagi,26.96,48,Medium,0.94,0,Partially Disbursed,71,Possession Taken (Sec 38),Under Scrutiny,73,0.8,Substantial Possession (>70%),Hostile / Legal Injunction,271,0.137,2026-08-23,2027-03-11,200,1,17.415755,76.558674
PRJ-1250,PCL-11927,Andhra Pradesh Integrated Industrial Township 5,Industrial Corridor / SEZ,Andhra Pradesh,Guntur,27.83,55,Medium,0.53,0,Fully Disbursed,0,Declaration Published (Sec 19),Under Scrutiny,204,0.72,Substantial Possession (>70%),Moderate,248,0.355,2026-08-26,2027-04-26,243,1,14.739009,78.05871
PRJ-1239,PCL-11928,Industrial Rail Siding Network 3,Railway & Freight Corridor,Uttar Pradesh,Agra,168.52,273,Low,0.71,1,Pending Disbursal,317,Notification Pending,Conditional Clearance,127,0.9,Initial Stage (<30%),Moderate,229,0.665,2026-09-19,2026-11-17,59,0,26.803601,81.976619
PRJ-1131,PCL-11929,Bharuch Cargo Terminal Expansion 3,Airport Infrastructure,Gujarat,Bharuch,39.28,122,Medium,0.59,1,Pending Disbursal,108,Possession Taken (Sec 38),Approved,61,0.74,Initial Stage (<30%),Low / Resistant,338,0.508,2022-04-09,2023-03-09,334,1,22.05537,70.299845
PRJ-1191,PCL-11930,Haryana Green Express Corridor Phase 4,Highway / Expressway,Haryana,Karnal,10.42,15,High,0.84,1,Pending Disbursal,269,Notification Pending,Conditional Clearance,209,0.69,Contested / Encroached,High / Cooperative,171,0.477,2024-06-27,2025-04-14,291,1,28.214107,76.616255
PRJ-1156,PCL-11931,Gurugram Lift Irrigation Main Canal Reach 3,Irrigation / Water Canal,Haryana,Gurugram,7.66,30,High,0.64,1,Disputed in Escrow,188,Preliminary Notification (Sec 11),Approved,56,0.67,Initial Stage (<30%),Low / Resistant,175,0.357,2026-11-15,2028-02-27,469,1,28.647465,76.975939
PRJ-1110,PCL-11932,Wind-Solar Hybrid Energy Grid 5,Renewable / Solar Park,Rajasthan,Udaipur,21.35,38,High,0.8,1,Pending Disbursal,336,Preliminary Notification (Sec 11),Under Scrutiny,186,0.55,Substantial Possession (>70%),High / Cooperative,296,0.179,2026-01-07,2026-09-28,264,1,25.106996,73.82138
PRJ-1247,PCL-11933,Jodhpur Cargo Terminal Expansion 3,Airport Infrastructure,Rajasthan,Jodhpur,36.12,57,Low,0.79,0,Pending Disbursal,238,Award Declared (Sec 23),Approved,15,0.67,Initial Stage (<30%),High / Cooperative,193,0.323,2023-10-01,2023-10-13,12,0,27.01251,71.12443
PRJ-1152,PCL-11934,Urban Flyover & Transit Hub 5,Urban Metro / Transit,Madhya Pradesh,Ujjain,19.51,80,Medium,0.7,0,Partially Disbursed,83,Notification Pending,Conditional Clearance,136,0.61,Substantial Possession (>70%),Moderate,262,0.29,2024-10-11,2025-08-21,314,1,24.645358,75.250645
PRJ-1245,PCL-11935,Haryana Dedicated High-Speed Rail Segment 5,Railway & Freight Corridor,Haryana,Faridabad,138.03,169,Low,0.9,0,Fully Disbursed,0,Declaration Published (Sec 19),Conditional Clearance,196,0.42,Full Possession,Moderate,304,0.283,2024-03-02,2024-08-02,153,1,28.374251,76.267262
PRJ-1041,PCL-11936,Andhra Pradesh Inter-River Linking Canal Sector 2,Irrigation / Water Canal,Andhra Pradesh,Krishna,23.43,32,Medium,0.52,1,Disputed in Escrow,545,Award Declared (Sec 23),Approved,38,0.71,Contested / Encroached,High / Cooperative,140,0.515,2025-12-24,2026-09-15,265,1,15.330619,79.58307
PRJ-1161,PCL-11937,Andhra Pradesh Integrated Industrial Township 1,Industrial Corridor / SEZ,Andhra Pradesh,Visakhapatnam,7.39,22,Medium,0.57,0,Fully Disbursed,0,Notification Pending,Conditional Clearance,106,0.48,Full Possession,High / Cooperative,107,0.601,2023-06-19,2023-11-29,163,1,18.407626,80.07523
PRJ-1232,PCL-11938,Maharashtra Inter-River Linking Canal Sector 4,Irrigation / Water Canal,Maharashtra,Nagpur,15.58,10,Low,0.77,0,Pending Disbursal,236,Preliminary Notification (Sec 11),Approved,15,0.19,Contested / Encroached,High / Cooperative,242,0.457,2026-08-29,2027-04-23,237,1,20.306168,77.093753
PRJ-1053,PCL-11939,Haryana Clean Energy Hub Sector 5,Renewable / Solar Park,Haryana,Hisar,16.41,22,Medium,0.6,0,Pending Disbursal,174,Notification Pending,Pending Environmental Clearance,215,0.8,Full Possession,High / Cooperative,444,0.252,2025-07-20,2025-12-17,150,1,28.492685,75.699744
PRJ-1023,PCL-11940,Maharashtra Green Express Corridor Phase 3,Highway / Expressway,Maharashtra,Nagpur,114.66,192,Medium,0.63,0,Fully Disbursed,0,Award Declared (Sec 23),Under Scrutiny,181,0.54,Substantial Possession (>70%),High / Cooperative,94,0.332,2024-09-30,2024-10-03,3,0,20.10795,78.176644
PRJ-1196,PCL-11941,Aviation Logistics Runway Package 2,Airport Infrastructure,Madhya Pradesh,Gwalior,52.98,129,Medium,0.5,0,Pending Disbursal,234,Award Declared (Sec 23),Approved,59,0.52,Full Possession,Moderate,231,0.186,2026-03-24,2026-11-26,247,1,25.568492,77.714219
PRJ-1077,PCL-11942,Industrial Rail Siding Network 5,Railway & Freight Corridor,Uttar Pradesh,Kanpur,38.97,49,Medium,0.61,0,Partially Disbursed,106,Award Declared (Sec 23),Approved,15,0.77,Initial Stage (<30%),High / Cooperative,199,0.351,2027-04-12,2027-04-19,7,0,25.903611,80.988787
PRJ-1017,PCL-11943,Madurai Metro Rail Extension Corridor 2,Urban Metro / Transit,Tamil Nadu,Madurai,17.22,35,Medium,0.67,0,Fully Disbursed,0,Declaration Published (Sec 19),Under Scrutiny,166,0.46,Substantial Possession (>70%),High / Cooperative,373,0.296,2025-03-21,,16,0,11.91453,78.228803
PRJ-1233,PCL-11944,Suburban Commuter Rapid Transit Line 2,Urban Metro / Transit,Uttar Pradesh,Noida,19.26,80,Medium,0.85,0,Pending Disbursal,154,Award Declared (Sec 23),Conditional Clearance,120,0.75,Substantial Possession (>70%),Moderate,268,0.102,2026-03-13,2026-03-28,15,0,28.21431,82.304963
PRJ-1156,PCL-11945,Gurugram Lift Irrigation Main Canal Reach 3,Irrigation / Water Canal,Haryana,Gurugram,156.18,216,Very High,0.67,0,Fully Disbursed,0,Preliminary Notification (Sec 11),Approved,115,0.48,Full Possession,Moderate,208,0.617,2026-11-15,,333,1,29.793075,76.327493
PRJ-1054,PCL-11946,Haryana Inter-River Linking Canal Sector 4,Irrigation / Water Canal,Haryana,Hisar,16.34,16,Low,0.73,0,Partially Disbursed,143,Notification Pending,Under Scrutiny,146,0.41,Full Possession,Moderate,252,0.462,2027-04-14,2027-11-21,221,1,28.798921,77.352677
PRJ-1213,PCL-11947,Uttar Pradesh Green Express Corridor Phase 3,Highway / Expressway,Uttar Pradesh,Agra,19.57,30,High,0.7,1,Pending Disbursal,347,Possession Taken (Sec 38),Under Scrutiny,167,0.71,Substantial Possession (>70%),Hostile / Legal Injunction,223,0.584,2026-11-07,2028-01-26,445,1,25.054636,82.072137
PRJ-1182,PCL-11948,Western Freight Corridor Spur Line 4,Railway & Freight Corridor,Karnataka,Kalaburagi,5.3,2,Low,0.53,0,Partially Disbursed,150,Notification Pending,Approved,15,0.58,Full Possession,Moderate,266,0.691,2026-02-12,,59,0,16.288345,75.797122
PRJ-1110,PCL-11949,Wind-Solar Hybrid Energy Grid 5,Renewable / Solar Park,Rajasthan,Udaipur,18.15,2,Medium,0.53,0,Partially Disbursed,30,Notification Pending,Pending Environmental Clearance,76,0.51,Full Possession,Moderate,220,0.318,2026-01-07,,136,1,27.824546,76.580419
PRJ-1148,PCL-11950,NH-67 Four-Laning Bypass Section 1,Highway / Expressway,Gujarat,Ahmedabad,100.24,128,Low,0.49,0,Fully Disbursed,0,Possession Taken (Sec 38),Conditional Clearance,177,0.76,Substantial Possession (>70%),High / Cooperative,230,0.417,2025-04-24,,10,0,21.307989,72.63961
PRJ-1024,PCL-11951,Industrial Rail Siding Network 5,Railway & Freight Corridor,Karnataka,Kalaburagi,23.61,19,Low,0.59,1,Disputed in Escrow,488,Possession Taken (Sec 38),Under Scrutiny,130,0.23,Partial Possession (30-70%),Moderate,104,0.782,2026-08-23,,325,1,14.253646,77.511471
PRJ-1116,PCL-11952,Coimbatore Lift Irrigation Main Canal Reach 4,Irrigation / Water Canal,Tamil Nadu,Coimbatore,39.43,54,Low,0.84,0,Fully Disbursed,0,Notification Pending,Approved,15,0.41,Substantial Possession (>70%),High / Cooperative,163,0.597,2024-07-16,2024-09-07,53,0,10.89696,78.254342
PRJ-1140,PCL-11953,Maharashtra Inter-River Linking Canal Sector 5,Irrigation / Water Canal,Maharashtra,Nagpur,16.78,33,High,0.74,0,Fully Disbursed,0,Preliminary Notification (Sec 11),Pending Environmental Clearance,165,0.67,Substantial Possession (>70%),Moderate,214,0.256,2023-08-20,2024-05-30,284,1,19.52542,76.357293
PRJ-1037,PCL-11954,Belagavi Ultra Mega Solar Park Unit 4,Renewable / Solar Park,Karnataka,Belagavi,58.46,95,Low,0.49,0,Fully Disbursed,0,Declaration Published (Sec 19),Conditional Clearance,155,0.58,Partial Possession (30-70%),High / Cooperative,167,0.625,2026-08-25,2026-10-07,43,0,14.728127,77.588989
PRJ-1053,PCL-11955,Haryana Clean Energy Hub Sector 5,Renewable / Solar Park,Haryana,Hisar,27.53,24,Medium,0.87,0,Disputed in Escrow,322,Notification Pending,Approved,17,0.26,Contested / Encroached,Moderate,348,0.218,2025-07-20,2026-04-19,273,1,28.315555,77.231438
PRJ-1183,PCL-11956,Udaipur Cargo Terminal Expansion 5,Airport Infrastructure,Rajasthan,Udaipur,26.05,67,Low,0.36,0,Fully Disbursed,0,Notification Pending,Conditional Clearance,147,0.58,Contested / Encroached,Moderate,142,0.486,2025-10-17,2025-11-29,43,0,25.520425,74.542317
PRJ-1083,PCL-11957,Tamil Nadu Clean Energy Hub Sector 5,Renewable / Solar Park,Tamil Nadu,Madurai,21.43,24,Medium,0.67,0,Fully Disbursed,0,Preliminary Notification (Sec 11),Pending Environmental Clearance,110,0.76,Partial Possession (30-70%),Moderate,268,0.361,2026-02-06,2026-05-08,91,1,10.32796,80.105479
PRJ-1093,PCL-11958,Tamil Nadu Dedicated High-Speed Rail Segment 2,Railway & Freight Corridor,Tamil Nadu,Kanchipuram,7.3,2,Medium,0.8,0,Partially Disbursed,146,Declaration Published (Sec 19),Approved,69,0.77,Substantial Possession (>70%),Moderate,296,0.615,2023-04-23,2023-06-04,42,0,10.858071,78.303077
PRJ-1156,PCL-11959,Gurugram Lift Irrigation Main Canal Reach 3,Irrigation / Water Canal,Haryana,Gurugram,88.78,74,Medium,0.74,1,Disputed in Escrow,585,Notification Pending,Conditional Clearance,181,0.57,Contested / Encroached,Moderate,152,0.349,2026-11-15,2027-12-12,392,1,29.882037,76.869494
PRJ-1125,PCL-11960,Bharatmala Economic Highway Ring 1,Highway / Expressway,Uttar Pradesh,Prayagraj,11.61,9,High,0.69,1,Pending Disbursal,130,Declaration Published (Sec 19),Approved,81,0.85,Partial Possession (30-70%),Low / Resistant,280,0.356,2026-01-26,2027-02-07,377,1,27.891018,78.878543
PRJ-1200,PCL-11961,Kota Ultra Mega Solar Park Unit 4,Renewable / Solar Park,Rajasthan,Kota,76.83,41,Medium,0.68,0,Fully Disbursed,0,Award Declared (Sec 23),Under Scrutiny,143,0.57,Full Possession,Moderate,173,0.792,2024-12-01,,246,1,25.987401,71.246931
PRJ-1070,PCL-11962,Command Area Distribution Network 1,Irrigation / Water Canal,Rajasthan,Jaipur,27.18,53,Medium,0.8,0,Partially Disbursed,130,Award Declared (Sec 23),Approved,15,0.6,Partial Possession (30-70%),High / Cooperative,318,0.258,2025-08-31,2025-09-30,30,0,25.541605,73.369889
PRJ-1008,PCL-11963,Western Freight Corridor Spur Line 3,Railway & Freight Corridor,Rajasthan,Udaipur,55.73,102,Medium,0.91,1,Disputed in Escrow,486,Declaration Published (Sec 19),Approved,52,0.22,Substantial Possession (>70%),High / Cooperative,136,0.471,2026-10-15,2027-07-30,288,1,24.497147,72.796227
PRJ-1203,PCL-11964,Rajasthan Inter-River Linking Canal Sector 5,Irrigation / Water Canal,Rajasthan,Jaipur,93.51,169,High,0.83,0,Partially Disbursed,114,Preliminary Notification (Sec 11),Under Scrutiny,177,0.36,Full Possession,High / Cooperative,229,0.215,2025-01-22,,36,0,25.799144,75.459443
PRJ-1042,PCL-11965,Industrial Rail Siding Network 1,Railway & Freight Corridor,Gujarat,Bharuch,16.14,8,High,0.85,0,Fully Disbursed,0,Possession Taken (Sec 38),Approved,15,0.46,Substantial Possession (>70%),High / Cooperative,117,0.746,2023-08-16,2024-02-13,181,1,23.322938,72.553598
PRJ-1133,PCL-11966,Urban Flyover & Transit Hub 2,Urban Metro / Transit,Madhya Pradesh,Jabalpur,54.66,187,High,0.72,0,Pending Disbursal,90,Preliminary Notification (Sec 11),Under Scrutiny,82,0.48,Substantial Possession (>70%),High / Cooperative,293,0.393,2023-10-11,2024-04-13,185,1,25.516238,81.244834
PRJ-1099,PCL-11967,Bharatmala Economic Highway Ring 3,Highway / Expressway,Haryana,Hisar,90.9,191,Very High,0.54,0,Partially Disbursed,173,Possession Taken (Sec 38),Under Scrutiny,150,0.91,Full Possession,Low / Resistant,239,0.638,2023-08-29,2024-09-26,394,1,29.324054,76.125615
PRJ-1038,PCL-11968,Command Area Distribution Network 3,Irrigation / Water Canal,Madhya Pradesh,Bhopal,16.05,16,Medium,0.36,0,Pending Disbursal,215,Possession Taken (Sec 38),Pending Environmental Clearance,108,0.4,Contested / Encroached,Hostile / Legal Injunction,273,0.498,2023-08-21,2024-10-01,407,1,22.31999,79.307987
PRJ-1215,PCL-11969,Command Area Distribution Network 2,Irrigation / Water Canal,Uttar Pradesh,Agra,9.26,17,High,0.73,1,Partially Disbursed,135,Declaration Published (Sec 19),Conditional Clearance,137,0.42,Initial Stage (<30%),Low / Resistant,159,0.375,2025-11-23,2027-01-20,423,1,25.288705,78.797916
PRJ-1063,PCL-11970,Western Freight Corridor Spur Line 2,Railway & Freight Corridor,Uttar Pradesh,Varanasi,9.47,15,Very High,0.36,1,Partially Disbursed,97,Preliminary Notification (Sec 11),Under Scrutiny,162,0.62,Partial Possession (30-70%),Moderate,207,0.347,2023-06-17,2024-08-09,419,1,26.684354,78.390905
PRJ-1260,PCL-11971,Aviation Logistics Runway Package 4,Airport Infrastructure,Uttar Pradesh,Noida,38.11,126,Low,0.97,0,Fully Disbursed,0,Declaration Published (Sec 19),Approved,15,0.71,Partial Possession (30-70%),Moderate,208,0.287,2025-05-02,2025-05-12,10,0,25.693532,82.980529
PRJ-1117,PCL-11972,NH-57 Four-Laning Bypass Section 1,Highway / Expressway,Tamil Nadu,Kanchipuram,11.17,2,High,0.44,0,Pending Disbursal,322,Preliminary Notification (Sec 11),Approved,63,0.43,Contested / Encroached,High / Cooperative,203,0.193,2024-11-09,2025-07-13,246,1,11.789203,80.080284
PRJ-1165,PCL-11973,Kutch Lift Irrigation Main Canal Reach 5,Irrigation / Water Canal,Gujarat,Kutch,18.2,17,Low,0.68,0,Fully Disbursed,0,Notification Pending,Approved,51,0.95,Initial Stage (<30%),Moderate,249,0.186,2025-04-02,2025-05-10,38,0,23.502413,69.77783
PRJ-1220,PCL-11974,Aviation Logistics Runway Package 4,Airport Infrastructure,Tamil Nadu,Coimbatore,51.05,138,Low,0.85,1,Pending Disbursal,203,Declaration Published (Sec 19),Approved,38,0.63,Partial Possession (30-70%),Hostile / Legal Injunction,262,0.584,2024-03-01,2025-04-17,412,1,12.156929,79.311903
PRJ-1013,PCL-11975,Karnal Ultra Mega Solar Park Unit 2,Renewable / Solar Park,Haryana,Karnal,21.71,15,Low,0.81,0,Partially Disbursed,44,Possession Taken (Sec 38),Under Scrutiny,135,0.43,Full Possession,Moderate,123,0.628,2025-04-13,2025-09-26,166,1,28.819139,76.499396
PRJ-1027,PCL-11976,Jodhpur Multi-Modal Logistics Park 3,Industrial Corridor / SEZ,Rajasthan,Jodhpur,5.0,9,Low,0.81,0,Fully Disbursed,0,Declaration Published (Sec 19),Under Scrutiny,189,0.38,Full Possession,Moderate,316,0.264,2024-08-31,2025-02-05,158,1,24.805614,73.152352
PRJ-1204,PCL-11977,Gujarat Inter-River Linking Canal Sector 3,Irrigation / Water Canal,Gujarat,Bharuch,22.42,3,Low,0.62,0,Fully Disbursed,0,Notification Pending,Approved,15,0.65,Partial Possession (30-70%),High / Cooperative,127,0.407,2024-09-18,2024-10-23,35,0,22.196282,69.148944
PRJ-1251,PCL-11978,Rajasthan Dedicated High-Speed Rail Segment 3,Railway & Freight Corridor,Rajasthan,Udaipur,56.02,80,High,0.78,1,Pending Disbursal,340,Notification Pending,Approved,74,0.33,Partial Possession (30-70%),Low / Resistant,152,0.472,2026-05-18,2027-07-03,411,1,26.110991,72.391533
PRJ-1075,PCL-11979,Wind-Solar Hybrid Energy Grid 4,Renewable / Solar Park,Haryana,Gurugram,24.04,32,Low,0.81,0,Fully Disbursed,0,Possession Taken (Sec 38),Approved,15,0.55,Partial Possession (30-70%),High / Cooperative,287,0.44,2023-09-05,2023-10-02,27,0,28.661654,76.407734
PRJ-1182,PCL-11980,Western Freight Corridor Spur Line 4,Railway & Freight Corridor,Karnataka,Kalaburagi,40.88,85,Low,0.55,0,Fully Disbursed,0,Declaration Published (Sec 19),Approved,35,0.6,Full Possession,High / Cooperative,192,0.291,2026-02-12,,91,1,14.47543,76.639395
PRJ-1204,PCL-11981,Gujarat Inter-River Linking Canal Sector 3,Irrigation / Water Canal,Gujarat,Bharuch,29.89,56,Medium,0.39,1,Pending Disbursal,161,Notification Pending,Under Scrutiny,169,0.68,Contested / Encroached,Low / Resistant,359,0.651,2024-09-18,2025-10-30,407,1,23.823098,69.191123
PRJ-1088,PCL-11982,Prayagraj Cargo Terminal Expansion 1,Airport Infrastructure,Uttar Pradesh,Prayagraj,32.58,87,Medium,0.96,1,Pending Disbursal,207,Possession Taken (Sec 38),Resubmission Required,111,0.44,Contested / Encroached,Moderate,280,0.25,2025-11-09,2026-05-19,191,1,27.767861,78.262303
PRJ-1095,PCL-11983,Jaipur Lift Irrigation Main Canal Reach 3,Irrigation / Water Canal,Rajasthan,Jaipur,51.66,44,Medium,0.9,0,Partially Disbursed,94,Preliminary Notification (Sec 11),Approved,82,0.68,Partial Possession (30-70%),High / Cooperative,300,0.229,2025-01-11,2025-02-19,39,0,24.061745,71.839033
PRJ-1108,PCL-11984,Indore Multi-Modal Logistics Park 5,Industrial Corridor / SEZ,Madhya Pradesh,Indore,36.5,40,Medium,0.7,0,Partially Disbursed,34,Preliminary Notification (Sec 11),Resubmission Required,149,0.64,Initial Stage (<30%),High / Cooperative,247,0.115,2024-04-08,2024-07-08,91,1,24.818615,77.137982
PRJ-1059,PCL-11985,Bharatmala Economic Highway Ring 2,Highway / Expressway,Madhya Pradesh,Jabalpur,39.54,71,Medium,0.92,0,Fully Disbursed,0,Preliminary Notification (Sec 11),Approved,19,0.38,Substantial Possession (>70%),High / Cooperative,132,0.264,2026-07-14,,45,0,24.771151,79.457268
PRJ-1124,PCL-11986,Industrial Rail Siding Network 2,Railway & Freight Corridor,Haryana,Panipat,28.88,46,Low,0.4,1,Pending Disbursal,162,Award Declared (Sec 23),Approved,27,0.77,Initial Stage (<30%),Low / Resistant,126,0.365,2026-09-30,2027-08-25,329,1,28.823373,75.841727
PRJ-1223,PCL-11987,Guntur Multi-Modal Logistics Park 3,Industrial Corridor / SEZ,Andhra Pradesh,Guntur,24.16,33,Low,0.86,0,Partially Disbursed,86,Preliminary Notification (Sec 11),Approved,38,0.48,Initial Stage (<30%),Moderate,239,0.59,2023-09-28,2024-02-17,142,1,17.427088,78.743574
PRJ-1198,PCL-11988,Wind-Solar Hybrid Energy Grid 4,Renewable / Solar Park,Maharashtra,Thane,15.67,44,Low,0.7,1,Pending Disbursal,219,Preliminary Notification (Sec 11),Pending Environmental Clearance,170,0.77,Partial Possession (30-70%),High / Cooperative,219,0.633,2027-02-23,2027-11-17,267,1,20.47483,76.065971
PRJ-1238,PCL-11989,Western Freight Corridor Spur Line 2,Railway & Freight Corridor,Andhra Pradesh,Nellore,60.63,51,High,0.83,1,Pending Disbursal,138,Possession Taken (Sec 38),Approved,40,0.61,Substantial Possession (>70%),Moderate,183,0.448,2026-02-25,2027-02-22,362,1,14.06885,81.410294
PRJ-1088,PCL-11990,Prayagraj Cargo Terminal Expansion 1,Airport Infrastructure,Uttar Pradesh,Prayagraj,19.3,37,Low,0.93,0,Partially Disbursed,134,Notification Pending,Under Scrutiny,154,0.57,Partial Possession (30-70%),High / Cooperative,267,0.552,2025-11-09,2026-03-07,118,1,26.803463,81.216282
PRJ-1100,PCL-11991,Industrial Rail Siding Network 4,Railway & Freight Corridor,Rajasthan,Udaipur,26.78,49,Medium,0.63,0,Fully Disbursed,0,Notification Pending,Pending Environmental Clearance,151,0.46,Full Possession,Moderate,79,0.211,2023-10-04,2023-10-04,0,0,24.587544,75.985098
PRJ-1099,PCL-11992,Bharatmala Economic Highway Ring 3,Highway / Expressway,Haryana,Hisar,71.46,128,Low,0.42,1,Disputed in Escrow,615,Award Declared (Sec 23),Under Scrutiny,94,0.72,Partial Possession (30-70%),Hostile / Legal Injunction,287,0.111,2023-08-29,2025-02-10,531,1,30.411855,76.781051
PRJ-1102,PCL-11993,NH-60 Four-Laning Bypass Section 1,Highway / Expressway,Odisha,Cuttack,94.95,74,Low,0.88,0,Fully Disbursed,0,Notification Pending,Under Scrutiny,124,0.9,Partial Possession (30-70%),High / Cooperative,246,0.569,2025-07-21,2025-07-23,2,0,21.099117,84.176152
PRJ-1091,PCL-11994,Urban Flyover & Transit Hub 2,Urban Metro / Transit,Odisha,Cuttack,64.77,267,Medium,0.79,0,Fully Disbursed,0,Award Declared (Sec 23),Conditional Clearance,188,0.59,Substantial Possession (>70%),Moderate,278,0.799,2026-06-15,,33,0,20.594851,84.646832
PRJ-1242,PCL-11995,Gwalior Ultra Mega Solar Park Unit 5,Renewable / Solar Park,Madhya Pradesh,Gwalior,44.75,25,High,0.56,1,Partially Disbursed,86,Award Declared (Sec 23),Resubmission Required,79,0.91,Partial Possession (30-70%),Hostile / Legal Injunction,162,0.239,2026-07-15,2027-09-12,424,1,22.568025,78.528839
PRJ-1187,PCL-11996,Krishna Multi-Modal Logistics Park 3,Industrial Corridor / SEZ,Andhra Pradesh,Krishna,33.99,45,High,0.94,1,Pending Disbursal,135,Preliminary Notification (Sec 11),Under Scrutiny,123,0.35,Contested / Encroached,Low / Resistant,228,0.488,2024-03-30,2025-10-15,564,1,16.673532,78.937129
PRJ-1115,PCL-11997,Wind-Solar Hybrid Energy Grid 4,Renewable / Solar Park,Madhya Pradesh,Jabalpur,55.71,64,Medium,0.3,0,Fully Disbursed,0,Preliminary Notification (Sec 11),Approved,67,0.59,Substantial Possession (>70%),High / Cooperative,224,0.565,2023-05-31,2023-11-05,158,1,22.130614,77.004881
PRJ-1183,PCL-11998,Udaipur Cargo Terminal Expansion 5,Airport Infrastructure,Rajasthan,Udaipur,33.79,149,Low,0.56,0,Partially Disbursed,72,Declaration Published (Sec 19),Approved,73,0.26,Full Possession,Moderate,227,0.412,2025-10-17,2026-03-17,151,1,28.309111,74.415597
PRJ-1193,PCL-11999,Prayagraj Lift Irrigation Main Canal Reach 5,Irrigation / Water Canal,Uttar Pradesh,Prayagraj,37.4,44,Medium,0.52,1,Disputed in Escrow,505,Notification Pending,Pending Environmental Clearance,139,0.63,Initial Stage (<30%),Moderate,255,0.478,2024-02-19,2025-02-17,364,1,25.256679,82.993232
PRJ-1004,PCL-12000,Maharashtra Inter-River Linking Canal Sector 3,Irrigation / Water Canal,Maharashtra,Nagpur,6.83,5,High,0.72,1,Disputed in Escrow,472,Notification Pending,Conditional Clearance,145,0.62,Initial Stage (<30%),Low / Resistant,263,0.403,2024-04-03,2025-12-02,608,1,20.041891,78.942363
PRJ-1065,PCL-12001,Karnal Multi-Modal Logistics Park 3,Industrial Corridor / SEZ,Haryana,Karnal,15.01,28,Medium,0.58,0,Pending Disbursal,202,Declaration Published (Sec 19),Under Scrutiny,207,0.71,Initial Stage (<30%),Low / Resistant,240,0.511,2027-01-28,2028-02-04,372,1,29.169702,76.753462
PRJ-1181,PCL-12002,Command Area Distribution Network 2,Irrigation / Water Canal,Odisha,Angul,76.75,73,Medium,0.56,0,Partially Disbursed,161,Preliminary Notification (Sec 11),Under Scrutiny,96,0.53,Partial Possession (30-70%),Low / Resistant,164,0.519,2026-03-29,2026-12-28,274,1,21.844539,84.442941
PRJ-1240,PCL-12003,Suburban Commuter Rapid Transit Line 3,Urban Metro / Transit,Madhya Pradesh,Gwalior,38.56,140,High,0.7,1,Partially Disbursed,180,Award Declared (Sec 23),Under Scrutiny,160,0.47,Contested / Encroached,High / Cooperative,137,0.354,2026-01-18,2026-06-30,163,1,23.792073,76.603361
PRJ-1153,PCL-12004,Salem Ultra Mega Solar Park Unit 2,Renewable / Solar Park,Tamil Nadu,Salem,107.45,168,High,0.75,0,Fully Disbursed,0,Preliminary Notification (Sec 11),Under Scrutiny,205,0.48,Substantial Possession (>70%),Moderate,283,0.291,2026-11-14,2027-08-18,277,1,12.208235,78.019162
PRJ-1070,PCL-12005,Command Area Distribution Network 1,Irrigation / Water Canal,Rajasthan,Jaipur,64.49,80,Medium,0.68,0,Fully Disbursed,0,Notification Pending,Approved,124,0.37,Substantial Possession (>70%),High / Cooperative,200,0.755,2025-08-31,2025-10-10,40,0,25.746646,75.599991
PRJ-1128,PCL-12006,Gujarat Green Express Corridor Phase 2,Highway / Expressway,Gujarat,Rajkot,37.46,36,High,0.52,0,Partially Disbursed,175,Preliminary Notification (Sec 11),Under Scrutiny,95,0.88,Substantial Possession (>70%),Low / Resistant,358,0.329,2025-04-05,2025-11-20,229,1,22.038559,71.919941
PRJ-1187,PCL-12007,Krishna Multi-Modal Logistics Park 3,Industrial Corridor / SEZ,Andhra Pradesh,Krishna,22.82,27,Low,0.64,0,Partially Disbursed,171,Preliminary Notification (Sec 11),Approved,51,0.47,Substantial Possession (>70%),Moderate,224,0.151,2024-03-30,2024-04-03,4,0,16.277639,79.589706
PRJ-1112,PCL-12008,Command Area Distribution Network 2,Irrigation / Water Canal,Odisha,Jajpur,93.03,101,Very High,0.74,0,Partially Disbursed,55,Possession Taken (Sec 38),Under Scrutiny,165,0.19,Substantial Possession (>70%),Moderate,200,0.317,2023-11-11,2024-05-26,197,1,22.126555,85.878414
PRJ-1099,PCL-12009,Bharatmala Economic Highway Ring 3,Highway / Expressway,Haryana,Hisar,10.95,25,Medium,0.65,0,Fully Disbursed,0,Declaration Published (Sec 19),Approved,43,0.8,Partial Possession (30-70%),Moderate,313,0.746,2023-08-29,2024-06-07,283,1,28.809127,75.598527
PRJ-1007,PCL-12010,Ahmedabad Lift Irrigation Main Canal Reach 3,Irrigation / Water Canal,Gujarat,Ahmedabad,98.38,146,Medium,0.95,0,Partially Disbursed,41,Declaration Published (Sec 19),Approved,49,0.59,Partial Possession (30-70%),High / Cooperative,58,0.496,2023-11-24,2023-12-10,16,0,21.735259,69.881998
PRJ-1202,PCL-12011,Andhra Pradesh Clean Energy Hub Sector 5,Renewable / Solar Park,Andhra Pradesh,Guntur,155.54,141,Medium,0.64,0,Fully Disbursed,0,Possession Taken (Sec 38),Approved,15,0.52,Substantial Possession (>70%),Moderate,30,0.243,2024-12-08,,91,1,15.436268,78.827248
PRJ-1066,PCL-12012,Faridabad Multi-Modal Logistics Park 3,Industrial Corridor / SEZ,Haryana,Faridabad,44.07,40,Medium,0.77,0,Partially Disbursed,121,Award Declared (Sec 23),Approved,93,0.44,Partial Possession (30-70%),Moderate,173,0.513,2025-12-22,,25,0,28.639601,76.465936
PRJ-1077,PCL-12013,Industrial Rail Siding Network 5,Railway & Freight Corridor,Uttar Pradesh,Kanpur,89.32,124,Low,0.75,0,Pending Disbursal,274,Notification Pending,Approved,15,0.52,Initial Stage (<30%),High / Cooperative,335,0.559,2027-04-12,2027-05-15,33,0,25.174943,80.269796
PRJ-1056,PCL-12014,Coimbatore Greenfield International Airport Phase 2,Airport Infrastructure,Tamil Nadu,Coimbatore,47.06,156,Low,0.62,0,Partially Disbursed,33,Possession Taken (Sec 38),Approved,37,0.71,Substantial Possession (>70%),Moderate,389,0.831,2024-01-01,2024-05-21,141,1,11.423442,77.822773
PRJ-1079,PCL-12015,Haryana Inter-River Linking Canal Sector 3,Irrigation / Water Canal,Haryana,Hisar,7.95,20,Medium,0.43,1,Pending Disbursal,241,Award Declared (Sec 23),Approved,108,0.49,Initial Stage (<30%),Low / Resistant,191,0.08,2026-10-18,,367,1,28.455264,75.833912
PRJ-1132,PCL-12016,Tamil Nadu Green Express Corridor Phase 2,Highway / Expressway,Tamil Nadu,Tiruchirappalli,68.28,138,Medium,0.27,0,Fully Disbursed,0,Award Declared (Sec 23),Approved,37,0.75,Substantial Possession (>70%),High / Cooperative,81,0.314,2024-07-28,2024-08-19,22,0,10.811326,78.05391
PRJ-1160,PCL-12017,Rajasthan Dedicated High-Speed Rail Segment 4,Railway & Freight Corridor,Rajasthan,Kota,103.5,165,High,0.49,1,Disputed in Escrow,211,Award Declared (Sec 23),Under Scrutiny,145,0.59,Partial Possession (30-70%),Hostile / Legal Injunction,149,0.22,2025-08-02,,503,1,28.110901,72.326686
PRJ-1126,PCL-12018,Uttar Pradesh Clean Energy Hub Sector 4,Renewable / Solar Park,Uttar Pradesh,Lucknow,29.41,43,High,0.75,0,Pending Disbursal,98,Declaration Published (Sec 19),Pending Environmental Clearance,171,0.53,Full Possession,High / Cooperative,159,0.295,2024-09-28,2025-06-11,256,1,26.411045,80.08596
PRJ-1228,PCL-12019,Udaipur Metro Rail Extension Corridor 1,Urban Metro / Transit,Rajasthan,Udaipur,12.06,24,Low,0.67,1,Pending Disbursal,326,Preliminary Notification (Sec 11),Pending Environmental Clearance,95,0.81,Substantial Possession (>70%),Moderate,339,0.513,2024-06-01,2025-07-13,407,1,25.697909,73.039236
PRJ-1056,PCL-12020,Coimbatore Greenfield International Airport Phase 2,Airport Infrastructure,Tamil Nadu,Coimbatore,34.01,107,Low,0.79,1,Pending Disbursal,333,Declaration Published (Sec 19),Pending Environmental Clearance,168,0.87,Partial Possession (30-70%),High / Cooperative,184,0.64,2024-01-01,2024-08-11,223,1,10.136988,77.223032
PRJ-1100,PCL-12021,Industrial Rail Siding Network 4,Railway & Freight Corridor,Rajasthan,Udaipur,86.21,147,Medium,0.68,0,Partially Disbursed,70,Notification Pending,Pending Environmental Clearance,136,0.39,Partial Possession (30-70%),Moderate,401,0.154,2023-10-04,2024-05-10,219,1,27.067815,75.503964
PRJ-1058,PCL-12022,Prayagraj Lift Irrigation Main Canal Reach 1,Irrigation / Water Canal,Uttar Pradesh,Prayagraj,19.43,18,Low,0.81,0,Pending Disbursal,154,Declaration Published (Sec 19),Under Scrutiny,121,0.44,Partial Possession (30-70%),High / Cooperative,137,0.08,2025-03-07,2025-03-19,12,0,25.058311,79.870745
PRJ-1233,PCL-12023,Suburban Commuter Rapid Transit Line 2,Urban Metro / Transit,Uttar Pradesh,Noida,112.67,368,Medium,0.25,1,Pending Disbursal,175,Notification Pending,Pending Environmental Clearance,105,0.47,Substantial Possession (>70%),Low / Resistant,172,0.669,2026-03-13,,433,1,27.699973,79.754005
PRJ-1014,PCL-12024,Surat Lift Irrigation Main Canal Reach 4,Irrigation / Water Canal,Gujarat,Surat,109.9,114,Very High,0.67,0,Fully Disbursed,0,Possession Taken (Sec 38),Approved,74,0.78,Substantial Possession (>70%),Low / Resistant,193,0.721,2024-03-14,2024-10-27,227,1,23.833959,73.365743
PRJ-1139,PCL-12025,NH-95 Four-Laning Bypass Section 2,Highway / Expressway,Maharashtra,Nagpur,29.68,28,High,0.67,1,Disputed in Escrow,315,Possession Taken (Sec 38),Approved,82,0.81,Initial Stage (<30%),Hostile / Legal Injunction,239,0.294,2024-10-03,2026-02-06,491,1,19.474102,73.134102
PRJ-1091,PCL-12026,Urban Flyover & Transit Hub 2,Urban Metro / Transit,Odisha,Cuttack,16.1,46,Medium,0.59,0,Partially Disbursed,33,Possession Taken (Sec 38),Approved,15,0.48,Partial Possession (30-70%),High / Cooperative,205,0.587,2026-06-15,2026-06-29,14,0,20.490647,84.637301
PRJ-1246,PCL-12027,Bharatmala Economic Highway Ring 2,Highway / Expressway,Andhra Pradesh,Nellore,45.07,32,Medium,0.83,0,Partially Disbursed,146,Declaration Published (Sec 19),Under Scrutiny,129,0.52,Full Possession,High / Cooperative,44,0.228,2024-11-19,2025-01-31,73,0,16.109652,81.849637
PRJ-1070,PCL-12028,Command Area Distribution Network 1,Irrigation / Water Canal,Rajasthan,Jaipur,21.38,19,Medium,0.87,0,Fully Disbursed,0,Preliminary Notification (Sec 11),Approved,15,0.61,Full Possession,High / Cooperative,170,0.574,2025-08-31,2025-12-05,96,1,26.305658,76.884533
PRJ-1218,PCL-12029,Bharatmala Economic Highway Ring 2,Highway / Expressway,Haryana,Hisar,57.68,95,Medium,0.63,0,Partially Disbursed,132,Possession Taken (Sec 38),Approved,15,0.69,Substantial Possession (>70%),High / Cooperative,238,0.295,2024-12-20,2025-02-03,45,0,28.129861,76.285666
PRJ-1033,PCL-12030,Bharatmala Economic Highway Ring 2,Highway / Expressway,Karnataka,Dharwad,65.63,57,Low,0.75,0,Fully Disbursed,0,Notification Pending,Under Scrutiny,134,0.91,Full Possession,High / Cooperative,218,0.254,2023-12-06,2023-12-06,0,0,13.257292,76.414427
PRJ-1139,PCL-12031,NH-95 Four-Laning Bypass Section 2,Highway / Expressway,Maharashtra,Nagpur,65.43,48,Medium,0.85,0,Partially Disbursed,172,Preliminary Notification (Sec 11),Under Scrutiny,197,0.29,Full Possession,High / Cooperative,68,0.184,2024-10-03,2024-11-06,34,0,18.291297,75.603021
PRJ-1205,PCL-12032,Rajasthan Dedicated High-Speed Rail Segment 2,Railway & Freight Corridor,Rajasthan,Jaipur,50.65,56,Low,0.45,0,Pending Disbursal,331,Award Declared (Sec 23),Approved,61,0.79,Partial Possession (30-70%),High / Cooperative,231,0.583,2024-08-20,2025-04-19,242,1,26.187955,76.350631
PRJ-1191,PCL-12033,Haryana Green Express Corridor Phase 4,Highway / Expressway,Haryana,Karnal,82.33,102,Low,0.89,0,Partially Disbursed,113,Preliminary Notification (Sec 11),Approved,23,0.62,Initial Stage (<30%),Low / Resistant,226,0.419,2024-06-27,2025-01-14,201,1,29.806823,76.684495
PRJ-1001,PCL-12034,Gujarat Inter-River Linking Canal Sector 2,Irrigation / Water Canal,Gujarat,Ahmedabad,50.34,83,Medium,0.59,1,Partially Disbursed,125,Preliminary Notification (Sec 11),Approved,15,0.76,Initial Stage (<30%),Moderate,278,0.264,2025-10-26,,258,1,21.198601,71.11352
PRJ-1118,PCL-12035,Karnataka Integrated Industrial Township 2,Industrial Corridor / SEZ,Karnataka,Kalaburagi,11.72,2,Low,0.5,0,Pending Disbursal,276,Notification Pending,Conditional Clearance,105,0.57,Initial Stage (<30%),Moderate,415,0.261,2024-03-17,2024-12-10,268,1,15.996315,76.526876
PRJ-1171,PCL-12036,Aviation Logistics Runway Package 2,Airport Infrastructure,Maharashtra,Nashik,60.36,149,Medium,0.58,0,Fully Disbursed,0,Declaration Published (Sec 19),Approved,42,0.86,Substantial Possession (>70%),Moderate,33,0.333,2025-11-07,2025-12-23,46,0,19.906011,78.606199
PRJ-1133,PCL-12037,Urban Flyover & Transit Hub 2,Urban Metro / Transit,Madhya Pradesh,Jabalpur,29.55,61,Medium,0.52,0,Fully Disbursed,0,Award Declared (Sec 23),Approved,16,0.72,Partial Possession (30-70%),High / Cooperative,149,0.665,2023-10-11,2023-11-05,25,0,24.993376,76.110886
PRJ-1188,PCL-12038,Andhra Pradesh Dedicated High-Speed Rail Segment 3,Railway & Freight Corridor,Andhra Pradesh,Krishna,10.27,3,Medium,0.65,0,Fully Disbursed,0,Possession Taken (Sec 38),Conditional Clearance,228,0.44,Partial Possession (30-70%),Moderate,170,0.356,2025-03-19,2025-06-26,99,1,14.458829,82.450549
PRJ-1230,PCL-12039,Suburban Commuter Rapid Transit Line 5,Urban Metro / Transit,Gujarat,Rajkot,22.94,66,Medium,0.74,0,Fully Disbursed,0,Possession Taken (Sec 38),Conditional Clearance,150,0.59,Partial Possession (30-70%),Low / Resistant,93,0.534,2023-04-11,2023-11-05,208,1,22.150029,69.556934
PRJ-1024,PCL-12040,Industrial Rail Siding Network 5,Railway & Freight Corridor,Karnataka,Kalaburagi,11.78,10,Medium,0.66,0,Partially Disbursed,38,Notification Pending,Approved,67,0.48,Initial Stage (<30%),Moderate,56,0.793,2026-08-23,2027-02-27,188,1,16.469699,76.217088
PRJ-1088,PCL-12041,Prayagraj Cargo Terminal Expansion 1,Airport Infrastructure,Uttar Pradesh,Prayagraj,17.32,34,Low,0.65,0,Partially Disbursed,141,Declaration Published (Sec 19),Approved,15,0.28,Substantial Possession (>70%),High / Cooperative,295,0.181,2025-11-09,,150,1,26.013021,78.293717
PRJ-1226,PCL-12042,DMIC Special Investment Region Node 3,Industrial Corridor / SEZ,Rajasthan,Alwar,9.36,11,Low,0.84,0,Partially Disbursed,48,Notification Pending,Approved,15,0.52,Partial Possession (30-70%),Low / Resistant,141,0.443,2023-07-15,2023-08-07,23,0,27.291205,71.694754
PRJ-1165,PCL-12043,Kutch Lift Irrigation Main Canal Reach 5,Irrigation / Water Canal,Gujarat,Kutch,76.35,67,Medium,0.49,0,Partially Disbursed,43,Possession Taken (Sec 38),Conditional Clearance,189,0.55,Full Possession,Moderate,267,0.493,2025-04-02,2025-12-28,270,1,22.779717,72.651428
PRJ-1005,PCL-12044,Ahmedabad Multi-Modal Logistics Park 3,Industrial Corridor / SEZ,Gujarat,Ahmedabad,44.09,27,Medium,0.84,0,Partially Disbursed,156,Declaration Published (Sec 19),Approved,15,0.61,Initial Stage (<30%),High / Cooperative,169,0.228,2025-05-08,2025-05-08,0,0,23.594995,69.225486
PRJ-1248,PCL-12045,Command Area Distribution Network 1,Irrigation / Water Canal,Karnataka,Kalaburagi,23.89,35,Medium,0.61,0,Pending Disbursal,330,Award Declared (Sec 23),Under Scrutiny,129,0.45,Initial Stage (<30%),Low / Resistant,152,0.644,2026-04-12,2027-05-02,385,1,17.064804,76.303795
PRJ-1151,PCL-12046,Wind-Solar Hybrid Energy Grid 3,Renewable / Solar Park,Karnataka,Bengaluru Rural,54.03,52,Low,0.51,0,Partially Disbursed,76,Preliminary Notification (Sec 11),Approved,85,0.72,Full Possession,Moderate,419,0.58,2025-12-20,2026-09-09,263,1,13.405074,75.343301
PRJ-1025,PCL-12047,Odisha Green Express Corridor Phase 4,Highway / Expressway,Odisha,Sundargarh,74.27,54,High,0.3,1,Disputed in Escrow,399,Notification Pending,Pending Environmental Clearance,149,0.56,Initial Stage (<30%),Moderate,235,0.422,2025-09-08,2027-01-10,489,1,21.652548,84.97917
PRJ-1237,PCL-12048,Aviation Logistics Runway Package 2,Airport Infrastructure,Odisha,Sundargarh,5.41,7,Medium,0.8,0,Pending Disbursal,210,Award Declared (Sec 23),Approved,70,0.54,Contested / Encroached,Low / Resistant,278,0.105,2023-06-26,2023-07-28,32,0,21.995842,84.942736
PRJ-1070,PCL-12049,Command Area Distribution Network 1,Irrigation / Water Canal,Rajasthan,Jaipur,26.3,31,Low,0.5,0,Partially Disbursed,141,Declaration Published (Sec 19),Under Scrutiny,119,0.56,Full Possession,Hostile / Legal Injunction,116,0.398,2025-08-31,2025-09-17,17,0,27.226992,74.479343
PRJ-1107,PCL-12050,Urban Flyover & Transit Hub 3,Urban Metro / Transit,Rajasthan,Udaipur,39.21,112,Low,0.8,0,Pending Disbursal,236,Award Declared (Sec 23),Under Scrutiny,172,0.79,Partial Possession (30-70%),High / Cooperative,251,0.613,2026-11-18,2026-12-11,23,0,25.155139,76.335294
PRJ-1209,PCL-12051,Haryana Inter-River Linking Canal Sector 2,Irrigation / Water Canal,Haryana,Panipat,78.0,146,Medium,0.54,0,Fully Disbursed,0,Declaration Published (Sec 19),Pending Environmental Clearance,86,0.48,Full Possession,Moderate,333,0.454,2023-08-10,2023-09-02,23,0,28.335188,77.235465
PRJ-1239,PCL-12052,Industrial Rail Siding Network 3,Railway & Freight Corridor,Uttar Pradesh,Agra,107.85,152,High,0.59,0,Fully Disbursed,0,Preliminary Notification (Sec 11),Approved,39,0.82,Full Possession,Hostile / Legal Injunction,271,0.53,2026-09-19,2027-10-13,389,1,25.145958,80.311982
PRJ-1128,PCL-12053,Gujarat Green Express Corridor Phase 2,Highway / Expressway,Gujarat,Rajkot,41.07,82,Low,0.94,0,Partially Disbursed,155,Preliminary Notification (Sec 11),Under Scrutiny,165,0.77,Substantial Possession (>70%),Low / Resistant,146,0.414,2025-04-05,2025-08-14,131,1,21.203287,72.732785
PRJ-1181,PCL-12054,Command Area Distribution Network 2,Irrigation / Water Canal,Odisha,Angul,83.16,144,Low,0.76,0,Partially Disbursed,155,Notification Pending,Conditional Clearance,131,0.62,Substantial Possession (>70%),Moderate,230,0.359,2026-03-29,2026-11-05,221,1,20.637762,86.376259
PRJ-1025,PCL-12055,Odisha Green Express Corridor Phase 4,Highway / Expressway,Odisha,Sundargarh,10.81,9,High,0.3,0,Fully Disbursed,0,Possession Taken (Sec 38),Approved,28,0.27,Substantial Possession (>70%),Moderate,321,0.192,2025-09-08,2026-04-07,211,1,21.906044,85.17373
PRJ-1041,PCL-12056,Andhra Pradesh Inter-River Linking Canal Sector 2,Irrigation / Water Canal,Andhra Pradesh,Krishna,53.18,73,Medium,0.61,0,Fully Disbursed,0,Declaration Published (Sec 19),Pending Environmental Clearance,137,0.8,Substantial Possession (>70%),Moderate,228,0.693,2025-12-24,2026-03-26,92,1,16.350695,78.190739
PRJ-1022,PCL-12057,Bharatmala Economic Highway Ring 5,Highway / Expressway,Gujarat,Vadodara,10.29,18,Low,0.77,0,Partially Disbursed,109,Declaration Published (Sec 19),Under Scrutiny,185,0.33,Initial Stage (<30%),Moderate,122,0.491,2024-12-27,2025-01-28,32,0,23.692863,70.440835
PRJ-1147,PCL-12058,Wind-Solar Hybrid Energy Grid 3,Renewable / Solar Park,Andhra Pradesh,Nellore,39.03,38,Low,0.82,0,Fully Disbursed,0,Notification Pending,Under Scrutiny,212,0.38,Initial Stage (<30%),Moderate,202,0.185,2024-01-23,2024-06-12,141,1,16.025633,78.226416
PRJ-1086,PCL-12059,Suburban Commuter Rapid Transit Line 1,Urban Metro / Transit,Haryana,Hisar,83.43,135,High,0.71,1,Disputed in Escrow,244,Possession Taken (Sec 38),Pending Environmental Clearance,178,0.61,Contested / Encroached,Hostile / Legal Injunction,306,0.373,2024-10-11,,492,1,28.55306,75.85275
PRJ-1174,PCL-12060,Command Area Distribution Network 1,Irrigation / Water Canal,Odisha,Angul,62.45,70,Medium,0.49,0,Fully Disbursed,0,Possession Taken (Sec 38),Approved,55,0.62,Full Possession,High / Cooperative,362,0.415,2023-12-27,2024-06-04,160,1,20.033997,84.438868
PRJ-1041,PCL-12061,Andhra Pradesh Inter-River Linking Canal Sector 2,Irrigation / Water Canal,Andhra Pradesh,Krishna,28.75,23,Medium,0.44,1,Pending Disbursal,278,Possession Taken (Sec 38),Approved,15,0.27,Contested / Encroached,Hostile / Legal Injunction,209,0.35,2025-12-24,2027-03-07,438,1,18.258987,78.08554
PRJ-1067,PCL-12062,Sundargarh Cargo Terminal Expansion 2,Airport Infrastructure,Odisha,Sundargarh,75.16,197,High,0.91,1,Pending Disbursal,263,Notification Pending,Approved,87,0.55,Initial Stage (<30%),Low / Resistant,263,0.167,2024-02-16,2025-02-12,362,1,21.782824,86.348698
PRJ-1065,PCL-12063,Karnal Multi-Modal Logistics Park 3,Industrial Corridor / SEZ,Haryana,Karnal,35.53,37,High,0.47,0,Pending Disbursal,319,Preliminary Notification (Sec 11),Approved,45,0.53,Substantial Possession (>70%),Moderate,274,0.426,2027-01-28,2028-01-05,342,1,29.912278,75.96919
PRJ-1079,PCL-12064,Haryana Inter-River Linking Canal Sector 3,Irrigation / Water Canal,Haryana,Hisar,19.12,20,Medium,0.7,0,Fully Disbursed,0,Notification Pending,Conditional Clearance,186,0.75,Initial Stage (<30%),Moderate,135,0.306,2026-10-18,2026-11-05,18,0,29.25,76.5
PRJ-1151,PCL-12065,Wind-Solar Hybrid Energy Grid 3,Renewable / Solar Park,Karnataka,Bengaluru Rural,108.31,209,High,0.89,1,Pending Disbursal,236,Possession Taken (Sec 38),Pending Environmental Clearance,94,0.69,Initial Stage (<30%),Hostile / Legal Injunction,313,0.492,2025-12-20,2027-05-23,519,1,13.06088,75.879821
PRJ-1176,PCL-12066,Wind-Solar Hybrid Energy Grid 4,Renewable / Solar Park,Uttar Pradesh,Noida,42.23,75,Low,0.53,0,Partially Disbursed,140,Possession Taken (Sec 38),Conditional Clearance,180,0.1,Full Possession,Moderate,65,0.526,2023-06-07,2024-01-02,209,1,26.342386,78.10486
PRJ-1037,PCL-12067,Belagavi Ultra Mega Solar Park Unit 4,Renewable / Solar Park,Karnataka,Belagavi,30.42,53,Low,0.47,0,Fully Disbursed,0,Preliminary Notification (Sec 11),Under Scrutiny,200,0.68,Substantial Possession (>70%),Moderate,250,0.254,2026-08-25,2026-11-24,91,1,17.277729,75.071711
PRJ-1135,PCL-12068,Wind-Solar Hybrid Energy Grid 3,Renewable / Solar Park,Gujarat,Bharuch,22.55,32,High,0.85,1,Fully Disbursed,0,Possession Taken (Sec 38),Approved,77,0.4,Initial Stage (<30%),Hostile / Legal Injunction,141,0.28,2025-09-09,,386,1,23.776049,71.613808
PRJ-1066,PCL-12069,Faridabad Multi-Modal Logistics Park 3,Industrial Corridor / SEZ,Haryana,Faridabad,77.1,133,Low,0.59,0,Fully Disbursed,0,Notification Pending,Under Scrutiny,98,0.65,Initial Stage (<30%),Moderate,324,0.338,2025-12-22,2026-01-24,33,0,30.315731,75.639677
PRJ-1127,PCL-12070,Suburban Commuter Rapid Transit Line 2,Urban Metro / Transit,Andhra Pradesh,Kurnool,27.24,55,High,0.71,0,Fully Disbursed,0,Preliminary Notification (Sec 11),Pending Environmental Clearance,105,0.3,Substantial Possession (>70%),Low / Resistant,184,0.634,2026-05-05,2027-02-17,288,1,15.615756,80.743647
PRJ-1102,PCL-12071,NH-60 Four-Laning Bypass Section 1,Highway / Expressway,Odisha,Cuttack,20.24,24,Medium,0.84,0,Partially Disbursed,111,Possession Taken (Sec 38),Approved,120,0.65,Substantial Possession (>70%),High / Cooperative,257,0.429,2025-07-21,2025-07-29,8,0,20.397801,85.287637
PRJ-1152,PCL-12072,Urban Flyover & Transit Hub 5,Urban Metro / Transit,Madhya Pradesh,Ujjain,64.48,200,High,0.95,1,Disputed in Escrow,345,Declaration Published (Sec 19),Under Scrutiny,134,0.83,Partial Possession (30-70%),Moderate,213,0.507,2024-10-11,2025-09-09,333,1,23.605194,78.215679
PRJ-1227,PCL-12073,Industrial Rail Siding Network 3,Railway & Freight Corridor,Rajasthan,Jodhpur,56.28,95,Very High,0.71,1,Partially Disbursed,118,Declaration Published (Sec 19),Under Scrutiny,174,0.69,Substantial Possession (>70%),Moderate,151,0.784,2024-01-17,2025-02-14,394,1,24.554825,74.082282
PRJ-1188,PCL-12074,Andhra Pradesh Dedicated High-Speed Rail Segment 3,Railway & Freight Corridor,Andhra Pradesh,Krishna,49.46,73,High,0.53,1,Pending Disbursal,128,Possession Taken (Sec 38),Under Scrutiny,176,0.59,Substantial Possession (>70%),Low / Resistant,302,0.595,2025-03-19,2026-08-05,504,1,14.681014,82.62184
PRJ-1095,PCL-12075,Jaipur Lift Irrigation Main Canal Reach 3,Irrigation / Water Canal,Rajasthan,Jaipur,41.22,42,Low,0.59,0,Pending Disbursal,110,Declaration Published (Sec 19),Under Scrutiny,142,0.61,Substantial Possession (>70%),High / Cooperative,282,0.365,2025-01-11,2025-02-14,34,0,24.457138,75.960161
PRJ-1104,PCL-12076,Haryana Inter-River Linking Canal Sector 1,Irrigation / Water Canal,Haryana,Karnal,35.09,51,Low,0.63,0,Fully Disbursed,0,Declaration Published (Sec 19),Approved,38,0.46,Initial Stage (<30%),High / Cooperative,134,0.722,2025-06-25,2025-07-18,23,0,28.11173,76.938237
PRJ-1146,PCL-12077,Dharwad Multi-Modal Logistics Park 4,Industrial Corridor / SEZ,Karnataka,Dharwad,23.7,25,Low,0.59,0,Fully Disbursed,0,Preliminary Notification (Sec 11),Under Scrutiny,161,0.67,Full Possession,High / Cooperative,113,0.302,2025-10-19,,32,0,16.852461,75.464339
PRJ-1020,PCL-12078,Wind-Solar Hybrid Energy Grid 5,Renewable / Solar Park,Madhya Pradesh,Indore,36.54,43,Medium,0.59,0,Partially Disbursed,102,Possession Taken (Sec 38),Under Scrutiny,207,0.48,Full Possession,High / Cooperative,275,0.702,2025-08-31,2026-05-25,267,1,23.641469,80.3649
PRJ-1122,PCL-12079,Gujarat Integrated Industrial Township 3,Industrial Corridor / SEZ,Gujarat,Surat,47.82,50,Low,0.7,1,Disputed in Escrow,238,Declaration Published (Sec 19),Conditional Clearance,111,0.53,Contested / Encroached,Low / Resistant,398,0.43,2024-12-31,,388,1,23.672289,70.479637
PRJ-1258,PCL-12080,Odisha Integrated Industrial Township 2,Industrial Corridor / SEZ,Odisha,Cuttack,41.07,28,Medium,0.71,0,Fully Disbursed,0,Possession Taken (Sec 38),Approved,74,0.63,Substantial Possession (>70%),Moderate,160,0.309,2024-03-08,2024-09-16,192,1,21.396136,85.327077
PRJ-1123,PCL-12081,Bharatmala Economic Highway Ring 1,Highway / Expressway,Odisha,Angul,61.98,114,Low,0.64,0,Pending Disbursal,194,Notification Pending,Approved,48,0.44,Full Possession,Moderate,177,0.466,2026-01-15,2026-07-26,192,1,20.304921,84.39674
PRJ-1157,PCL-12082,Industrial Rail Siding Network 1,Railway & Freight Corridor,Odisha,Angul,60.08,82,Medium,0.52,0,Partially Disbursed,178,Possession Taken (Sec 38),Under Scrutiny,202,0.63,Full Possession,Moderate,168,0.355,2027-01-04,,345,1,21.007257,84.489455
PRJ-1056,PCL-12083,Coimbatore Greenfield International Airport Phase 2,Airport Infrastructure,Tamil Nadu,Coimbatore,56.16,85,Low,0.78,0,Fully Disbursed,0,Notification Pending,Conditional Clearance,175,0.43,Partial Possession (30-70%),Moderate,262,0.322,2024-01-01,2024-06-11,162,1,11.848741,79.743465
PRJ-1078,PCL-12084,Salem Greenfield International Airport Phase 1,Airport Infrastructure,Tamil Nadu,Salem,28.39,118,Medium,0.56,0,Pending Disbursal,125,Possession Taken (Sec 38),Approved,15,0.14,Initial Stage (<30%),High / Cooperative,248,0.16,2026-08-13,2026-12-20,129,1,10.343916,78.386218
PRJ-1048,PCL-12085,Madhya Pradesh Green Express Corridor Phase 3,Highway / Expressway,Madhya Pradesh,Gwalior,21.47,35,Medium,0.64,0,Fully Disbursed,0,Declaration Published (Sec 19),Conditional Clearance,139,0.48,Partial Possession (30-70%),High / Cooperative,232,0.173,2025-09-05,2026-03-11,187,1,24.770875,80.732282
PRJ-1128,PCL-12086,Gujarat Green Express Corridor Phase 2,Highway / Expressway,Gujarat,Rajkot,60.82,105,Medium,0.79,1,Disputed in Escrow,423,Possession Taken (Sec 38),Approved,108,0.41,Contested / Encroached,Low / Resistant,250,0.274,2025-04-05,2026-07-10,461,1,21.840049,72.565657
PRJ-1079,PCL-12087,Haryana Inter-River Linking Canal Sector 3,Irrigation / Water Canal,Haryana,Hisar,27.24,32,Low,0.84,0,Fully Disbursed,0,Possession Taken (Sec 38),Approved,108,0.52,Full Possession,Moderate,396,0.588,2026-10-18,2027-04-20,184,1,28.909454,77.18336
PRJ-1040,PCL-12088,DMIC Special Investment Region Node 1,Industrial Corridor / SEZ,Tamil Nadu,Madurai,23.25,31,Very High,0.58,0,Partially Disbursed,142,Preliminary Notification (Sec 11),Resubmission Required,162,0.66,Partial Possession (30-70%),High / Cooperative,162,0.522,2025-05-05,2025-11-30,209,1,9.865595,80.064501
PRJ-1106,PCL-12089,Madhya Pradesh Green Express Corridor Phase 1,Highway / Expressway,Madhya Pradesh,Jabalpur,17.66,13,Low,0.57,0,Pending Disbursal,293,Possession Taken (Sec 38),Under Scrutiny,93,0.62,Partial Possession (30-70%),Moderate,278,0.203,2023-05-03,2023-11-06,187,1,22.315879,77.603199
PRJ-1127,PCL-12090,Suburban Commuter Rapid Transit Line 2,Urban Metro / Transit,Andhra Pradesh,Kurnool,18.32,31,Low,0.78,0,Fully Disbursed,0,Preliminary Notification (Sec 11),Under Scrutiny,133,0.83,Initial Stage (<30%),Moderate,125,0.639,2026-05-05,2027-01-21,261,1,15.01008,80.309941
PRJ-1216,PCL-12091,Western Freight Corridor Spur Line 2,Railway & Freight Corridor,Gujarat,Kutch,24.92,25,High,0.8,1,Disputed in Escrow,578,Possession Taken (Sec 38),Approved,29,0.61,Contested / Encroached,Low / Resistant,151,0.3,2025-11-26,2026-12-02,371,1,21.623912,69.853465
PRJ-1099,PCL-12092,Bharatmala Economic Highway Ring 3,Highway / Expressway,Haryana,Hisar,47.53,41,Low,0.85,0,Partially Disbursed,66,Notification Pending,Pending Environmental Clearance,107,0.6,Full Possession,Moderate,286,0.59,2023-08-29,2023-09-10,12,0,29.545323,76.787072
PRJ-1073,PCL-12093,Bharatmala Economic Highway Ring 1,Highway / Expressway,Uttar Pradesh,Noida,14.4,7,Low,0.49,0,Fully Disbursed,0,Preliminary Notification (Sec 11),Pending Environmental Clearance,188,0.69,Initial Stage (<30%),High / Cooperative,252,0.134,2026-02-11,2026-03-26,43,0,27.382049,81.022212
PRJ-1160,PCL-12094,Rajasthan Dedicated High-Speed Rail Segment 4,Railway & Freight Corridor,Rajasthan,Kota,23.18,38,Medium,0.79,0,Partially Disbursed,155,Declaration Published (Sec 19),Approved,15,0.46,Substantial Possession (>70%),Moderate,193,0.496,2025-08-02,,203,1,26.335273,72.02405
PRJ-1124,PCL-12095,Industrial Rail Siding Network 2,Railway & Freight Corridor,Haryana,Panipat,13.03,27,Medium,0.65,0,Fully Disbursed,0,Award Declared (Sec 23),Under Scrutiny,164,0.64,Partial Possession (30-70%),High / Cooperative,218,0.302,2026-09-30,2026-11-17,48,0,29.326534,75.611829
PRJ-1202,PCL-12096,Andhra Pradesh Clean Energy Hub Sector 5,Renewable / Solar Park,Andhra Pradesh,Guntur,12.63,7,Medium,0.91,0,Pending Disbursal,316,Possession Taken (Sec 38),Approved,15,0.39,Substantial Possession (>70%),High / Cooperative,388,0.181,2024-12-08,2025-07-11,215,1,15.065908,81.806947
PRJ-1053,PCL-12097,Haryana Clean Energy Hub Sector 5,Renewable / Solar Park,Haryana,Hisar,40.87,51,Low,0.6,0,Partially Disbursed,84,Possession Taken (Sec 38),Pending Environmental Clearance,138,0.45,Full Possession,High / Cooperative,421,0.086,2025-07-20,,17,0,28.31618,77.02488
PRJ-1158,PCL-12098,Urban Flyover & Transit Hub 3,Urban Metro / Transit,Haryana,Karnal,85.72,179,High,0.85,0,Fully Disbursed,0,Preliminary Notification (Sec 11),Conditional Clearance,197,0.8,Full Possession,High / Cooperative,208,0.195,2023-09-14,2023-10-13,29,0,28.978105,75.608991
PRJ-1139,PCL-12099,NH-95 Four-Laning Bypass Section 2,Highway / Expressway,Maharashtra,Nagpur,24.73,23,Medium,0.15,1,Pending Disbursal,220,Declaration Published (Sec 19),Under Scrutiny,207,0.34,Substantial Possession (>70%),Low / Resistant,168,0.728,2024-10-03,,535,1,19.149343,75.294059
PRJ-1149,PCL-12100,Wind-Solar Hybrid Energy Grid 1,Renewable / Solar Park,Madhya Pradesh,Ujjain,26.4,42,Low,0.76,0,Fully Disbursed,0,Possession Taken (Sec 38),Conditional Clearance,164,0.44,Full Possession,Hostile / Legal Injunction,299,0.438,2026-01-31,,296,1,25.910054,79.380615
PRJ-1045,PCL-12101,Uttar Pradesh Clean Energy Hub Sector 2,Renewable / Solar Park,Uttar Pradesh,Prayagraj,39.55,77,Low,0.66,0,Fully Disbursed,0,Notification Pending,Approved,69,0.4,Substantial Possession (>70%),High / Cooperative,270,0.401,2024-12-29,2025-01-03,5,0,25.365234,83.208518
PRJ-1051,PCL-12102,Wind-Solar Hybrid Energy Grid 1,Renewable / Solar Park,Andhra Pradesh,Kurnool,47.4,74,Medium,0.61,0,Partially Disbursed,166,Award Declared (Sec 23),Under Scrutiny,159,0.63,Initial Stage (<30%),Moderate,285,0.38,2025-10-13,2025-11-29,47,0,16.917185,81.611214
PRJ-1231,PCL-12103,Suburban Commuter Rapid Transit Line 2,Urban Metro / Transit,Andhra Pradesh,Guntur,19.55,44,Low,0.24,1,Pending Disbursal,274,Preliminary Notification (Sec 11),Under Scrutiny,152,0.64,Substantial Possession (>70%),Low / Resistant,285,0.385,2025-10-18,2027-01-19,458,1,14.144495,81.920968
PRJ-1133,PCL-12104,Urban Flyover & Transit Hub 2,Urban Metro / Transit,Madhya Pradesh,Jabalpur,6.16,30,Low,0.62,0,Partially Disbursed,78,Possession Taken (Sec 38),Conditional Clearance,126,0.67,Full Possession,Moderate,192,0.169,2023-10-11,2023-10-11,0,0,25.816983,79.873149
PRJ-1089,PCL-12105,NH-34 Four-Laning Bypass Section 4,Highway / Expressway,Andhra Pradesh,Krishna,141.07,153,High,0.71,0,Fully Disbursed,0,Declaration Published (Sec 19),Under Scrutiny,123,0.68,Substantial Possession (>70%),Moderate,232,0.424,2022-09-29,2023-04-04,187,1,17.616072,82.596968
PRJ-1199,PCL-12106,Belagavi Ultra Mega Solar Park Unit 3,Renewable / Solar Park,Karnataka,Belagavi,7.58,2,Low,0.73,0,Pending Disbursal,271,Possession Taken (Sec 38),Approved,111,0.77,Partial Possession (30-70%),Moderate,78,0.542,2023-07-28,2024-03-02,218,1,14.645959,75.60377
PRJ-1007,PCL-12107,Ahmedabad Lift Irrigation Main Canal Reach 3,Irrigation / Water Canal,Gujarat,Ahmedabad,67.13,103,Very High,0.55,0,Partially Disbursed,144,Declaration Published (Sec 19),Approved,86,0.51,Substantial Possession (>70%),Hostile / Legal Injunction,230,0.08,2023-11-24,2024-11-25,367,1,21.375513,73.304112
PRJ-1146,PCL-12108,Dharwad Multi-Modal Logistics Park 4,Industrial Corridor / SEZ,Karnataka,Dharwad,52.36,38,Low,0.93,0,Fully Disbursed,0,Declaration Published (Sec 19),Conditional Clearance,206,0.85,Substantial Possession (>70%),High / Cooperative,139,0.465,2025-10-19,2025-10-27,8,0,15.965877,75.570558
PRJ-1250,PCL-12109,Andhra Pradesh Integrated Industrial Township 5,Industrial Corridor / SEZ,Andhra Pradesh,Guntur,27.02,37,Low,0.37,1,Pending Disbursal,142,Declaration Published (Sec 19),Under Scrutiny,160,0.33,Initial Stage (<30%),High / Cooperative,97,0.21,2026-08-26,2027-03-19,205,1,17.2111,81.415573
PRJ-1208,PCL-12110,Rajasthan Integrated Industrial Township 1,Industrial Corridor / SEZ,Rajasthan,Alwar,21.57,16,High,0.45,1,Disputed in Escrow,334,Notification Pending,Approved,77,0.65,Initial Stage (<30%),Hostile / Legal Injunction,247,0.492,2025-07-21,,572,1,28.238971,75.402235
PRJ-1126,PCL-12111,Uttar Pradesh Clean Energy Hub Sector 4,Renewable / Solar Park,Uttar Pradesh,Lucknow,22.9,16,Very High,0.65,1,Pending Disbursal,337,Declaration Published (Sec 19),Under Scrutiny,208,0.79,Contested / Encroached,Hostile / Legal Injunction,271,0.382,2024-09-28,2026-02-08,498,1,26.115489,79.943265
PRJ-1208,PCL-12112,Rajasthan Integrated Industrial Township 1,Industrial Corridor / SEZ,Rajasthan,Alwar,21.62,23,Medium,0.36,1,Disputed in Escrow,373,Award Declared (Sec 23),Under Scrutiny,190,0.66,Contested / Encroached,High / Cooperative,103,0.38,2025-07-21,2026-08-27,402,1,26.947114,74.435292
PRJ-1175,PCL-12113,Wind-Solar Hybrid Energy Grid 5,Renewable / Solar Park,Odisha,Angul,49.15,73,Very High,0.69,0,Pending Disbursal,109,Notification Pending,Conditional Clearance,101,0.4,Full Possession,Hostile / Legal Injunction,410,0.345,2025-12-29,2027-05-26,513,1,20.895897,84.400716
PRJ-1250,PCL-12114,Andhra Pradesh Integrated Industrial Township 5,Industrial Corridor / SEZ,Andhra Pradesh,Guntur,58.0,117,Low,0.89,0,Fully Disbursed,0,Preliminary Notification (Sec 11),Resubmission Required,65,0.59,Contested / Encroached,High / Cooperative,224,0.245,2026-08-26,,4,0,17.251974,78.642024
PRJ-1235,PCL-12115,Suburban Commuter Rapid Transit Line 1,Urban Metro / Transit,Gujarat,Rajkot,27.4,99,Low,0.92,1,Disputed in Escrow,574,Notification Pending,Pending Environmental Clearance,143,0.78,Contested / Encroached,Low / Resistant,175,0.386,2027-01-03,2027-12-26,357,1,22.103398,70.385097
PRJ-1095,PCL-12116,Jaipur Lift Irrigation Main Canal Reach 3,Irrigation / Water Canal,Rajasthan,Jaipur,21.07,19,Very High,0.58,0,Partially Disbursed,147,Preliminary Notification (Sec 11),Approved,15,0.63,Substantial Possession (>70%),Low / Resistant,271,0.353,2025-01-11,2026-01-03,357,1,25.111172,76.949934
PRJ-1175,PCL-12117,Wind-Solar Hybrid Energy Grid 5,Renewable / Solar Park,Odisha,Angul,36.11,35,Low,0.7,0,Pending Disbursal,173,Declaration Published (Sec 19),Approved,84,0.54,Substantial Possession (>70%),Moderate,279,0.344,2025-12-29,2026-06-25,178,1,20.179851,84.952703
PRJ-1208,PCL-12118,Rajasthan Integrated Industrial Township 1,Industrial Corridor / SEZ,Rajasthan,Alwar,37.55,50,Medium,0.56,0,Disputed in Escrow,604,Notification Pending,Under Scrutiny,111,0.64,Partial Possession (30-70%),Moderate,252,0.257,2025-07-21,2026-01-31,194,1,25.862513,71.165219
PRJ-1069,PCL-12119,DMIC Special Investment Region Node 3,Industrial Corridor / SEZ,Andhra Pradesh,Krishna,14.05,2,Low,0.44,1,Fully Disbursed,0,Notification Pending,Conditional Clearance,132,0.32,Full Possession,Low / Resistant,187,0.507,2024-09-29,2025-10-31,397,1,18.340402,81.815826
PRJ-1126,PCL-12120,Uttar Pradesh Clean Energy Hub Sector 4,Renewable / Solar Park,Uttar Pradesh,Lucknow,23.45,26,Medium,0.49,0,Partially Disbursed,141,Notification Pending,Approved,15,0.72,Full Possession,Moderate,274,0.223,2024-09-28,2024-11-10,43,0,26.707222,82.244245
PRJ-1018,PCL-12121,Maharashtra Clean Energy Hub Sector 1,Renewable / Solar Park,Maharashtra,Aurangabad,37.28,32,Low,0.66,0,Partially Disbursed,141,Possession Taken (Sec 38),Conditional Clearance,148,0.27,Substantial Possession (>70%),High / Cooperative,95,0.332,2024-07-05,2024-08-02,28,0,19.704853,78.741533
PRJ-1091,PCL-12122,Urban Flyover & Transit Hub 2,Urban Metro / Transit,Odisha,Cuttack,6.82,29,High,0.6,1,Pending Disbursal,252,Possession Taken (Sec 38),Approved,31,0.64,Initial Stage (<30%),Low / Resistant,161,0.23,2026-06-15,2027-07-18,398,1,21.150796,84.988556
PRJ-1083,PCL-12123,Tamil Nadu Clean Energy Hub Sector 5,Renewable / Solar Park,Tamil Nadu,Madurai,22.06,18,Medium,0.74,1,Disputed in Escrow,200,Declaration Published (Sec 19),Approved,144,0.84,Contested / Encroached,Moderate,248,0.304,2026-02-06,,270,1,11.257293,78.434921
PRJ-1224,PCL-12124,Vadodara Multi-Modal Logistics Park 2,Industrial Corridor / SEZ,Gujarat,Vadodara,95.3,186,Medium,0.56,0,Fully Disbursed,0,Award Declared (Sec 23),Approved,15,0.51,Initial Stage (<30%),High / Cooperative,30,0.218,2024-02-02,2024-02-20,18,0,23.877409,70.797688
PRJ-1227,PCL-12125,Industrial Rail Siding Network 3,Railway & Freight Corridor,Rajasthan,Jodhpur,24.93,25,High,0.78,1,Disputed in Escrow,312,Preliminary Notification (Sec 11),Conditional Clearance,104,0.77,Partial Possession (30-70%),Hostile / Legal Injunction,240,0.564,2024-01-17,2025-04-10,449,1,25.029794,71.109644
PRJ-1176,PCL-12126,Wind-Solar Hybrid Energy Grid 4,Renewable / Solar Park,Uttar Pradesh,Noida,9.43,11,Medium,0.98,0,Partially Disbursed,81,Possession Taken (Sec 38),Conditional Clearance,117,0.8,Substantial Possession (>70%),High / Cooperative,312,0.758,2023-06-07,2023-07-06,29,0,25.548569,78.851822
PRJ-1032,PCL-12127,Madhya Pradesh Dedicated High-Speed Rail Segment 5,Railway & Freight Corridor,Madhya Pradesh,Ujjain,34.62,68,Low,0.96,0,Partially Disbursed,83,Declaration Published (Sec 19),Approved,20,0.64,Substantial Possession (>70%),Moderate,185,0.502,2023-04-30,2023-12-03,217,1,25.218536,77.34223
PRJ-1133,PCL-12128,Urban Flyover & Transit Hub 2,Urban Metro / Transit,Madhya Pradesh,Jabalpur,49.69,127,Medium,0.75,0,Fully Disbursed,0,Declaration Published (Sec 19),Pending Environmental Clearance,131,0.45,Partial Possession (30-70%),Moderate,144,0.723,2023-10-11,2023-10-12,1,0,22.619881,78.459857
PRJ-1255,PCL-12129,NH-50 Four-Laning Bypass Section 3,Highway / Expressway,Haryana,Hisar,11.31,21,Low,0.59,0,Partially Disbursed,43,Preliminary Notification (Sec 11),Under Scrutiny,205,0.58,Substantial Possession (>70%),High / Cooperative,278,0.128,2024-02-23,2024-02-29,6,0,29.668007,75.903853
PRJ-1107,PCL-12130,Urban Flyover & Transit Hub 3,Urban Metro / Transit,Rajasthan,Udaipur,78.94,153,High,0.88,1,Disputed in Escrow,280,Preliminary Notification (Sec 11),Under Scrutiny,69,0.17,Initial Stage (<30%),Moderate,194,0.624,2026-11-18,,400,1,25.154327,76.337079
PRJ-1144,PCL-12131,Urban Flyover & Transit Hub 5,Urban Metro / Transit,Uttar Pradesh,Noida,13.56,77,Low,0.68,0,Partially Disbursed,33,Award Declared (Sec 23),Under Scrutiny,120,0.57,Substantial Possession (>70%),Moderate,164,0.655,2026-01-13,2026-02-16,34,0,26.298257,81.476934
PRJ-1191,PCL-12132,Haryana Green Express Corridor Phase 4,Highway / Expressway,Haryana,Karnal,14.78,9,High,0.83,1,Fully Disbursed,0,Possession Taken (Sec 38),Approved,48,0.81,Contested / Encroached,Low / Resistant,156,0.49,2024-06-27,2025-07-08,376,1,29.856579,76.855458
PRJ-1155,PCL-12133,Andhra Pradesh Inter-River Linking Canal Sector 5,Irrigation / Water Canal,Andhra Pradesh,Guntur,30.78,28,Medium,0.89,0,Partially Disbursed,70,Possession Taken (Sec 38),Approved,96,0.46,Full Possession,Moderate,265,0.244,2022-06-15,2022-06-24,9,0,17.252788,81.436688
PRJ-1231,PCL-12134,Suburban Commuter Rapid Transit Line 2,Urban Metro / Transit,Andhra Pradesh,Guntur,28.45,124,Medium,0.72,0,Fully Disbursed,0,Declaration Published (Sec 19),Under Scrutiny,123,0.4,Substantial Possession (>70%),Moderate,186,0.568,2025-10-18,2026-06-26,251,1,14.922164,82.801638
PRJ-1114,PCL-12135,NH-63 Four-Laning Bypass Section 3,Highway / Expressway,Odisha,Sundargarh,16.48,16,High,0.72,1,Partially Disbursed,84,Preliminary Notification (Sec 11),Under Scrutiny,91,0.52,Full Possession,Low / Resistant,324,0.307,2026-10-05,2027-09-17,347,1,21.118399,85.706745
PRJ-1192,PCL-12136,Karnataka Clean Energy Hub Sector 1,Renewable / Solar Park,Karnataka,Mysuru,108.82,133,Low,0.53,1,Disputed in Escrow,195,Declaration Published (Sec 19),Approved,15,0.48,Partial Possession (30-70%),High / Cooperative,161,0.509,2025-06-18,2026-02-17,244,1,16.262049,77.18768
PRJ-1208,PCL-12137,Rajasthan Integrated Industrial Township 1,Industrial Corridor / SEZ,Rajasthan,Alwar,12.87,13,Medium,0.74,0,Partially Disbursed,106,Notification Pending,Under Scrutiny,126,0.73,Substantial Possession (>70%),Hostile / Legal Injunction,169,0.404,2025-07-21,2026-06-15,329,1,26.856744,75.577738
PRJ-1184,PCL-12138,Faridabad Cargo Terminal Expansion 1,Airport Infrastructure,Haryana,Faridabad,48.11,176,Medium,0.92,0,Pending Disbursal,285,Declaration Published (Sec 19),Approved,32,0.4,Partial Possession (30-70%),High / Cooperative,153,0.436,2026-09-01,2026-10-07,36,0,29.787982,75.719151
PRJ-1227,PCL-12139,Industrial Rail Siding Network 3,Railway & Freight Corridor,Rajasthan,Jodhpur,41.5,85,Low,0.7,0,Pending Disbursal,237,Preliminary Notification (Sec 11),Approved,15,0.31,Initial Stage (<30%),Moderate,188,0.23,2024-01-17,2024-05-24,128,1,25.347808,74.42929
PRJ-1147,PCL-12140,Wind-Solar Hybrid Energy Grid 3,Renewable / Solar Park,Andhra Pradesh,Nellore,118.01,166,High,0.41,1,Pending Disbursal,106,Preliminary Notification (Sec 11),Approved,50,0.87,Contested / Encroached,High / Cooperative,234,0.552,2024-01-23,2024-10-25,276,1,15.874936,80.183851
PRJ-1075,PCL-12141,Wind-Solar Hybrid Energy Grid 4,Renewable / Solar Park,Haryana,Gurugram,31.78,59,Medium,0.52,0,Pending Disbursal,269,Possession Taken (Sec 38),Under Scrutiny,154,0.54,Initial Stage (<30%),High / Cooperative,206,0.785,2023-09-05,2024-05-29,267,1,29.817123,77.345325
PRJ-1096,PCL-12142,Mysuru Ultra Mega Solar Park Unit 1,Renewable / Solar Park,Karnataka,Mysuru,32.58,51,Medium,0.79,0,Pending Disbursal,308,Possession Taken (Sec 38),Approved,25,0.41,Substantial Possession (>70%),High / Cooperative,296,0.591,2024-12-22,2025-07-27,217,1,13.383058,76.885084
PRJ-1155,PCL-12143,Andhra Pradesh Inter-River Linking Canal Sector 5,Irrigation / Water Canal,Andhra Pradesh,Guntur,25.82,34,Medium,0.76,0,Pending Disbursal,168,Possession Taken (Sec 38),Approved,81,0.34,Initial Stage (<30%),Moderate,315,0.709,2022-06-15,2022-12-25,193,1,16.464348,80.160878
PRJ-1102,PCL-12144,NH-60 Four-Laning Bypass Section 1,Highway / Expressway,Odisha,Cuttack,10.01,22,Medium,0.54,0,Fully Disbursed,0,Preliminary Notification (Sec 11),Conditional Clearance,150,0.53,Substantial Possession (>70%),High / Cooperative,178,0.404,2025-07-21,,190,1,21.277631,85.438065
PRJ-1050,PCL-12145,Tamil Nadu Inter-River Linking Canal Sector 1,Irrigation / Water Canal,Tamil Nadu,Kanchipuram,17.79,39,Medium,0.65,0,Partially Disbursed,33,Award Declared (Sec 23),Approved,45,0.61,Substantial Possession (>70%),Moderate,257,0.477,2023-08-24,2024-03-09,198,1,12.672754,77.957171
PRJ-1140,PCL-12146,Maharashtra Inter-River Linking Canal Sector 5,Irrigation / Water Canal,Maharashtra,Nagpur,17.8,27,Low,0.47,0,Pending Disbursal,209,Notification Pending,Approved,37,0.26,Initial Stage (<30%),High / Cooperative,227,0.08,2023-08-20,2023-11-20,92,1,19.263554,79.202743
PRJ-1167,PCL-12147,Aviation Logistics Runway Package 4,Airport Infrastructure,Gujarat,Surat,31.07,43,Low,0.6,0,Fully Disbursed,0,Declaration Published (Sec 19),Approved,98,0.83,Partial Possession (30-70%),High / Cooperative,35,0.417,2027-09-08,2027-09-08,0,0,21.429227,73.200893
PRJ-1047,PCL-12148,Karnataka Clean Energy Hub Sector 1,Renewable / Solar Park,Karnataka,Dharwad,18.09,25,Low,0.91,0,Fully Disbursed,0,Preliminary Notification (Sec 11),Under Scrutiny,163,0.87,Substantial Possession (>70%),High / Cooperative,349,0.276,2025-12-30,,56,0,15.457734,77.501562
PRJ-1021,PCL-12149,Karnataka Integrated Industrial Township 3,Industrial Corridor / SEZ,Karnataka,Belagavi,80.57,63,Low,0.91,0,Partially Disbursed,129,Award Declared (Sec 23),Approved,45,0.6,Substantial Possession (>70%),Moderate,58,0.363,2025-09-25,2025-11-16,52,0,14.48585,76.940101
PRJ-1114,PCL-12150,NH-63 Four-Laning Bypass Section 3,Highway / Expressway,Odisha,Sundargarh,50.62,57,Medium,0.79,0,Fully Disbursed,0,Preliminary Notification (Sec 11),Under Scrutiny,174,0.75,Substantial Possession (>70%),Moderate,42,0.737,2026-10-05,2026-10-29,24,0,20.325243,86.412137
PRJ-1033,PCL-12151,Bharatmala Economic Highway Ring 2,Highway / Expressway,Karnataka,Dharwad,6.89,15,High,0.66,1,Pending Disbursal,243,Notification Pending,Conditional Clearance,198,0.48,Partial Possession (30-70%),Moderate,139,0.291,2023-12-06,2024-10-21,320,1,12.575034,76.296885
PRJ-1226,PCL-12152,DMIC Special Investment Region Node 3,Industrial Corridor / SEZ,Rajasthan,Alwar,15.17,30,Low,0.58,1,Partially Disbursed,75,Preliminary Notification (Sec 11),Conditional Clearance,142,0.55,Full Possession,Moderate,239,0.505,2023-07-15,2024-05-13,303,1,25.265301,73.588844
PRJ-1208,PCL-12153,Rajasthan Integrated Industrial Township 1,Industrial Corridor / SEZ,Rajasthan,Alwar,31.03,43,Medium,0.51,0,Fully Disbursed,0,Notification Pending,Pending Environmental Clearance,126,0.6,Full Possession,Moderate,249,0.316,2025-07-21,2026-04-15,268,1,27.124511,76.826303
PRJ-1161,PCL-12154,Andhra Pradesh Integrated Industrial Township 1,Industrial Corridor / SEZ,Andhra Pradesh,Visakhapatnam,43.41,45,Low,0.59,0,Partially Disbursed,30,Preliminary Notification (Sec 11),Conditional Clearance,123,0.74,Substantial Possession (>70%),Moderate,396,0.368,2023-06-19,2024-01-05,200,1,16.342989,79.135893
PRJ-1001,PCL-12155,Gujarat Inter-River Linking Canal Sector 2,Irrigation / Water Canal,Gujarat,Ahmedabad,297.25,434,Very High,0.81,1,Fully Disbursed,0,Preliminary Notification (Sec 11),Approved,116,0.42,Contested / Encroached,Low / Resistant,186,0.469,2025-10-26,2026-11-28,398,1,23.272618,69.164013
PRJ-1049,PCL-12156,Odisha Inter-River Linking Canal Sector 4,Irrigation / Water Canal,Odisha,Angul,126.67,143,Low,0.65,0,Fully Disbursed,0,Award Declared (Sec 23),Under Scrutiny,96,0.25,Partial Possession (30-70%),Moderate,158,0.387,2023-01-29,2023-06-08,130,1,22.054082,84.300135
PRJ-1206,PCL-12157,Haryana Inter-River Linking Canal Sector 3,Irrigation / Water Canal,Haryana,Faridabad,155.6,112,Medium,0.87,1,Disputed in Escrow,595,Notification Pending,Approved,15,0.82,Contested / Encroached,High / Cooperative,30,0.408,2025-07-08,2026-04-03,269,1,29.551134,76.925644
PRJ-1257,PCL-12158,Haryana Dedicated High-Speed Rail Segment 4,Railway & Freight Corridor,Haryana,Faridabad,57.06,46,Low,0.75,0,Pending Disbursal,194,Declaration Published (Sec 19),Conditional Clearance,147,0.47,Initial Stage (<30%),High / Cooperative,162,0.476,2027-01-06,2027-01-06,0,0,29.089439,76.804502
PRJ-1188,PCL-12159,Andhra Pradesh Dedicated High-Speed Rail Segment 3,Railway & Freight Corridor,Andhra Pradesh,Krishna,45.28,72,Medium,0.81,0,Fully Disbursed,0,Declaration Published (Sec 19),Approved,95,0.72,Full Possession,High / Cooperative,151,0.63,2025-03-19,,42,0,14.125999,82.550204
PRJ-1070,PCL-12160,Command Area Distribution Network 1,Irrigation / Water Canal,Rajasthan,Jaipur,39.13,74,High,0.59,1,Disputed in Escrow,289,Possession Taken (Sec 38),Pending Environmental Clearance,118,0.34,Substantial Possession (>70%),High / Cooperative,159,0.217,2025-08-31,2026-08-19,353,1,24.235202,76.192048
PRJ-1179,PCL-12161,Vadodara Greenfield International Airport Phase 5,Airport Infrastructure,Gujarat,Vadodara,10.71,27,Low,0.87,1,Disputed in Escrow,272,Possession Taken (Sec 38),Conditional Clearance,121,0.92,Contested / Encroached,High / Cooperative,171,0.08,2024-08-04,2024-08-19,15,0,22.167535,72.201931
PRJ-1118,PCL-12162,Karnataka Integrated Industrial Township 2,Industrial Corridor / SEZ,Karnataka,Kalaburagi,166.74,230,Very High,0.63,1,Pending Disbursal,137,Declaration Published (Sec 19),Approved,103,0.6,Initial Stage (<30%),Hostile / Legal Injunction,434,0.579,2024-03-17,2025-12-26,649,1,17.042565,77.732967
PRJ-1033,PCL-12163,Bharatmala Economic Highway Ring 2,Highway / Expressway,Karnataka,Dharwad,17.62,29,Low,0.68,0,Fully Disbursed,0,Notification Pending,Conditional Clearance,186,0.74,Initial Stage (<30%),Moderate,53,0.251,2023-12-06,2024-03-06,91,1,15.206008,77.427496
PRJ-1094,PCL-12164,DMIC Special Investment Region Node 1,Industrial Corridor / SEZ,Rajasthan,Alwar,29.14,48,High,0.9,0,Fully Disbursed,0,Declaration Published (Sec 19),Approved,87,0.62,Partial Possession (30-70%),Low / Resistant,324,0.734,2026-11-28,2027-09-20,296,1,25.478003,74.493927
PRJ-1221,PCL-12165,Salem Multi-Modal Logistics Park 4,Industrial Corridor / SEZ,Tamil Nadu,Salem,134.42,212,Very High,0.36,1,Disputed in Escrow,540,Possession Taken (Sec 38),Under Scrutiny,176,0.32,Initial Stage (<30%),Hostile / Legal Injunction,206,0.193,2025-04-24,2027-02-23,670,1,11.436903,79.181324
PRJ-1148,PCL-12166,NH-67 Four-Laning Bypass Section 1,Highway / Expressway,Gujarat,Ahmedabad,14.39,5,Low,0.76,0,Fully Disbursed,0,Notification Pending,Approved,15,0.72,Partial Possession (30-70%),High / Cooperative,268,0.684,2025-04-24,2025-06-01,38,0,22.092,70.562632
PRJ-1007,PCL-12167,Ahmedabad Lift Irrigation Main Canal Reach 3,Irrigation / Water Canal,Gujarat,Ahmedabad,216.61,378,Very High,0.73,1,Disputed in Escrow,435,Preliminary Notification (Sec 11),Approved,96,0.63,Contested / Encroached,Hostile / Legal Injunction,293,0.311,2023-11-24,2025-06-17,571,1,21.784201,72.337465
PRJ-1121,PCL-12168,Haryana Inter-River Linking Canal Sector 3,Irrigation / Water Canal,Haryana,Panipat,130.4,135,Medium,0.72,0,Fully Disbursed,0,Award Declared (Sec 23),Conditional Clearance,128,0.43,Initial Stage (<30%),High / Cooperative,151,0.261,2025-08-19,2025-12-09,112,1,28.70562,76.621454
PRJ-1234,PCL-12169,Madhya Pradesh Integrated Industrial Township 5,Industrial Corridor / SEZ,Madhya Pradesh,Ujjain,45.64,58,Low,0.65,0,Pending Disbursal,110,Possession Taken (Sec 38),Approved,38,0.55,Substantial Possession (>70%),Moderate,264,0.373,2025-12-16,2026-04-08,113,1,23.204013,77.599598
PRJ-1009,PCL-12170,Kutch Lift Irrigation Main Canal Reach 5,Irrigation / Water Canal,Gujarat,Kutch,13.57,29,Very High,0.91,0,Fully Disbursed,0,Declaration Published (Sec 19),Under Scrutiny,69,0.54,Substantial Possession (>70%),Moderate,190,0.633,2024-05-15,2025-02-16,277,1,21.892032,70.629982
PRJ-1208,PCL-12171,Rajasthan Integrated Industrial Township 1,Industrial Corridor / SEZ,Rajasthan,Alwar,72.11,142,High,0.86,1,Disputed in Escrow,326,Possession Taken (Sec 38),Approved,44,0.47,Contested / Encroached,Moderate,205,0.15,2025-07-21,2026-10-07,443,1,27.362097,74.618436
PRJ-1151,PCL-12172,Wind-Solar Hybrid Energy Grid 3,Renewable / Solar Park,Karnataka,Bengaluru Rural,64.63,95,Medium,0.55,0,Pending Disbursal,288,Declaration Published (Sec 19),Under Scrutiny,163,0.65,Partial Possession (30-70%),High / Cooperative,280,0.65,2025-12-20,,288,1,15.844251,75.75104
PRJ-1200,PCL-12173,Kota Ultra Mega Solar Park Unit 4,Renewable / Solar Park,Rajasthan,Kota,86.95,107,Medium,0.79,0,Partially Disbursed,99,Possession Taken (Sec 38),Pending Environmental Clearance,196,0.67,Substantial Possession (>70%),Moderate,91,0.32,2024-12-01,2025-01-10,40,0,25.752563,75.585495
PRJ-1212,PCL-12174,NH-93 Four-Laning Bypass Section 5,Highway / Expressway,Karnataka,Dharwad,166.58,193,High,0.88,1,Disputed in Escrow,331,Preliminary Notification (Sec 11),Approved,103,0.61,Contested / Encroached,Hostile / Legal Injunction,209,0.588,2026-03-12,2027-10-06,573,1,14.917273,74.697113
PRJ-1068,PCL-12175,Maharashtra Inter-River Linking Canal Sector 2,Irrigation / Water Canal,Maharashtra,Pune,20.98,10,Low,0.4,1,Partially Disbursed,129,Preliminary Notification (Sec 11),Approved,81,0.57,Partial Possession (30-70%),Moderate,299,0.355,2024-02-01,2025-01-06,340,1,18.648217,77.63751
PRJ-1159,PCL-12176,Nagpur Ultra Mega Solar Park Unit 2,Renewable / Solar Park,Maharashtra,Nagpur,48.16,69,Low,0.5,1,Disputed in Escrow,184,Award Declared (Sec 23),Pending Environmental Clearance,224,0.37,Contested / Encroached,Low / Resistant,235,0.121,2024-06-10,2025-06-01,356,1,19.79059,78.672849
PRJ-1045,PCL-12177,Uttar Pradesh Clean Energy Hub Sector 2,Renewable / Solar Park,Uttar Pradesh,Prayagraj,89.53,80,High,0.89,0,Pending Disbursal,207,Award Declared (Sec 23),Under Scrutiny,130,0.57,Partial Possession (30-70%),High / Cooperative,159,0.323,2024-12-29,2025-09-28,273,1,25.690621,78.692746
PRJ-1064,PCL-12178,Jabalpur Multi-Modal Logistics Park 2,Industrial Corridor / SEZ,Madhya Pradesh,Jabalpur,19.52,8,High,0.92,1,Disputed in Escrow,551,Preliminary Notification (Sec 11),Conditional Clearance,102,0.33,Partial Possession (30-70%),Moderate,128,0.436,2025-11-12,2027-01-10,424,1,22.079166,75.595263
PRJ-1144,PCL-12179,Urban Flyover & Transit Hub 5,Urban Metro / Transit,Uttar Pradesh,Noida,7.89,29,High,0.57,1,Disputed in Escrow,619,Declaration Published (Sec 19),Under Scrutiny,140,0.29,Initial Stage (<30%),Low / Resistant,205,0.571,2026-01-13,2027-09-29,624,1,27.981207,82.410206
PRJ-1078,PCL-12180,Salem Greenfield International Airport Phase 1,Airport Infrastructure,Tamil Nadu,Salem,9.46,45,Low,0.52,0,Fully Disbursed,0,Preliminary Notification (Sec 11),Approved,15,0.46,Substantial Possession (>70%),High / Cooperative,134,0.669,2026-08-13,2026-09-12,30,0,11.893194,77.991584
PRJ-1042,PCL-12181,Industrial Rail Siding Network 1,Railway & Freight Corridor,Gujarat,Bharuch,64.08,111,High,0.56,1,Pending Disbursal,299,Award Declared (Sec 23),Resubmission Required,157,0.59,Initial Stage (<30%),Low / Resistant,149,0.428,2023-08-16,2024-12-22,494,1,22.50652,71.923832
PRJ-1223,PCL-12182,Guntur Multi-Modal Logistics Park 3,Industrial Corridor / SEZ,Andhra Pradesh,Guntur,135.8,156,High,0.67,1,Disputed in Escrow,623,Declaration Published (Sec 19),Approved,53,0.8,Contested / Encroached,Hostile / Legal Injunction,277,0.469,2023-09-28,2024-12-20,449,1,17.617381,81.378485
PRJ-1074,PCL-12183,Command Area Distribution Network 2,Irrigation / Water Canal,Gujarat,Kutch,20.81,35,Medium,0.75,0,Fully Disbursed,0,Award Declared (Sec 23),Approved,40,0.84,Full Possession,High / Cooperative,233,0.47,2025-03-22,2025-03-22,0,0,21.616723,72.38166
PRJ-1096,PCL-12184,Mysuru Ultra Mega Solar Park Unit 1,Renewable / Solar Park,Karnataka,Mysuru,15.7,23,Low,0.84,0,Partially Disbursed,160,Possession Taken (Sec 38),Approved,52,0.8,Contested / Encroached,High / Cooperative,357,0.441,2024-12-22,2025-01-30,39,0,15.262339,75.60958
PRJ-1195,PCL-12185,Visakhapatnam Ultra Mega Solar Park Unit 1,Renewable / Solar Park,Andhra Pradesh,Visakhapatnam,14.17,10,Medium,0.46,1,Disputed in Escrow,603,Notification Pending,Approved,83,0.83,Contested / Encroached,Low / Resistant,222,0.62,2025-02-24,2026-07-21,512,1,18.076359,81.522097
PRJ-1161,PCL-12186,Andhra Pradesh Integrated Industrial Township 1,Industrial Corridor / SEZ,Andhra Pradesh,Visakhapatnam,22.21,54,Medium,0.52,0,Fully Disbursed,0,Award Declared (Sec 23),Conditional Clearance,121,0.7,Partial Possession (30-70%),High / Cooperative,38,0.529,2023-06-19,2023-07-04,15,0,14.963472,81.40167
PRJ-1049,PCL-12187,Odisha Inter-River Linking Canal Sector 4,Irrigation / Water Canal,Odisha,Angul,11.62,15,Medium,0.85,1,Disputed in Escrow,292,Preliminary Notification (Sec 11),Under Scrutiny,164,0.23,Substantial Possession (>70%),Low / Resistant,250,0.155,2023-01-29,2024-02-28,395,1,21.257334,84.14306
PRJ-1042,PCL-12188,Industrial Rail Siding Network 1,Railway & Freight Corridor,Gujarat,Bharuch,21.49,18,High,0.96,0,Fully Disbursed,0,Possession Taken (Sec 38),Approved,16,0.55,Initial Stage (<30%),Low / Resistant,238,0.583,2023-08-16,2024-05-08,266,1,21.854353,70.309086
PRJ-1246,PCL-12189,Bharatmala Economic Highway Ring 2,Highway / Expressway,Andhra Pradesh,Nellore,88.81,158,Medium,0.39,0,Partially Disbursed,145,Declaration Published (Sec 19),Under Scrutiny,207,0.35,Partial Possession (30-70%),Hostile / Legal Injunction,222,0.556,2024-11-19,,416,1,14.475413,78.650161
PRJ-1024,PCL-12190,Industrial Rail Siding Network 5,Railway & Freight Corridor,Karnataka,Kalaburagi,11.67,10,Low,0.5,0,Partially Disbursed,168,Award Declared (Sec 23),Conditional Clearance,107,0.48,Partial Possession (30-70%),Moderate,194,0.428,2026-08-23,2027-06-23,304,1,16.206927,77.083835
PRJ-1260,PCL-12191,Aviation Logistics Runway Package 4,Airport Infrastructure,Uttar Pradesh,Noida,33.97,87,Low,0.75,0,Pending Disbursal,149,Award Declared (Sec 23),Under Scrutiny,176,0.49,Full Possession,Moderate,408,0.366,2025-05-02,,239,1,25.363889,83.085994
PRJ-1224,PCL-12192,Vadodara Multi-Modal Logistics Park 2,Industrial Corridor / SEZ,Gujarat,Vadodara,34.39,13,High,0.48,1,Disputed in Escrow,289,Preliminary Notification (Sec 11),Approved,70,0.26,Substantial Possession (>70%),Low / Resistant,83,0.258,2024-02-02,2025-07-18,532,1,23.885129,70.016198
PRJ-1165,PCL-12193,Kutch Lift Irrigation Main Canal Reach 5,Irrigation / Water Canal,Gujarat,Kutch,28.08,37,Low,0.84,0,Disputed in Escrow,554,Notification Pending,Approved,46,0.69,Partial Possession (30-70%),High / Cooperative,164,0.143,2025-04-02,2025-09-23,174,1,21.815712,69.230212
PRJ-1255,PCL-12194,NH-50 Four-Laning Bypass Section 3,Highway / Expressway,Haryana,Hisar,16.37,20,Medium,0.95,0,Fully Disbursed,0,Preliminary Notification (Sec 11),Approved,72,0.31,Initial Stage (<30%),Low / Resistant,145,0.5,2024-02-23,2024-10-04,224,1,28.664012,76.422181
PRJ-1072,PCL-12195,Western Freight Corridor Spur Line 3,Railway & Freight Corridor,Gujarat,Kutch,19.57,45,Low,0.64,0,Partially Disbursed,62,Preliminary Notification (Sec 11),Under Scrutiny,218,0.72,Initial Stage (<30%),Low / Resistant,234,0.192,2024-02-14,2024-03-16,31,0,21.519957,73.416869
PRJ-1258,PCL-12196,Odisha Integrated Industrial Township 2,Industrial Corridor / SEZ,Odisha,Cuttack,31.47,23,Medium,0.87,0,Fully Disbursed,0,Declaration Published (Sec 19),Under Scrutiny,165,0.54,Full Possession,High / Cooperative,212,0.195,2024-03-08,2024-06-07,91,1,20.629879,86.637644
PRJ-1154,PCL-12197,Command Area Distribution Network 2,Irrigation / Water Canal,Maharashtra,Pune,81.87,125,High,0.56,1,Fully Disbursed,0,Possession Taken (Sec 38),Approved,46,0.64,Contested / Encroached,Low / Resistant,296,0.331,2026-01-19,2026-11-29,314,1,20.143575,75.35498
PRJ-1181,PCL-12198,Command Area Distribution Network 2,Irrigation / Water Canal,Odisha,Angul,176.8,156,High,0.85,0,Partially Disbursed,100,Notification Pending,Pending Environmental Clearance,179,0.74,Substantial Possession (>70%),Moderate,207,0.689,2026-03-29,2026-11-01,217,1,22.120196,84.305152
PRJ-1159,PCL-12199,Nagpur Ultra Mega Solar Park Unit 2,Renewable / Solar Park,Maharashtra,Nagpur,41.29,39,Low,0.75,1,Disputed in Escrow,563,Declaration Published (Sec 19),Under Scrutiny,125,0.22,Initial Stage (<30%),High / Cooperative,376,0.397,2024-06-10,2025-06-18,373,1,20.896196,78.15936
PRJ-1010,PCL-12200,Madhya Pradesh Inter-River Linking Canal Sector 1,Irrigation / Water Canal,Madhya Pradesh,Indore,21.9,49,High,0.35,0,Fully Disbursed,0,Possession Taken (Sec 38),Conditional Clearance,153,0.27,Substantial Possession (>70%),Moderate,163,0.155,2023-03-14,2024-01-16,308,1,23.400491,79.596057
PRJ-1191,PCL-12201,Haryana Green Express Corridor Phase 4,Highway / Expressway,Haryana,Karnal,19.43,2,Low,0.7,0,Fully Disbursed,0,Possession Taken (Sec 38),Approved,39,0.48,Partial Possession (30-70%),Moderate,187,0.593,2024-06-27,2024-11-26,152,1,29.424519,76.040217
PRJ-1255,PCL-12202,NH-50 Four-Laning Bypass Section 3,Highway / Expressway,Haryana,Hisar,32.49,42,Medium,0.41,1,Pending Disbursal,307,Preliminary Notification (Sec 11),Approved,56,0.78,Contested / Encroached,Low / Resistant,251,0.323,2024-02-23,2025-02-20,363,1,28.475439,76.309523
PRJ-1132,PCL-12203,Tamil Nadu Green Express Corridor Phase 2,Highway / Expressway,Tamil Nadu,Tiruchirappalli,114.58,126,High,0.99,1,Pending Disbursal,242,Declaration Published (Sec 19),Approved,71,0.66,Initial Stage (<30%),Hostile / Legal Injunction,305,0.349,2024-07-28,2025-07-28,365,1,12.944627,77.276219
PRJ-1103,PCL-12204,Command Area Distribution Network 4,Irrigation / Water Canal,Madhya Pradesh,Bhopal,196.2,350,Very High,0.78,0,Fully Disbursed,0,Preliminary Notification (Sec 11),Approved,21,0.92,Substantial Possession (>70%),High / Cooperative,74,0.408,2023-04-22,2023-08-30,130,1,24.724345,75.133111
PRJ-1001,PCL-12205,Gujarat Inter-River Linking Canal Sector 2,Irrigation / Water Canal,Gujarat,Ahmedabad,7.98,6,Very High,0.87,1,Partially Disbursed,179,Notification Pending,Approved,41,0.69,Full Possession,Low / Resistant,184,0.372,2025-10-26,2026-10-08,347,1,21.942671,69.857086
PRJ-1050,PCL-12206,Tamil Nadu Inter-River Linking Canal Sector 1,Irrigation / Water Canal,Tamil Nadu,Kanchipuram,67.02,114,High,0.75,1,Fully Disbursed,0,Notification Pending,Under Scrutiny,118,0.47,Substantial Possession (>70%),Hostile / Legal Injunction,315,0.468,2023-08-24,2024-10-09,412,1,12.270775,78.241868
PRJ-1247,PCL-12207,Jodhpur Cargo Terminal Expansion 3,Airport Infrastructure,Rajasthan,Jodhpur,26.89,35,Medium,0.77,1,Disputed in Escrow,378,Possession Taken (Sec 38),Approved,41,0.55,Full Possession,Low / Resistant,195,0.488,2023-10-01,2024-11-15,411,1,25.036356,74.952735
PRJ-1061,PCL-12208,Kota Ultra Mega Solar Park Unit 3,Renewable / Solar Park,Rajasthan,Kota,100.54,89,Low,0.66,0,Fully Disbursed,0,Notification Pending,Conditional Clearance,183,0.52,Substantial Possession (>70%),High / Cooperative,201,0.317,2026-08-16,,28,0,24.24824,72.11923
PRJ-1137,PCL-12209,Bharatmala Economic Highway Ring 2,Highway / Expressway,Haryana,Faridabad,63.15,86,Medium,0.7,0,Pending Disbursal,317,Notification Pending,Approved,42,0.4,Contested / Encroached,Moderate,70,0.498,2023-09-09,2024-04-14,218,1,30.236812,76.728855
PRJ-1004,PCL-12210,Maharashtra Inter-River Linking Canal Sector 3,Irrigation / Water Canal,Maharashtra,Nagpur,95.96,107,Medium,0.57,0,Partially Disbursed,76,Possession Taken (Sec 38),Approved,115,0.77,Initial Stage (<30%),Moderate,209,0.654,2024-04-03,2025-01-24,296,1,18.39378,77.410259
PRJ-1175,PCL-12211,Wind-Solar Hybrid Energy Grid 5,Renewable / Solar Park,Odisha,Angul,27.39,40,Medium,0.69,0,Fully Disbursed,0,Notification Pending,Approved,41,0.44,Substantial Possession (>70%),Moderate,135,0.522,2025-12-29,2026-06-10,163,1,20.606382,85.539927
PRJ-1194,PCL-12212,NH-25 Four-Laning Bypass Section 4,Highway / Expressway,Madhya Pradesh,Ujjain,56.84,95,High,0.67,0,Pending Disbursal,189,Possession Taken (Sec 38),Approved,57,0.44,Initial Stage (<30%),Low / Resistant,370,0.498,2025-06-25,2026-04-24,303,1,26.389764,78.114636
PRJ-1077,PCL-12213,Industrial Rail Siding Network 5,Railway & Freight Corridor,Uttar Pradesh,Kanpur,41.41,59,High,0.75,1,Pending Disbursal,225,Award Declared (Sec 23),Under Scrutiny,146,0.58,Initial Stage (<30%),Low / Resistant,347,0.352,2027-04-12,2028-07-16,461,1,26.716008,82.584148
PRJ-1136,PCL-12214,Jaipur Lift Irrigation Main Canal Reach 5,Irrigation / Water Canal,Rajasthan,Jaipur,6.64,13,High,0.88,1,Disputed in Escrow,644,Award Declared (Sec 23),Pending Environmental Clearance,181,0.44,Initial Stage (<30%),Hostile / Legal Injunction,142,0.662,2022-10-14,2024-06-30,625,1,28.328767,75.443031
PRJ-1067,PCL-12215,Sundargarh Cargo Terminal Expansion 2,Airport Infrastructure,Odisha,Sundargarh,29.29,61,Medium,0.84,1,Disputed in Escrow,527,Notification Pending,Under Scrutiny,117,0.33,Partial Possession (30-70%),Moderate,341,0.491,2024-02-16,2025-03-17,395,1,20.208288,86.141563
PRJ-1133,PCL-12216,Urban Flyover & Transit Hub 2,Urban Metro / Transit,Madhya Pradesh,Jabalpur,24.0,78,High,0.83,0,Fully Disbursed,0,Possession Taken (Sec 38),Under Scrutiny,225,0.39,Substantial Possession (>70%),Moderate,60,0.708,2023-10-11,2024-07-09,272,1,23.514171,75.222708
PRJ-1102,PCL-12217,NH-60 Four-Laning Bypass Section 1,Highway / Expressway,Odisha,Cuttack,6.77,20,Low,0.77,1,Pending Disbursal,284,Award Declared (Sec 23),Resubmission Required,182,0.79,Initial Stage (<30%),Moderate,308,0.445,2025-07-21,2026-07-01,345,1,21.446433,85.054058
PRJ-1015,PCL-12218,Wind-Solar Hybrid Energy Grid 1,Renewable / Solar Park,Rajasthan,Alwar,92.77,60,High,0.66,1,Disputed in Escrow,377,Declaration Published (Sec 19),Approved,91,0.56,Contested / Encroached,Moderate,209,0.286,2025-03-04,,480,1,26.138762,73.755729
PRJ-1053,PCL-12219,Haryana Clean Energy Hub Sector 5,Renewable / Solar Park,Haryana,Hisar,261.99,226,High,0.55,0,Partially Disbursed,140,Declaration Published (Sec 19),Approved,90,0.62,Full Possession,Moderate,90,0.535,2025-07-20,2026-04-06,260,1,28.160135,76.95238
PRJ-1219,PCL-12220,Aviation Logistics Runway Package 1,Airport Infrastructure,Haryana,Panipat,86.35,327,Very High,0.26,1,Partially Disbursed,64,Possession Taken (Sec 38),Approved,80,0.81,Contested / Encroached,Hostile / Legal Injunction,155,0.435,2023-09-03,2025-03-21,565,1,28.689547,77.418554
PRJ-1136,PCL-12221,Jaipur Lift Irrigation Main Canal Reach 5,Irrigation / Water Canal,Rajasthan,Jaipur,53.45,93,Medium,0.6,0,Pending Disbursal,117,Preliminary Notification (Sec 11),Approved,24,0.61,Substantial Possession (>70%),Moderate,248,0.524,2022-10-14,2023-05-10,208,1,24.540421,74.558348
PRJ-1248,PCL-12222,Command Area Distribution Network 1,Irrigation / Water Canal,Karnataka,Kalaburagi,12.89,26,Low,0.65,0,Fully Disbursed,0,Possession Taken (Sec 38),Under Scrutiny,180,0.59,Substantial Possession (>70%),High / Cooperative,267,0.552,2026-04-12,,150,1,16.490551,74.90256
PRJ-1121,PCL-12223,Haryana Inter-River Linking Canal Sector 3,Irrigation / Water Canal,Haryana,Panipat,15.4,11,Low,0.93,0,Partially Disbursed,99,Possession Taken (Sec 38),Under Scrutiny,96,0.67,Full Possession,Low / Resistant,258,0.618,2025-08-19,2026-01-01,135,1,30.121301,75.591283
PRJ-1177,PCL-12224,Command Area Distribution Network 5,Irrigation / Water Canal,Andhra Pradesh,Krishna,54.34,76,Medium,0.6,0,Partially Disbursed,165,Possession Taken (Sec 38),Approved,29,0.43,Partial Possession (30-70%),High / Cooperative,183,0.54,2025-09-30,,193,1,16.992198,81.815817
PRJ-1062,PCL-12225,Rajasthan Inter-River Linking Canal Sector 2,Irrigation / Water Canal,Rajasthan,Jaipur,87.68,88,Medium,0.78,0,Partially Disbursed,62,Declaration Published (Sec 19),Under Scrutiny,172,0.58,Full Possession,Low / Resistant,287,0.49,2024-09-07,2025-04-12,217,1,28.192335,74.588314
PRJ-1153,PCL-12226,Salem Ultra Mega Solar Park Unit 2,Renewable / Solar Park,Tamil Nadu,Salem,20.61,27,Low,0.95,0,Pending Disbursal,318,Preliminary Notification (Sec 11),Approved,60,0.54,Initial Stage (<30%),Low / Resistant,315,0.407,2026-11-14,,219,1,12.813842,77.367608
PRJ-1034,PCL-12227,Suburban Commuter Rapid Transit Line 3,Urban Metro / Transit,Haryana,Hisar,26.08,99,High,0.48,0,Pending Disbursal,226,Preliminary Notification (Sec 11),Under Scrutiny,154,0.73,Contested / Encroached,Moderate,262,0.263,2025-05-18,2026-01-16,243,1,29.870387,76.74314
PRJ-1155,PCL-12228,Andhra Pradesh Inter-River Linking Canal Sector 5,Irrigation / Water Canal,Andhra Pradesh,Guntur,15.61,11,Low,0.82,0,Pending Disbursal,269,Possession Taken (Sec 38),Approved,80,0.3,Contested / Encroached,High / Cooperative,235,0.363,2022-06-15,2022-10-17,124,1,15.992017,81.63068
PRJ-1146,PCL-12229,Dharwad Multi-Modal Logistics Park 4,Industrial Corridor / SEZ,Karnataka,Dharwad,94.17,109,Low,0.48,0,Fully Disbursed,0,Preliminary Notification (Sec 11),Approved,15,0.7,Initial Stage (<30%),High / Cooperative,253,0.608,2025-10-19,2025-11-27,39,0,15.93149,74.573164
PRJ-1126,PCL-12230,Uttar Pradesh Clean Energy Hub Sector 4,Renewable / Solar Park,Uttar Pradesh,Lucknow,45.91,92,Low,0.7,1,Pending Disbursal,355,Award Declared (Sec 23),Conditional Clearance,169,0.31,Initial Stage (<30%),Moderate,182,0.643,2024-09-28,2025-11-16,414,1,27.742326,82.293725
PRJ-1134,PCL-12231,Tamil Nadu Inter-River Linking Canal Sector 2,Irrigation / Water Canal,Tamil Nadu,Kanchipuram,31.85,36,Medium,0.86,0,Partially Disbursed,36,Declaration Published (Sec 19),Resubmission Required,137,0.82,Contested / Encroached,Low / Resistant,114,0.308,2026-05-04,2026-08-11,99,1,12.929081,79.805148
PRJ-1191,PCL-12232,Haryana Green Express Corridor Phase 4,Highway / Expressway,Haryana,Karnal,73.26,112,Low,0.7,0,Fully Disbursed,0,Award Declared (Sec 23),Approved,87,0.66,Partial Possession (30-70%),Moderate,195,0.337,2024-06-27,2024-07-04,7,0,29.095713,77.155009
PRJ-1067,PCL-12233,Sundargarh Cargo Terminal Expansion 2,Airport Infrastructure,Odisha,Sundargarh,32.17,104,Medium,0.74,0,Pending Disbursal,174,Declaration Published (Sec 19),Approved,101,0.64,Initial Stage (<30%),High / Cooperative,284,0.548,2024-02-16,2024-05-22,96,1,21.128334,85.664915
PRJ-1002,PCL-12234,Suburban Commuter Rapid Transit Line 1,Urban Metro / Transit,Madhya Pradesh,Bhopal,6.21,36,Medium,0.4,1,Disputed in Escrow,210,Declaration Published (Sec 19),Under Scrutiny,132,0.59,Partial Possession (30-70%),Hostile / Legal Injunction,207,0.136,2023-09-07,2024-11-16,436,1,26.355275,75.23785
PRJ-1061,PCL-12235,Kota Ultra Mega Solar Park Unit 3,Renewable / Solar Park,Rajasthan,Kota,55.61,79,Low,0.66,0,Fully Disbursed,0,Award Declared (Sec 23),Approved,55,0.53,Full Possession,Moderate,211,0.428,2026-08-16,,11,0,24.692266,76.800635
PRJ-1020,PCL-12236,Wind-Solar Hybrid Energy Grid 5,Renewable / Solar Park,Madhya Pradesh,Indore,38.03,59,Medium,0.57,1,Pending Disbursal,153,Preliminary Notification (Sec 11),Under Scrutiny,134,0.53,Contested / Encroached,Moderate,130,0.341,2025-08-31,2026-06-24,297,1,25.385479,79.484354
PRJ-1153,PCL-12237,Salem Ultra Mega Solar Park Unit 2,Renewable / Solar Park,Tamil Nadu,Salem,16.89,3,Medium,0.86,0,Partially Disbursed,82,Notification Pending,Conditional Clearance,194,0.53,Initial Stage (<30%),High / Cooperative,169,0.539,2026-11-14,2027-04-15,152,1,11.354335,79.247331
PRJ-1169,PCL-12238,Salem Metro Rail Extension Corridor 3,Urban Metro / Transit,Tamil Nadu,Salem,35.6,110,Low,0.69,1,Pending Disbursal,186,Notification Pending,Pending Environmental Clearance,159,0.73,Partial Possession (30-70%),Low / Resistant,252,0.178,2023-08-20,2024-08-20,366,1,11.719488,78.064994
PRJ-1068,PCL-12239,Maharashtra Inter-River Linking Canal Sector 2,Irrigation / Water Canal,Maharashtra,Pune,32.7,30,Low,0.89,1,Pending Disbursal,304,Notification Pending,Conditional Clearance,144,0.93,Initial Stage (<30%),Low / Resistant,150,0.26,2024-02-01,2024-11-07,280,1,19.751956,78.60567
PRJ-1174,PCL-12240,Command Area Distribution Network 1,Irrigation / Water Canal,Odisha,Angul,12.8,23,Low,0.74,0,Pending Disbursal,258,Award Declared (Sec 23),Approved,21,0.63,Initial Stage (<30%),High / Cooperative,257,0.086,2023-12-27,2024-01-08,12,0,21.088546,84.707932
PRJ-1174,PCL-12241,Command Area Distribution Network 1,Irrigation / Water Canal,Odisha,Angul,156.27,163,High,0.75,1,Disputed in Escrow,346,Preliminary Notification (Sec 11),Under Scrutiny,167,0.38,Substantial Possession (>70%),Low / Resistant,190,0.528,2023-12-27,2025-03-15,444,1,19.588722,85.96324
PRJ-1209,PCL-12242,Haryana Inter-River Linking Canal Sector 2,Irrigation / Water Canal,Haryana,Panipat,30.72,62,Low,0.91,1,Disputed in Escrow,357,Award Declared (Sec 23),Under Scrutiny,154,0.32,Contested / Encroached,Low / Resistant,200,0.59,2023-08-10,2024-11-12,460,1,29.758429,75.628035
PRJ-1189,PCL-12243,Haryana Green Express Corridor Phase 3,Highway / Expressway,Haryana,Gurugram,28.66,26,Low,0.78,0,Fully Disbursed,0,Possession Taken (Sec 38),Conditional Clearance,184,0.28,Full Possession,Moderate,252,0.378,2025-06-08,2025-07-17,39,0,30.116263,76.515777
PRJ-1255,PCL-12244,NH-50 Four-Laning Bypass Section 3,Highway / Expressway,Haryana,Hisar,73.41,114,Low,0.4,0,Fully Disbursed,0,Notification Pending,Approved,15,0.6,Initial Stage (<30%),Moderate,30,0.587,2024-02-23,2024-03-22,28,0,30.291052,76.065868
PRJ-1128,PCL-12245,Gujarat Green Express Corridor Phase 2,Highway / Expressway,Gujarat,Rajkot,85.47,52,Medium,0.59,0,Pending Disbursal,235,Notification Pending,Conditional Clearance,170,0.31,Initial Stage (<30%),Moderate,30,0.316,2025-04-05,2025-10-26,204,1,22.44933,71.117724
PRJ-1136,PCL-12246,Jaipur Lift Irrigation Main Canal Reach 5,Irrigation / Water Canal,Rajasthan,Jaipur,74.28,52,Medium,0.5,0,Partially Disbursed,155,Preliminary Notification (Sec 11),Approved,15,0.81,Substantial Possession (>70%),High / Cooperative,187,0.324,2022-10-14,2023-01-13,91,1,28.106901,76.038166
PRJ-1016,PCL-12247,Western Freight Corridor Spur Line 1,Railway & Freight Corridor,Tamil Nadu,Tiruchirappalli,77.03,99,Low,0.91,1,Pending Disbursal,169,Declaration Published (Sec 19),Under Scrutiny,130,0.45,Initial Stage (<30%),Moderate,140,0.289,2025-06-05,,192,1,12.712439,79.457222
PRJ-1033,PCL-12248,Bharatmala Economic Highway Ring 2,Highway / Expressway,Karnataka,Dharwad,34.97,71,Medium,0.73,1,Disputed in Escrow,506,Preliminary Notification (Sec 11),Approved,116,0.46,Partial Possession (30-70%),High / Cooperative,275,0.559,2023-12-06,2024-12-25,385,1,17.165378,77.164515
PRJ-1124,PCL-12249,Industrial Rail Siding Network 2,Railway & Freight Corridor,Haryana,Panipat,42.43,63,Low,0.64,0,Pending Disbursal,152,Possession Taken (Sec 38),Resubmission Required,151,0.71,Initial Stage (<30%),Moderate,213,0.85,2026-09-30,,239,1,29.946734,76.221065
PRJ-1248,PCL-12250,Command Area Distribution Network 1,Irrigation / Water Canal,Karnataka,Kalaburagi,136.21,169,High,0.77,1,Pending Disbursal,93,Award Declared (Sec 23),Resubmission Required,118,0.85,Contested / Encroached,Low / Resistant,222,0.255,2026-04-12,2026-12-15,247,1,15.976842,77.304058
PRJ-1027,PCL-12251,Jodhpur Multi-Modal Logistics Park 3,Industrial Corridor / SEZ,Rajasthan,Jodhpur,16.33,3,High,0.71,1,Disputed in Escrow,227,Notification Pending,Under Scrutiny,130,0.56,Partial Possession (30-70%),Low / Resistant,285,0.725,2024-08-31,2025-12-14,470,1,25.342294,71.5188
PRJ-1197,PCL-12252,Bharuch Cargo Terminal Expansion 1,Airport Infrastructure,Gujarat,Bharuch,18.38,50,Very High,0.91,1,Pending Disbursal,358,Notification Pending,Resubmission Required,154,0.69,Contested / Encroached,Hostile / Legal Injunction,309,0.241,2023-08-18,2024-12-30,500,1,23.622784,72.47512
PRJ-1180,PCL-12253,Agra Multi-Modal Logistics Park 2,Industrial Corridor / SEZ,Uttar Pradesh,Agra,6.22,2,Medium,0.96,0,Partially Disbursed,53,Preliminary Notification (Sec 11),Approved,57,0.57,Full Possession,Moderate,385,0.295,2024-01-28,2024-04-28,91,1,27.247181,78.181996
PRJ-1208,PCL-12254,Rajasthan Integrated Industrial Township 1,Industrial Corridor / SEZ,Rajasthan,Alwar,30.13,38,Medium,0.67,0,Pending Disbursal,311,Declaration Published (Sec 19),Under Scrutiny,164,0.6,Full Possession,Moderate,321,0.167,2025-07-21,2025-08-02,12,0,25.304156,71.244572
PRJ-1121,PCL-12255,Haryana Inter-River Linking Canal Sector 3,Irrigation / Water Canal,Haryana,Panipat,91.5,141,High,0.83,1,Pending Disbursal,198,Notification Pending,Approved,15,0.58,Contested / Encroached,Hostile / Legal Injunction,248,0.187,2025-08-19,,468,1,29.354024,76.758935
PRJ-1212,PCL-12256,NH-93 Four-Laning Bypass Section 5,Highway / Expressway,Karnataka,Dharwad,19.38,17,High,0.87,1,Disputed in Escrow,458,Declaration Published (Sec 19),Approved,27,0.63,Initial Stage (<30%),Hostile / Legal Injunction,165,0.216,2026-03-12,,408,1,16.337332,75.933286
PRJ-1208,PCL-12257,Rajasthan Integrated Industrial Township 1,Industrial Corridor / SEZ,Rajasthan,Alwar,18.28,8,High,0.74,0,Fully Disbursed,0,Notification Pending,Approved,15,0.62,Partial Possession (30-70%),Moderate,293,0.455,2025-07-21,2026-02-16,210,1,25.963845,73.886334
PRJ-1223,PCL-12258,Guntur Multi-Modal Logistics Park 3,Industrial Corridor / SEZ,Andhra Pradesh,Guntur,13.24,28,Low,0.35,0,Partially Disbursed,107,Award Declared (Sec 23),Under Scrutiny,162,0.64,Full Possession,High / Cooperative,122,0.392,2023-09-28,2024-02-12,137,1,15.838446,80.217482
PRJ-1229,PCL-12259,NH-92 Four-Laning Bypass Section 1,Highway / Expressway,Odisha,Angul,42.01,61,Medium,0.64,0,Partially Disbursed,115,Declaration Published (Sec 19),Approved,83,0.48,Full Possession,Moderate,252,0.652,2024-04-08,2025-01-13,280,1,21.275754,84.87608
PRJ-1207,PCL-12260,DMIC Special Investment Region Node 3,Industrial Corridor / SEZ,Madhya Pradesh,Gwalior,63.89,93,Low,0.44,1,Disputed in Escrow,568,Preliminary Notification (Sec 11),Conditional Clearance,100,0.24,Contested / Encroached,Moderate,370,0.425,2022-08-02,2023-09-02,396,1,23.418191,75.972705
PRJ-1138,PCL-12261,Gurugram Ultra Mega Solar Park Unit 2,Renewable / Solar Park,Haryana,Gurugram,44.02,48,Medium,0.69,1,Disputed in Escrow,518,Notification Pending,Approved,15,0.89,Substantial Possession (>70%),Moderate,196,0.334,2026-01-08,,398,1,29.887614,76.669385
PRJ-1070,PCL-12262,Command Area Distribution Network 1,Irrigation / Water Canal,Rajasthan,Jaipur,46.49,36,High,0.91,1,Pending Disbursal,228,Preliminary Notification (Sec 11),Resubmission Required,208,0.68,Initial Stage (<30%),Moderate,187,0.751,2025-08-31,2026-10-14,409,1,25.221675,74.355091
PRJ-1252,PCL-12263,Maharashtra Clean Energy Hub Sector 5,Renewable / Solar Park,Maharashtra,Solapur,67.32,134,Very High,0.75,1,Disputed in Escrow,583,Award Declared (Sec 23),Approved,37,0.73,Partial Possession (30-70%),Low / Resistant,222,0.429,2025-08-12,2026-10-02,416,1,20.717761,77.573802
PRJ-1231,PCL-12264,Suburban Commuter Rapid Transit Line 2,Urban Metro / Transit,Andhra Pradesh,Guntur,47.02,164,Very High,0.85,0,Partially Disbursed,173,Preliminary Notification (Sec 11),Approved,15,0.42,Substantial Possession (>70%),Moderate,251,0.642,2025-10-18,2026-07-09,264,1,16.965406,81.243458
PRJ-1203,PCL-12265,Rajasthan Inter-River Linking Canal Sector 5,Irrigation / Water Canal,Rajasthan,Jaipur,69.34,89,Medium,0.71,1,Disputed in Escrow,648,Declaration Published (Sec 19),Approved,58,0.8,Full Possession,Low / Resistant,226,0.701,2025-01-22,2026-03-10,412,1,26.853686,73.875967
PRJ-1223,PCL-12266,Guntur Multi-Modal Logistics Park 3,Industrial Corridor / SEZ,Andhra Pradesh,Guntur,43.38,77,Low,0.69,0,Disputed in Escrow,441,Possession Taken (Sec 38),Approved,27,0.51,Initial Stage (<30%),High / Cooperative,181,0.481,2023-09-28,2024-02-22,147,1,15.612579,82.375771
PRJ-1189,PCL-12267,Haryana Green Express Corridor Phase 3,Highway / Expressway,Haryana,Gurugram,62.91,58,Medium,0.7,0,Partially Disbursed,35,Award Declared (Sec 23),Approved,53,0.82,Substantial Possession (>70%),Moderate,194,0.548,2025-06-08,2025-10-10,124,1,28.379491,76.024165
PRJ-1164,PCL-12268,Karnal Metro Rail Extension Corridor 4,Urban Metro / Transit,Haryana,Karnal,91.62,195,Medium,0.79,0,Partially Disbursed,151,Possession Taken (Sec 38),Approved,15,0.54,Contested / Encroached,High / Cooperative,149,0.549,2024-09-29,2025-01-22,115,1,28.169189,75.716422
PRJ-1251,PCL-12269,Rajasthan Dedicated High-Speed Rail Segment 3,Railway & Freight Corridor,Rajasthan,Udaipur,8.83,9,Low,0.88,0,Fully Disbursed,0,Preliminary Notification (Sec 11),Pending Environmental Clearance,188,0.35,Partial Possession (30-70%),High / Cooperative,189,0.658,2026-05-18,2026-12-20,216,1,27.00512,75.131851
PRJ-1252,PCL-12270,Maharashtra Clean Energy Hub Sector 5,Renewable / Solar Park,Maharashtra,Solapur,26.23,30,Low,0.63,0,Pending Disbursal,241,Notification Pending,Conditional Clearance,133,0.86,Partial Possession (30-70%),High / Cooperative,132,0.448,2025-08-12,,191,1,18.175332,75.377234
PRJ-1068,PCL-12271,Maharashtra Inter-River Linking Canal Sector 2,Irrigation / Water Canal,Maharashtra,Pune,65.07,72,Medium,0.54,0,Fully Disbursed,0,Award Declared (Sec 23),Pending Environmental Clearance,163,0.46,Substantial Possession (>70%),High / Cooperative,271,0.472,2024-02-01,2024-07-27,177,1,19.421936,77.551059
PRJ-1160,PCL-12272,Rajasthan Dedicated High-Speed Rail Segment 4,Railway & Freight Corridor,Rajasthan,Kota,43.8,65,Medium,0.62,0,Fully Disbursed,0,Possession Taken (Sec 38),Approved,15,0.94,Substantial Possession (>70%),Moderate,349,0.33,2025-08-02,2025-11-22,112,1,28.195576,71.086811
PRJ-1072,PCL-12273,Western Freight Corridor Spur Line 3,Railway & Freight Corridor,Gujarat,Kutch,27.77,23,Low,0.45,0,Fully Disbursed,0,Possession Taken (Sec 38),Approved,63,0.84,Partial Possession (30-70%),Low / Resistant,136,0.612,2024-02-14,2024-09-18,217,1,21.365331,71.468943
PRJ-1126,PCL-12274,Uttar Pradesh Clean Energy Hub Sector 4,Renewable / Solar Park,Uttar Pradesh,Lucknow,17.23,8,High,0.41,1,Pending Disbursal,112,Declaration Published (Sec 19),Approved,87,0.81,Partial Possession (30-70%),Moderate,322,0.08,2024-09-28,2025-09-15,352,1,25.331128,78.731798
PRJ-1183,PCL-12275,Udaipur Cargo Terminal Expansion 5,Airport Infrastructure,Rajasthan,Udaipur,41.18,157,Medium,0.78,0,Fully Disbursed,0,Declaration Published (Sec 19),Pending Environmental Clearance,125,0.47,Partial Possession (30-70%),High / Cooperative,259,0.355,2025-10-17,2025-10-26,9,0,25.544911,71.180807
PRJ-1030,PCL-12276,Rajasthan Integrated Industrial Township 5,Industrial Corridor / SEZ,Rajasthan,Udaipur,27.15,33,Low,0.48,0,Pending Disbursal,313,Notification Pending,Under Scrutiny,152,0.68,Partial Possession (30-70%),Low / Resistant,176,0.662,2023-11-18,2024-12-01,379,1,24.683483,75.321737
PRJ-1237,PCL-12277,Aviation Logistics Runway Package 2,Airport Infrastructure,Odisha,Sundargarh,42.57,179,Low,0.86,0,Partially Disbursed,81,Declaration Published (Sec 19),Resubmission Required,135,0.7,Substantial Possession (>70%),Moderate,135,0.23,2023-06-26,2023-08-02,37,0,22.038025,86.136024
PRJ-1118,PCL-12278,Karnataka Integrated Industrial Township 2,Industrial Corridor / SEZ,Karnataka,Kalaburagi,89.63,65,High,0.77,1,Pending Disbursal,253,Preliminary Notification (Sec 11),Pending Environmental Clearance,175,0.91,Partial Possession (30-70%),Moderate,285,0.39,2024-03-17,2025-04-07,386,1,16.275179,77.490939
PRJ-1029,PCL-12279,Jodhpur Cargo Terminal Expansion 1,Airport Infrastructure,Rajasthan,Jodhpur,102.24,196,Very High,0.78,1,Partially Disbursed,75,Possession Taken (Sec 38),Under Scrutiny,138,0.59,Partial Possession (30-70%),Low / Resistant,89,0.507,2025-10-10,2026-10-31,386,1,27.994092,74.481922
PRJ-1170,PCL-12280,Maharashtra Clean Energy Hub Sector 1,Renewable / Solar Park,Maharashtra,Pune,12.54,2,Low,0.48,0,Pending Disbursal,255,Award Declared (Sec 23),Under Scrutiny,126,0.66,Full Possession,High / Cooperative,48,0.29,2027-03-09,,0,0,20.193725,76.720637
PRJ-1114,PCL-12281,NH-63 Four-Laning Bypass Section 3,Highway / Expressway,Odisha,Sundargarh,31.13,28,Low,0.74,1,Partially Disbursed,110,Possession Taken (Sec 38),Conditional Clearance,187,0.64,Partial Possession (30-70%),Hostile / Legal Injunction,135,0.426,2026-10-05,2027-09-12,342,1,20.04494,85.106647
PRJ-1028,PCL-12282,Command Area Distribution Network 1,Irrigation / Water Canal,Gujarat,Ahmedabad,38.71,79,Low,0.82,0,Partially Disbursed,144,Preliminary Notification (Sec 11),Under Scrutiny,159,0.82,Full Possession,Moderate,169,0.255,2024-07-23,2024-08-19,27,0,21.058405,72.65638
PRJ-1006,PCL-12283,Bhopal Multi-Modal Logistics Park 5,Industrial Corridor / SEZ,Madhya Pradesh,Bhopal,36.72,44,Low,0.76,0,Pending Disbursal,176,Notification Pending,Pending Environmental Clearance,222,0.45,Partial Possession (30-70%),High / Cooperative,145,0.501,2026-09-27,,176,1,25.695199,79.828822
PRJ-1241,PCL-12284,Western Freight Corridor Spur Line 3,Railway & Freight Corridor,Madhya Pradesh,Gwalior,73.79,133,Medium,0.36,1,Pending Disbursal,281,Preliminary Notification (Sec 11),Approved,90,0.22,Substantial Possession (>70%),Low / Resistant,255,0.297,2026-06-08,,428,1,22.457152,79.15844
PRJ-1123,PCL-12285,Bharatmala Economic Highway Ring 1,Highway / Expressway,Odisha,Angul,14.98,32,Medium,0.73,0,Partially Disbursed,126,Notification Pending,Conditional Clearance,93,0.41,Full Possession,Moderate,252,0.197,2026-01-15,,17,0,19.629369,85.943901
PRJ-1109,PCL-12286,Kurnool Ultra Mega Solar Park Unit 3,Renewable / Solar Park,Andhra Pradesh,Kurnool,91.13,127,Low,0.91,0,Partially Disbursed,41,Possession Taken (Sec 38),Approved,49,0.69,Partial Possession (30-70%),Moderate,211,0.544,2026-09-17,2026-11-13,57,0,18.428112,79.891385
PRJ-1182,PCL-12287,Western Freight Corridor Spur Line 4,Railway & Freight Corridor,Karnataka,Kalaburagi,34.66,39,Low,0.78,0,Partially Disbursed,127,Award Declared (Sec 23),Approved,15,0.75,Full Possession,Moderate,332,0.611,2026-02-12,,154,1,16.60737,77.683174
PRJ-1165,PCL-12288,Kutch Lift Irrigation Main Canal Reach 5,Irrigation / Water Canal,Gujarat,Kutch,13.64,33,Medium,0.67,0,Fully Disbursed,0,Declaration Published (Sec 19),Resubmission Required,181,0.79,Partial Possession (30-70%),Moderate,275,0.542,2025-04-02,2025-04-02,0,0,22.283598,71.921233
PRJ-1034,PCL-12289,Suburban Commuter Rapid Transit Line 3,Urban Metro / Transit,Haryana,Hisar,5.0,26,Low,0.76,0,Pending Disbursal,202,Possession Taken (Sec 38),Conditional Clearance,199,0.62,Initial Stage (<30%),High / Cooperative,76,0.257,2025-05-18,2025-08-17,91,1,28.341075,76.378609
PRJ-1002,PCL-12290,Suburban Commuter Rapid Transit Line 1,Urban Metro / Transit,Madhya Pradesh,Bhopal,10.9,13,Low,0.77,0,Partially Disbursed,73,Notification Pending,Approved,56,0.79,Initial Stage (<30%),High / Cooperative,210,0.729,2023-09-07,2023-09-23,16,0,25.634159,75.480356
PRJ-1237,PCL-12291,Aviation Logistics Runway Package 2,Airport Infrastructure,Odisha,Sundargarh,21.19,63,Low,0.4,0,Fully Disbursed,0,Possession Taken (Sec 38),Under Scrutiny,190,0.77,Initial Stage (<30%),Moderate,175,0.415,2023-06-26,2023-12-02,159,1,20.758842,85.375558
PRJ-1172,PCL-12292,Jaipur Cargo Terminal Expansion 1,Airport Infrastructure,Rajasthan,Jaipur,43.35,148,High,0.74,1,Pending Disbursal,193,Award Declared (Sec 23),Resubmission Required,115,0.43,Partial Possession (30-70%),Moderate,227,0.442,2025-01-01,2025-12-19,352,1,25.927931,74.920624
PRJ-1058,PCL-12293,Prayagraj Lift Irrigation Main Canal Reach 1,Irrigation / Water Canal,Uttar Pradesh,Prayagraj,42.24,26,Medium,0.88,0,Pending Disbursal,278,Possession Taken (Sec 38),Approved,19,0.47,Contested / Encroached,Moderate,256,0.422,2025-03-07,2025-03-28,21,0,28.417663,82.464151
PRJ-1236,PCL-12294,Faridabad Lift Irrigation Main Canal Reach 5,Irrigation / Water Canal,Haryana,Faridabad,29.27,57,Medium,0.86,1,Pending Disbursal,307,Possession Taken (Sec 38),Conditional Clearance,111,0.16,Contested / Encroached,High / Cooperative,218,0.162,2025-06-16,2026-03-16,273,1,29.962993,76.938153
PRJ-1243,PCL-12295,NH-64 Four-Laning Bypass Section 1,Highway / Expressway,Uttar Pradesh,Noida,9.43,13,Medium,0.95,0,Partially Disbursed,102,Possession Taken (Sec 38),Under Scrutiny,135,0.56,Full Possession,High / Cooperative,247,0.253,2027-03-14,2027-05-12,59,0,25.693065,80.973235
PRJ-1171,PCL-12296,Aviation Logistics Runway Package 2,Airport Infrastructure,Maharashtra,Nashik,14.41,46,Medium,0.78,0,Partially Disbursed,75,Award Declared (Sec 23),Approved,65,0.77,Full Possession,Moderate,159,0.438,2025-11-07,,110,1,19.948356,75.014128
PRJ-1195,PCL-12297,Visakhapatnam Ultra Mega Solar Park Unit 1,Renewable / Solar Park,Andhra Pradesh,Visakhapatnam,45.28,62,Low,0.83,1,Partially Disbursed,137,Notification Pending,Under Scrutiny,225,0.88,Partial Possession (30-70%),Moderate,53,0.503,2025-02-24,,371,1,17.975059,80.13635
PRJ-1040,PCL-12298,DMIC Special Investment Region Node 1,Industrial Corridor / SEZ,Tamil Nadu,Madurai,20.01,37,Low,0.82,0,Partially Disbursed,152,Award Declared (Sec 23),Approved,39,0.62,Full Possession,Moderate,166,0.434,2025-05-05,2025-09-22,140,1,10.384073,78.77085
PRJ-1088,PCL-12299,Prayagraj Cargo Terminal Expansion 1,Airport Infrastructure,Uttar Pradesh,Prayagraj,65.68,128,Medium,0.82,0,Fully Disbursed,0,Declaration Published (Sec 19),Under Scrutiny,103,0.62,Substantial Possession (>70%),High / Cooperative,223,0.358,2025-11-09,2025-12-09,30,0,25.231095,81.280404
PRJ-1149,PCL-12300,Wind-Solar Hybrid Energy Grid 1,Renewable / Solar Park,Madhya Pradesh,Ujjain,23.71,20,Very High,0.86,1,Partially Disbursed,142,Possession Taken (Sec 38),Under Scrutiny,157,0.33,Partial Possession (30-70%),Hostile / Legal Injunction,167,0.237,2026-01-31,2027-03-21,414,1,25.332438,75.832211
PRJ-1142,PCL-12301,Madhya Pradesh Integrated Industrial Township 1,Industrial Corridor / SEZ,Madhya Pradesh,Gwalior,49.67,63,High,0.91,1,Pending Disbursal,336,Possession Taken (Sec 38),Conditional Clearance,164,0.76,Contested / Encroached,Low / Resistant,148,0.425,2027-06-16,2028-07-31,411,1,25.066904,80.241143
PRJ-1105,PCL-12302,Rajasthan Green Express Corridor Phase 5,Highway / Expressway,Rajasthan,Kota,57.84,74,Low,0.63,0,Partially Disbursed,49,Preliminary Notification (Sec 11),Under Scrutiny,137,0.37,Substantial Possession (>70%),High / Cooperative,96,0.269,2023-06-01,2023-10-12,133,1,24.376322,71.790681
PRJ-1073,PCL-12303,Bharatmala Economic Highway Ring 1,Highway / Expressway,Uttar Pradesh,Noida,22.12,9,Low,0.62,0,Fully Disbursed,0,Award Declared (Sec 23),Under Scrutiny,117,0.46,Substantial Possession (>70%),High / Cooperative,150,0.517,2026-02-11,2026-03-16,33,0,28.109767,80.530907
PRJ-1132,PCL-12304,Tamil Nadu Green Express Corridor Phase 2,Highway / Expressway,Tamil Nadu,Tiruchirappalli,27.67,23,Medium,0.75,0,Fully Disbursed,0,Notification Pending,Under Scrutiny,161,0.45,Full Possession,Moderate,157,0.275,2024-07-28,2024-12-27,152,1,10.220069,78.837516
PRJ-1140,PCL-12305,Maharashtra Inter-River Linking Canal Sector 5,Irrigation / Water Canal,Maharashtra,Nagpur,74.01,104,Low,0.86,1,Disputed in Escrow,188,Award Declared (Sec 23),Approved,15,0.62,Initial Stage (<30%),Moderate,71,0.298,2023-08-20,2024-04-06,230,1,18.710705,78.955528
PRJ-1243,PCL-12306,NH-64 Four-Laning Bypass Section 1,Highway / Expressway,Uttar Pradesh,Noida,40.17,58,Medium,0.56,0,Fully Disbursed,0,Notification Pending,Conditional Clearance,104,0.5,Substantial Possession (>70%),High / Cooperative,240,0.439,2027-03-14,2027-04-25,42,0,25.935505,79.091938
PRJ-1059,PCL-12307,Bharatmala Economic Highway Ring 2,Highway / Expressway,Madhya Pradesh,Jabalpur,33.01,52,Medium,0.8,0,Pending Disbursal,197,Notification Pending,Approved,15,0.63,Substantial Possession (>70%),High / Cooperative,122,0.266,2026-07-14,,0,0,22.992163,76.045991
PRJ-1167,PCL-12308,Aviation Logistics Runway Package 4,Airport Infrastructure,Gujarat,Surat,172.98,340,High,0.51,0,Pending Disbursal,300,Award Declared (Sec 23),Conditional Clearance,151,0.53,Contested / Encroached,Moderate,130,0.565,2027-09-08,,311,1,23.128255,69.215368
PRJ-1172,PCL-12309,Jaipur Cargo Terminal Expansion 1,Airport Infrastructure,Rajasthan,Jaipur,10.27,47,Low,0.76,1,Partially Disbursed,94,Possession Taken (Sec 38),Under Scrutiny,183,0.58,Initial Stage (<30%),High / Cooperative,103,0.475,2025-01-01,,216,1,28.047803,72.724611
PRJ-1146,PCL-12310,Dharwad Multi-Modal Logistics Park 4,Industrial Corridor / SEZ,Karnataka,Dharwad,22.88,18,Medium,0.58,0,Fully Disbursed,0,Preliminary Notification (Sec 11),Pending Environmental Clearance,116,0.47,Partial Possession (30-70%),Moderate,193,0.408,2025-10-19,2025-11-22,34,0,12.569434,77.226907
PRJ-1133,PCL-12311,Urban Flyover & Transit Hub 2,Urban Metro / Transit,Madhya Pradesh,Jabalpur,48.86,157,High,0.77,1,Pending Disbursal,129,Preliminary Notification (Sec 11),Approved,75,0.69,Contested / Encroached,Low / Resistant,238,0.406,2023-10-11,2024-10-03,358,1,24.128051,75.367359
PRJ-1201,PCL-12312,Odisha Integrated Industrial Township 2,Industrial Corridor / SEZ,Odisha,Khurda,31.85,28,High,0.74,1,Disputed in Escrow,264,Award Declared (Sec 23),Under Scrutiny,151,0.8,Initial Stage (<30%),High / Cooperative,240,0.149,2024-08-23,2025-04-21,241,1,20.043703,84.410346
PRJ-1197,PCL-12313,Bharuch Cargo Terminal Expansion 1,Airport Infrastructure,Gujarat,Bharuch,50.62,132,Low,0.74,0,Pending Disbursal,261,Award Declared (Sec 23),Approved,50,0.67,Partial Possession (30-70%),Moderate,180,0.621,2023-08-18,2023-12-27,131,1,22.542326,73.033963
PRJ-1201,PCL-12314,Odisha Integrated Industrial Township 2,Industrial Corridor / SEZ,Odisha,Khurda,86.57,67,Low,0.64,0,Fully Disbursed,0,Possession Taken (Sec 38),Under Scrutiny,156,0.56,Initial Stage (<30%),Low / Resistant,252,0.357,2024-08-23,2025-04-04,224,1,20.485107,86.219771
PRJ-1225,PCL-12315,Sundargarh Greenfield International Airport Phase 3,Airport Infrastructure,Odisha,Sundargarh,21.08,53,Medium,0.82,1,Pending Disbursal,245,Notification Pending,Approved,39,0.76,Substantial Possession (>70%),High / Cooperative,186,0.545,2024-10-04,,243,1,21.231672,84.317041
PRJ-1053,PCL-12316,Haryana Clean Energy Hub Sector 5,Renewable / Solar Park,Haryana,Hisar,32.68,48,Medium,0.72,0,Fully Disbursed,0,Preliminary Notification (Sec 11),Approved,76,0.6,Substantial Possession (>70%),Moderate,258,0.427,2025-07-20,2026-01-27,191,1,29.610984,75.854062
PRJ-1098,PCL-12317,Jaipur Metro Rail Extension Corridor 4,Urban Metro / Transit,Rajasthan,Jaipur,28.71,59,Low,0.96,0,Fully Disbursed,0,Preliminary Notification (Sec 11),Approved,56,0.41,Full Possession,High / Cooperative,211,0.235,2024-08-24,2024-11-23,91,1,26.604146,72.728608
PRJ-1027,PCL-12318,Jodhpur Multi-Modal Logistics Park 3,Industrial Corridor / SEZ,Rajasthan,Jodhpur,133.83,138,Low,0.68,0,Pending Disbursal,290,Possession Taken (Sec 38),Approved,95,0.62,Partial Possession (30-70%),Moderate,101,0.363,2024-08-31,2025-05-12,254,1,26.774831,74.035924
PRJ-1076,PCL-12319,Nashik Cargo Terminal Expansion 1,Airport Infrastructure,Maharashtra,Nashik,76.63,236,Medium,0.85,0,Fully Disbursed,0,Notification Pending,Resubmission Required,199,0.9,Initial Stage (<30%),High / Cooperative,404,0.588,2026-03-11,2026-08-28,170,1,19.393718,79.062772
PRJ-1064,PCL-12320,Jabalpur Multi-Modal Logistics Park 2,Industrial Corridor / SEZ,Madhya Pradesh,Jabalpur,85.24,78,Low,0.84,0,Pending Disbursal,140,Declaration Published (Sec 19),Approved,16,0.62,Full Possession,High / Cooperative,146,0.394,2025-11-12,,91,1,26.433034,81.236646
PRJ-1207,PCL-12321,DMIC Special Investment Region Node 3,Industrial Corridor / SEZ,Madhya Pradesh,Gwalior,59.93,49,Very High,0.68,0,Pending Disbursal,96,Declaration Published (Sec 19),Approved,47,0.84,Partial Possession (30-70%),Moderate,154,0.372,2022-08-02,2023-04-02,243,1,25.696814,78.46517
PRJ-1129,PCL-12322,Thane Metro Rail Extension Corridor 4,Urban Metro / Transit,Maharashtra,Thane,96.45,281,Low,0.76,0,Fully Disbursed,0,Declaration Published (Sec 19),Approved,15,0.63,Initial Stage (<30%),High / Cooperative,241,0.475,2026-07-27,2026-09-04,39,0,19.194154,79.083085
PRJ-1082,PCL-12323,Kota Greenfield International Airport Phase 1,Airport Infrastructure,Rajasthan,Kota,129.77,486,Very High,0.65,1,Disputed in Escrow,496,Declaration Published (Sec 19),Under Scrutiny,176,0.43,Initial Stage (<30%),Low / Resistant,160,0.297,2024-03-28,2025-05-13,411,1,25.113663,73.55108
PRJ-1253,PCL-12324,Suburban Commuter Rapid Transit Line 1,Urban Metro / Transit,Odisha,Jajpur,49.77,148,Medium,0.81,1,Pending Disbursal,345,Possession Taken (Sec 38),Pending Environmental Clearance,115,0.76,Substantial Possession (>70%),High / Cooperative,147,0.229,2023-07-06,2024-06-01,331,1,21.213458,86.506808
PRJ-1174,PCL-12325,Command Area Distribution Network 1,Irrigation / Water Canal,Odisha,Angul,179.94,285,Low,0.51,0,Pending Disbursal,279,Preliminary Notification (Sec 11),Approved,68,0.19,Initial Stage (<30%),Moderate,171,0.113,2023-12-27,2024-02-11,46,0,20.014043,84.838704
PRJ-1253,PCL-12326,Suburban Commuter Rapid Transit Line 1,Urban Metro / Transit,Odisha,Jajpur,6.04,23,High,0.62,1,Pending Disbursal,238,Preliminary Notification (Sec 11),Approved,15,0.53,Contested / Encroached,High / Cooperative,249,0.165,2023-07-06,2023-08-16,41,0,22.062976,84.44053
PRJ-1107,PCL-12327,Urban Flyover & Transit Hub 3,Urban Metro / Transit,Rajasthan,Udaipur,34.27,127,High,0.92,1,Partially Disbursed,171,Award Declared (Sec 23),Under Scrutiny,128,0.78,Partial Possession (30-70%),Hostile / Legal Injunction,212,0.668,2026-11-18,2028-05-25,554,1,26.661522,73.913837
PRJ-1087,PCL-12328,Command Area Distribution Network 2,Irrigation / Water Canal,Tamil Nadu,Kanchipuram,8.69,26,Medium,0.73,0,Fully Disbursed,0,Possession Taken (Sec 38),Under Scrutiny,108,0.69,Substantial Possession (>70%),High / Cooperative,207,0.468,2022-11-13,2023-03-16,123,1,12.253121,78.634997
PRJ-1021,PCL-12329,Karnataka Integrated Industrial Township 3,Industrial Corridor / SEZ,Karnataka,Belagavi,15.75,11,High,0.71,1,Partially Disbursed,124,Notification Pending,Approved,38,0.21,Contested / Encroached,Low / Resistant,308,0.678,2025-09-25,2027-03-25,546,1,13.893566,76.632283
PRJ-1096,PCL-12330,Mysuru Ultra Mega Solar Park Unit 1,Renewable / Solar Park,Karnataka,Mysuru,127.62,137,Low,0.65,1,Fully Disbursed,0,Possession Taken (Sec 38),Resubmission Required,109,0.64,Contested / Encroached,High / Cooperative,144,0.391,2024-12-22,2025-07-04,194,1,15.854864,76.632562
PRJ-1004,PCL-12331,Maharashtra Inter-River Linking Canal Sector 3,Irrigation / Water Canal,Maharashtra,Nagpur,34.83,51,Low,0.69,0,Partially Disbursed,132,Declaration Published (Sec 19),Conditional Clearance,94,0.73,Substantial Possession (>70%),High / Cooperative,167,0.524,2024-04-03,2024-04-10,7,0,20.147321,76.580103
PRJ-1213,PCL-12332,Uttar Pradesh Green Express Corridor Phase 3,Highway / Expressway,Uttar Pradesh,Agra,64.52,87,Low,0.97,0,Fully Disbursed,0,Award Declared (Sec 23),Under Scrutiny,137,0.59,Partial Possession (30-70%),High / Cooperative,219,0.614,2026-11-07,,16,0,25.475836,78.431741
PRJ-1190,PCL-12333,NH-58 Four-Laning Bypass Section 2,Highway / Expressway,Madhya Pradesh,Jabalpur,65.63,69,High,0.47,1,Pending Disbursal,124,Award Declared (Sec 23),Approved,40,0.64,Initial Stage (<30%),Moderate,215,0.449,2023-03-13,2024-04-08,392,1,24.613876,77.20454
PRJ-1182,PCL-12334,Western Freight Corridor Spur Line 4,Railway & Freight Corridor,Karnataka,Kalaburagi,26.41,55,Low,0.68,0,Fully Disbursed,0,Declaration Published (Sec 19),Resubmission Required,95,0.57,Partial Possession (30-70%),Moderate,297,0.66,2026-02-12,2026-09-09,209,1,13.087696,76.942508
PRJ-1183,PCL-12335,Udaipur Cargo Terminal Expansion 5,Airport Infrastructure,Rajasthan,Udaipur,11.77,46,Medium,0.61,0,Partially Disbursed,66,Declaration Published (Sec 19),Approved,76,0.42,Full Possession,High / Cooperative,129,0.498,2025-10-17,2025-10-17,0,0,27.280192,71.107917
PRJ-1258,PCL-12336,Odisha Integrated Industrial Township 2,Industrial Corridor / SEZ,Odisha,Cuttack,12.47,11,Low,0.76,0,Pending Disbursal,178,Declaration Published (Sec 19),Under Scrutiny,133,0.38,Substantial Possession (>70%),Moderate,198,0.576,2024-03-08,2024-10-06,212,1,21.5958,85.308529
PRJ-1042,PCL-12337,Industrial Rail Siding Network 1,Railway & Freight Corridor,Gujarat,Bharuch,48.31,77,High,0.91,1,Partially Disbursed,108,Possession Taken (Sec 38),Conditional Clearance,140,0.7,Contested / Encroached,Low / Resistant,250,0.655,2023-08-16,2024-07-04,323,1,22.32991,72.952109
PRJ-1072,PCL-12338,Western Freight Corridor Spur Line 3,Railway & Freight Corridor,Gujarat,Kutch,74.95,150,Medium,0.77,0,Fully Disbursed,0,Possession Taken (Sec 38),Pending Environmental Clearance,125,0.6,Full Possession,High / Cooperative,248,0.122,2024-02-14,2024-05-15,91,1,23.817231,69.578023
PRJ-1106,PCL-12339,Madhya Pradesh Green Express Corridor Phase 1,Highway / Expressway,Madhya Pradesh,Jabalpur,36.2,76,Very High,0.56,1,Partially Disbursed,140,Award Declared (Sec 23),Conditional Clearance,136,0.56,Initial Stage (<30%),Low / Resistant,263,0.661,2023-05-03,2024-09-19,505,1,23.099864,81.373358
PRJ-1014,PCL-12340,Surat Lift Irrigation Main Canal Reach 4,Irrigation / Water Canal,Gujarat,Surat,26.23,42,Medium,0.85,0,Fully Disbursed,0,Award Declared (Sec 23),Conditional Clearance,149,0.34,Partial Possession (30-70%),High / Cooperative,30,0.336,2024-03-14,2024-04-05,22,0,21.127578,72.631772
PRJ-1067,PCL-12341,Sundargarh Cargo Terminal Expansion 2,Airport Infrastructure,Odisha,Sundargarh,58.35,96,Low,0.78,0,Fully Disbursed,0,Award Declared (Sec 23),Resubmission Required,155,0.33,Full Possession,Moderate,347,0.562,2024-02-16,2024-03-06,19,0,19.726078,84.463278
PRJ-1241,PCL-12342,Western Freight Corridor Spur Line 3,Railway & Freight Corridor,Madhya Pradesh,Gwalior,50.79,75,Low,0.76,0,Partially Disbursed,32,Declaration Published (Sec 19),Under Scrutiny,149,0.7,Initial Stage (<30%),High / Cooperative,177,0.519,2026-06-08,2026-12-29,204,1,24.395019,79.155789
PRJ-1254,PCL-12343,NH-50 Four-Laning Bypass Section 4,Highway / Expressway,Andhra Pradesh,Krishna,14.77,17,Low,0.86,0,Pending Disbursal,100,Award Declared (Sec 23),Conditional Clearance,111,0.81,Full Possession,High / Cooperative,209,0.763,2026-03-16,2026-06-15,91,1,15.175576,81.59876
PRJ-1103,PCL-12344,Command Area Distribution Network 4,Irrigation / Water Canal,Madhya Pradesh,Bhopal,42.5,43,Medium,0.41,1,Disputed in Escrow,569,Declaration Published (Sec 19),Under Scrutiny,79,0.18,Substantial Possession (>70%),Low / Resistant,165,0.68,2023-04-22,2024-10-09,536,1,22.586618,77.20186
PRJ-1183,PCL-12345,Udaipur Cargo Terminal Expansion 5,Airport Infrastructure,Rajasthan,Udaipur,27.36,99,Low,0.6,0,Partially Disbursed,163,Notification Pending,Pending Environmental Clearance,133,0.3,Substantial Possession (>70%),High / Cooperative,175,0.238,2025-10-17,2025-11-10,24,0,25.912358,76.127689
PRJ-1233,PCL-12346,Suburban Commuter Rapid Transit Line 2,Urban Metro / Transit,Uttar Pradesh,Noida,9.59,21,Medium,0.79,0,Partially Disbursed,49,Declaration Published (Sec 19),Conditional Clearance,179,0.33,Substantial Possession (>70%),High / Cooperative,154,0.454,2026-03-13,2026-06-13,92,1,26.719762,80.621053
PRJ-1115,PCL-12347,Wind-Solar Hybrid Energy Grid 4,Renewable / Solar Park,Madhya Pradesh,Jabalpur,16.08,23,Low,0.61,0,Fully Disbursed,0,Preliminary Notification (Sec 11),Under Scrutiny,113,0.21,Full Possession,Moderate,182,0.489,2023-05-31,2023-06-08,8,0,24.754786,79.166628
PRJ-1210,PCL-12348,Aviation Logistics Runway Package 3,Airport Infrastructure,Rajasthan,Jaipur,21.93,41,Medium,0.83,0,Fully Disbursed,0,Notification Pending,Under Scrutiny,150,0.3,Partial Possession (30-70%),High / Cooperative,137,0.51,2023-07-12,2023-11-10,121,1,26.25,74.0
PRJ-1207,PCL-12349,DMIC Special Investment Region Node 3,Industrial Corridor / SEZ,Madhya Pradesh,Gwalior,5.0,4,Medium,0.87,0,Partially Disbursed,111,Notification Pending,Approved,92,0.21,Full Possession,Moderate,351,0.08,2022-08-02,2023-03-08,218,1,25.476982,79.708652
PRJ-1167,PCL-12350,Aviation Logistics Runway Package 4,Airport Infrastructure,Gujarat,Surat,84.46,157,High,0.84,1,Partially Disbursed,90,Notification Pending,Approved,17,0.79,Substantial Possession (>70%),Moderate,145,0.681,2027-09-08,2028-08-26,353,1,21.741435,70.77171
PRJ-1211,PCL-12351,Command Area Distribution Network 2,Irrigation / Water Canal,Tamil Nadu,Coimbatore,13.44,13,Medium,0.8,0,Partially Disbursed,49,Award Declared (Sec 23),Approved,97,0.67,Substantial Possession (>70%),High / Cooperative,227,0.513,2023-06-29,2023-08-07,39,0,10.324873,78.023442
PRJ-1029,PCL-12352,Jodhpur Cargo Terminal Expansion 1,Airport Infrastructure,Rajasthan,Jodhpur,27.91,86,Low,0.84,0,Fully Disbursed,0,Award Declared (Sec 23),Pending Environmental Clearance,101,0.73,Partial Possession (30-70%),High / Cooperative,339,0.665,2025-10-10,2025-11-20,41,0,26.25,74.0
PRJ-1212,PCL-12353,NH-93 Four-Laning Bypass Section 5,Highway / Expressway,Karnataka,Dharwad,32.85,33,Medium,0.6,0,Pending Disbursal,159,Preliminary Notification (Sec 11),Conditional Clearance,194,0.75,Full Possession,Hostile / Legal Injunction,167,0.532,2026-03-12,2027-02-08,333,1,14.784559,76.78534
PRJ-1005,PCL-12354,Ahmedabad Multi-Modal Logistics Park 3,Industrial Corridor / SEZ,Gujarat,Ahmedabad,11.59,17,Low,0.76,1,Partially Disbursed,74,Award Declared (Sec 23),Approved,30,0.76,Initial Stage (<30%),Moderate,215,0.146,2025-05-08,2025-12-29,235,1,23.734144,69.145322
PRJ-1008,PCL-12355,Western Freight Corridor Spur Line 3,Railway & Freight Corridor,Rajasthan,Udaipur,29.4,38,Low,0.95,0,Fully Disbursed,0,Possession Taken (Sec 38),Approved,28,0.53,Substantial Possession (>70%),Moderate,256,0.481,2026-10-15,,0,0,27.977021,72.698983
PRJ-1222,PCL-12356,DMIC Special Investment Region Node 4,Industrial Corridor / SEZ,Uttar Pradesh,Kanpur,66.65,116,Very High,0.86,1,Pending Disbursal,330,Preliminary Notification (Sec 11),Approved,32,0.84,Full Possession,High / Cooperative,280,0.37,2025-08-20,2026-07-20,334,1,25.478682,79.62866
PRJ-1008,PCL-12357,Western Freight Corridor Spur Line 3,Railway & Freight Corridor,Rajasthan,Udaipur,66.17,92,Low,0.94,0,Partially Disbursed,37,Possession Taken (Sec 38),Approved,32,0.72,Full Possession,High / Cooperative,232,0.491,2026-10-15,2026-10-30,15,0,25.066094,71.976478
PRJ-1248,PCL-12358,Command Area Distribution Network 1,Irrigation / Water Canal,Karnataka,Kalaburagi,93.45,154,High,0.57,1,Partially Disbursed,88,Notification Pending,Resubmission Required,114,0.3,Contested / Encroached,Low / Resistant,242,0.425,2026-04-12,2027-07-11,455,1,15.770616,75.370375
PRJ-1257,PCL-12359,Haryana Dedicated High-Speed Rail Segment 4,Railway & Freight Corridor,Haryana,Faridabad,74.25,65,High,0.6,1,Pending Disbursal,360,Preliminary Notification (Sec 11),Approved,46,0.5,Contested / Encroached,Moderate,86,0.336,2027-01-06,,266,1,30.290397,76.63949
PRJ-1219,PCL-12360,Aviation Logistics Runway Package 1,Airport Infrastructure,Haryana,Panipat,121.18,221,Low,0.76,0,Fully Disbursed,0,Award Declared (Sec 23),Approved,72,0.67,Partial Possession (30-70%),High / Cooperative,293,0.29,2023-09-03,2023-09-22,19,0,29.892729,76.097983
PRJ-1189,PCL-12361,Haryana Green Express Corridor Phase 3,Highway / Expressway,Haryana,Gurugram,13.34,27,Low,0.9,0,Partially Disbursed,80,Declaration Published (Sec 19),Approved,23,0.35,Substantial Possession (>70%),High / Cooperative,142,0.423,2025-06-08,2025-06-25,17,0,29.477226,77.25532
PRJ-1170,PCL-12362,Maharashtra Clean Energy Hub Sector 1,Renewable / Solar Park,Maharashtra,Pune,39.17,41,Medium,0.53,0,Pending Disbursal,222,Preliminary Notification (Sec 11),Under Scrutiny,170,0.89,Substantial Possession (>70%),High / Cooperative,280,0.682,2027-03-09,2027-04-21,43,0,18.658956,73.933663
PRJ-1071,PCL-12363,Maharashtra Dedicated High-Speed Rail Segment 1,Railway & Freight Corridor,Maharashtra,Pune,158.33,113,Medium,0.42,1,Disputed in Escrow,364,Declaration Published (Sec 19),Approved,20,0.29,Contested / Encroached,Low / Resistant,337,0.193,2024-08-01,2025-11-15,471,1,18.130527,73.124114
PRJ-1084,PCL-12364,Andhra Pradesh Inter-River Linking Canal Sector 3,Irrigation / Water Canal,Andhra Pradesh,Guntur,52.09,110,Medium,0.82,0,Fully Disbursed,0,Declaration Published (Sec 19),Under Scrutiny,151,0.46,Partial Possession (30-70%),Low / Resistant,199,0.549,2024-10-17,2025-08-04,291,1,16.895607,80.126775
PRJ-1064,PCL-12365,Jabalpur Multi-Modal Logistics Park 2,Industrial Corridor / SEZ,Madhya Pradesh,Jabalpur,18.6,19,Medium,0.88,0,Fully Disbursed,0,Declaration Published (Sec 19),Approved,95,0.38,Partial Possession (30-70%),Moderate,257,0.388,2025-11-12,2025-11-27,15,0,25.713085,75.745474
PRJ-1169,PCL-12366,Salem Metro Rail Extension Corridor 3,Urban Metro / Transit,Tamil Nadu,Salem,13.31,64,High,0.69,1,Pending Disbursal,278,Preliminary Notification (Sec 11),Under Scrutiny,95,0.62,Partial Possession (30-70%),Low / Resistant,204,0.813,2023-08-20,2024-11-07,445,1,10.619584,78.409624
PRJ-1160,PCL-12367,Rajasthan Dedicated High-Speed Rail Segment 4,Railway & Freight Corridor,Rajasthan,Kota,105.03,86,Low,0.89,0,Pending Disbursal,351,Preliminary Notification (Sec 11),Under Scrutiny,108,0.89,Contested / Encroached,Moderate,312,0.38,2025-08-02,2025-08-26,24,0,28.306943,72.129537
PRJ-1088,PCL-12368,Prayagraj Cargo Terminal Expansion 1,Airport Infrastructure,Uttar Pradesh,Prayagraj,59.7,93,High,0.6,0,Partially Disbursed,160,Preliminary Notification (Sec 11),Under Scrutiny,153,0.59,Initial Stage (<30%),Moderate,371,0.461,2025-11-09,2026-07-04,237,1,26.777144,78.213403
PRJ-1109,PCL-12369,Kurnool Ultra Mega Solar Park Unit 3,Renewable / Solar Park,Andhra Pradesh,Kurnool,25.44,42,High,0.83,1,Disputed in Escrow,432,Possession Taken (Sec 38),Under Scrutiny,121,0.62,Partial Possession (30-70%),Moderate,188,0.341,2026-09-17,2027-09-16,364,1,15.637134,81.912977
PRJ-1136,PCL-12370,Jaipur Lift Irrigation Main Canal Reach 5,Irrigation / Water Canal,Rajasthan,Jaipur,52.61,54,Low,0.82,0,Fully Disbursed,0,Notification Pending,Pending Environmental Clearance,146,0.76,Initial Stage (<30%),High / Cooperative,449,0.526,2022-10-14,2022-11-01,18,0,27.545024,72.497164
PRJ-1223,PCL-12371,Guntur Multi-Modal Logistics Park 3,Industrial Corridor / SEZ,Andhra Pradesh,Guntur,31.67,43,High,0.61,1,Pending Disbursal,270,Award Declared (Sec 23),Under Scrutiny,102,0.45,Partial Possession (30-70%),Hostile / Legal Injunction,178,0.607,2023-09-28,2025-04-07,557,1,14.603986,81.684406
PRJ-1072,PCL-12372,Western Freight Corridor Spur Line 3,Railway & Freight Corridor,Gujarat,Kutch,15.12,8,Medium,0.37,1,Disputed in Escrow,554,Declaration Published (Sec 19),Under Scrutiny,146,0.49,Full Possession,Hostile / Legal Injunction,177,0.252,2024-02-14,2025-07-23,525,1,21.401722,72.948193
PRJ-1031,PCL-12373,Command Area Distribution Network 1,Irrigation / Water Canal,Maharashtra,Aurangabad,14.36,30,High,0.63,0,Fully Disbursed,0,Preliminary Notification (Sec 11),Approved,41,0.62,Full Possession,High / Cooperative,210,0.725,2023-05-22,2023-06-30,39,0,19.713164,79.396511
PRJ-1185,PCL-12374,Bhopal Ultra Mega Solar Park Unit 2,Renewable / Solar Park,Madhya Pradesh,Bhopal,31.63,35,Medium,0.46,0,Partially Disbursed,85,Declaration Published (Sec 19),Approved,15,0.37,Substantial Possession (>70%),High / Cooperative,274,0.675,2026-11-26,2027-05-20,175,1,24.991087,80.763637
PRJ-1153,PCL-12375,Salem Ultra Mega Solar Park Unit 2,Renewable / Solar Park,Tamil Nadu,Salem,7.07,15,Medium,0.83,0,Partially Disbursed,176,Award Declared (Sec 23),Approved,107,0.65,Initial Stage (<30%),Low / Resistant,412,0.779,2026-11-14,2027-10-06,326,1,10.388186,79.017326
PRJ-1256,PCL-12376,Tamil Nadu Integrated Industrial Township 5,Industrial Corridor / SEZ,Tamil Nadu,Coimbatore,105.2,125,Low,0.84,1,Disputed in Escrow,638,Award Declared (Sec 23),Conditional Clearance,153,0.55,Partial Possession (30-70%),Low / Resistant,214,0.49,2023-11-21,2025-03-02,467,1,11.25,78.6
PRJ-1260,PCL-12377,Aviation Logistics Runway Package 4,Airport Infrastructure,Uttar Pradesh,Noida,81.3,290,High,0.74,0,Partially Disbursed,66,Possession Taken (Sec 38),Conditional Clearance,200,0.67,Substantial Possession (>70%),Low / Resistant,241,0.3,2025-05-02,,332,1,28.027878,78.985824
PRJ-1144,PCL-12378,Urban Flyover & Transit Hub 5,Urban Metro / Transit,Uttar Pradesh,Noida,38.43,119,Low,0.73,0,Partially Disbursed,56,Possession Taken (Sec 38),Approved,93,0.22,Partial Possession (30-70%),Low / Resistant,176,0.398,2026-01-13,2026-08-25,224,1,28.117599,78.921568
PRJ-1142,PCL-12379,Madhya Pradesh Integrated Industrial Township 1,Industrial Corridor / SEZ,Madhya Pradesh,Gwalior,66.32,120,Low,0.9,1,Pending Disbursal,208,Notification Pending,Approved,15,0.85,Substantial Possession (>70%),High / Cooperative,132,0.474,2027-06-16,,227,1,26.355374,76.830256
PRJ-1070,PCL-12380,Command Area Distribution Network 1,Irrigation / Water Canal,Rajasthan,Jaipur,20.33,32,Medium,0.77,0,Fully Disbursed,0,Award Declared (Sec 23),Under Scrutiny,142,0.6,Full Possession,High / Cooperative,312,0.282,2025-08-31,2025-08-31,0,0,27.162338,75.797476
PRJ-1070,PCL-12381,Command Area Distribution Network 1,Irrigation / Water Canal,Rajasthan,Jaipur,146.91,187,High,0.66,1,Partially Disbursed,97,Declaration Published (Sec 19),Pending Environmental Clearance,102,0.51,Partial Possession (30-70%),Moderate,307,0.359,2025-08-31,2026-09-01,366,1,25.996355,76.544391
PRJ-1100,PCL-12382,Industrial Rail Siding Network 4,Railway & Freight Corridor,Rajasthan,Udaipur,11.51,2,Very High,0.8,1,Pending Disbursal,130,Award Declared (Sec 23),Approved,15,0.12,Full Possession,Low / Resistant,199,0.674,2023-10-04,2024-12-24,447,1,27.268199,71.835843
PRJ-1251,PCL-12383,Rajasthan Dedicated High-Speed Rail Segment 3,Railway & Freight Corridor,Rajasthan,Udaipur,42.32,47,High,0.64,0,Partially Disbursed,128,Notification Pending,Under Scrutiny,183,0.83,Substantial Possession (>70%),Low / Resistant,190,0.469,2026-05-18,2027-04-13,330,1,25.990499,72.024291
PRJ-1111,PCL-12384,Kalaburagi Multi-Modal Logistics Park 4,Industrial Corridor / SEZ,Karnataka,Kalaburagi,40.61,91,Medium,0.65,1,Partially Disbursed,173,Notification Pending,Under Scrutiny,122,0.19,Substantial Possession (>70%),High / Cooperative,178,0.166,2026-12-07,,269,1,16.835473,74.768506
PRJ-1186,PCL-12385,Surat Cargo Terminal Expansion 3,Airport Infrastructure,Gujarat,Surat,24.57,93,Medium,0.6,0,Fully Disbursed,0,Declaration Published (Sec 19),Under Scrutiny,174,0.8,Contested / Encroached,Moderate,161,0.327,2026-06-10,2026-06-17,7,0,21.200045,71.789866
PRJ-1044,PCL-12386,Urban Flyover & Transit Hub 2,Urban Metro / Transit,Madhya Pradesh,Jabalpur,16.47,22,Very High,0.47,0,Partially Disbursed,125,Notification Pending,Under Scrutiny,166,0.77,Initial Stage (<30%),Moderate,184,0.352,2023-04-08,2023-12-24,260,1,25.315138,78.360043
PRJ-1077,PCL-12387,Industrial Rail Siding Network 5,Railway & Freight Corridor,Uttar Pradesh,Kanpur,20.7,16,Low,0.79,1,Disputed in Escrow,424,Preliminary Notification (Sec 11),Pending Environmental Clearance,97,0.83,Contested / Encroached,High / Cooperative,189,0.714,2027-04-12,2027-12-26,258,1,26.450715,81.917382
PRJ-1143,PCL-12388,Gujarat Inter-River Linking Canal Sector 1,Irrigation / Water Canal,Gujarat,Rajkot,22.11,43,Medium,0.74,0,Fully Disbursed,0,Declaration Published (Sec 19),Approved,38,0.42,Full Possession,Moderate,423,0.126,2024-12-10,2024-12-14,4,0,22.056792,70.129368
PRJ-1238,PCL-12389,Western Freight Corridor Spur Line 2,Railway & Freight Corridor,Andhra Pradesh,Nellore,78.14,75,High,0.4,1,Fully Disbursed,0,Notification Pending,Under Scrutiny,178,0.28,Substantial Possession (>70%),High / Cooperative,249,0.324,2026-02-25,,408,1,18.212735,78.61344
PRJ-1145,PCL-12390,Urban Flyover & Transit Hub 4,Urban Metro / Transit,Tamil Nadu,Tiruchirappalli,35.69,59,Very High,0.68,1,Partially Disbursed,36,Preliminary Notification (Sec 11),Approved,15,0.9,Initial Stage (<30%),Low / Resistant,165,0.441,2024-06-07,2025-06-09,367,1,12.742461,78.491057
PRJ-1179,PCL-12391,Vadodara Greenfield International Airport Phase 5,Airport Infrastructure,Gujarat,Vadodara,26.51,66,Medium,0.34,0,Partially Disbursed,177,Preliminary Notification (Sec 11),Approved,93,0.82,Full Possession,Moderate,184,0.53,2024-08-04,2025-01-10,159,1,22.545456,72.488028
PRJ-1225,PCL-12392,Sundargarh Greenfield International Airport Phase 3,Airport Infrastructure,Odisha,Sundargarh,5.0,15,Low,0.78,0,Partially Disbursed,116,Preliminary Notification (Sec 11),Under Scrutiny,139,0.79,Full Possession,High / Cooperative,237,0.505,2024-10-04,,21,0,20.007536,84.719891
PRJ-1158,PCL-12393,Urban Flyover & Transit Hub 3,Urban Metro / Transit,Haryana,Karnal,83.66,288,Medium,0.64,0,Partially Disbursed,96,Possession Taken (Sec 38),Approved,69,0.66,Substantial Possession (>70%),Moderate,181,0.482,2023-09-14,2024-03-31,199,1,29.953752,77.295831
PRJ-1100,PCL-12394,Industrial Rail Siding Network 4,Railway & Freight Corridor,Rajasthan,Udaipur,287.32,263,High,0.48,1,Disputed in Escrow,546,Possession Taken (Sec 38),Approved,63,0.41,Contested / Encroached,Moderate,319,0.578,2023-10-04,2025-03-01,514,1,28.137894,74.618167
PRJ-1215,PCL-12395,Command Area Distribution Network 2,Irrigation / Water Canal,Uttar Pradesh,Agra,28.46,45,Medium,0.7,0,Fully Disbursed,0,Award Declared (Sec 23),Under Scrutiny,244,0.7,Initial Stage (<30%),Moderate,314,0.512,2025-11-23,2026-06-30,219,1,26.966375,82.02319
PRJ-1224,PCL-12396,Vadodara Multi-Modal Logistics Park 2,Industrial Corridor / SEZ,Gujarat,Vadodara,14.13,23,High,0.52,1,Disputed in Escrow,410,Notification Pending,Under Scrutiny,194,0.38,Partial Possession (30-70%),Low / Resistant,225,0.42,2024-02-02,2025-06-17,501,1,22.377418,69.715439
PRJ-1027,PCL-12397,Jodhpur Multi-Modal Logistics Park 3,Industrial Corridor / SEZ,Rajasthan,Jodhpur,49.97,78,High,0.7,0,Fully Disbursed,0,Notification Pending,Under Scrutiny,186,0.33,Full Possession,High / Cooperative,305,0.423,2024-08-31,2024-10-25,55,0,24.368909,71.994635
PRJ-1127,PCL-12398,Suburban Commuter Rapid Transit Line 2,Urban Metro / Transit,Andhra Pradesh,Kurnool,96.26,141,Medium,0.7,0,Partially Disbursed,129,Award Declared (Sec 23),Approved,37,0.9,Substantial Possession (>70%),High / Cooperative,160,0.46,2026-05-05,2026-05-16,11,0,18.390891,80.198845
PRJ-1092,PCL-12399,Wind-Solar Hybrid Energy Grid 5,Renewable / Solar Park,Haryana,Karnal,5.56,12,Low,0.59,0,Partially Disbursed,86,Declaration Published (Sec 19),Under Scrutiny,173,0.61,Full Possession,High / Cooperative,223,0.583,2022-11-23,2023-01-02,40,0,30.415801,77.259877
PRJ-1255,PCL-12400,NH-50 Four-Laning Bypass Section 3,Highway / Expressway,Haryana,Hisar,29.86,60,Very High,0.46,1,Partially Disbursed,36,Notification Pending,Conditional Clearance,202,0.18,Initial Stage (<30%),Hostile / Legal Injunction,311,0.394,2024-02-23,2025-08-29,553,1,28.332744,76.241991
PRJ-1179,PCL-12401,Vadodara Greenfield International Airport Phase 5,Airport Infrastructure,Gujarat,Vadodara,19.19,42,Medium,0.78,0,Fully Disbursed,0,Preliminary Notification (Sec 11),Under Scrutiny,220,0.45,Partial Possession (30-70%),High / Cooperative,277,0.543,2024-08-04,2024-09-22,49,0,23.334248,69.556611
PRJ-1171,PCL-12402,Aviation Logistics Runway Package 2,Airport Infrastructure,Maharashtra,Nashik,13.53,36,Medium,0.9,0,Fully Disbursed,0,Award Declared (Sec 23),Approved,103,0.48,Initial Stage (<30%),High / Cooperative,170,0.639,2025-11-07,2025-12-18,41,0,20.708933,78.241665
PRJ-1174,PCL-12403,Command Area Distribution Network 1,Irrigation / Water Canal,Odisha,Angul,38.49,35,Medium,0.72,1,Disputed in Escrow,488,Possession Taken (Sec 38),Pending Environmental Clearance,156,0.7,Contested / Encroached,Low / Resistant,126,0.278,2023-12-27,2025-02-09,410,1,21.251013,84.387527
PRJ-1015,PCL-12404,Wind-Solar Hybrid Energy Grid 1,Renewable / Solar Park,Rajasthan,Alwar,6.06,3,Low,0.69,0,Pending Disbursal,212,Declaration Published (Sec 19),Pending Environmental Clearance,110,0.58,Full Possession,High / Cooperative,265,0.592,2025-03-04,2025-07-18,136,1,27.290015,75.777482
PRJ-1041,PCL-12405,Andhra Pradesh Inter-River Linking Canal Sector 2,Irrigation / Water Canal,Andhra Pradesh,Krishna,25.76,51,High,0.8,0,Fully Disbursed,0,Possession Taken (Sec 38),Approved,15,0.78,Initial Stage (<30%),Moderate,139,0.216,2025-12-24,,36,0,17.260116,81.286333
PRJ-1041,PCL-12406,Andhra Pradesh Inter-River Linking Canal Sector 2,Irrigation / Water Canal,Andhra Pradesh,Krishna,9.61,10,High,0.78,1,Pending Disbursal,281,Notification Pending,Approved,89,0.76,Substantial Possession (>70%),Hostile / Legal Injunction,119,0.275,2025-12-24,2027-01-25,397,1,18.0388,82.420972
PRJ-1256,PCL-12407,Tamil Nadu Integrated Industrial Township 5,Industrial Corridor / SEZ,Tamil Nadu,Coimbatore,38.49,54,Medium,0.94,1,Partially Disbursed,158,Notification Pending,Under Scrutiny,56,0.78,Partial Possession (30-70%),High / Cooperative,381,0.672,2023-11-21,2024-05-25,186,1,10.595861,77.899567
PRJ-1089,PCL-12408,NH-34 Four-Laning Bypass Section 4,Highway / Expressway,Andhra Pradesh,Krishna,53.14,43,Low,0.76,0,Partially Disbursed,70,Preliminary Notification (Sec 11),Approved,73,0.6,Partial Possession (30-70%),Low / Resistant,215,0.269,2022-09-29,2023-05-20,233,1,14.411494,78.839063
PRJ-1063,PCL-12409,Western Freight Corridor Spur Line 2,Railway & Freight Corridor,Uttar Pradesh,Varanasi,102.4,158,Low,0.5,0,Fully Disbursed,0,Award Declared (Sec 23),Approved,15,0.47,Initial Stage (<30%),Moderate,296,0.4,2023-06-17,2023-09-16,91,1,25.769514,83.287132
PRJ-1187,PCL-12410,Krishna Multi-Modal Logistics Park 3,Industrial Corridor / SEZ,Andhra Pradesh,Krishna,73.33,48,Very High,0.66,1,Fully Disbursed,0,Award Declared (Sec 23),Approved,42,0.96,Initial Stage (<30%),Low / Resistant,169,0.178,2024-03-30,2024-10-28,212,1,17.70221,81.317094
PRJ-1044,PCL-12411,Urban Flyover & Transit Hub 2,Urban Metro / Transit,Madhya Pradesh,Jabalpur,32.61,119,Low,0.48,0,Pending Disbursal,320,Possession Taken (Sec 38),Pending Environmental Clearance,114,0.66,Contested / Encroached,High / Cooperative,214,0.271,2023-04-08,2023-05-18,40,0,25.97455,77.621964
PRJ-1198,PCL-12412,Wind-Solar Hybrid Energy Grid 4,Renewable / Solar Park,Maharashtra,Thane,56.64,109,Low,0.68,1,Disputed in Escrow,355,Declaration Published (Sec 19),Under Scrutiny,196,0.94,Partial Possession (30-70%),High / Cooperative,82,0.255,2027-02-23,2027-04-30,66,0,19.212525,74.660931
PRJ-1037,PCL-12413,Belagavi Ultra Mega Solar Park Unit 4,Renewable / Solar Park,Karnataka,Belagavi,11.96,23,Medium,0.76,1,Pending Disbursal,339,Declaration Published (Sec 19),Under Scrutiny,193,0.7,Partial Possession (30-70%),High / Cooperative,180,0.366,2026-08-25,,288,1,14.955956,74.748474
PRJ-1221,PCL-12414,Salem Multi-Modal Logistics Park 4,Industrial Corridor / SEZ,Tamil Nadu,Salem,5.0,2,Low,0.83,1,Disputed in Escrow,419,Declaration Published (Sec 19),Under Scrutiny,88,0.64,Partial Possession (30-70%),Low / Resistant,57,0.596,2025-04-24,,423,1,9.811817,79.219478
PRJ-1195,PCL-12415,Visakhapatnam Ultra Mega Solar Park Unit 1,Renewable / Solar Park,Andhra Pradesh,Visakhapatnam,53.05,63,Very High,0.26,1,Partially Disbursed,52,Award Declared (Sec 23),Approved,104,0.42,Substantial Possession (>70%),Moderate,286,0.558,2025-02-24,,416,1,17.571788,78.734494
PRJ-1123,PCL-12416,Bharatmala Economic Highway Ring 1,Highway / Expressway,Odisha,Angul,71.2,53,High,0.34,1,Disputed in Escrow,385,Award Declared (Sec 23),Approved,24,0.44,Initial Stage (<30%),Hostile / Legal Injunction,218,0.609,2026-01-15,2027-11-08,662,1,20.178718,84.103509
PRJ-1191,PCL-12417,Haryana Green Express Corridor Phase 4,Highway / Expressway,Haryana,Karnal,67.01,57,Medium,0.97,0,Fully Disbursed,0,Possession Taken (Sec 38),Pending Environmental Clearance,247,0.93,Full Possession,High / Cooperative,308,0.285,2024-06-27,2024-07-03,6,0,28.370231,76.100144
PRJ-1109,PCL-12418,Kurnool Ultra Mega Solar Park Unit 3,Renewable / Solar Park,Andhra Pradesh,Kurnool,67.49,130,High,0.7,0,Partially Disbursed,52,Declaration Published (Sec 19),Approved,86,0.36,Initial Stage (<30%),Moderate,388,0.443,2026-09-17,2026-11-06,50,0,15.446477,82.643551
PRJ-1222,PCL-12419,DMIC Special Investment Region Node 4,Industrial Corridor / SEZ,Uttar Pradesh,Kanpur,27.78,46,High,0.82,1,Pending Disbursal,365,Possession Taken (Sec 38),Under Scrutiny,148,0.61,Substantial Possession (>70%),Low / Resistant,256,0.607,2025-08-20,2026-12-24,491,1,28.359481,79.386191
PRJ-1168,PCL-12420,Aviation Logistics Runway Package 3,Airport Infrastructure,Haryana,Panipat,26.72,43,Low,0.33,1,Partially Disbursed,140,Declaration Published (Sec 19),Approved,34,0.81,Partial Possession (30-70%),Low / Resistant,169,0.742,2026-05-13,2027-05-02,354,1,30.316922,76.285442
PRJ-1216,PCL-12421,Western Freight Corridor Spur Line 2,Railway & Freight Corridor,Gujarat,Kutch,15.95,23,High,0.68,1,Partially Disbursed,164,Award Declared (Sec 23),Conditional Clearance,211,0.52,Initial Stage (<30%),Low / Resistant,30,0.219,2025-11-26,,504,1,23.090676,69.789731
PRJ-1247,PCL-12422,Jodhpur Cargo Terminal Expansion 3,Airport Infrastructure,Rajasthan,Jodhpur,26.35,108,Low,0.65,1,Disputed in Escrow,598,Possession Taken (Sec 38),Conditional Clearance,177,0.41,Initial Stage (<30%),Moderate,257,0.263,2023-10-01,2024-08-23,327,1,26.534193,75.996898
PRJ-1161,PCL-12423,Andhra Pradesh Integrated Industrial Township 1,Industrial Corridor / SEZ,Andhra Pradesh,Visakhapatnam,11.76,12,High,0.91,0,Partially Disbursed,55,Declaration Published (Sec 19),Approved,15,0.84,Initial Stage (<30%),Moderate,318,0.171,2023-06-19,2023-07-12,23,0,17.816671,81.681909
PRJ-1039,PCL-12424,Madhya Pradesh Clean Energy Hub Sector 5,Renewable / Solar Park,Madhya Pradesh,Indore,23.32,35,Medium,0.63,0,Pending Disbursal,228,Possession Taken (Sec 38),Under Scrutiny,141,0.62,Substantial Possession (>70%),High / Cooperative,203,0.318,2026-01-30,2026-07-04,155,1,24.567377,79.107034
PRJ-1209,PCL-12425,Haryana Inter-River Linking Canal Sector 2,Irrigation / Water Canal,Haryana,Panipat,34.94,45,Very High,0.91,0,Fully Disbursed,0,Declaration Published (Sec 19),Approved,108,0.82,Full Possession,Moderate,338,0.473,2023-08-10,2023-08-30,20,0,28.570959,77.054782
PRJ-1047,PCL-12426,Karnataka Clean Energy Hub Sector 1,Renewable / Solar Park,Karnataka,Dharwad,69.1,57,Medium,0.84,0,Partially Disbursed,102,Preliminary Notification (Sec 11),Under Scrutiny,131,0.62,Initial Stage (<30%),High / Cooperative,418,0.431,2025-12-30,2026-05-27,148,1,17.226607,74.596379
PRJ-1153,PCL-12427,Salem Ultra Mega Solar Park Unit 2,Renewable / Solar Park,Tamil Nadu,Salem,18.14,12,Low,0.74,0,Partially Disbursed,93,Declaration Published (Sec 19),Under Scrutiny,84,0.6,Initial Stage (<30%),High / Cooperative,258,0.347,2026-11-14,2026-12-01,17,0,10.19473,79.989005
PRJ-1239,PCL-12428,Industrial Rail Siding Network 3,Railway & Freight Corridor,Uttar Pradesh,Agra,132.48,78,High,0.71,1,Pending Disbursal,329,Possession Taken (Sec 38),Approved,51,0.3,Initial Stage (<30%),Moderate,262,0.417,2026-09-19,2027-11-24,431,1,25.133108,79.48099
PRJ-1124,PCL-12429,Industrial Rail Siding Network 2,Railway & Freight Corridor,Haryana,Panipat,25.61,60,Medium,0.69,0,Fully Disbursed,0,Award Declared (Sec 23),Approved,37,0.69,Full Possession,Moderate,314,0.666,2026-09-30,2027-03-18,169,1,30.302886,75.795515
PRJ-1116,PCL-12430,Coimbatore Lift Irrigation Main Canal Reach 4,Irrigation / Water Canal,Tamil Nadu,Coimbatore,152.87,273,Medium,0.94,1,Pending Disbursal,309,Preliminary Notification (Sec 11),Approved,31,0.86,Initial Stage (<30%),Low / Resistant,341,0.51,2024-07-16,2025-06-16,335,1,10.697681,78.010952
PRJ-1066,PCL-12431,Faridabad Multi-Modal Logistics Park 3,Industrial Corridor / SEZ,Haryana,Faridabad,56.06,102,High,0.76,1,Disputed in Escrow,230,Declaration Published (Sec 19),Pending Environmental Clearance,165,0.58,Contested / Encroached,Hostile / Legal Injunction,152,0.267,2025-12-22,,457,1,29.50732,75.890541
PRJ-1026,PCL-12432,Gujarat Integrated Industrial Township 3,Industrial Corridor / SEZ,Gujarat,Ahmedabad,22.21,43,Medium,0.39,0,Partially Disbursed,103,Possession Taken (Sec 38),Under Scrutiny,158,0.43,Full Possession,Low / Resistant,179,0.422,2024-10-07,2025-09-21,349,1,22.316326,71.129219
PRJ-1068,PCL-12433,Maharashtra Inter-River Linking Canal Sector 2,Irrigation / Water Canal,Maharashtra,Pune,42.77,33,Medium,0.71,0,Fully Disbursed,0,Possession Taken (Sec 38),Approved,23,0.46,Full Possession,High / Cooperative,227,0.341,2024-02-01,2024-02-26,25,0,19.798761,76.913507
PRJ-1186,PCL-12434,Surat Cargo Terminal Expansion 3,Airport Infrastructure,Gujarat,Surat,93.54,156,Medium,0.94,0,Fully Disbursed,0,Declaration Published (Sec 19),Resubmission Required,222,0.92,Full Possession,High / Cooperative,221,0.383,2026-06-10,2026-07-12,32,0,21.963669,71.989013
PRJ-1167,PCL-12435,Aviation Logistics Runway Package 4,Airport Infrastructure,Gujarat,Surat,15.64,47,High,0.95,1,Partially Disbursed,98,Award Declared (Sec 23),Approved,42,0.5,Contested / Encroached,Moderate,264,0.385,2027-09-08,2028-10-15,403,1,22.784316,69.251776
PRJ-1215,PCL-12436,Command Area Distribution Network 2,Irrigation / Water Canal,Uttar Pradesh,Agra,34.84,36,High,0.78,1,Partially Disbursed,68,Declaration Published (Sec 19),Pending Environmental Clearance,181,0.42,Contested / Encroached,Hostile / Legal Injunction,135,0.286,2025-11-23,2026-10-31,342,1,27.050014,79.415566
PRJ-1164,PCL-12437,Karnal Metro Rail Extension Corridor 4,Urban Metro / Transit,Haryana,Karnal,68.27,266,High,0.69,1,Pending Disbursal,336,Preliminary Notification (Sec 11),Approved,15,0.4,Contested / Encroached,Hostile / Legal Injunction,293,0.257,2024-09-29,2026-07-16,655,1,28.427305,76.516363
PRJ-1191,PCL-12438,Haryana Green Express Corridor Phase 4,Highway / Expressway,Haryana,Karnal,23.97,41,High,0.7,1,Disputed in Escrow,355,Notification Pending,Conditional Clearance,104,0.4,Partial Possession (30-70%),Low / Resistant,232,0.179,2024-06-27,2025-09-30,460,1,28.573314,75.577103
PRJ-1229,PCL-12439,NH-92 Four-Laning Bypass Section 1,Highway / Expressway,Odisha,Angul,38.52,62,Medium,0.78,0,Fully Disbursed,0,Possession Taken (Sec 38),Under Scrutiny,200,0.67,Full Possession,High / Cooperative,240,0.127,2024-04-08,2024-04-24,16,0,21.850243,84.815953
PRJ-1216,PCL-12440,Western Freight Corridor Spur Line 2,Railway & Freight Corridor,Gujarat,Kutch,20.5,36,High,0.59,0,Partially Disbursed,135,Notification Pending,Approved,24,0.63,Partial Possession (30-70%),Moderate,219,0.498,2025-11-26,2026-07-28,244,1,22.899395,70.018965
PRJ-1211,PCL-12441,Command Area Distribution Network 2,Irrigation / Water Canal,Tamil Nadu,Coimbatore,10.23,7,Medium,0.81,0,Fully Disbursed,0,Notification Pending,Approved,73,0.44,Partial Possession (30-70%),High / Cooperative,253,0.734,2023-06-29,2023-08-25,57,0,12.04848,78.08198
PRJ-1256,PCL-12442,Tamil Nadu Integrated Industrial Township 5,Industrial Corridor / SEZ,Tamil Nadu,Coimbatore,5.0,2,High,0.79,0,Fully Disbursed,0,Possession Taken (Sec 38),Approved,45,0.48,Partial Possession (30-70%),Moderate,135,0.382,2023-11-21,2024-05-06,167,1,10.896003,79.14132
PRJ-1118,PCL-12443,Karnataka Integrated Industrial Township 2,Industrial Corridor / SEZ,Karnataka,Kalaburagi,22.35,11,Low,0.47,0,Partially Disbursed,65,Preliminary Notification (Sec 11),Approved,115,0.77,Full Possession,Moderate,146,0.546,2024-03-17,2024-04-10,24,0,16.006162,75.982651
PRJ-1066,PCL-12444,Faridabad Multi-Modal Logistics Park 3,Industrial Corridor / SEZ,Haryana,Faridabad,37.92,38,Medium,0.88,0,Partially Disbursed,146,Declaration Published (Sec 19),Approved,59,0.51,Substantial Possession (>70%),Moderate,264,0.414,2025-12-22,,208,1,28.832562,76.94147
PRJ-1074,PCL-12445,Command Area Distribution Network 2,Irrigation / Water Canal,Gujarat,Kutch,28.83,19,Medium,0.82,0,Fully Disbursed,0,Possession Taken (Sec 38),Approved,15,0.6,Substantial Possession (>70%),High / Cooperative,390,0.552,2025-03-22,,91,1,23.76357,70.400294
PRJ-1103,PCL-12446,Command Area Distribution Network 4,Irrigation / Water Canal,Madhya Pradesh,Bhopal,20.75,29,Very High,0.39,1,Pending Disbursal,279,Preliminary Notification (Sec 11),Approved,71,0.47,Contested / Encroached,Moderate,272,0.41,2023-04-22,2024-06-07,412,1,23.641496,79.89614
PRJ-1157,PCL-12447,Industrial Rail Siding Network 1,Railway & Freight Corridor,Odisha,Angul,237.7,336,Low,0.75,0,Partially Disbursed,114,Declaration Published (Sec 19),Under Scrutiny,160,0.43,Initial Stage (<30%),Moderate,187,0.226,2027-01-04,2027-01-28,24,0,21.026191,86.473979
PRJ-1151,PCL-12448,Wind-Solar Hybrid Energy Grid 3,Renewable / Solar Park,Karnataka,Bengaluru Rural,50.28,96,Low,0.81,1,Partially Disbursed,107,Possession Taken (Sec 38),Approved,15,0.28,Partial Possession (30-70%),Low / Resistant,212,0.316,2025-12-20,2026-09-13,267,1,16.232469,75.839198
PRJ-1114,PCL-12449,NH-63 Four-Laning Bypass Section 3,Highway / Expressway,Odisha,Sundargarh,20.44,19,Very High,0.56,1,Pending Disbursal,171,Award Declared (Sec 23),Pending Environmental Clearance,139,0.65,Full Possession,Low / Resistant,286,0.438,2026-10-05,2027-12-11,432,1,20.671717,85.897566
PRJ-1172,PCL-12450,Jaipur Cargo Terminal Expansion 1,Airport Infrastructure,Rajasthan,Jaipur,11.25,44,High,0.68,1,Disputed in Escrow,287,Declaration Published (Sec 19),Approved,15,0.86,Contested / Encroached,Moderate,306,0.553,2025-01-01,,287,1,27.513371,73.570325
PRJ-1156,PCL-12451,Gurugram Lift Irrigation Main Canal Reach 3,Irrigation / Water Canal,Haryana,Gurugram,154.07,275,Very High,0.73,1,Disputed in Escrow,552,Award Declared (Sec 23),Under Scrutiny,168,0.36,Substantial Possession (>70%),Low / Resistant,236,0.544,2026-11-15,,600,1,29.772816,77.225741
PRJ-1129,PCL-12452,Thane Metro Rail Extension Corridor 4,Urban Metro / Transit,Maharashtra,Thane,28.86,89,Low,0.93,0,Fully Disbursed,0,Possession Taken (Sec 38),Approved,101,0.25,Full Possession,High / Cooperative,310,0.758,2026-07-27,2027-01-01,158,1,20.588192,79.310102
PRJ-1087,PCL-12453,Command Area Distribution Network 2,Irrigation / Water Canal,Tamil Nadu,Kanchipuram,9.71,16,Medium,0.82,0,Pending Disbursal,176,Award Declared (Sec 23),Resubmission Required,131,0.66,Substantial Possession (>70%),Moderate,363,0.251,2022-11-13,2022-12-29,46,0,11.257322,78.751582
PRJ-1010,PCL-12454,Madhya Pradesh Inter-River Linking Canal Sector 1,Irrigation / Water Canal,Madhya Pradesh,Indore,24.73,44,Medium,0.6,1,Pending Disbursal,308,Notification Pending,Conditional Clearance,135,0.62,Partial Possession (30-70%),Low / Resistant,203,0.552,2023-03-14,2024-07-12,486,1,25.367211,79.403157
PRJ-1154,PCL-12455,Command Area Distribution Network 2,Irrigation / Water Canal,Maharashtra,Pune,11.36,18,Low,0.83,0,Partially Disbursed,169,Preliminary Notification (Sec 11),Approved,15,0.58,Substantial Possession (>70%),Moderate,324,0.299,2026-01-19,2026-05-29,130,1,18.841911,78.490604
PRJ-1035,PCL-12456,Uttar Pradesh Inter-River Linking Canal Sector 4,Irrigation / Water Canal,Uttar Pradesh,Prayagraj,47.42,75,Low,0.81,0,Partially Disbursed,171,Preliminary Notification (Sec 11),Approved,45,0.55,Partial Possession (30-70%),Low / Resistant,277,0.135,2023-10-13,2024-03-04,143,1,27.785303,81.535167
PRJ-1015,PCL-12457,Wind-Solar Hybrid Energy Grid 1,Renewable / Solar Park,Rajasthan,Alwar,77.11,97,Medium,0.54,0,Fully Disbursed,0,Preliminary Notification (Sec 11),Approved,32,0.68,Full Possession,High / Cooperative,204,0.536,2025-03-04,,0,0,24.387827,72.318862
PRJ-1203,PCL-12458,Rajasthan Inter-River Linking Canal Sector 5,Irrigation / Water Canal,Rajasthan,Jaipur,11.74,12,Low,0.88,0,Fully Disbursed,0,Possession Taken (Sec 38),Approved,48,0.4,Full Possession,High / Cooperative,76,0.361,2025-01-22,2025-03-04,41,0,26.853503,75.095826
PRJ-1248,PCL-12459,Command Area Distribution Network 1,Irrigation / Water Canal,Karnataka,Kalaburagi,10.93,2,Low,0.49,0,Fully Disbursed,0,Possession Taken (Sec 38),Under Scrutiny,213,0.7,Full Possession,High / Cooperative,173,0.463,2026-04-12,2026-06-09,58,0,13.467759,77.21798
PRJ-1008,PCL-12460,Western Freight Corridor Spur Line 3,Railway & Freight Corridor,Rajasthan,Udaipur,78.14,65,Medium,0.51,0,Pending Disbursal,282,Award Declared (Sec 23),Conditional Clearance,156,0.5,Contested / Encroached,Hostile / Legal Injunction,164,0.231,2026-10-15,,386,1,24.084331,71.083649
PRJ-1151,PCL-12461,Wind-Solar Hybrid Energy Grid 3,Renewable / Solar Park,Karnataka,Bengaluru Rural,26.12,22,Low,0.73,0,Partially Disbursed,125,Preliminary Notification (Sec 11),Approved,24,0.75,Partial Possession (30-70%),Low / Resistant,30,0.578,2025-12-20,2026-07-04,196,1,16.714686,76.244717
PRJ-1059,PCL-12462,Bharatmala Economic Highway Ring 2,Highway / Expressway,Madhya Pradesh,Jabalpur,81.04,147,Medium,0.9,1,Partially Disbursed,77,Preliminary Notification (Sec 11),Conditional Clearance,180,0.37,Substantial Possession (>70%),High / Cooperative,153,0.534,2026-07-14,2027-04-20,280,1,24.096863,79.058679
PRJ-1005,PCL-12463,Ahmedabad Multi-Modal Logistics Park 3,Industrial Corridor / SEZ,Gujarat,Ahmedabad,63.35,97,Low,0.71,0,Fully Disbursed,0,Declaration Published (Sec 19),Approved,15,0.42,Substantial Possession (>70%),Moderate,211,0.444,2025-05-08,,61,0,23.547038,71.44939
PRJ-1110,PCL-12464,Wind-Solar Hybrid Energy Grid 5,Renewable / Solar Park,Rajasthan,Udaipur,29.26,51,Low,0.5,0,Partially Disbursed,128,Declaration Published (Sec 19),Approved,146,0.43,Partial Possession (30-70%),Moderate,368,0.378,2026-01-07,,261,1,24.832973,75.167575
PRJ-1113,PCL-12465,Visakhapatnam Cargo Terminal Expansion 1,Airport Infrastructure,Andhra Pradesh,Visakhapatnam,44.48,140,Medium,0.86,0,Partially Disbursed,72,Possession Taken (Sec 38),Under Scrutiny,90,0.65,Full Possession,High / Cooperative,147,0.125,2025-06-19,,45,0,14.541494,80.1896
PRJ-1229,PCL-12466,NH-92 Four-Laning Bypass Section 1,Highway / Expressway,Odisha,Angul,97.61,119,High,0.81,1,Pending Disbursal,159,Notification Pending,Approved,26,0.67,Partial Possession (30-70%),Low / Resistant,273,0.841,2024-04-08,2025-07-23,471,1,20.864395,84.354937
PRJ-1260,PCL-12467,Aviation Logistics Runway Package 4,Airport Infrastructure,Uttar Pradesh,Noida,19.31,42,Medium,0.79,0,Fully Disbursed,0,Notification Pending,Approved,29,0.51,Substantial Possession (>70%),Moderate,114,0.385,2025-05-02,2025-05-11,9,0,26.399722,79.435584
PRJ-1107,PCL-12468,Urban Flyover & Transit Hub 3,Urban Metro / Transit,Rajasthan,Udaipur,10.83,51,Low,0.9,1,Pending Disbursal,128,Preliminary Notification (Sec 11),Under Scrutiny,189,0.42,Full Possession,Moderate,407,0.343,2026-11-18,2027-09-14,300,1,26.869152,71.18662
PRJ-1133,PCL-12469,Urban Flyover & Transit Hub 2,Urban Metro / Transit,Madhya Pradesh,Jabalpur,17.19,49,High,0.67,1,Pending Disbursal,218,Possession Taken (Sec 38),Under Scrutiny,151,0.56,Initial Stage (<30%),Moderate,201,0.365,2023-10-11,2024-11-24,410,1,24.257923,76.098427
PRJ-1117,PCL-12470,NH-57 Four-Laning Bypass Section 1,Highway / Expressway,Tamil Nadu,Kanchipuram,7.23,4,Medium,0.77,0,Partially Disbursed,112,Award Declared (Sec 23),Conditional Clearance,113,0.39,Full Possession,Moderate,157,0.318,2024-11-09,,206,1,12.937042,79.066276
PRJ-1086,PCL-12471,Suburban Commuter Rapid Transit Line 1,Urban Metro / Transit,Haryana,Hisar,52.21,134,High,0.68,1,Fully Disbursed,0,Notification Pending,Pending Environmental Clearance,218,0.51,Substantial Possession (>70%),High / Cooperative,197,0.551,2024-10-11,,270,1,29.14095,76.680392
PRJ-1081,PCL-12472,Industrial Rail Siding Network 4,Railway & Freight Corridor,Karnataka,Bengaluru Rural,17.69,13,High,0.65,1,Partially Disbursed,40,Award Declared (Sec 23),Approved,51,0.42,Partial Possession (30-70%),Hostile / Legal Injunction,276,0.593,2025-10-07,,467,1,12.859734,75.168488
PRJ-1241,PCL-12473,Western Freight Corridor Spur Line 3,Railway & Freight Corridor,Madhya Pradesh,Gwalior,37.31,58,Medium,0.89,0,Fully Disbursed,0,Possession Taken (Sec 38),Approved,15,0.64,Substantial Possession (>70%),High / Cooperative,235,0.626,2026-06-08,2026-07-10,32,0,24.857362,80.374296
PRJ-1224,PCL-12474,Vadodara Multi-Modal Logistics Park 2,Industrial Corridor / SEZ,Gujarat,Vadodara,19.2,36,Medium,0.46,0,Partially Disbursed,95,Preliminary Notification (Sec 11),Approved,49,0.77,Partial Possession (30-70%),High / Cooperative,182,0.45,2024-02-02,2024-05-03,91,1,23.695842,71.497063
PRJ-1153,PCL-12475,Salem Ultra Mega Solar Park Unit 2,Renewable / Solar Park,Tamil Nadu,Salem,24.81,28,Very High,0.55,1,Disputed in Escrow,231,Award Declared (Sec 23),Conditional Clearance,115,0.41,Partial Possession (30-70%),Low / Resistant,219,0.487,2026-11-14,2028-04-08,511,1,11.396284,77.298775
PRJ-1206,PCL-12476,Haryana Inter-River Linking Canal Sector 3,Irrigation / Water Canal,Haryana,Faridabad,48.67,38,High,0.53,0,Partially Disbursed,54,Possession Taken (Sec 38),Approved,61,0.64,Full Possession,High / Cooperative,114,0.258,2025-07-08,2025-10-14,98,1,29.165333,76.340576
PRJ-1170,PCL-12477,Maharashtra Clean Energy Hub Sector 1,Renewable / Solar Park,Maharashtra,Pune,19.42,34,Medium,0.65,0,Fully Disbursed,0,Declaration Published (Sec 19),Under Scrutiny,187,0.88,Full Possession,Moderate,55,0.484,2027-03-09,2027-03-31,22,0,18.267794,78.806779
PRJ-1157,PCL-12478,Industrial Rail Siding Network 1,Railway & Freight Corridor,Odisha,Angul,23.59,15,Medium,0.74,0,Fully Disbursed,0,Notification Pending,Pending Environmental Clearance,156,0.75,Substantial Possession (>70%),High / Cooperative,132,0.297,2027-01-04,,41,0,20.725502,86.409734
PRJ-1138,PCL-12479,Gurugram Ultra Mega Solar Park Unit 2,Renewable / Solar Park,Haryana,Gurugram,9.2,20,Medium,0.73,0,Partially Disbursed,73,Notification Pending,Under Scrutiny,146,0.62,Initial Stage (<30%),Moderate,196,0.496,2026-01-08,2026-05-30,142,1,29.25,76.5
PRJ-1242,PCL-12480,Gwalior Ultra Mega Solar Park Unit 5,Renewable / Solar Park,Madhya Pradesh,Gwalior,22.68,11,High,0.32,0,Fully Disbursed,0,Notification Pending,Approved,83,0.29,Substantial Possession (>70%),High / Cooperative,166,0.439,2026-07-15,2027-03-05,233,1,25.973696,79.062902
PRJ-1158,PCL-12481,Urban Flyover & Transit Hub 3,Urban Metro / Transit,Haryana,Karnal,5.0,7,Low,0.93,0,Fully Disbursed,0,Possession Taken (Sec 38),Conditional Clearance,116,0.59,Full Possession,High / Cooperative,234,0.3,2023-09-14,2023-10-15,31,0,29.887898,76.093745
PRJ-1040,PCL-12482,DMIC Special Investment Region Node 1,Industrial Corridor / SEZ,Tamil Nadu,Madurai,66.79,104,Medium,0.89,0,Fully Disbursed,0,Declaration Published (Sec 19),Conditional Clearance,151,0.44,Initial Stage (<30%),Moderate,322,0.289,2025-05-05,2025-06-10,36,0,11.43045,78.763857
PRJ-1081,PCL-12483,Industrial Rail Siding Network 4,Railway & Freight Corridor,Karnataka,Bengaluru Rural,38.25,47,Low,0.58,0,Partially Disbursed,64,Preliminary Notification (Sec 11),Approved,98,0.47,Partial Possession (30-70%),Moderate,142,0.485,2025-10-07,2026-03-14,158,1,12.826952,74.883954
PRJ-1176,PCL-12484,Wind-Solar Hybrid Energy Grid 4,Renewable / Solar Park,Uttar Pradesh,Noida,265.86,249,Medium,0.97,0,Fully Disbursed,0,Declaration Published (Sec 19),Approved,87,0.73,Substantial Possession (>70%),Low / Resistant,46,0.593,2023-06-07,2023-12-19,195,1,25.651979,82.7678
PRJ-1137,PCL-12485,Bharatmala Economic Highway Ring 2,Highway / Expressway,Haryana,Faridabad,62.85,42,High,0.91,1,Pending Disbursal,238,Declaration Published (Sec 19),Approved,126,0.88,Substantial Possession (>70%),Low / Resistant,186,0.512,2023-09-09,2024-09-27,384,1,28.923135,77.068504
PRJ-1136,PCL-12486,Jaipur Lift Irrigation Main Canal Reach 5,Irrigation / Water Canal,Rajasthan,Jaipur,63.2,77,Low,0.81,1,Pending Disbursal,243,Declaration Published (Sec 19),Pending Environmental Clearance,95,0.54,Contested / Encroached,Moderate,273,0.519,2022-10-14,2023-10-12,363,1,25.339322,74.399012
PRJ-1259,PCL-12487,Visakhapatnam Metro Rail Extension Corridor 1,Urban Metro / Transit,Andhra Pradesh,Visakhapatnam,5.0,13,Low,0.87,0,Partially Disbursed,74,Award Declared (Sec 23),Under Scrutiny,115,0.51,Full Possession,Hostile / Legal Injunction,241,0.443,2024-03-19,2024-11-30,256,1,14.532507,79.848729
PRJ-1257,PCL-12488,Haryana Dedicated High-Speed Rail Segment 4,Railway & Freight Corridor,Haryana,Faridabad,34.83,42,Low,0.71,0,Partially Disbursed,156,Award Declared (Sec 23),Conditional Clearance,206,0.69,Substantial Possession (>70%),High / Cooperative,181,0.366,2027-01-06,,185,1,30.427673,75.879706
PRJ-1002,PCL-12489,Suburban Commuter Rapid Transit Line 1,Urban Metro / Transit,Madhya Pradesh,Bhopal,32.35,55,Medium,0.38,1,Pending Disbursal,232,Possession Taken (Sec 38),Pending Environmental Clearance,156,0.8,Substantial Possession (>70%),Hostile / Legal Injunction,336,0.445,2023-09-07,2025-01-21,502,1,22.319083,77.07294
PRJ-1121,PCL-12490,Haryana Inter-River Linking Canal Sector 3,Irrigation / Water Canal,Haryana,Panipat,21.53,51,Medium,0.69,0,Disputed in Escrow,193,Notification Pending,Approved,54,0.53,Full Possession,High / Cooperative,210,0.145,2025-08-19,2025-09-12,24,0,28.16692,77.369935
PRJ-1123,PCL-12491,Bharatmala Economic Highway Ring 1,Highway / Expressway,Odisha,Angul,7.46,2,Very High,0.88,1,Disputed in Escrow,598,Preliminary Notification (Sec 11),Pending Environmental Clearance,134,0.2,Initial Stage (<30%),Hostile / Legal Injunction,187,0.663,2026-01-15,2027-08-24,586,1,21.481245,85.494696
PRJ-1200,PCL-12492,Kota Ultra Mega Solar Park Unit 4,Renewable / Solar Park,Rajasthan,Kota,32.01,56,Medium,0.85,0,Pending Disbursal,142,Declaration Published (Sec 19),Conditional Clearance,124,0.5,Partial Possession (30-70%),High / Cooperative,302,0.618,2024-12-01,2025-04-01,121,1,24.55262,71.206261
PRJ-1019,PCL-12493,Karnataka Green Express Corridor Phase 4,Highway / Expressway,Karnataka,Kalaburagi,11.97,2,High,0.49,0,Fully Disbursed,0,Preliminary Notification (Sec 11),Pending Environmental Clearance,143,0.89,Full Possession,Moderate,127,0.269,2024-07-20,2024-11-30,133,1,14.440212,74.578653
PRJ-1098,PCL-12494,Jaipur Metro Rail Extension Corridor 4,Urban Metro / Transit,Rajasthan,Jaipur,55.02,223,Very High,0.5,0,Fully Disbursed,0,Notification Pending,Under Scrutiny,206,0.32,Partial Possession (30-70%),Moderate,159,0.493,2024-08-24,2024-09-09,16,0,24.408145,71.31019
PRJ-1117,PCL-12495,NH-57 Four-Laning Bypass Section 1,Highway / Expressway,Tamil Nadu,Kanchipuram,115.47,108,Medium,0.85,1,Disputed in Escrow,460,Award Declared (Sec 23),Approved,31,0.5,Full Possession,Low / Resistant,383,0.45,2024-11-09,2025-10-21,346,1,11.722164,77.399742
PRJ-1195,PCL-12496,Visakhapatnam Ultra Mega Solar Park Unit 1,Renewable / Solar Park,Andhra Pradesh,Visakhapatnam,30.52,52,Medium,0.85,1,Disputed in Escrow,511,Preliminary Notification (Sec 11),Approved,83,0.33,Partial Possession (30-70%),Low / Resistant,250,0.696,2025-02-24,2026-09-10,563,1,16.768701,82.040628
PRJ-1008,PCL-12497,Western Freight Corridor Spur Line 3,Railway & Freight Corridor,Rajasthan,Udaipur,18.61,25,Low,0.89,0,Fully Disbursed,0,Award Declared (Sec 23),Under Scrutiny,174,0.45,Full Possession,Moderate,213,0.69,2026-10-15,2026-11-16,32,0,26.87321,72.364744
PRJ-1140,PCL-12498,Maharashtra Inter-River Linking Canal Sector 5,Irrigation / Water Canal,Maharashtra,Nagpur,21.0,39,Medium,0.82,0,Partially Disbursed,158,Declaration Published (Sec 19),Under Scrutiny,124,0.73,Full Possession,Low / Resistant,410,0.349,2023-08-20,2024-04-06,230,1,19.375176,75.121479
PRJ-1245,PCL-12499,Haryana Dedicated High-Speed Rail Segment 5,Railway & Freight Corridor,Haryana,Faridabad,231.36,325,High,0.59,1,Pending Disbursal,330,Award Declared (Sec 23),Conditional Clearance,166,0.69,Substantial Possession (>70%),Hostile / Legal Injunction,64,0.732,2024-03-02,2025-09-21,568,1,29.429476,76.804147
PRJ-1112,PCL-12500,Command Area Distribution Network 2,Irrigation / Water Canal,Odisha,Jajpur,95.65,133,Low,0.26,0,Fully Disbursed,0,Preliminary Notification (Sec 11),Resubmission Required,91,0.49,Full Possession,Low / Resistant,58,0.427,2023-11-11,2023-12-20,39,0,21.123635,86.020361
