parcel_id,project_id,state,district,latitude,longitude,project_type,land_area_acres,affected_families,affected_family_density,land_area_per_family,documentation_completeness_pct,rehabilitation_progress_pct,legal_dispute_indicator,compensation_pending_days,approval_processing_days,approval_delay_days,administrative_processing_days,historical_delay_rate,compensation_status,notification_status,approval_status,possession_status,stakeholder_responsiveness,ownership_complexity,ownership_complexity_score,stakeholder_response_score,possession_progress_score,operational_friction_index,target_delay_status,target_delay_days
PCL-10001,PRJ-1047,Karnataka,Dharwad,16.954558,75.975545,Renewable / Solar Park,49.27,35,0.7104,1.4077,56.0,61.0,0,108,66,6,63,0.536,Partially Disbursed,Preliminary Notification (Sec 11),Approved,Partial Possession (30-70%),High / Cooperative,Low,1,4,3,19.5,0,4
PCL-10002,PRJ-1024,Karnataka,Kalaburagi,14.626117,76.791232,Railway & Freight Corridor,42.58,51,1.1977,0.8349,66.0,73.0,0,103,20,0,196,0.491,Partially Disbursed,Possession Taken (Sec 38),Approved,Full Possession,Low / Resistant,Low,1,2,5,28.58,1,171
PCL-10003,PRJ-1216,Gujarat,Kutch,22.135937,72.971868,Railway & Freight Corridor,39.14,33,0.8431,1.186,52.0,49.0,1,627,32,0,239,0.504,Disputed in Escrow,Notification Pending,Approved,Contested / Encroached,Moderate,High,3,3,1,67.41,1,407
PCL-10004,PRJ-1202,Andhra Pradesh,Guntur,16.376907,81.616505,Renewable / Solar Park,24.34,17,0.6984,1.4317,69.0,73.0,0,169,163,103,175,0.572,Partially Disbursed,Possession Taken (Sec 38),Under Scrutiny,Partial Possession (30-70%),High / Cooperative,Low,1,4,3,22.41,1,216
PCL-10005,PRJ-1142,Madhya Pradesh,Gwalior,22.879314,80.651332,Industrial Corridor / SEZ,31.26,60,1.9194,0.521,83.0,90.0,0,98,33,0,335,0.257,Pending Disbursal,Declaration Published (Sec 19),Approved,Full Possession,Moderate,Low,1,3,5,24.74,1,91
PCL-10006,PRJ-1025,Odisha,Sundargarh,20.186309,84.169439,Highway / Expressway,22.17,34,1.5336,0.652,55.0,96.0,0,0,56,0,239,0.481,Fully Disbursed,Award Declared (Sec 23),Approved,Initial Stage (<30%),Moderate,Medium,2,3,2,22.11,0,8
PCL-10007,PRJ-1165,Gujarat,Kutch,21.737022,72.905537,Irrigation / Water Canal,29.11,60,2.0611,0.4852,83.0,52.0,0,74,248,188,307,0.142,Partially Disbursed,Possession Taken (Sec 38),Under Scrutiny,Full Possession,High / Cooperative,Medium,2,4,5,22.75,1,176
PCL-10008,PRJ-1196,Madhya Pradesh,Gwalior,25.50754,77.089901,Airport Infrastructure,16.0,53,3.3125,0.3019,71.0,52.0,0,87,87,27,132,0.259,Partially Disbursed,Award Declared (Sec 23),Pending Environmental Clearance,Full Possession,High / Cooperative,Low,1,4,5,19.13,0,18
PCL-10009,PRJ-1212,Karnataka,Dharwad,17.292152,76.333318,Highway / Expressway,63.49,43,0.6773,1.4765,55.0,57.0,0,279,161,101,234,0.367,Pending Disbursal,Preliminary Notification (Sec 11),Under Scrutiny,Contested / Encroached,High / Cooperative,Low,1,4,1,33.54,1,243
PCL-10010,PRJ-1021,Karnataka,Belagavi,16.83074,75.152123,Industrial Corridor / SEZ,48.38,71,1.4675,0.6814,86.0,35.0,0,260,140,80,189,0.211,Pending Disbursal,Award Declared (Sec 23),Resubmission Required,Full Possession,Moderate,Medium,2,3,5,30.82,0,54
PCL-10011,PRJ-1061,Rajasthan,Kota,27.336269,75.500551,Renewable / Solar Park,26.8,71,2.6493,0.3775,87.0,66.0,0,0,178,118,138,0.214,Fully Disbursed,Award Declared (Sec 23),Conditional Clearance,Substantial Possession (>70%),Moderate,Medium,2,3,4,14.92,0,16
PCL-10012,PRJ-1134,Tamil Nadu,Kanchipuram,10.772792,79.786717,Irrigation / Water Canal,65.7,85,1.2938,0.7729,46.0,59.0,1,194,88,28,158,0.524,Pending Disbursal,Award Declared (Sec 23),Approved,Full Possession,Low / Resistant,High,3,2,5,61.3,1,638
PCL-10013,PRJ-1009,Gujarat,Kutch,21.806245,73.162936,Irrigation / Water Canal,52.29,83,1.5873,0.63,71.0,89.0,0,0,75,15,169,0.33,Fully Disbursed,Declaration Published (Sec 19),Under Scrutiny,Partial Possession (30-70%),High / Cooperative,Medium,2,4,3,13.24,0,26
PCL-10014,PRJ-1132,Tamil Nadu,Tiruchirappalli,12.145426,78.564725,Highway / Expressway,13.98,16,1.1445,0.8737,46.0,80.0,0,0,123,63,351,0.653,Fully Disbursed,Declaration Published (Sec 19),Conditional Clearance,Substantial Possession (>70%),High / Cooperative,Medium,2,4,4,25.96,0,11
PCL-10015,PRJ-1031,Maharashtra,Aurangabad,19.569439,78.420038,Irrigation / Water Canal,135.96,106,0.7796,1.2826,42.0,53.0,1,89,121,61,30,0.566,Partially Disbursed,Preliminary Notification (Sec 11),Conditional Clearance,Full Possession,High / Cooperative,High,3,4,5,46.08,1,267
PCL-10016,PRJ-1192,Karnataka,Mysuru,12.846206,76.590731,Renewable / Solar Park,12.2,36,2.9508,0.3389,57.0,40.0,1,300,52,0,220,0.305,Pending Disbursal,Preliminary Notification (Sec 11),Approved,Contested / Encroached,Low / Resistant,High,3,2,1,67.68,1,447
PCL-10017,PRJ-1258,Odisha,Cuttack,21.664209,85.869889,Industrial Corridor / SEZ,182.44,298,1.6334,0.6122,61.0,75.0,1,79,183,123,279,0.548,Partially Disbursed,Notification Pending,Under Scrutiny,Contested / Encroached,High / Cooperative,Very High,4,4,1,49.01,1,300
PCL-10018,PRJ-1204,Gujarat,Bharuch,21.279156,73.27091,Irrigation / Water Canal,21.15,32,1.513,0.6609,95.0,64.0,0,131,97,37,282,0.131,Pending Disbursal,Preliminary Notification (Sec 11),Approved,Substantial Possession (>70%),Moderate,Low,1,3,4,24.31,0,22
PCL-10019,PRJ-1029,Rajasthan,Jodhpur,26.851692,75.196786,Airport Infrastructure,35.79,64,1.7882,0.5592,33.0,72.0,1,228,114,54,139,0.483,Disputed in Escrow,Notification Pending,Pending Environmental Clearance,Partial Possession (30-70%),Low / Resistant,High,3,2,3,63.28,1,471
PCL-10020,PRJ-1244,Karnataka,Mysuru,13.878366,77.50731,Airport Infrastructure,21.09,65,3.082,0.3245,80.0,34.0,0,0,16,0,184,0.322,Fully Disbursed,Award Declared (Sec 23),Approved,Full Possession,Moderate,Low,1,3,5,21.25,1,91
PCL-10021,PRJ-1204,Gujarat,Bharuch,23.743737,70.366818,Irrigation / Water Canal,31.86,54,1.6949,0.59,79.0,39.0,0,128,168,108,291,0.451,Partially Disbursed,Declaration Published (Sec 19),Conditional Clearance,Partial Possession (30-70%),Moderate,Medium,2,3,3,30.22,1,338
PCL-10022,PRJ-1178,Andhra Pradesh,Guntur,14.286264,80.191732,Railway & Freight Corridor,30.3,61,2.0132,0.4967,41.0,54.0,0,0,15,0,335,0.813,Fully Disbursed,Award Declared (Sec 23),Approved,Full Possession,Low / Resistant,Low,1,2,5,36.46,0,15
PCL-10023,PRJ-1252,Maharashtra,Solapur,18.711601,76.589441,Renewable / Solar Park,8.41,20,2.3781,0.4205,52.0,45.0,0,105,174,114,270,0.416,Partially Disbursed,Declaration Published (Sec 19),Conditional Clearance,Full Possession,Moderate,Low,1,3,5,33.29,1,113
PCL-10024,PRJ-1079,Haryana,Hisar,29.825173,76.151689,Irrigation / Water Canal,92.03,76,0.8258,1.2109,61.0,80.0,0,0,70,10,180,0.503,Fully Disbursed,Declaration Published (Sec 19),Approved,Substantial Possession (>70%),High / Cooperative,Low,1,4,4,16.55,0,0
PCL-10025,PRJ-1053,Haryana,Hisar,28.113029,76.222437,Renewable / Solar Park,12.85,2,0.1556,6.4218,58.0,65.0,0,0,147,87,99,0.797,Fully Disbursed,Possession Taken (Sec 38),Conditional Clearance,Partial Possession (30-70%),High / Cooperative,Medium,2,4,3,15.61,1,179
PCL-10026,PRJ-1125,Uttar Pradesh,Prayagraj,26.994665,78.965748,Highway / Expressway,15.61,14,0.8969,1.1149,30.0,42.0,0,0,40,0,30,0.485,Fully Disbursed,Possession Taken (Sec 38),Approved,Full Possession,Moderate,Low,1,3,5,24.68,0,29
PCL-10027,PRJ-1127,Andhra Pradesh,Kurnool,17.221958,80.479432,Urban Metro / Transit,30.27,95,3.1384,0.3186,66.0,62.0,1,284,35,0,199,0.74,Pending Disbursal,Award Declared (Sec 23),Approved,Partial Possession (30-70%),High / Cooperative,Medium,2,4,3,54.73,1,205
PCL-10028,PRJ-1070,Rajasthan,Jaipur,25.371915,74.608946,Irrigation / Water Canal,38.97,55,1.4113,0.7085,74.0,46.0,0,0,149,89,296,0.297,Fully Disbursed,Possession Taken (Sec 38),Resubmission Required,Partial Possession (30-70%),High / Cooperative,Medium,2,4,3,21.7,0,21
PCL-10029,PRJ-1202,Andhra Pradesh,Guntur,15.656068,82.617129,Renewable / Solar Park,16.44,4,0.2433,4.109,93.0,51.0,0,0,116,56,139,0.591,Fully Disbursed,Possession Taken (Sec 38),Pending Environmental Clearance,Full Possession,Moderate,Very High,4,3,5,15.26,0,23
PCL-10030,PRJ-1036,Haryana,Gurugram,30.015517,77.061748,Highway / Expressway,40.04,50,1.2488,0.8008,73.0,97.0,0,138,15,0,80,0.496,Partially Disbursed,Possession Taken (Sec 38),Approved,Contested / Encroached,Moderate,Medium,2,3,1,18.12,1,100
PCL-10031,PRJ-1206,Haryana,Faridabad,29.332482,77.304642,Irrigation / Water Canal,41.03,96,2.3398,0.4274,68.0,96.0,0,167,194,134,142,0.26,Partially Disbursed,Notification Pending,Under Scrutiny,Full Possession,High / Cooperative,Medium,2,4,5,18.99,0,26
PCL-10032,PRJ-1182,Karnataka,Kalaburagi,13.365059,76.510569,Railway & Freight Corridor,48.93,81,1.6554,0.6041,69.0,41.0,0,0,59,0,152,0.414,Fully Disbursed,Possession Taken (Sec 38),Approved,Full Possession,Moderate,Medium,2,3,5,21.55,1,141
PCL-10033,PRJ-1114,Odisha,Sundargarh,20.709024,85.106062,Highway / Expressway,16.86,15,0.8897,1.1239,59.0,71.0,0,0,65,5,231,0.227,Fully Disbursed,Preliminary Notification (Sec 11),Approved,Initial Stage (<30%),Moderate,Medium,2,3,2,23.51,1,91
PCL-10034,PRJ-1073,Uttar Pradesh,Noida,26.234317,79.90256,Highway / Expressway,110.81,191,1.7237,0.5802,55.0,61.0,1,411,83,23,120,0.651,Disputed in Escrow,Award Declared (Sec 23),Approved,Full Possession,Moderate,High,3,3,5,61.15,1,432
PCL-10035,PRJ-1176,Uttar Pradesh,Noida,27.253098,81.706552,Renewable / Solar Park,64.62,49,0.7583,1.3187,88.0,62.0,1,173,168,108,125,0.352,Partially Disbursed,Possession Taken (Sec 38),Resubmission Required,Partial Possession (30-70%),Moderate,Very High,4,3,3,46.75,1,336
PCL-10036,PRJ-1095,Rajasthan,Jaipur,24.870102,74.928117,Irrigation / Water Canal,79.47,80,1.0067,0.9934,70.0,69.0,0,0,98,38,187,0.247,Fully Disbursed,Preliminary Notification (Sec 11),Conditional Clearance,Full Possession,Low / Resistant,Medium,2,2,5,23.61,0,19
PCL-10037,PRJ-1033,Karnataka,Dharwad,15.379005,77.108408,Highway / Expressway,5.0,6,1.2,0.8332,58.0,76.0,0,155,118,58,163,0.168,Partially Disbursed,Notification Pending,Resubmission Required,Full Possession,High / Cooperative,Medium,2,4,5,23.28,1,130
PCL-10038,PRJ-1201,Odisha,Khurda,21.076212,84.989397,Industrial Corridor / SEZ,100.57,157,1.5611,0.6406,70.0,59.0,1,133,15,0,202,0.498,Pending Disbursal,Declaration Published (Sec 19),Approved,Partial Possession (30-70%),Hostile / Legal Injunction,High,3,1,3,59.39,1,437
PCL-10039,PRJ-1192,Karnataka,Mysuru,15.947839,76.18464,Renewable / Solar Park,18.49,23,1.2439,0.8039,87.0,35.0,0,74,110,50,183,0.435,Partially Disbursed,Notification Pending,Approved,Full Possession,High / Cooperative,Low,1,4,5,19.0,0,60
PCL-10040,PRJ-1028,Gujarat,Ahmedabad,23.560014,73.238105,Irrigation / Water Canal,12.27,9,0.7335,1.3632,96.0,35.0,0,134,43,0,393,0.85,Partially Disbursed,Possession Taken (Sec 38),Approved,Partial Possession (30-70%),High / Cooperative,Low,1,4,3,27.54,1,149
PCL-10041,PRJ-1043,Tamil Nadu,Salem,11.472353,79.517231,Airport Infrastructure,23.7,38,1.6034,0.6237,69.0,94.0,0,174,214,154,101,0.185,Partially Disbursed,Possession Taken (Sec 38),Under Scrutiny,Full Possession,High / Cooperative,Low,1,4,5,17.74,1,91
PCL-10042,PRJ-1188,Andhra Pradesh,Krishna,16.434991,81.758253,Railway & Freight Corridor,10.51,22,2.0932,0.4777,68.0,88.0,0,93,157,97,66,0.751,Partially Disbursed,Award Declared (Sec 23),Pending Environmental Clearance,Full Possession,High / Cooperative,Medium,2,4,5,13.9,1,141
PCL-10043,PRJ-1045,Uttar Pradesh,Prayagraj,26.542838,83.417371,Renewable / Solar Park,40.21,69,1.716,0.5827,78.0,73.0,0,0,79,19,262,0.578,Fully Disbursed,Notification Pending,Under Scrutiny,Full Possession,Moderate,Low,1,3,5,20.67,1,160
PCL-10044,PRJ-1106,Madhya Pradesh,Jabalpur,25.593938,78.698476,Highway / Expressway,63.65,91,1.4297,0.6994,68.0,56.0,0,0,15,0,203,0.32,Fully Disbursed,Notification Pending,Approved,Initial Stage (<30%),High / Cooperative,Medium,2,4,2,18.41,0,14
PCL-10045,PRJ-1049,Odisha,Angul,19.902531,86.075254,Irrigation / Water Canal,35.76,39,1.0906,0.9169,72.0,89.0,0,63,52,0,216,0.706,Partially Disbursed,Declaration Published (Sec 19),Approved,Full Possession,High / Cooperative,Low,1,4,5,17.39,1,91
PCL-10046,PRJ-1202,Andhra Pradesh,Guntur,16.203618,80.879385,Renewable / Solar Park,102.26,122,1.193,0.8382,91.0,84.0,0,137,109,49,107,0.184,Pending Disbursal,Possession Taken (Sec 38),Under Scrutiny,Full Possession,High / Cooperative,Medium,2,4,5,13.04,0,20
PCL-10047,PRJ-1250,Andhra Pradesh,Guntur,15.490073,78.062118,Industrial Corridor / SEZ,31.83,58,1.8222,0.5488,52.0,60.0,0,121,128,68,330,0.386,Partially Disbursed,Preliminary Notification (Sec 11),Conditional Clearance,Substantial Possession (>70%),Moderate,Medium,2,3,4,34.7,0,8
PCL-10048,PRJ-1254,Andhra Pradesh,Krishna,15.231562,82.108884,Highway / Expressway,48.29,48,0.994,1.006,46.0,77.0,0,0,56,0,218,0.599,Fully Disbursed,Preliminary Notification (Sec 11),Approved,Substantial Possession (>70%),Moderate,Medium,2,3,4,25.02,0,10
PCL-10049,PRJ-1081,Karnataka,Bengaluru Rural,14.712301,74.552163,Railway & Freight Corridor,32.25,76,2.3566,0.4243,62.0,72.0,0,70,118,58,279,0.772,Partially Disbursed,Award Declared (Sec 23),Approved,Substantial Possession (>70%),Moderate,Low,1,3,4,27.49,1,258
PCL-10050,PRJ-1085,Andhra Pradesh,Visakhapatnam,14.277864,81.115461,Irrigation / Water Canal,84.39,147,1.7419,0.5741,82.0,48.0,1,84,52,0,95,0.252,Partially Disbursed,Possession Taken (Sec 38),Approved,Initial Stage (<30%),Moderate,High,3,3,2,44.56,1,279
PCL-10051,PRJ-1228,Rajasthan,Udaipur,24.090863,75.154023,Urban Metro / Transit,40.43,165,4.0811,0.245,66.0,91.0,1,128,121,61,162,0.331,Partially Disbursed,Preliminary Notification (Sec 11),Conditional Clearance,Substantial Possession (>70%),Moderate,Very High,4,3,4,47.79,1,399
PCL-10052,PRJ-1154,Maharashtra,Pune,18.447675,78.000147,Irrigation / Water Canal,31.42,47,1.4959,0.6685,94.0,79.0,1,94,176,116,351,0.276,Pending Disbursal,Notification Pending,Under Scrutiny,Partial Possession (30-70%),Hostile / Legal Injunction,Low,1,1,3,56.58,1,375
PCL-10053,PRJ-1078,Tamil Nadu,Salem,12.67764,78.959836,Airport Infrastructure,27.3,76,2.7839,0.3592,35.0,51.0,1,128,203,143,152,0.415,Partially Disbursed,Award Declared (Sec 23),Resubmission Required,Partial Possession (30-70%),Hostile / Legal Injunction,Low,1,1,3,65.11,1,514
PCL-10054,PRJ-1044,Madhya Pradesh,Jabalpur,23.141935,78.896394,Urban Metro / Transit,10.54,38,3.6053,0.2774,75.0,63.0,1,628,15,0,250,0.581,Disputed in Escrow,Award Declared (Sec 23),Approved,Initial Stage (<30%),Low / Resistant,Low,1,2,2,65.57,1,375
PCL-10055,PRJ-1201,Odisha,Khurda,20.318409,84.197337,Industrial Corridor / SEZ,33.02,43,1.3022,0.7679,72.0,70.0,1,126,138,78,328,0.755,Pending Disbursal,Notification Pending,Pending Environmental Clearance,Full Possession,Low / Resistant,Very High,4,2,5,58.58,1,492
PCL-10056,PRJ-1163,Uttar Pradesh,Agra,25.498742,82.698396,Industrial Corridor / SEZ,19.74,33,1.6717,0.5982,82.0,56.0,0,127,233,173,227,0.556,Pending Disbursal,Preliminary Notification (Sec 11),Under Scrutiny,Full Possession,Moderate,Medium,2,3,5,25.48,1,181
PCL-10057,PRJ-1204,Gujarat,Bharuch,22.519171,71.815711,Irrigation / Water Canal,25.63,37,1.4436,0.6927,83.0,82.0,1,168,49,0,188,0.591,Pending Disbursal,Award Declared (Sec 23),Approved,Substantial Possession (>70%),Moderate,Medium,2,3,4,47.9,0,32
PCL-10058,PRJ-1080,Karnataka,Belagavi,15.178312,75.800341,Airport Infrastructure,55.58,177,3.1846,0.314,95.0,69.0,1,553,104,44,151,0.847,Disputed in Escrow,Declaration Published (Sec 19),Approved,Substantial Possession (>70%),Low / Resistant,Very High,4,2,4,57.26,1,448
PCL-10059,PRJ-1029,Rajasthan,Jodhpur,25.410876,75.425992,Airport Infrastructure,32.45,125,3.8521,0.2596,81.0,47.0,0,0,196,136,216,0.802,Fully Disbursed,Award Declared (Sec 23),Under Scrutiny,Partial Possession (30-70%),Moderate,Low,1,3,3,20.95,0,44
PCL-10060,PRJ-1065,Haryana,Karnal,29.849463,77.209574,Industrial Corridor / SEZ,22.31,23,1.0309,0.97,80.0,70.0,1,358,60,0,242,0.395,Pending Disbursal,Preliminary Notification (Sec 11),Approved,Contested / Encroached,Low / Resistant,Low,1,2,1,63.29,1,364
PCL-10061,PRJ-1185,Madhya Pradesh,Bhopal,22.293932,80.549903,Renewable / Solar Park,59.27,52,0.8773,1.1398,79.0,85.0,0,59,144,84,156,0.505,Partially Disbursed,Declaration Published (Sec 19),Conditional Clearance,Full Possession,Moderate,Low,1,3,5,17.72,0,21
PCL-10062,PRJ-1024,Karnataka,Kalaburagi,14.861646,75.775534,Railway & Freight Corridor,39.41,40,1.015,0.9852,76.0,86.0,1,559,89,29,348,0.722,Disputed in Escrow,Possession Taken (Sec 38),Approved,Partial Possession (30-70%),Hostile / Legal Injunction,High,3,1,3,70.5,1,539
PCL-10063,PRJ-1040,Tamil Nadu,Madurai,11.493222,77.420143,Industrial Corridor / SEZ,31.46,51,1.6211,0.6169,68.0,35.0,0,0,73,13,195,0.281,Fully Disbursed,Possession Taken (Sec 38),Approved,Substantial Possession (>70%),High / Cooperative,Low,1,4,4,20.21,0,3
PCL-10064,PRJ-1168,Haryana,Panipat,28.257325,76.417818,Airport Infrastructure,10.46,38,3.6329,0.2753,87.0,80.0,0,0,122,62,305,0.355,Fully Disbursed,Award Declared (Sec 23),Under Scrutiny,Substantial Possession (>70%),Moderate,Low,1,3,4,19.79,0,0
PCL-10065,PRJ-1126,Uttar Pradesh,Lucknow,25.561926,83.084947,Renewable / Solar Park,75.04,71,0.9462,1.0569,75.0,33.0,0,0,33,0,225,0.493,Fully Disbursed,Award Declared (Sec 23),Approved,Partial Possession (30-70%),Moderate,Medium,2,3,3,23.89,0,43
PCL-10066,PRJ-1158,Haryana,Karnal,28.299478,76.556648,Urban Metro / Transit,9.43,12,1.2725,0.7858,81.0,45.0,0,53,86,26,203,0.222,Partially Disbursed,Preliminary Notification (Sec 11),Pending Environmental Clearance,Initial Stage (<30%),High / Cooperative,Medium,2,4,2,19.09,0,16
PCL-10067,PRJ-1191,Haryana,Karnal,29.150299,76.971009,Highway / Expressway,36.52,56,1.5334,0.6521,71.0,35.0,0,45,122,62,152,0.106,Partially Disbursed,Possession Taken (Sec 38),Under Scrutiny,Full Possession,Moderate,Medium,2,3,5,23.6,1,119
PCL-10068,PRJ-1162,Haryana,Karnal,30.272501,76.29661,Urban Metro / Transit,184.22,545,2.9584,0.338,79.0,33.0,0,159,22,0,209,0.347,Pending Disbursal,Notification Pending,Approved,Full Possession,High / Cooperative,Medium,2,4,5,25.27,0,57
PCL-10069,PRJ-1161,Andhra Pradesh,Visakhapatnam,15.838655,80.67603,Industrial Corridor / SEZ,126.74,240,1.8936,0.5281,54.0,86.0,0,0,119,59,40,0.471,Fully Disbursed,Declaration Published (Sec 19),Conditional Clearance,Full Possession,High / Cooperative,Medium,2,4,5,12.1,0,49
PCL-10070,PRJ-1021,Karnataka,Belagavi,13.603602,77.291034,Industrial Corridor / SEZ,12.58,24,1.9078,0.5241,74.0,28.0,1,0,40,0,106,0.45,Fully Disbursed,Award Declared (Sec 23),Approved,Contested / Encroached,Low / Resistant,Medium,2,2,1,48.88,1,280
PCL-10071,PRJ-1232,Maharashtra,Nagpur,19.662266,76.570774,Irrigation / Water Canal,87.4,69,0.7895,1.2666,83.0,23.0,0,0,15,0,243,0.461,Fully Disbursed,Declaration Published (Sec 19),Approved,Partial Possession (30-70%),Moderate,Low,1,3,3,23.96,1,205
PCL-10072,PRJ-1044,Madhya Pradesh,Jabalpur,24.612225,76.706452,Urban Metro / Transit,64.77,245,3.7826,0.2644,62.0,63.0,0,0,46,0,226,0.673,Fully Disbursed,Declaration Published (Sec 19),Approved,Partial Possession (30-70%),High / Cooperative,Low,1,4,3,19.78,0,41
PCL-10073,PRJ-1063,Uttar Pradesh,Varanasi,25.195167,80.539373,Railway & Freight Corridor,100.7,93,0.9235,1.0828,89.0,51.0,0,0,66,6,130,0.35,Fully Disbursed,Possession Taken (Sec 38),Approved,Full Possession,Moderate,Medium,2,3,5,15.72,1,91
PCL-10074,PRJ-1144,Uttar Pradesh,Noida,26.566439,78.85261,Urban Metro / Transit,53.51,183,3.4199,0.2924,88.0,55.0,1,425,20,0,148,0.488,Disputed in Escrow,Preliminary Notification (Sec 11),Approved,Partial Possession (30-70%),Low / Resistant,High,3,2,3,59.95,1,507
PCL-10075,PRJ-1128,Gujarat,Rajkot,22.879188,72.57954,Highway / Expressway,70.78,109,1.54,0.6494,23.0,94.0,1,338,180,120,163,0.235,Pending Disbursal,Award Declared (Sec 23),Pending Environmental Clearance,Initial Stage (<30%),Low / Resistant,Very High,4,2,2,68.5,1,434
PCL-10076,PRJ-1164,Haryana,Karnal,29.483079,75.605677,Urban Metro / Transit,38.35,144,3.7549,0.2663,96.0,87.0,0,0,143,83,30,0.807,Fully Disbursed,Notification Pending,Resubmission Required,Contested / Encroached,Moderate,Low,1,3,1,6.98,1,129
PCL-10077,PRJ-1124,Haryana,Panipat,28.689665,77.100942,Railway & Freight Corridor,20.4,52,2.549,0.3923,83.0,72.0,1,588,107,47,381,0.752,Disputed in Escrow,Possession Taken (Sec 38),Approved,Contested / Encroached,Hostile / Legal Injunction,Low,1,1,1,71.74,1,499
PCL-10078,PRJ-1163,Uttar Pradesh,Agra,27.791115,81.817183,Industrial Corridor / SEZ,38.39,60,1.5629,0.6398,49.0,72.0,0,174,189,129,167,0.543,Partially Disbursed,Declaration Published (Sec 19),Conditional Clearance,Partial Possession (30-70%),Moderate,Low,1,3,3,30.16,0,36
PCL-10079,PRJ-1090,Haryana,Gurugram,29.227047,75.721489,Railway & Freight Corridor,47.69,62,1.3001,0.7692,50.0,82.0,1,283,15,0,191,0.56,Disputed in Escrow,Declaration Published (Sec 19),Approved,Substantial Possession (>70%),Moderate,Low,1,3,4,59.34,1,317
PCL-10080,PRJ-1166,Uttar Pradesh,Varanasi,25.25249,78.847645,Highway / Expressway,63.6,108,1.6981,0.5889,52.0,40.0,0,0,52,0,202,0.215,Fully Disbursed,Preliminary Notification (Sec 11),Approved,Initial Stage (<30%),High / Cooperative,Low,1,4,2,23.18,0,36
PCL-10081,PRJ-1155,Andhra Pradesh,Guntur,15.469454,82.831717,Irrigation / Water Canal,89.18,145,1.6259,0.615,50.0,78.0,0,0,176,116,192,0.752,Fully Disbursed,Notification Pending,Under Scrutiny,Initial Stage (<30%),Moderate,Medium,2,3,2,23.15,0,13
PCL-10082,PRJ-1115,Madhya Pradesh,Jabalpur,24.978339,80.262507,Renewable / Solar Park,53.03,74,1.3954,0.7166,82.0,68.0,0,0,73,13,31,0.446,Fully Disbursed,Notification Pending,Approved,Contested / Encroached,High / Cooperative,Medium,2,4,1,7.96,0,43
PCL-10083,PRJ-1017,Tamil Nadu,Madurai,10.169078,78.036472,Urban Metro / Transit,10.65,26,2.4413,0.4096,33.0,65.0,1,259,125,65,276,0.144,Pending Disbursal,Preliminary Notification (Sec 11),Approved,Contested / Encroached,Low / Resistant,Medium,2,2,1,70.39,1,364
PCL-10084,PRJ-1046,Maharashtra,Nashik,20.432819,77.338157,Railway & Freight Corridor,33.03,52,1.5743,0.6352,52.0,55.0,0,119,146,86,259,0.576,Partially Disbursed,Award Declared (Sec 23),Conditional Clearance,Partial Possession (30-70%),High / Cooperative,Low,1,4,3,28.7,1,223
PCL-10085,PRJ-1225,Odisha,Sundargarh,21.45472,86.666575,Airport Infrastructure,27.63,102,3.6916,0.2709,51.0,66.0,0,0,79,19,253,0.504,Fully Disbursed,Possession Taken (Sec 38),Conditional Clearance,Substantial Possession (>70%),High / Cooperative,Medium,2,4,4,22.69,0,1
PCL-10086,PRJ-1232,Maharashtra,Nagpur,18.263757,78.46288,Irrigation / Water Canal,5.0,5,1.0,0.9998,74.0,51.0,1,126,145,85,191,0.481,Partially Disbursed,Declaration Published (Sec 19),Conditional Clearance,Initial Stage (<30%),Low / Resistant,Low,1,2,2,54.94,1,337
PCL-10087,PRJ-1248,Karnataka,Kalaburagi,16.002073,75.930235,Irrigation / Water Canal,109.31,164,1.5003,0.6665,82.0,43.0,1,187,170,110,277,0.08,Pending Disbursal,Possession Taken (Sec 38),Under Scrutiny,Contested / Encroached,Moderate,High,3,3,1,56.12,1,316
PCL-10088,PRJ-1145,Tamil Nadu,Tiruchirappalli,10.561162,77.347339,Urban Metro / Transit,11.19,32,2.8597,0.3497,83.0,65.0,1,0,15,0,222,0.303,Fully Disbursed,Preliminary Notification (Sec 11),Approved,Initial Stage (<30%),High / Cooperative,Medium,2,4,2,40.22,0,26
PCL-10089,PRJ-1103,Madhya Pradesh,Bhopal,22.476742,76.374499,Irrigation / Water Canal,14.05,2,0.1423,7.0215,63.0,64.0,1,421,204,144,220,0.293,Disputed in Escrow,Possession Taken (Sec 38),Pending Environmental Clearance,Partial Possession (30-70%),Low / Resistant,Very High,4,2,3,66.75,1,564
PCL-10090,PRJ-1199,Karnataka,Belagavi,13.455918,77.383577,Renewable / Solar Park,27.06,28,1.0347,0.9664,53.0,93.0,0,0,132,72,227,0.438,Fully Disbursed,Award Declared (Sec 23),Under Scrutiny,Full Possession,High / Cooperative,Medium,2,4,5,18.61,0,46
PCL-10091,PRJ-1050,Tamil Nadu,Kanchipuram,9.841405,78.115753,Irrigation / Water Canal,23.15,42,1.8143,0.5512,59.0,38.0,1,599,28,0,212,0.225,Disputed in Escrow,Notification Pending,Approved,Initial Stage (<30%),Low / Resistant,Very High,4,2,2,69.85,1,524
PCL-10092,PRJ-1244,Karnataka,Mysuru,15.3563,75.304054,Airport Infrastructure,47.56,128,2.6913,0.3716,89.0,50.0,1,354,157,97,235,0.215,Pending Disbursal,Notification Pending,Under Scrutiny,Initial Stage (<30%),Low / Resistant,Medium,2,2,2,63.06,1,421
PCL-10093,PRJ-1089,Andhra Pradesh,Krishna,18.225871,78.869107,Highway / Expressway,94.98,88,0.9265,1.0793,55.0,70.0,1,283,135,75,313,0.326,Disputed in Escrow,Declaration Published (Sec 19),Conditional Clearance,Partial Possession (30-70%),High / Cooperative,Low,1,4,3,60.37,1,360
PCL-10094,PRJ-1035,Uttar Pradesh,Prayagraj,25.345893,81.054367,Irrigation / Water Canal,23.45,35,1.4925,0.67,66.0,78.0,0,0,184,124,220,0.348,Fully Disbursed,Notification Pending,Under Scrutiny,Partial Possession (30-70%),Low / Resistant,High,3,2,3,24.75,1,280
PCL-10095,PRJ-1077,Uttar Pradesh,Kanpur,25.553879,81.224844,Railway & Freight Corridor,43.84,76,1.7336,0.5768,62.0,77.0,1,103,145,85,202,0.312,Partially Disbursed,Notification Pending,Pending Environmental Clearance,Contested / Encroached,Hostile / Legal Injunction,High,3,1,1,57.96,1,468
PCL-10096,PRJ-1243,Uttar Pradesh,Noida,25.177383,79.537236,Highway / Expressway,23.38,25,1.0693,0.9352,69.0,44.0,1,349,19,0,49,0.615,Disputed in Escrow,Declaration Published (Sec 19),Approved,Initial Stage (<30%),Moderate,Medium,2,3,2,56.73,1,274
PCL-10097,PRJ-1173,Rajasthan,Kota,27.646498,72.838024,Urban Metro / Transit,61.77,147,2.3798,0.4202,47.0,51.0,0,158,153,93,308,0.654,Pending Disbursal,Award Declared (Sec 23),Resubmission Required,Substantial Possession (>70%),Moderate,Medium,2,3,4,37.29,1,343
PCL-10098,PRJ-1214,Haryana,Gurugram,29.50195,75.719645,Railway & Freight Corridor,40.94,56,1.3679,0.7311,42.0,50.0,1,281,105,45,127,0.659,Pending Disbursal,Preliminary Notification (Sec 11),Under Scrutiny,Substantial Possession (>70%),Moderate,High,3,3,4,61.66,1,427
PCL-10099,PRJ-1070,Rajasthan,Jaipur,27.484272,74.143289,Irrigation / Water Canal,5.0,10,2.0,0.5,72.0,54.0,1,38,36,0,274,0.729,Partially Disbursed,Possession Taken (Sec 38),Approved,Partial Possession (30-70%),Low / Resistant,Low,1,2,3,54.54,1,334
PCL-10100,PRJ-1238,Andhra Pradesh,Nellore,16.272556,81.163508,Railway & Freight Corridor,78.85,60,0.7609,1.3141,85.0,65.0,0,0,226,166,154,0.379,Fully Disbursed,Possession Taken (Sec 38),Under Scrutiny,Full Possession,High / Cooperative,Low,1,4,5,12.28,0,0
PCL-10101,PRJ-1047,Karnataka,Dharwad,13.94684,75.78701,Renewable / Solar Park,41.01,39,0.951,1.0515,37.0,71.0,1,195,185,125,192,0.331,Pending Disbursal,Award Declared (Sec 23),Under Scrutiny,Initial Stage (<30%),Hostile / Legal Injunction,Medium,2,1,2,66.96,1,449
PCL-10102,PRJ-1005,Gujarat,Ahmedabad,22.424882,69.632182,Industrial Corridor / SEZ,35.22,29,0.8234,1.2144,45.0,63.0,0,230,125,65,146,0.553,Pending Disbursal,Possession Taken (Sec 38),Pending Environmental Clearance,Contested / Encroached,Moderate,High,3,3,1,33.38,1,287
PCL-10103,PRJ-1155,Andhra Pradesh,Guntur,17.029663,82.089123,Irrigation / Water Canal,29.88,20,0.6693,1.4939,64.0,28.0,0,281,221,161,328,0.703,Pending Disbursal,Notification Pending,Under Scrutiny,Initial Stage (<30%),Moderate,Low,1,3,2,42.0,1,317
PCL-10104,PRJ-1056,Tamil Nadu,Coimbatore,11.187911,78.092479,Airport Infrastructure,40.78,90,2.207,0.4531,95.0,73.0,0,242,15,0,173,0.709,Pending Disbursal,Declaration Published (Sec 19),Approved,Contested / Encroached,High / Cooperative,Low,1,4,1,20.13,0,52
PCL-10105,PRJ-1207,Madhya Pradesh,Gwalior,24.956333,79.406837,Industrial Corridor / SEZ,21.12,32,1.5152,0.66,66.0,53.0,1,288,166,106,172,0.297,Pending Disbursal,Preliminary Notification (Sec 11),Under Scrutiny,Contested / Encroached,Hostile / Legal Injunction,Medium,2,1,1,66.04,1,472
PCL-10106,PRJ-1176,Uttar Pradesh,Noida,27.52027,79.250761,Renewable / Solar Park,24.63,31,1.2586,0.7945,84.0,39.0,1,177,15,0,231,0.68,Pending Disbursal,Notification Pending,Approved,Substantial Possession (>70%),Hostile / Legal Injunction,High,3,1,4,61.49,1,428
PCL-10107,PRJ-1133,Madhya Pradesh,Jabalpur,25.240821,78.627803,Urban Metro / Transit,17.63,66,3.7436,0.2671,77.0,39.0,1,87,15,0,376,0.096,Partially Disbursed,Award Declared (Sec 23),Approved,Contested / Encroached,Hostile / Legal Injunction,High,3,1,1,64.63,1,369
PCL-10108,PRJ-1151,Karnataka,Bengaluru Rural,14.822427,74.926901,Renewable / Solar Park,32.33,19,0.5877,1.7015,49.0,36.0,0,79,56,0,199,0.276,Partially Disbursed,Notification Pending,Approved,Partial Possession (30-70%),Moderate,Medium,2,3,3,31.06,1,163
PCL-10109,PRJ-1078,Tamil Nadu,Salem,10.017042,77.670919,Airport Infrastructure,45.26,120,2.6513,0.3772,89.0,46.0,1,182,197,137,217,0.656,Pending Disbursal,Preliminary Notification (Sec 11),Under Scrutiny,Initial Stage (<30%),Low / Resistant,Medium,2,2,2,55.72,1,431
PCL-10110,PRJ-1003,Haryana,Gurugram,29.134928,75.947826,Urban Metro / Transit,29.72,117,3.9367,0.254,85.0,79.0,0,63,15,0,164,0.694,Partially Disbursed,Notification Pending,Approved,Substantial Possession (>70%),High / Cooperative,Medium,2,4,4,13.84,0,35
PCL-10111,PRJ-1245,Haryana,Faridabad,28.969959,75.621678,Railway & Freight Corridor,58.71,57,0.9709,1.03,47.0,47.0,0,187,84,24,183,0.525,Pending Disbursal,Preliminary Notification (Sec 11),Under Scrutiny,Substantial Possession (>70%),High / Cooperative,Medium,2,4,4,30.45,1,221
PCL-10112,PRJ-1177,Andhra Pradesh,Krishna,15.423206,78.55327,Irrigation / Water Canal,22.86,28,1.2248,0.8164,82.0,46.0,1,413,124,64,79,0.494,Disputed in Escrow,Notification Pending,Under Scrutiny,Partial Possession (30-70%),High / Cooperative,Low,1,4,3,51.96,1,281
PCL-10113,PRJ-1176,Uttar Pradesh,Noida,28.436872,80.696965,Renewable / Solar Park,33.73,42,1.2452,0.8031,79.0,37.0,0,0,170,110,207,0.519,Fully Disbursed,Declaration Published (Sec 19),Conditional Clearance,Full Possession,Low / Resistant,Low,1,2,5,25.76,0,11
PCL-10114,PRJ-1259,Andhra Pradesh,Visakhapatnam,14.793533,79.846298,Urban Metro / Transit,23.87,74,3.1001,0.3226,82.0,32.0,1,114,96,36,153,0.544,Pending Disbursal,Notification Pending,Resubmission Required,Initial Stage (<30%),Low / Resistant,Low,1,2,2,53.32,1,362
PCL-10115,PRJ-1011,Gujarat,Surat,21.189882,69.559475,Urban Metro / Transit,45.26,122,2.6955,0.371,82.0,59.0,0,0,94,34,262,0.499,Fully Disbursed,Preliminary Notification (Sec 11),Approved,Partial Possession (30-70%),High / Cooperative,Low,1,4,3,17.53,0,22
PCL-10116,PRJ-1071,Maharashtra,Pune,19.264595,78.80118,Railway & Freight Corridor,23.1,30,1.2987,0.77,92.0,46.0,0,81,174,114,241,0.262,Partially Disbursed,Award Declared (Sec 23),Conditional Clearance,Contested / Encroached,High / Cooperative,Medium,2,4,1,19.37,0,41
PCL-10117,PRJ-1210,Rajasthan,Jaipur,25.349545,71.282494,Airport Infrastructure,44.75,121,2.7039,0.3698,44.0,76.0,1,0,143,83,190,0.224,Fully Disbursed,Preliminary Notification (Sec 11),Pending Environmental Clearance,Contested / Encroached,Hostile / Legal Injunction,Low,1,1,1,56.97,1,227
PCL-10118,PRJ-1077,Uttar Pradesh,Kanpur,28.278116,82.259442,Railway & Freight Corridor,28.42,40,1.4075,0.7105,71.0,64.0,0,105,167,107,226,0.3,Partially Disbursed,Award Declared (Sec 23),Under Scrutiny,Full Possession,Low / Resistant,Medium,2,2,5,29.69,1,316
PCL-10119,PRJ-1149,Madhya Pradesh,Ujjain,23.634945,79.381306,Renewable / Solar Park,12.29,3,0.2441,4.0953,72.0,85.0,0,0,116,56,211,0.416,Fully Disbursed,Declaration Published (Sec 19),Under Scrutiny,Full Possession,Low / Resistant,Low,1,2,5,22.51,1,119
PCL-10120,PRJ-1138,Haryana,Gurugram,30.158341,75.726607,Renewable / Solar Park,20.22,32,1.5826,0.6319,62.0,44.0,0,0,117,57,53,0.77,Fully Disbursed,Possession Taken (Sec 38),Under Scrutiny,Substantial Possession (>70%),High / Cooperative,Low,1,4,4,15.19,0,28
PCL-10121,PRJ-1086,Haryana,Hisar,28.321336,76.872723,Urban Metro / Transit,16.98,44,2.5913,0.3859,48.0,41.0,0,175,106,46,173,0.439,Partially Disbursed,Possession Taken (Sec 38),Approved,Substantial Possession (>70%),Moderate,High,3,3,4,33.73,1,230
PCL-10122,PRJ-1067,Odisha,Sundargarh,20.806007,85.367931,Airport Infrastructure,47.93,207,4.3188,0.2315,52.0,80.0,0,0,124,64,280,0.424,Fully Disbursed,Notification Pending,Conditional Clearance,Substantial Possession (>70%),High / Cooperative,High,3,4,4,22.1,0,34
PCL-10123,PRJ-1174,Odisha,Angul,20.899659,85.908252,Irrigation / Water Canal,108.56,163,1.5015,0.666,68.0,54.0,1,508,55,0,179,0.182,Disputed in Escrow,Possession Taken (Sec 38),Approved,Contested / Encroached,Low / Resistant,High,3,2,1,65.21,1,459
PCL-10124,PRJ-1028,Gujarat,Ahmedabad,21.08377,73.161234,Irrigation / Water Canal,28.65,32,1.1169,0.8953,79.0,80.0,0,112,15,0,159,0.311,Partially Disbursed,Declaration Published (Sec 19),Approved,Full Possession,High / Cooperative,Medium,2,4,5,16.77,0,5
PCL-10125,PRJ-1194,Madhya Pradesh,Ujjain,23.824419,76.554,Highway / Expressway,23.91,35,1.4638,0.6831,64.0,36.0,0,0,186,126,103,0.619,Fully Disbursed,Preliminary Notification (Sec 11),Resubmission Required,Partial Possession (30-70%),Moderate,High,3,3,3,21.21,1,300
PCL-10126,PRJ-1019,Karnataka,Kalaburagi,15.279942,74.550543,Highway / Expressway,23.65,2,0.0846,11.8191,80.0,53.0,0,82,78,18,30,0.682,Partially Disbursed,Possession Taken (Sec 38),Resubmission Required,Substantial Possession (>70%),Moderate,Medium,2,3,4,16.94,1,93
PCL-10127,PRJ-1115,Madhya Pradesh,Jabalpur,25.764997,77.174625,Renewable / Solar Park,57.03,86,1.508,0.6631,71.0,31.0,0,54,34,0,217,0.71,Partially Disbursed,Declaration Published (Sec 19),Approved,Substantial Possession (>70%),Moderate,Medium,2,3,4,26.81,1,153
PCL-10128,PRJ-1150,Maharashtra,Thane,19.638303,75.442898,Urban Metro / Transit,50.3,91,1.8091,0.5527,95.0,41.0,0,134,69,9,294,0.529,Partially Disbursed,Preliminary Notification (Sec 11),Approved,Full Possession,Low / Resistant,High,3,2,5,30.93,1,328
PCL-10129,PRJ-1202,Andhra Pradesh,Guntur,14.998594,82.090315,Renewable / Solar Park,56.42,54,0.9571,1.0448,85.0,49.0,1,153,176,116,185,0.391,Pending Disbursal,Possession Taken (Sec 38),Under Scrutiny,Initial Stage (<30%),Moderate,Low,1,3,2,50.08,1,205
PCL-10130,PRJ-1003,Haryana,Gurugram,29.322874,75.642286,Urban Metro / Transit,24.89,110,4.4194,0.2263,52.0,40.0,1,270,25,0,278,0.397,Disputed in Escrow,Notification Pending,Approved,Contested / Encroached,Low / Resistant,High,3,2,1,69.62,1,427
PCL-10131,PRJ-1165,Gujarat,Kutch,22.511919,70.742516,Irrigation / Water Canal,87.32,172,1.9698,0.5077,65.0,82.0,1,330,211,151,196,0.445,Disputed in Escrow,Possession Taken (Sec 38),Conditional Clearance,Substantial Possession (>70%),Low / Resistant,Very High,4,2,4,62.21,1,474
PCL-10132,PRJ-1154,Maharashtra,Pune,20.494916,76.555958,Irrigation / Water Canal,49.47,62,1.2533,0.7979,64.0,28.0,0,0,151,91,157,0.411,Fully Disbursed,Award Declared (Sec 23),Under Scrutiny,Initial Stage (<30%),Moderate,Medium,2,3,2,24.04,1,99
PCL-10133,PRJ-1092,Haryana,Karnal,29.259344,76.869193,Renewable / Solar Park,10.0,5,0.5,1.9996,90.0,60.0,0,136,34,0,278,0.443,Partially Disbursed,Notification Pending,Approved,Partial Possession (30-70%),High / Cooperative,Low,1,4,3,22.01,0,41
PCL-10134,PRJ-1055,Rajasthan,Jodhpur,24.161197,71.907428,Irrigation / Water Canal,113.33,166,1.4647,0.6827,65.0,68.0,1,218,88,28,252,0.583,Pending Disbursal,Declaration Published (Sec 19),Conditional Clearance,Initial Stage (<30%),Moderate,Medium,2,3,2,57.36,1,307
PCL-10135,PRJ-1017,Tamil Nadu,Madurai,10.76952,78.453043,Urban Metro / Transit,32.5,103,3.1692,0.3155,79.0,29.0,0,129,205,145,235,0.595,Partially Disbursed,Declaration Published (Sec 19),Under Scrutiny,Partial Possession (30-70%),Moderate,Medium,2,3,3,29.16,1,207
PCL-10136,PRJ-1025,Odisha,Sundargarh,21.958861,85.096398,Highway / Expressway,19.06,29,1.5215,0.6572,37.0,48.0,1,0,48,0,267,0.329,Fully Disbursed,Award Declared (Sec 23),Approved,Contested / Encroached,Moderate,Very High,4,3,1,56.56,1,335
PCL-10137,PRJ-1116,Tamil Nadu,Coimbatore,12.649054,79.23435,Irrigation / Water Canal,57.21,84,1.4683,0.6811,50.0,28.0,1,279,72,12,163,0.379,Disputed in Escrow,Award Declared (Sec 23),Approved,Contested / Encroached,Low / Resistant,High,3,2,1,67.28,1,484
PCL-10138,PRJ-1089,Andhra Pradesh,Krishna,17.28435,78.634834,Highway / Expressway,31.93,22,0.689,1.4513,34.0,47.0,1,182,138,78,121,0.245,Disputed in Escrow,Award Declared (Sec 23),Under Scrutiny,Contested / Encroached,Moderate,Low,1,3,1,59.27,1,374
PCL-10139,PRJ-1166,Uttar Pradesh,Varanasi,27.079393,82.227769,Highway / Expressway,25.41,32,1.2593,0.794,74.0,52.0,0,48,139,79,190,0.377,Partially Disbursed,Award Declared (Sec 23),Under Scrutiny,Initial Stage (<30%),Moderate,High,3,3,2,22.85,1,196
PCL-10140,PRJ-1082,Rajasthan,Kota,25.880097,74.218512,Airport Infrastructure,360.76,617,1.7103,0.5847,66.0,43.0,0,0,172,112,358,0.604,Fully Disbursed,Declaration Published (Sec 19),Resubmission Required,Substantial Possession (>70%),High / Cooperative,Medium,2,4,4,25.92,1,94
PCL-10141,PRJ-1005,Gujarat,Ahmedabad,21.382694,70.572432,Industrial Corridor / SEZ,27.84,24,0.8621,1.16,83.0,73.0,1,0,128,68,136,0.269,Fully Disbursed,Award Declared (Sec 23),Approved,Contested / Encroached,Low / Resistant,Medium,2,2,1,43.7,1,170
PCL-10142,PRJ-1145,Tamil Nadu,Tiruchirappalli,9.633999,78.65229,Urban Metro / Transit,33.2,124,3.7349,0.2677,76.0,95.0,0,0,79,19,232,0.239,Fully Disbursed,Declaration Published (Sec 19),Approved,Full Possession,Moderate,Medium,2,3,5,17.75,1,115
PCL-10143,PRJ-1004,Maharashtra,Nagpur,19.868106,74.399001,Irrigation / Water Canal,106.84,167,1.5631,0.6398,49.0,48.0,0,0,141,81,206,0.283,Fully Disbursed,Possession Taken (Sec 38),Under Scrutiny,Initial Stage (<30%),Moderate,Medium,2,3,2,26.88,0,41
PCL-10144,PRJ-1079,Haryana,Hisar,28.107007,76.91205,Irrigation / Water Canal,5.49,2,0.3643,2.7436,77.0,32.0,0,0,125,65,185,0.738,Fully Disbursed,Declaration Published (Sec 19),Pending Environmental Clearance,Substantial Possession (>70%),High / Cooperative,Low,1,4,4,18.34,1,92
PCL-10145,PRJ-1162,Haryana,Karnal,28.090538,76.829268,Urban Metro / Transit,28.19,83,2.9443,0.3396,67.0,78.0,0,48,206,146,172,0.326,Partially Disbursed,Award Declared (Sec 23),Pending Environmental Clearance,Full Possession,Moderate,Medium,2,3,5,20.97,0,30
PCL-10146,PRJ-1155,Andhra Pradesh,Guntur,16.71889,79.429435,Irrigation / Water Canal,47.97,91,1.897,0.5271,63.0,63.0,1,86,116,56,151,0.479,Partially Disbursed,Declaration Published (Sec 19),Conditional Clearance,Contested / Encroached,Moderate,Medium,2,3,1,49.05,1,331
PCL-10147,PRJ-1152,Madhya Pradesh,Ujjain,26.274591,75.972083,Urban Metro / Transit,16.02,66,4.1199,0.2427,62.0,81.0,1,95,114,54,282,0.181,Pending Disbursal,Notification Pending,Pending Environmental Clearance,Substantial Possession (>70%),Low / Resistant,High,3,2,4,56.48,1,358
PCL-10148,PRJ-1202,Andhra Pradesh,Guntur,16.413469,82.690199,Renewable / Solar Park,54.63,52,0.9519,1.0506,88.0,45.0,1,352,48,0,185,0.653,Pending Disbursal,Declaration Published (Sec 19),Approved,Partial Possession (30-70%),Low / Resistant,Medium,2,2,3,61.8,1,446
PCL-10149,PRJ-1093,Tamil Nadu,Kanchipuram,11.831325,78.808607,Railway & Freight Corridor,48.2,22,0.4564,2.1908,70.0,88.0,1,127,207,147,262,0.292,Pending Disbursal,Award Declared (Sec 23),Under Scrutiny,Partial Possession (30-70%),Hostile / Legal Injunction,High,3,1,3,58.49,1,514
PCL-10150,PRJ-1250,Andhra Pradesh,Guntur,18.236776,79.799978,Industrial Corridor / SEZ,79.26,138,1.7411,0.5743,57.0,48.0,1,154,51,0,305,0.706,Partially Disbursed,Possession Taken (Sec 38),Approved,Initial Stage (<30%),High / Cooperative,Low,1,4,2,56.57,1,325
PCL-10151,PRJ-1187,Andhra Pradesh,Krishna,17.603879,82.747429,Industrial Corridor / SEZ,118.85,104,0.8751,1.1428,82.0,52.0,0,100,15,0,353,0.4,Partially Disbursed,Award Declared (Sec 23),Approved,Partial Possession (30-70%),Moderate,Low,1,3,3,29.5,0,61
PCL-10152,PRJ-1237,Odisha,Sundargarh,20.707931,86.141871,Airport Infrastructure,70.96,205,2.889,0.3461,58.0,50.0,0,0,171,111,141,0.094,Fully Disbursed,Declaration Published (Sec 19),Pending Environmental Clearance,Full Possession,Moderate,Medium,2,3,5,22.44,0,43
PCL-10153,PRJ-1040,Tamil Nadu,Madurai,12.023246,79.815526,Industrial Corridor / SEZ,40.81,75,1.8378,0.5441,70.0,66.0,0,84,197,137,193,0.272,Partially Disbursed,Preliminary Notification (Sec 11),Under Scrutiny,Substantial Possession (>70%),Moderate,Medium,2,3,4,23.84,0,31
PCL-10154,PRJ-1077,Uttar Pradesh,Kanpur,26.293783,79.255856,Railway & Freight Corridor,19.43,31,1.5955,0.6268,76.0,64.0,0,131,119,59,177,0.206,Partially Disbursed,Award Declared (Sec 23),Under Scrutiny,Partial Possession (30-70%),High / Cooperative,Medium,2,4,3,20.42,0,42
PCL-10155,PRJ-1085,Andhra Pradesh,Visakhapatnam,17.381707,78.737816,Irrigation / Water Canal,24.43,5,0.2047,4.885,75.0,45.0,0,0,116,56,163,0.421,Fully Disbursed,Possession Taken (Sec 38),Pending Environmental Clearance,Full Possession,Moderate,Medium,2,3,5,20.36,0,0
PCL-10156,PRJ-1119,Haryana,Faridabad,28.200867,76.251927,Industrial Corridor / SEZ,51.08,49,0.9593,1.0424,72.0,78.0,0,146,25,0,173,0.57,Partially Disbursed,Preliminary Notification (Sec 11),Approved,Substantial Possession (>70%),Low / Resistant,Low,1,2,4,27.79,1,226
PCL-10157,PRJ-1141,Madhya Pradesh,Ujjain,25.723438,76.735223,Highway / Expressway,76.98,101,1.312,0.7622,50.0,47.0,0,49,15,0,110,0.203,Partially Disbursed,Notification Pending,Approved,Contested / Encroached,Moderate,Low,1,3,1,25.19,1,101
PCL-10158,PRJ-1177,Andhra Pradesh,Krishna,16.192191,80.412339,Irrigation / Water Canal,16.01,17,1.0618,0.9417,81.0,75.0,0,0,92,32,254,0.377,Fully Disbursed,Award Declared (Sec 23),Approved,Full Possession,High / Cooperative,Medium,2,4,5,15.82,0,11
PCL-10159,PRJ-1061,Rajasthan,Kota,26.958882,73.496221,Renewable / Solar Park,19.27,18,0.9341,1.0705,69.0,75.0,0,135,78,18,153,0.847,Partially Disbursed,Preliminary Notification (Sec 11),Approved,Full Possession,Moderate,Low,1,3,5,23.74,1,226
PCL-10160,PRJ-1021,Karnataka,Belagavi,16.914909,75.019968,Industrial Corridor / SEZ,118.25,102,0.8626,1.1593,88.0,79.0,1,506,105,45,154,0.628,Disputed in Escrow,Preliminary Notification (Sec 11),Pending Environmental Clearance,Contested / Encroached,Low / Resistant,High,3,2,1,57.78,1,455
PCL-10161,PRJ-1111,Karnataka,Kalaburagi,14.751096,77.726883,Industrial Corridor / SEZ,21.98,49,2.2293,0.4486,70.0,59.0,0,76,117,57,316,0.431,Partially Disbursed,Notification Pending,Under Scrutiny,Full Possession,Moderate,Low,1,3,5,28.82,0,16
PCL-10162,PRJ-1233,Uttar Pradesh,Noida,27.078213,78.421752,Urban Metro / Transit,60.54,144,2.3786,0.4204,76.0,88.0,0,304,157,97,238,0.605,Pending Disbursal,Declaration Published (Sec 19),Under Scrutiny,Substantial Possession (>70%),High / Cooperative,Low,1,4,4,27.42,0,5
PCL-10163,PRJ-1258,Odisha,Cuttack,21.506196,84.301613,Industrial Corridor / SEZ,15.11,31,2.0516,0.4874,86.0,36.0,1,527,131,71,112,0.28,Disputed in Escrow,Possession Taken (Sec 38),Under Scrutiny,Partial Possession (30-70%),Low / Resistant,High,3,2,3,60.9,1,476
PCL-10164,PRJ-1220,Tamil Nadu,Coimbatore,10.330253,79.537131,Airport Infrastructure,8.85,32,3.6158,0.2766,88.0,63.0,0,177,15,0,187,0.521,Partially Disbursed,Preliminary Notification (Sec 11),Approved,Full Possession,Moderate,Medium,2,3,5,24.14,0,2
PCL-10165,PRJ-1043,Tamil Nadu,Salem,10.513107,79.767976,Airport Infrastructure,69.35,177,2.5523,0.3918,47.0,22.0,0,60,76,16,218,0.66,Partially Disbursed,Notification Pending,Approved,Partial Possession (30-70%),Moderate,Medium,2,3,3,32.79,1,334
PCL-10166,PRJ-1186,Gujarat,Surat,21.359091,70.924715,Airport Infrastructure,152.56,483,3.166,0.3159,56.0,72.0,0,131,41,0,245,0.426,Partially Disbursed,Declaration Published (Sec 19),Approved,Partial Possession (30-70%),Moderate,Medium,2,3,3,29.92,1,167
PCL-10167,PRJ-1248,Karnataka,Kalaburagi,13.79351,75.53129,Irrigation / Water Canal,52.76,58,1.0993,0.9096,81.0,84.0,0,88,167,107,91,0.602,Partially Disbursed,Possession Taken (Sec 38),Conditional Clearance,Initial Stage (<30%),Moderate,Medium,2,3,2,16.18,1,103
PCL-10168,PRJ-1174,Odisha,Angul,21.63222,85.707868,Irrigation / Water Canal,31.36,42,1.3393,0.7466,82.0,37.0,0,164,142,82,112,0.434,Pending Disbursal,Possession Taken (Sec 38),Pending Environmental Clearance,Substantial Possession (>70%),High / Cooperative,Low,1,4,4,20.84,1,119
PCL-10169,PRJ-1114,Odisha,Sundargarh,20.514171,85.694378,Highway / Expressway,34.56,69,1.9965,0.5009,87.0,67.0,0,0,15,0,311,0.469,Fully Disbursed,Notification Pending,Approved,Partial Possession (30-70%),Moderate,High,3,3,3,21.31,1,144
PCL-10170,PRJ-1006,Madhya Pradesh,Bhopal,22.937512,79.254059,Industrial Corridor / SEZ,14.08,9,0.6392,1.5643,64.0,46.0,0,89,33,0,240,0.408,Partially Disbursed,Notification Pending,Approved,Full Possession,High / Cooperative,Low,1,4,5,25.26,1,159
PCL-10171,PRJ-1081,Karnataka,Bengaluru Rural,12.97553,75.432998,Railway & Freight Corridor,103.91,135,1.2992,0.7697,77.0,75.0,0,0,140,80,236,0.624,Fully Disbursed,Preliminary Notification (Sec 11),Pending Environmental Clearance,Substantial Possession (>70%),High / Cooperative,Medium,2,4,4,15.95,0,0
PCL-10172,PRJ-1179,Gujarat,Vadodara,22.057678,72.638265,Airport Infrastructure,56.73,104,1.8332,0.5455,71.0,66.0,1,0,26,0,247,0.705,Fully Disbursed,Declaration Published (Sec 19),Approved,Substantial Possession (>70%),Low / Resistant,Very High,4,2,4,50.96,1,332
PCL-10173,PRJ-1151,Karnataka,Bengaluru Rural,14.215833,74.924429,Renewable / Solar Park,14.54,2,0.1376,7.2664,84.0,56.0,0,0,104,44,179,0.256,Fully Disbursed,Possession Taken (Sec 38),Resubmission Required,Substantial Possession (>70%),Moderate,Low,1,3,4,18.06,0,22
PCL-10174,PRJ-1235,Gujarat,Rajkot,23.026625,72.994705,Urban Metro / Transit,35.4,134,3.7853,0.2642,69.0,26.0,0,86,147,87,189,0.223,Partially Disbursed,Declaration Published (Sec 19),Conditional Clearance,Substantial Possession (>70%),High / Cooperative,Medium,2,4,4,24.22,1,131
PCL-10175,PRJ-1135,Gujarat,Bharuch,21.769947,69.459241,Renewable / Solar Park,35.02,63,1.799,0.5559,80.0,96.0,0,120,177,117,178,0.325,Partially Disbursed,Declaration Published (Sec 19),Pending Environmental Clearance,Full Possession,High / Cooperative,High,3,4,5,16.01,0,0
PCL-10176,PRJ-1098,Rajasthan,Jaipur,26.245597,72.228033,Urban Metro / Transit,40.52,134,3.307,0.3024,67.0,83.0,1,121,115,55,183,0.486,Partially Disbursed,Declaration Published (Sec 19),Conditional Clearance,Substantial Possession (>70%),Moderate,High,3,3,4,48.89,1,319
PCL-10177,PRJ-1253,Odisha,Jajpur,21.14595,86.113459,Urban Metro / Transit,10.56,37,3.5038,0.2854,42.0,43.0,1,230,29,0,365,0.604,Pending Disbursal,Possession Taken (Sec 38),Approved,Contested / Encroached,Low / Resistant,Low,1,2,1,72.94,1,344
PCL-10178,PRJ-1204,Gujarat,Bharuch,21.694069,71.587327,Irrigation / Water Canal,11.57,22,1.9015,0.5259,64.0,73.0,1,291,121,61,171,0.483,Pending Disbursal,Declaration Published (Sec 19),Under Scrutiny,Substantial Possession (>70%),Low / Resistant,High,3,2,4,60.77,1,511
PCL-10179,PRJ-1162,Haryana,Karnal,29.704105,75.572458,Urban Metro / Transit,127.84,274,2.1433,0.4666,95.0,64.0,0,0,15,0,126,0.487,Fully Disbursed,Notification Pending,Approved,Full Possession,Moderate,High,3,3,5,13.08,0,0
PCL-10180,PRJ-1176,Uttar Pradesh,Noida,26.294142,80.743358,Renewable / Solar Park,28.02,30,1.0707,0.934,69.0,61.0,0,0,115,55,347,0.468,Fully Disbursed,Declaration Published (Sec 19),Under Scrutiny,Contested / Encroached,High / Cooperative,Medium,2,4,1,23.11,0,9
PCL-10181,PRJ-1052,Odisha,Angul,21.42412,86.221036,Urban Metro / Transit,33.13,102,3.0788,0.3248,66.0,56.0,0,151,49,0,222,0.501,Partially Disbursed,Preliminary Notification (Sec 11),Approved,Substantial Possession (>70%),Moderate,High,3,3,4,29.48,0,2
PCL-10182,PRJ-1162,Haryana,Karnal,29.934799,76.120065,Urban Metro / Transit,87.36,281,3.2166,0.3109,92.0,53.0,0,0,161,101,261,0.275,Fully Disbursed,Award Declared (Sec 23),Under Scrutiny,Substantial Possession (>70%),Moderate,High,3,3,4,19.84,1,259
PCL-10183,PRJ-1172,Rajasthan,Jaipur,25.192984,73.175809,Airport Infrastructure,16.89,62,3.6708,0.2724,58.0,48.0,0,0,22,0,129,0.247,Fully Disbursed,Notification Pending,Approved,Substantial Possession (>70%),Moderate,High,3,3,4,22.19,0,17
PCL-10184,PRJ-1146,Karnataka,Dharwad,14.290034,76.704217,Industrial Corridor / SEZ,15.9,23,1.4465,0.6913,76.0,67.0,1,164,80,20,427,0.302,Pending Disbursal,Declaration Published (Sec 19),Under Scrutiny,Contested / Encroached,Low / Resistant,Medium,2,2,1,62.34,1,308
PCL-10185,PRJ-1208,Rajasthan,Alwar,27.785163,71.47093,Industrial Corridor / SEZ,35.45,40,1.1283,0.8862,75.0,40.0,0,0,78,18,258,0.644,Fully Disbursed,Possession Taken (Sec 38),Approved,Substantial Possession (>70%),High / Cooperative,Low,1,4,4,20.67,0,68
PCL-10186,PRJ-1231,Andhra Pradesh,Guntur,15.871552,78.951042,Urban Metro / Transit,53.46,73,1.3655,0.7323,32.0,82.0,0,50,15,0,228,0.384,Partially Disbursed,Declaration Published (Sec 19),Approved,Full Possession,Low / Resistant,Medium,2,2,5,33.5,1,207
PCL-10187,PRJ-1028,Gujarat,Ahmedabad,21.126458,70.796855,Irrigation / Water Canal,43.41,71,1.6356,0.6114,59.0,80.0,0,129,36,0,376,0.422,Partially Disbursed,Award Declared (Sec 23),Approved,Partial Possession (30-70%),High / Cooperative,Low,1,4,3,29.6,0,35
PCL-10188,PRJ-1065,Haryana,Karnal,28.365065,77.143184,Industrial Corridor / SEZ,234.08,158,0.675,1.4815,27.0,67.0,1,229,17,0,225,0.289,Pending Disbursal,Notification Pending,Approved,Contested / Encroached,Hostile / Legal Injunction,High,3,1,1,72.0,1,559
PCL-10189,PRJ-1234,Madhya Pradesh,Ujjain,24.826609,79.119447,Industrial Corridor / SEZ,17.58,23,1.3083,0.7643,79.0,39.0,0,0,43,0,258,0.35,Fully Disbursed,Notification Pending,Approved,Full Possession,Moderate,Medium,2,3,5,23.72,1,127
PCL-10190,PRJ-1080,Karnataka,Belagavi,14.037507,74.550296,Airport Infrastructure,30.54,111,3.6346,0.2751,57.0,45.0,1,0,229,169,159,0.489,Fully Disbursed,Possession Taken (Sec 38),Pending Environmental Clearance,Initial Stage (<30%),Moderate,High,3,3,2,48.81,1,297
PCL-10191,PRJ-1150,Maharashtra,Thane,19.781311,78.149311,Urban Metro / Transit,20.37,60,2.9455,0.3395,69.0,67.0,1,129,98,38,258,0.307,Partially Disbursed,Possession Taken (Sec 38),Approved,Substantial Possession (>70%),Low / Resistant,Low,1,2,4,56.98,1,227
PCL-10192,PRJ-1140,Maharashtra,Nagpur,18.875563,77.804732,Irrigation / Water Canal,41.85,73,1.7443,0.5733,88.0,35.0,1,323,130,70,30,0.617,Pending Disbursal,Notification Pending,Under Scrutiny,Contested / Encroached,Low / Resistant,Medium,2,2,1,55.8,1,430
PCL-10193,PRJ-1165,Gujarat,Kutch,21.106247,69.268381,Irrigation / Water Canal,33.62,36,1.0708,0.9339,62.0,59.0,0,32,36,0,149,0.641,Partially Disbursed,Declaration Published (Sec 19),Approved,Full Possession,High / Cooperative,Low,1,4,5,18.6,0,44
PCL-10194,PRJ-1256,Tamil Nadu,Coimbatore,12.943076,78.487422,Industrial Corridor / SEZ,6.14,19,3.0945,0.3231,99.0,25.0,0,0,15,0,298,0.359,Fully Disbursed,Possession Taken (Sec 38),Approved,Substantial Possession (>70%),Moderate,Low,1,3,4,22.62,1,132
PCL-10195,PRJ-1129,Maharashtra,Thane,20.420027,78.350813,Urban Metro / Transit,28.6,48,1.6783,0.5958,87.0,74.0,0,0,42,0,355,0.421,Fully Disbursed,Preliminary Notification (Sec 11),Approved,Partial Possession (30-70%),Moderate,High,3,3,3,22.26,1,141
PCL-10196,PRJ-1107,Rajasthan,Udaipur,26.130432,75.07051,Urban Metro / Transit,48.44,106,2.1883,0.457,97.0,22.0,1,446,15,0,109,0.595,Disputed in Escrow,Preliminary Notification (Sec 11),Approved,Initial Stage (<30%),Moderate,Low,1,3,2,56.24,1,457
PCL-10197,PRJ-1112,Odisha,Jajpur,22.080513,84.687108,Irrigation / Water Canal,11.17,2,0.1791,5.5822,75.0,84.0,0,0,71,11,206,0.3,Fully Disbursed,Declaration Published (Sec 19),Approved,Full Possession,Moderate,Low,1,3,5,18.08,0,0
PCL-10198,PRJ-1244,Karnataka,Mysuru,15.923192,75.045974,Airport Infrastructure,7.55,28,3.7086,0.2696,75.0,41.0,0,0,42,0,206,0.479,Fully Disbursed,Preliminary Notification (Sec 11),Approved,Substantial Possession (>70%),High / Cooperative,Low,1,4,4,18.63,0,43
PCL-10199,PRJ-1065,Haryana,Karnal,29.220823,76.151805,Industrial Corridor / SEZ,38.39,63,1.6411,0.6094,70.0,12.0,0,35,65,5,106,0.566,Partially Disbursed,Possession Taken (Sec 38),Approved,Full Possession,High / Cooperative,Medium,2,4,5,20.21,0,26
PCL-10200,PRJ-1225,Odisha,Sundargarh,21.003464,85.515382,Airport Infrastructure,18.63,40,2.1471,0.4657,67.0,73.0,0,171,52,0,186,0.296,Partially Disbursed,Declaration Published (Sec 19),Approved,Full Possession,Moderate,Medium,2,3,5,27.05,1,157
PCL-10201,PRJ-1188,Andhra Pradesh,Krishna,16.047948,81.851998,Railway & Freight Corridor,24.71,32,1.295,0.7722,71.0,51.0,0,0,67,7,272,0.489,Fully Disbursed,Notification Pending,Approved,Partial Possession (30-70%),Low / Resistant,Medium,2,2,3,28.4,1,249
PCL-10202,PRJ-1199,Karnataka,Belagavi,13.48036,76.736317,Renewable / Solar Park,44.95,68,1.5128,0.661,54.0,58.0,0,0,93,33,324,0.584,Fully Disbursed,Preliminary Notification (Sec 11),Under Scrutiny,Full Possession,High / Cooperative,Low,1,4,5,25.55,0,0
PCL-10203,PRJ-1067,Odisha,Sundargarh,20.014461,84.134439,Airport Infrastructure,13.12,22,1.6768,0.5963,77.0,62.0,0,0,127,67,240,0.186,Fully Disbursed,Possession Taken (Sec 38),Under Scrutiny,Partial Possession (30-70%),High / Cooperative,Low,1,4,3,17.4,1,106
PCL-10204,PRJ-1188,Andhra Pradesh,Krishna,15.02118,81.567441,Railway & Freight Corridor,14.34,9,0.6276,1.5932,86.0,76.0,0,329,27,0,257,0.361,Pending Disbursal,Preliminary Notification (Sec 11),Approved,Contested / Encroached,Low / Resistant,High,3,2,1,35.86,1,282
PCL-10205,PRJ-1030,Rajasthan,Udaipur,27.674029,72.618312,Industrial Corridor / SEZ,140.5,97,0.6904,1.4484,78.0,46.0,0,139,165,105,299,0.326,Pending Disbursal,Preliminary Notification (Sec 11),Conditional Clearance,Substantial Possession (>70%),High / Cooperative,Low,1,4,4,26.72,1,164
PCL-10206,PRJ-1128,Gujarat,Rajkot,22.70308,73.219015,Highway / Expressway,27.75,31,1.1171,0.8951,69.0,55.0,0,147,139,79,30,0.656,Partially Disbursed,Possession Taken (Sec 38),Pending Environmental Clearance,Full Possession,Moderate,Medium,2,3,5,21.62,1,237
PCL-10207,PRJ-1173,Rajasthan,Kota,26.94314,74.200013,Urban Metro / Transit,76.58,233,3.0426,0.3287,74.0,74.0,1,612,65,5,30,0.651,Disputed in Escrow,Award Declared (Sec 23),Approved,Initial Stage (<30%),Hostile / Legal Injunction,Very High,4,1,2,60.18,1,619
PCL-10208,PRJ-1124,Haryana,Panipat,29.401547,75.956463,Railway & Freight Corridor,67.85,99,1.4591,0.6853,71.0,66.0,0,0,72,12,212,0.247,Fully Disbursed,Possession Taken (Sec 38),Approved,Full Possession,Moderate,High,3,3,5,20.9,1,91
PCL-10209,PRJ-1070,Rajasthan,Jaipur,28.421013,72.830866,Irrigation / Water Canal,10.06,22,2.1869,0.4573,62.0,64.0,1,533,141,81,229,0.341,Disputed in Escrow,Award Declared (Sec 23),Pending Environmental Clearance,Initial Stage (<30%),Low / Resistant,Low,1,2,2,67.29,1,371
PCL-10210,PRJ-1049,Odisha,Angul,19.648114,85.010271,Irrigation / Water Canal,93.95,84,0.8941,1.1184,82.0,40.0,0,137,15,0,287,0.276,Pending Disbursal,Notification Pending,Approved,Initial Stage (<30%),Moderate,Medium,2,3,2,29.74,0,18
PCL-10211,PRJ-1167,Gujarat,Surat,23.349422,69.810771,Airport Infrastructure,14.38,45,3.1293,0.3195,83.0,67.0,0,106,133,73,196,0.305,Partially Disbursed,Preliminary Notification (Sec 11),Conditional Clearance,Substantial Possession (>70%),Moderate,Medium,2,3,4,22.16,1,114
PCL-10212,PRJ-1172,Rajasthan,Jaipur,25.580893,75.871136,Airport Infrastructure,14.69,27,1.838,0.5441,43.0,68.0,1,488,110,50,146,0.171,Disputed in Escrow,Preliminary Notification (Sec 11),Under Scrutiny,Initial Stage (<30%),Hostile / Legal Injunction,High,3,1,2,71.32,1,522
PCL-10213,PRJ-1164,Haryana,Karnal,29.345831,75.834202,Urban Metro / Transit,24.09,60,2.4907,0.4015,63.0,66.0,0,0,169,109,127,0.211,Fully Disbursed,Possession Taken (Sec 38),Conditional Clearance,Substantial Possession (>70%),High / Cooperative,Low,1,4,4,15.56,1,100
PCL-10214,PRJ-1222,Uttar Pradesh,Kanpur,26.035262,80.179341,Industrial Corridor / SEZ,44.87,29,0.6463,1.5472,80.0,42.0,1,133,144,84,278,0.387,Pending Disbursal,Possession Taken (Sec 38),Under Scrutiny,Contested / Encroached,Moderate,Low,1,3,1,54.44,1,270
PCL-10215,PRJ-1102,Odisha,Cuttack,20.818439,85.811071,Highway / Expressway,10.84,14,1.2915,0.7742,67.0,46.0,0,0,111,51,116,0.448,Fully Disbursed,Possession Taken (Sec 38),Approved,Initial Stage (<30%),Moderate,Medium,2,3,2,20.1,1,91
PCL-10216,PRJ-1217,Madhya Pradesh,Gwalior,23.657178,76.269134,Airport Infrastructure,85.93,216,2.5137,0.3978,77.0,56.0,1,316,42,0,188,0.183,Pending Disbursal,Notification Pending,Approved,Full Possession,Low / Resistant,High,3,2,5,61.54,1,451
PCL-10217,PRJ-1192,Karnataka,Mysuru,13.314357,76.881158,Renewable / Solar Park,17.46,2,0.1145,8.7256,52.0,87.0,0,0,39,0,322,0.521,Fully Disbursed,Award Declared (Sec 23),Approved,Partial Possession (30-70%),High / Cooperative,Medium,2,4,3,22.98,1,95
PCL-10218,PRJ-1012,Uttar Pradesh,Noida,26.178381,82.04607,Railway & Freight Corridor,18.37,5,0.2722,3.6733,75.0,79.0,0,66,119,59,197,0.743,Partially Disbursed,Preliminary Notification (Sec 11),Approved,Initial Stage (<30%),Moderate,Medium,2,3,2,20.95,1,233
PCL-10219,PRJ-1031,Maharashtra,Aurangabad,18.873639,78.100806,Irrigation / Water Canal,12.89,20,1.5516,0.6445,57.0,46.0,1,228,119,59,174,0.383,Pending Disbursal,Award Declared (Sec 23),Pending Environmental Clearance,Full Possession,Moderate,Low,1,3,5,58.64,1,368
PCL-10220,PRJ-1198,Maharashtra,Thane,18.720389,75.486488,Renewable / Solar Park,46.64,88,1.8868,0.53,51.0,74.0,0,77,120,60,224,0.581,Partially Disbursed,Declaration Published (Sec 19),Under Scrutiny,Substantial Possession (>70%),High / Cooperative,Low,1,4,4,23.96,0,32
PCL-10221,PRJ-1127,Andhra Pradesh,Kurnool,18.107989,79.544145,Urban Metro / Transit,42.47,105,2.4723,0.4045,71.0,82.0,0,0,102,42,477,0.461,Fully Disbursed,Award Declared (Sec 23),Approved,Contested / Encroached,High / Cooperative,Medium,2,4,1,22.6,0,29
PCL-10222,PRJ-1132,Tamil Nadu,Tiruchirappalli,12.537503,79.810246,Highway / Expressway,6.26,15,2.3962,0.4173,68.0,60.0,0,0,67,7,163,0.251,Fully Disbursed,Possession Taken (Sec 38),Under Scrutiny,Full Possession,Moderate,Low,1,3,5,20.26,1,160
PCL-10223,PRJ-1117,Tamil Nadu,Kanchipuram,10.968933,78.825986,Highway / Expressway,16.6,20,1.2048,0.83,65.0,82.0,0,0,175,115,126,0.085,Fully Disbursed,Declaration Published (Sec 19),Under Scrutiny,Partial Possession (30-70%),Moderate,Low,1,3,3,17.28,1,91
PCL-10224,PRJ-1070,Rajasthan,Jaipur,25.942283,76.413112,Irrigation / Water Canal,20.84,31,1.4875,0.6722,78.0,51.0,0,0,118,58,296,0.512,Fully Disbursed,Notification Pending,Pending Environmental Clearance,Full Possession,Moderate,Medium,2,3,5,24.15,1,136
PCL-10225,PRJ-1016,Tamil Nadu,Tiruchirappalli,12.152479,79.778409,Railway & Freight Corridor,13.18,2,0.1517,6.5867,47.0,76.0,0,230,161,101,201,0.513,Pending Disbursal,Declaration Published (Sec 19),Conditional Clearance,Substantial Possession (>70%),High / Cooperative,Medium,2,4,4,29.99,1,172
PCL-10226,PRJ-1137,Haryana,Faridabad,29.503451,76.713488,Highway / Expressway,38.28,59,1.5413,0.6488,70.0,52.0,1,248,111,51,305,0.235,Disputed in Escrow,Notification Pending,Conditional Clearance,Initial Stage (<30%),High / Cooperative,Low,1,4,2,57.43,1,230
PCL-10227,PRJ-1095,Rajasthan,Jaipur,27.79937,73.949529,Irrigation / Water Canal,9.68,6,0.6198,1.6131,65.0,77.0,0,0,73,13,283,0.401,Fully Disbursed,Award Declared (Sec 23),Resubmission Required,Full Possession,High / Cooperative,Low,1,4,5,19.91,0,47
PCL-10228,PRJ-1105,Rajasthan,Kota,24.341,76.519909,Highway / Expressway,24.29,38,1.5644,0.6392,91.0,31.0,1,216,15,0,168,0.183,Pending Disbursal,Possession Taken (Sec 38),Approved,Full Possession,Low / Resistant,High,3,2,5,56.38,1,381
PCL-10229,PRJ-1195,Andhra Pradesh,Visakhapatnam,17.218884,79.981338,Renewable / Solar Park,82.83,151,1.823,0.5485,95.0,68.0,1,199,39,0,135,0.674,Disputed in Escrow,Notification Pending,Approved,Initial Stage (<30%),Low / Resistant,High,3,2,2,49.94,1,405
PCL-10230,PRJ-1126,Uttar Pradesh,Lucknow,26.813589,80.1863,Renewable / Solar Park,124.58,201,1.6134,0.6198,76.0,78.0,0,0,69,9,303,0.427,Fully Disbursed,Award Declared (Sec 23),Approved,Initial Stage (<30%),Low / Resistant,High,3,2,2,25.86,1,249
PCL-10231,PRJ-1147,Andhra Pradesh,Nellore,16.079928,80.120065,Renewable / Solar Park,21.94,34,1.5497,0.6453,54.0,52.0,0,321,153,93,173,0.586,Pending Disbursal,Preliminary Notification (Sec 11),Conditional Clearance,Substantial Possession (>70%),Moderate,Low,1,3,4,37.43,1,275
PCL-10232,PRJ-1070,Rajasthan,Jaipur,25.779494,72.95842,Irrigation / Water Canal,27.19,26,0.9562,1.0457,74.0,72.0,0,136,117,57,293,0.539,Pending Disbursal,Award Declared (Sec 23),Approved,Substantial Possession (>70%),Low / Resistant,Medium,2,2,4,32.08,1,269
PCL-10233,PRJ-1064,Madhya Pradesh,Jabalpur,22.451241,79.569851,Industrial Corridor / SEZ,216.86,318,1.4664,0.6819,68.0,90.0,0,171,130,70,30,0.445,Pending Disbursal,Possession Taken (Sec 38),Under Scrutiny,Full Possession,Moderate,Low,1,3,5,19.3,1,163
PCL-10234,PRJ-1077,Uttar Pradesh,Kanpur,25.601222,78.83088,Railway & Freight Corridor,13.84,15,1.0838,0.9226,75.0,54.0,0,237,34,0,246,0.696,Pending Disbursal,Declaration Published (Sec 19),Approved,Substantial Possession (>70%),High / Cooperative,Low,1,4,4,28.56,1,184
PCL-10235,PRJ-1130,Andhra Pradesh,Visakhapatnam,14.103714,80.488375,Irrigation / Water Canal,146.25,188,1.2855,0.7779,94.0,63.0,1,151,61,1,158,0.293,Partially Disbursed,Possession Taken (Sec 38),Approved,Substantial Possession (>70%),Low / Resistant,Very High,4,2,4,49.53,1,307
PCL-10236,PRJ-1143,Gujarat,Rajkot,22.847322,71.503214,Irrigation / Water Canal,12.89,34,2.6377,0.3791,62.0,80.0,0,0,156,96,250,0.7,Fully Disbursed,Preliminary Notification (Sec 11),Under Scrutiny,Partial Possession (30-70%),High / Cooperative,Low,1,4,3,18.98,1,91
PCL-10237,PRJ-1026,Gujarat,Ahmedabad,21.365774,73.422435,Industrial Corridor / SEZ,39.93,43,1.0769,0.9286,40.0,51.0,1,180,138,78,114,0.597,Pending Disbursal,Possession Taken (Sec 38),Conditional Clearance,Partial Possession (30-70%),Low / Resistant,Low,1,2,3,61.07,1,425
PCL-10238,PRJ-1166,Uttar Pradesh,Varanasi,26.303136,80.096272,Highway / Expressway,21.78,5,0.2296,4.3551,77.0,67.0,0,0,91,31,158,0.521,Fully Disbursed,Award Declared (Sec 23),Approved,Substantial Possession (>70%),Moderate,Medium,2,3,4,17.58,1,210
PCL-10239,PRJ-1030,Rajasthan,Udaipur,24.53093,75.355398,Industrial Corridor / SEZ,49.74,70,1.4073,0.7106,57.0,78.0,1,541,15,0,98,0.781,Disputed in Escrow,Award Declared (Sec 23),Approved,Contested / Encroached,Low / Resistant,Very High,4,2,1,61.97,1,427
PCL-10240,PRJ-1182,Karnataka,Kalaburagi,17.092816,76.515728,Railway & Freight Corridor,59.48,76,1.2777,0.7826,44.0,84.0,0,209,156,96,132,0.279,Pending Disbursal,Award Declared (Sec 23),Resubmission Required,Full Possession,Low / Resistant,Medium,2,2,5,33.84,1,296
PCL-10241,PRJ-1061,Rajasthan,Kota,27.294861,72.273252,Renewable / Solar Park,20.56,37,1.7996,0.5557,87.0,26.0,0,198,124,64,290,0.678,Pending Disbursal,Preliminary Notification (Sec 11),Under Scrutiny,Partial Possession (30-70%),High / Cooperative,Medium,2,4,3,29.01,1,298
PCL-10242,PRJ-1154,Maharashtra,Pune,19.5194,75.123113,Irrigation / Water Canal,75.2,45,0.5984,1.6711,95.0,59.0,0,37,61,1,259,0.575,Partially Disbursed,Declaration Published (Sec 19),Approved,Partial Possession (30-70%),High / Cooperative,Medium,2,4,3,16.33,0,8
PCL-10243,PRJ-1243,Uttar Pradesh,Noida,27.760665,81.536522,Highway / Expressway,41.32,63,1.5247,0.6559,35.0,62.0,1,301,155,95,30,0.294,Pending Disbursal,Preliminary Notification (Sec 11),Conditional Clearance,Partial Possession (30-70%),Hostile / Legal Injunction,Medium,2,1,3,66.54,1,561
PCL-10244,PRJ-1010,Madhya Pradesh,Indore,22.966355,79.437157,Irrigation / Water Canal,17.79,31,1.7426,0.5739,79.0,34.0,0,0,57,0,237,0.221,Fully Disbursed,Preliminary Notification (Sec 11),Approved,Substantial Possession (>70%),Moderate,High,3,3,4,23.44,1,211
PCL-10245,PRJ-1085,Andhra Pradesh,Visakhapatnam,16.562319,79.958875,Irrigation / Water Canal,49.85,82,1.6449,0.6079,83.0,47.0,1,106,40,0,261,0.473,Pending Disbursal,Award Declared (Sec 23),Approved,Initial Stage (<30%),Low / Resistant,High,3,2,2,55.34,1,371
PCL-10246,PRJ-1232,Maharashtra,Nagpur,20.455427,74.986824,Irrigation / Water Canal,31.36,44,1.4031,0.7127,48.0,67.0,1,53,154,94,141,0.191,Partially Disbursed,Possession Taken (Sec 38),Under Scrutiny,Contested / Encroached,High / Cooperative,Low,1,4,1,46.17,0,44
PCL-10247,PRJ-1175,Odisha,Angul,21.951456,86.027591,Renewable / Solar Park,50.57,64,1.2656,0.7901,59.0,84.0,0,354,36,0,218,0.425,Pending Disbursal,Declaration Published (Sec 19),Approved,Full Possession,High / Cooperative,High,3,4,5,32.52,1,197
PCL-10248,PRJ-1060,Madhya Pradesh,Ujjain,22.068083,81.016959,Urban Metro / Transit,22.35,72,3.2215,0.3104,81.0,49.0,0,0,81,21,120,0.517,Fully Disbursed,Notification Pending,Conditional Clearance,Partial Possession (30-70%),High / Cooperative,Medium,2,4,3,13.4,1,91
PCL-10249,PRJ-1108,Madhya Pradesh,Indore,23.461874,76.282292,Industrial Corridor / SEZ,25.17,28,1.1124,0.8989,61.0,77.0,1,100,73,13,274,0.437,Partially Disbursed,Preliminary Notification (Sec 11),Approved,Initial Stage (<30%),High / Cooperative,Low,1,4,2,49.48,1,206
PCL-10250,PRJ-1106,Madhya Pradesh,Jabalpur,24.437126,78.56594,Highway / Expressway,35.27,32,0.9073,1.1022,86.0,30.0,1,109,214,154,334,0.544,Partially Disbursed,Notification Pending,Pending Environmental Clearance,Initial Stage (<30%),Hostile / Legal Injunction,High,3,1,2,63.05,1,518
PCL-10251,PRJ-1015,Rajasthan,Alwar,26.121237,75.035426,Renewable / Solar Park,7.48,7,0.9358,1.0684,84.0,38.0,0,144,56,0,204,0.236,Partially Disbursed,Notification Pending,Approved,Full Possession,High / Cooperative,Low,1,4,5,22.97,0,13
PCL-10252,PRJ-1041,Andhra Pradesh,Krishna,18.3342,81.75314,Irrigation / Water Canal,20.93,24,1.1467,0.872,85.0,74.0,0,146,99,39,292,0.2,Partially Disbursed,Award Declared (Sec 23),Under Scrutiny,Partial Possession (30-70%),Moderate,Low,1,3,3,26.3,0,49
PCL-10253,PRJ-1115,Madhya Pradesh,Jabalpur,22.682375,80.782486,Renewable / Solar Park,40.6,49,1.2069,0.8286,72.0,23.0,0,0,81,21,259,0.35,Fully Disbursed,Award Declared (Sec 23),Under Scrutiny,Full Possession,High / Cooperative,Medium,2,4,5,23.01,0,20
PCL-10254,PRJ-1180,Uttar Pradesh,Agra,26.677417,82.617138,Industrial Corridor / SEZ,39.9,46,1.1529,0.8674,46.0,93.0,0,0,15,0,189,0.788,Fully Disbursed,Preliminary Notification (Sec 11),Approved,Substantial Possession (>70%),Moderate,Low,1,3,4,22.34,0,11
PCL-10255,PRJ-1237,Odisha,Sundargarh,20.592123,85.166293,Airport Infrastructure,16.87,56,3.3195,0.3012,51.0,87.0,1,310,132,72,364,0.505,Pending Disbursal,Possession Taken (Sec 38),Under Scrutiny,Partial Possession (30-70%),Hostile / Legal Injunction,Medium,2,1,3,73.74,1,496
PCL-10256,PRJ-1089,Andhra Pradesh,Krishna,16.965494,78.431683,Highway / Expressway,59.17,112,1.8929,0.5283,81.0,61.0,0,172,125,65,326,0.249,Partially Disbursed,Preliminary Notification (Sec 11),Conditional Clearance,Full Possession,High / Cooperative,Medium,2,4,5,26.99,0,43
PCL-10257,PRJ-1036,Haryana,Gurugram,29.485822,76.852466,Highway / Expressway,39.76,71,1.7857,0.56,74.0,53.0,0,0,114,54,166,0.427,Fully Disbursed,Declaration Published (Sec 19),Conditional Clearance,Initial Stage (<30%),Moderate,High,3,3,2,19.88,0,70
PCL-10258,PRJ-1001,Gujarat,Ahmedabad,23.245525,71.957878,Irrigation / Water Canal,27.34,34,1.2436,0.8041,89.0,37.0,0,0,15,0,159,0.594,Fully Disbursed,Award Declared (Sec 23),Approved,Partial Possession (30-70%),Moderate,Low,1,3,3,18.21,0,0
PCL-10259,PRJ-1223,Andhra Pradesh,Guntur,17.208281,82.534078,Industrial Corridor / SEZ,31.58,50,1.5833,0.6316,49.0,56.0,0,240,56,0,262,0.78,Pending Disbursal,Preliminary Notification (Sec 11),Approved,Initial Stage (<30%),Moderate,Medium,2,3,2,38.04,1,261
PCL-10260,PRJ-1184,Haryana,Faridabad,28.313276,76.086198,Airport Infrastructure,17.47,24,1.3738,0.7279,31.0,27.0,1,387,15,0,103,0.538,Disputed in Escrow,Possession Taken (Sec 38),Approved,Partial Possession (30-70%),Low / Resistant,Medium,2,2,3,72.46,1,550
PCL-10261,PRJ-1197,Gujarat,Bharuch,23.49565,70.635267,Airport Infrastructure,59.47,165,2.7745,0.3604,85.0,75.0,1,0,18,0,168,0.201,Fully Disbursed,Preliminary Notification (Sec 11),Approved,Contested / Encroached,Low / Resistant,Medium,2,2,1,44.3,1,154
PCL-10262,PRJ-1070,Rajasthan,Jaipur,24.422519,74.839233,Irrigation / Water Canal,26.17,33,1.261,0.793,82.0,48.0,0,0,199,139,251,0.133,Fully Disbursed,Declaration Published (Sec 19),Under Scrutiny,Substantial Possession (>70%),Moderate,Medium,2,3,4,21.96,0,36
PCL-10263,PRJ-1116,Tamil Nadu,Coimbatore,10.18169,78.924177,Irrigation / Water Canal,21.24,26,1.2241,0.8169,47.0,78.0,0,0,68,8,168,0.494,Fully Disbursed,Notification Pending,Under Scrutiny,Full Possession,Moderate,High,3,3,5,22.85,1,272
PCL-10264,PRJ-1248,Karnataka,Kalaburagi,16.003924,74.912126,Irrigation / Water Canal,45.85,51,1.1123,0.899,74.0,34.0,0,564,125,65,382,0.358,Disputed in Escrow,Award Declared (Sec 23),Under Scrutiny,Substantial Possession (>70%),High / Cooperative,Medium,2,4,4,41.12,1,264
PCL-10265,PRJ-1242,Madhya Pradesh,Gwalior,24.824917,79.297916,Renewable / Solar Park,27.42,39,1.4223,0.7031,61.0,40.0,0,117,165,105,297,0.248,Partially Disbursed,Notification Pending,Conditional Clearance,Substantial Possession (>70%),Moderate,Medium,2,3,4,33.5,1,241
PCL-10266,PRJ-1170,Maharashtra,Pune,19.270947,79.19772,Renewable / Solar Park,15.18,31,2.0422,0.4897,56.0,74.0,0,174,15,0,245,0.25,Partially Disbursed,Award Declared (Sec 23),Approved,Substantial Possession (>70%),High / Cooperative,Low,1,4,4,27.74,0,21
PCL-10267,PRJ-1150,Maharashtra,Thane,20.395798,77.045629,Urban Metro / Transit,26.78,57,2.1285,0.4698,66.0,50.0,0,0,147,87,147,0.77,Fully Disbursed,Declaration Published (Sec 19),Under Scrutiny,Full Possession,Moderate,Low,1,3,5,21.06,1,263
PCL-10268,PRJ-1058,Uttar Pradesh,Prayagraj,27.102993,82.96471,Irrigation / Water Canal,23.68,44,1.8581,0.5382,53.0,46.0,0,90,38,0,193,0.613,Partially Disbursed,Possession Taken (Sec 38),Approved,Substantial Possession (>70%),High / Cooperative,Medium,2,4,4,25.74,1,140
PCL-10269,PRJ-1075,Haryana,Gurugram,29.479306,77.111275,Renewable / Solar Park,66.35,107,1.6127,0.6201,68.0,70.0,0,72,153,93,30,0.451,Partially Disbursed,Declaration Published (Sec 19),Under Scrutiny,Partial Possession (30-70%),Moderate,High,3,3,3,17.23,1,160
PCL-10270,PRJ-1136,Rajasthan,Jaipur,27.374129,71.734367,Irrigation / Water Canal,48.59,21,0.4322,2.3137,86.0,73.0,0,166,25,0,149,0.602,Partially Disbursed,Declaration Published (Sec 19),Approved,Partial Possession (30-70%),High / Cooperative,Medium,2,4,3,17.91,0,24
PCL-10271,PRJ-1075,Haryana,Gurugram,29.323061,76.375995,Renewable / Solar Park,37.25,34,0.9128,1.0956,77.0,52.0,1,111,188,128,137,0.467,Pending Disbursal,Preliminary Notification (Sec 11),Pending Environmental Clearance,Initial Stage (<30%),Moderate,High,3,3,2,47.85,1,385
PCL-10272,PRJ-1222,Uttar Pradesh,Kanpur,27.125651,81.571156,Industrial Corridor / SEZ,22.66,16,0.7061,1.4162,89.0,41.0,0,148,107,47,153,0.602,Partially Disbursed,Declaration Published (Sec 19),Conditional Clearance,Substantial Possession (>70%),Moderate,Low,1,3,4,23.67,1,120
PCL-10273,PRJ-1093,Tamil Nadu,Kanchipuram,10.615117,77.082792,Railway & Freight Corridor,14.56,6,0.4121,2.4263,64.0,67.0,0,119,203,143,300,0.576,Partially Disbursed,Declaration Published (Sec 19),Conditional Clearance,Full Possession,High / Cooperative,Low,1,4,5,26.64,1,205
PCL-10274,PRJ-1048,Madhya Pradesh,Gwalior,22.30028,78.852487,Highway / Expressway,93.15,184,1.9753,0.5062,88.0,14.0,0,134,88,28,250,0.484,Pending Disbursal,Notification Pending,Approved,Partial Possession (30-70%),Moderate,Medium,2,3,3,29.63,0,49
PCL-10275,PRJ-1095,Rajasthan,Jaipur,27.992407,75.154356,Irrigation / Water Canal,72.69,61,0.8392,1.1916,79.0,44.0,0,231,167,107,237,0.524,Pending Disbursal,Possession Taken (Sec 38),Under Scrutiny,Initial Stage (<30%),Low / Resistant,Medium,2,2,2,35.68,1,265
PCL-10276,PRJ-1038,Madhya Pradesh,Bhopal,23.270065,75.449279,Irrigation / Water Canal,77.33,90,1.1638,0.8592,69.0,82.0,0,0,112,52,30,0.445,Fully Disbursed,Preliminary Notification (Sec 11),Under Scrutiny,Initial Stage (<30%),Moderate,Very High,4,3,2,12.88,0,0
PCL-10277,PRJ-1092,Haryana,Karnal,29.59916,75.756018,Renewable / Solar Park,10.2,3,0.2941,3.3989,80.0,55.0,1,222,110,50,31,0.169,Pending Disbursal,Preliminary Notification (Sec 11),Approved,Substantial Possession (>70%),Moderate,Medium,2,3,4,47.54,1,277
PCL-10278,PRJ-1229,Odisha,Angul,19.598788,85.393794,Highway / Expressway,52.11,74,1.4201,0.7042,66.0,35.0,0,0,78,18,319,0.732,Fully Disbursed,Award Declared (Sec 23),Pending Environmental Clearance,Substantial Possession (>70%),High / Cooperative,Low,1,4,4,25.26,0,22
PCL-10279,PRJ-1252,Maharashtra,Solapur,19.436604,75.635042,Renewable / Solar Park,118.94,198,1.6647,0.6007,75.0,51.0,1,336,51,0,172,0.681,Pending Disbursal,Preliminary Notification (Sec 11),Under Scrutiny,Contested / Encroached,High / Cooperative,Very High,4,4,1,55.16,1,428
PCL-10280,PRJ-1206,Haryana,Faridabad,28.182467,77.44433,Irrigation / Water Canal,49.74,73,1.4676,0.6814,60.0,44.0,1,569,188,128,208,0.625,Disputed in Escrow,Award Declared (Sec 23),Under Scrutiny,Substantial Possession (>70%),Low / Resistant,Medium,2,2,4,68.9,1,419
PCL-10281,PRJ-1098,Rajasthan,Jaipur,25.36503,73.351618,Urban Metro / Transit,7.21,16,2.2191,0.4506,74.0,60.0,0,0,82,22,96,0.556,Fully Disbursed,Declaration Published (Sec 19),Approved,Full Possession,High / Cooperative,Medium,2,4,5,12.8,0,29
PCL-10282,PRJ-1123,Odisha,Angul,20.822005,84.22008,Highway / Expressway,42.32,58,1.3705,0.7296,65.0,52.0,0,0,48,0,62,0.22,Fully Disbursed,Preliminary Notification (Sec 11),Approved,Full Possession,Moderate,Low,1,3,5,17.88,0,26
PCL-10283,PRJ-1061,Rajasthan,Kota,24.981384,74.907715,Renewable / Solar Park,23.59,35,1.4837,0.674,71.0,42.0,1,299,63,3,180,0.587,Disputed in Escrow,Preliminary Notification (Sec 11),Approved,Substantial Possession (>70%),Hostile / Legal Injunction,High,3,1,4,66.89,1,555
PCL-10284,PRJ-1024,Karnataka,Kalaburagi,13.739145,76.626117,Railway & Freight Corridor,63.12,38,0.602,1.661,81.0,77.0,0,0,77,17,408,0.382,Fully Disbursed,Notification Pending,Approved,Substantial Possession (>70%),Low / Resistant,Medium,2,2,4,28.6,0,37
PCL-10285,PRJ-1255,Haryana,Hisar,29.477946,76.719694,Highway / Expressway,32.79,14,0.427,2.342,79.0,71.0,0,132,18,0,208,0.57,Partially Disbursed,Award Declared (Sec 23),Approved,Partial Possession (30-70%),High / Cooperative,Low,1,4,3,20.32,0,38
PCL-10286,PRJ-1165,Gujarat,Kutch,23.475639,72.539647,Irrigation / Water Canal,25.29,43,1.7003,0.5881,70.0,76.0,0,0,22,0,173,0.566,Fully Disbursed,Possession Taken (Sec 38),Approved,Substantial Possession (>70%),High / Cooperative,Medium,2,4,4,14.89,1,116
PCL-10287,PRJ-1021,Karnataka,Belagavi,13.203517,77.081367,Industrial Corridor / SEZ,86.39,135,1.5627,0.6399,27.0,55.0,0,0,15,0,33,0.401,Fully Disbursed,Preliminary Notification (Sec 11),Approved,Full Possession,Moderate,Medium,2,3,5,24.09,0,53
PCL-10288,PRJ-1214,Haryana,Gurugram,29.714408,77.055257,Railway & Freight Corridor,14.97,14,0.9352,1.0692,54.0,74.0,0,91,159,99,231,0.08,Partially Disbursed,Declaration Published (Sec 19),Under Scrutiny,Full Possession,High / Cooperative,Low,1,4,5,24.2,0,8
PCL-10289,PRJ-1046,Maharashtra,Nashik,19.868856,78.058531,Railway & Freight Corridor,5.0,3,0.6,1.6661,70.0,69.0,0,54,85,25,166,0.412,Partially Disbursed,Notification Pending,Approved,Partial Possession (30-70%),High / Cooperative,Low,1,4,3,17.54,0,26
PCL-10290,PRJ-1113,Andhra Pradesh,Visakhapatnam,16.09255,81.119675,Airport Infrastructure,60.83,120,1.9727,0.5069,50.0,46.0,0,332,58,0,169,0.231,Pending Disbursal,Possession Taken (Sec 38),Approved,Initial Stage (<30%),High / Cooperative,Low,1,4,2,35.38,1,238
PCL-10291,PRJ-1146,Karnataka,Dharwad,13.57699,75.354422,Industrial Corridor / SEZ,14.23,18,1.2649,0.7905,46.0,71.0,1,167,71,11,279,0.35,Partially Disbursed,Declaration Published (Sec 19),Approved,Full Possession,Low / Resistant,High,3,2,5,63.53,1,393
PCL-10292,PRJ-1121,Haryana,Panipat,29.781367,76.676143,Irrigation / Water Canal,21.52,19,0.8829,1.1326,69.0,75.0,0,113,55,0,249,0.666,Partially Disbursed,Declaration Published (Sec 19),Approved,Partial Possession (30-70%),Moderate,Low,1,3,3,26.43,0,14
PCL-10293,PRJ-1113,Andhra Pradesh,Visakhapatnam,14.373531,80.916952,Airport Infrastructure,11.37,23,2.0229,0.4943,50.0,46.0,0,0,15,0,297,0.276,Fully Disbursed,Award Declared (Sec 23),Approved,Partial Possession (30-70%),High / Cooperative,Medium,2,4,3,26.54,0,57
PCL-10294,PRJ-1104,Haryana,Karnal,28.856139,75.61098,Irrigation / Water Canal,46.19,55,1.1907,0.8398,75.0,57.0,0,0,48,0,126,0.196,Fully Disbursed,Award Declared (Sec 23),Approved,Full Possession,High / Cooperative,Low,1,4,5,14.03,0,46
PCL-10295,PRJ-1088,Uttar Pradesh,Prayagraj,27.015613,81.03488,Airport Infrastructure,29.87,55,1.8413,0.5431,80.0,39.0,0,0,139,79,228,0.255,Fully Disbursed,Possession Taken (Sec 38),Conditional Clearance,Full Possession,Moderate,Medium,2,3,5,22.4,0,46
PCL-10296,PRJ-1127,Andhra Pradesh,Kurnool,15.140458,80.177819,Urban Metro / Transit,39.18,83,2.1184,0.472,92.0,38.0,0,303,15,0,153,0.204,Pending Disbursal,Preliminary Notification (Sec 11),Approved,Initial Stage (<30%),Hostile / Legal Injunction,High,3,1,2,37.24,1,385
PCL-10297,PRJ-1202,Andhra Pradesh,Guntur,16.158785,81.960286,Renewable / Solar Park,14.25,28,1.9649,0.5089,61.0,44.0,0,0,165,105,71,0.723,Fully Disbursed,Possession Taken (Sec 38),Pending Environmental Clearance,Full Possession,High / Cooperative,Medium,2,4,5,16.06,1,91
PCL-10298,PRJ-1047,Karnataka,Dharwad,12.628058,76.690914,Renewable / Solar Park,26.58,22,0.8277,1.2081,82.0,62.0,0,327,130,70,148,0.794,Pending Disbursal,Declaration Published (Sec 19),Pending Environmental Clearance,Partial Possession (30-70%),Moderate,Medium,2,3,3,30.14,1,233
PCL-10299,PRJ-1238,Andhra Pradesh,Nellore,17.147169,78.056682,Railway & Freight Corridor,46.77,75,1.6036,0.6236,84.0,91.0,0,0,150,90,96,0.154,Fully Disbursed,Award Declared (Sec 23),Under Scrutiny,Substantial Possession (>70%),Moderate,Medium,2,3,4,11.45,0,11
PCL-10300,PRJ-1042,Gujarat,Bharuch,22.84932,70.527057,Railway & Freight Corridor,37.69,72,1.9103,0.5235,57.0,59.0,1,128,74,14,103,0.26,Partially Disbursed,Award Declared (Sec 23),Under Scrutiny,Full Possession,Low / Resistant,Medium,2,2,5,54.32,1,314
PCL-10301,PRJ-1035,Uttar Pradesh,Prayagraj,26.956578,82.227308,Irrigation / Water Canal,9.73,17,1.7472,0.5723,52.0,73.0,0,178,70,10,288,0.222,Partially Disbursed,Declaration Published (Sec 19),Conditional Clearance,Partial Possession (30-70%),Moderate,Low,1,3,3,34.17,1,158
PCL-10302,PRJ-1137,Haryana,Faridabad,29.258558,76.353565,Highway / Expressway,55.96,48,0.8578,1.1658,90.0,60.0,0,330,177,117,150,0.548,Pending Disbursal,Notification Pending,Under Scrutiny,Initial Stage (<30%),High / Cooperative,Medium,2,4,2,25.19,1,141
PCL-10303,PRJ-1189,Haryana,Gurugram,29.969769,77.346194,Highway / Expressway,13.45,24,1.7844,0.5604,74.0,85.0,0,50,93,33,192,0.108,Partially Disbursed,Possession Taken (Sec 38),Pending Environmental Clearance,Full Possession,High / Cooperative,High,3,4,5,15.95,0,19
PCL-10304,PRJ-1142,Madhya Pradesh,Gwalior,22.542908,75.996906,Industrial Corridor / SEZ,32.79,40,1.2199,0.8197,86.0,35.0,1,157,33,0,262,0.514,Pending Disbursal,Possession Taken (Sec 38),Approved,Partial Possession (30-70%),Low / Resistant,Low,1,2,3,58.08,1,341
PCL-10305,PRJ-1033,Karnataka,Dharwad,12.657979,77.116365,Highway / Expressway,75.86,134,1.7664,0.5661,75.0,60.0,0,113,93,33,154,0.539,Partially Disbursed,Possession Taken (Sec 38),Under Scrutiny,Partial Possession (30-70%),High / Cooperative,Medium,2,4,3,19.42,0,16
PCL-10306,PRJ-1228,Rajasthan,Udaipur,26.065231,74.396785,Urban Metro / Transit,49.87,205,4.1107,0.2433,77.0,67.0,0,0,118,58,174,0.59,Fully Disbursed,Award Declared (Sec 23),Conditional Clearance,Full Possession,Moderate,Medium,2,3,5,18.18,1,179
PCL-10307,PRJ-1234,Madhya Pradesh,Ujjain,26.257341,79.009233,Industrial Corridor / SEZ,23.71,15,0.6326,1.5806,88.0,47.0,0,69,29,0,146,0.433,Partially Disbursed,Declaration Published (Sec 19),Approved,Full Possession,High / Cooperative,Medium,2,4,5,16.01,0,51
PCL-10308,PRJ-1134,Tamil Nadu,Kanchipuram,10.806885,77.685982,Irrigation / Water Canal,20.86,33,1.582,0.6321,69.0,97.0,1,173,74,14,349,0.741,Pending Disbursal,Notification Pending,Approved,Contested / Encroached,Hostile / Legal Injunction,Medium,2,1,1,62.95,1,490
PCL-10309,PRJ-1075,Haryana,Gurugram,30.324694,77.312841,Renewable / Solar Park,18.33,24,1.3093,0.7637,72.0,58.0,1,241,230,170,125,0.615,Pending Disbursal,Possession Taken (Sec 38),Pending Environmental Clearance,Contested / Encroached,Low / Resistant,Very High,4,2,1,56.89,1,450
PCL-10310,PRJ-1076,Maharashtra,Nashik,20.368771,77.71268,Airport Infrastructure,22.59,61,2.7003,0.3703,93.0,33.0,0,0,93,33,80,0.648,Fully Disbursed,Notification Pending,Approved,Full Possession,High / Cooperative,Low,1,4,5,11.1,0,29
PCL-10311,PRJ-1183,Rajasthan,Udaipur,24.456917,71.374698,Airport Infrastructure,49.47,159,3.2141,0.3111,55.0,48.0,0,0,64,4,228,0.366,Fully Disbursed,Preliminary Notification (Sec 11),Approved,Partial Possession (30-70%),Moderate,High,3,3,3,26.5,1,153
PCL-10312,PRJ-1202,Andhra Pradesh,Guntur,14.90558,79.607013,Renewable / Solar Park,38.36,52,1.3556,0.7377,76.0,55.0,1,139,15,0,205,0.283,Partially Disbursed,Award Declared (Sec 23),Approved,Full Possession,Hostile / Legal Injunction,High,3,1,5,58.95,1,432
PCL-10313,PRJ-1229,Odisha,Angul,21.823185,84.286516,Highway / Expressway,45.53,85,1.8669,0.5356,88.0,55.0,0,0,203,143,162,0.648,Fully Disbursed,Possession Taken (Sec 38),Conditional Clearance,Substantial Possession (>70%),Hostile / Legal Injunction,Medium,2,1,4,24.22,1,241
PCL-10314,PRJ-1045,Uttar Pradesh,Prayagraj,25.538374,79.687448,Renewable / Solar Park,119.01,238,1.9998,0.5,94.0,50.0,0,126,79,19,150,0.194,Partially Disbursed,Preliminary Notification (Sec 11),Approved,Substantial Possession (>70%),Moderate,High,3,3,4,20.75,1,120
PCL-10315,PRJ-1237,Odisha,Sundargarh,21.396642,86.089158,Airport Infrastructure,33.34,72,2.1596,0.463,91.0,47.0,0,0,168,108,167,0.681,Fully Disbursed,Award Declared (Sec 23),Conditional Clearance,Full Possession,High / Cooperative,Low,1,4,5,13.36,0,35
PCL-10316,PRJ-1238,Andhra Pradesh,Nellore,15.037889,81.926976,Railway & Freight Corridor,34.65,20,0.5772,1.7324,77.0,46.0,0,0,46,0,163,0.247,Fully Disbursed,Award Declared (Sec 23),Approved,Substantial Possession (>70%),Moderate,Low,1,3,4,19.86,0,37
PCL-10317,PRJ-1062,Rajasthan,Jaipur,27.414761,73.958996,Irrigation / Water Canal,25.74,48,1.8648,0.5362,70.0,54.0,0,0,201,141,121,0.235,Fully Disbursed,Award Declared (Sec 23),Under Scrutiny,Substantial Possession (>70%),High / Cooperative,Medium,2,4,4,15.14,0,18
PCL-10318,PRJ-1062,Rajasthan,Jaipur,25.69209,75.374448,Irrigation / Water Canal,29.76,21,0.7056,1.4171,70.0,81.0,0,64,30,0,182,0.307,Partially Disbursed,Award Declared (Sec 23),Approved,Full Possession,Moderate,Low,1,3,5,21.11,0,0
PCL-10319,PRJ-1183,Rajasthan,Udaipur,24.264346,72.770818,Airport Infrastructure,13.66,45,3.2943,0.3035,60.0,60.0,0,72,15,0,177,0.326,Partially Disbursed,Notification Pending,Approved,Full Possession,High / Cooperative,Low,1,4,5,21.6,0,24
PCL-10320,PRJ-1139,Maharashtra,Nagpur,20.037787,77.455419,Highway / Expressway,15.16,11,0.7256,1.3781,74.0,75.0,1,280,46,0,194,0.358,Pending Disbursal,Possession Taken (Sec 38),Approved,Contested / Encroached,Moderate,Medium,2,3,1,55.23,1,286
PCL-10321,PRJ-1258,Odisha,Cuttack,20.124895,84.558725,Industrial Corridor / SEZ,54.66,100,1.8295,0.5466,93.0,49.0,0,171,30,0,248,0.635,Partially Disbursed,Preliminary Notification (Sec 11),Approved,Initial Stage (<30%),Moderate,Medium,2,3,2,26.58,1,248
PCL-10322,PRJ-1068,Maharashtra,Pune,20.727888,76.118917,Irrigation / Water Canal,53.14,56,1.0538,0.9489,88.0,50.0,0,117,273,213,269,0.182,Partially Disbursed,Declaration Published (Sec 19),Conditional Clearance,Full Possession,Moderate,Medium,2,3,5,26.05,0,27
PCL-10323,PRJ-1114,Odisha,Sundargarh,19.884658,85.924459,Highway / Expressway,5.24,5,0.9542,1.0478,89.0,44.0,0,0,72,12,212,0.406,Fully Disbursed,Preliminary Notification (Sec 11),Approved,Partial Possession (30-70%),High / Cooperative,Low,1,4,3,15.75,0,2
PCL-10324,PRJ-1056,Tamil Nadu,Coimbatore,9.661495,79.095345,Airport Infrastructure,86.27,266,3.0833,0.3243,85.0,83.0,1,95,157,97,107,0.424,Pending Disbursal,Preliminary Notification (Sec 11),Conditional Clearance,Contested / Encroached,Hostile / Legal Injunction,High,3,1,1,48.87,1,379
PCL-10325,PRJ-1103,Madhya Pradesh,Bhopal,22.86304,77.299815,Irrigation / Water Canal,10.03,2,0.1994,5.0125,84.0,74.0,0,0,110,50,184,0.347,Fully Disbursed,Declaration Published (Sec 19),Pending Environmental Clearance,Partial Possession (30-70%),Hostile / Legal Injunction,High,3,1,3,23.95,1,331
PCL-10326,PRJ-1259,Andhra Pradesh,Visakhapatnam,16.559036,78.535618,Urban Metro / Transit,88.45,271,3.0639,0.3264,52.0,38.0,0,0,59,0,360,0.411,Fully Disbursed,Notification Pending,Approved,Partial Possession (30-70%),High / Cooperative,Low,1,4,3,29.3,0,31
PCL-10327,PRJ-1259,Andhra Pradesh,Visakhapatnam,17.795706,80.376106,Urban Metro / Transit,5.0,28,5.6,0.1786,93.0,50.0,0,284,15,0,213,0.68,Pending Disbursal,Possession Taken (Sec 38),Approved,Partial Possession (30-70%),Moderate,Low,1,3,3,29.81,1,226
PCL-10328,PRJ-1161,Andhra Pradesh,Visakhapatnam,14.593908,78.590549,Industrial Corridor / SEZ,5.0,2,0.4,2.4988,82.0,88.0,1,0,200,140,121,0.345,Fully Disbursed,Award Declared (Sec 23),Under Scrutiny,Partial Possession (30-70%),Low / Resistant,High,3,2,3,41.84,1,294
PCL-10329,PRJ-1160,Rajasthan,Kota,27.073005,76.012432,Railway & Freight Corridor,90.18,87,0.9647,1.0365,76.0,59.0,1,638,166,106,218,0.495,Disputed in Escrow,Possession Taken (Sec 38),Pending Environmental Clearance,Partial Possession (30-70%),Hostile / Legal Injunction,Medium,2,1,3,68.32,1,532
PCL-10330,PRJ-1054,Haryana,Hisar,29.001287,76.543059,Irrigation / Water Canal,47.15,83,1.7603,0.5681,24.0,84.0,0,176,64,4,64,0.56,Pending Disbursal,Preliminary Notification (Sec 11),Approved,Full Possession,Moderate,Low,1,3,5,30.18,1,204
PCL-10331,PRJ-1207,Madhya Pradesh,Gwalior,22.590154,80.413898,Industrial Corridor / SEZ,18.67,36,1.9282,0.5186,64.0,73.0,0,0,15,0,238,0.179,Fully Disbursed,Possession Taken (Sec 38),Approved,Partial Possession (30-70%),Moderate,Low,1,3,3,22.58,0,44
PCL-10332,PRJ-1249,Rajasthan,Jodhpur,26.300224,71.919507,Irrigation / Water Canal,33.14,47,1.4182,0.7051,38.0,62.0,1,195,229,169,358,0.161,Disputed in Escrow,Preliminary Notification (Sec 11),Conditional Clearance,Contested / Encroached,Low / Resistant,Low,1,2,1,70.14,1,397
PCL-10333,PRJ-1092,Haryana,Karnal,28.968319,76.840488,Renewable / Solar Park,50.92,46,0.9034,1.1069,51.0,55.0,0,156,19,0,182,0.737,Partially Disbursed,Possession Taken (Sec 38),Approved,Partial Possession (30-70%),High / Cooperative,Medium,2,4,3,27.54,0,47
PCL-10334,PRJ-1134,Tamil Nadu,Kanchipuram,11.39429,79.559393,Irrigation / Water Canal,16.95,22,1.2979,0.7704,89.0,50.0,0,150,159,99,200,0.361,Pending Disbursal,Possession Taken (Sec 38),Under Scrutiny,Initial Stage (<30%),Moderate,Low,1,3,2,24.61,1,126
PCL-10335,PRJ-1091,Odisha,Cuttack,20.997333,86.372974,Urban Metro / Transit,37.45,86,2.2964,0.4355,90.0,49.0,0,154,121,61,279,0.566,Partially Disbursed,Preliminary Notification (Sec 11),Under Scrutiny,Substantial Possession (>70%),High / Cooperative,Medium,2,4,4,23.89,0,66
PCL-10336,PRJ-1241,Madhya Pradesh,Gwalior,24.144009,80.517849,Railway & Freight Corridor,24.93,34,1.3638,0.7332,75.0,69.0,0,120,17,0,340,0.725,Partially Disbursed,Award Declared (Sec 23),Approved,Full Possession,High / Cooperative,Medium,2,4,5,25.78,1,267
PCL-10337,PRJ-1179,Gujarat,Vadodara,23.397705,71.619455,Airport Infrastructure,53.67,188,3.5029,0.2855,83.0,87.0,0,390,15,0,96,0.5,Disputed in Escrow,Award Declared (Sec 23),Approved,Partial Possession (30-70%),Moderate,High,3,3,3,27.05,1,347
PCL-10338,PRJ-1160,Rajasthan,Kota,26.657139,76.421295,Railway & Freight Corridor,42.78,41,0.9584,1.0434,89.0,54.0,1,325,179,119,230,0.336,Pending Disbursal,Possession Taken (Sec 38),Under Scrutiny,Contested / Encroached,High / Cooperative,Low,1,4,1,53.78,1,214
PCL-10339,PRJ-1012,Uttar Pradesh,Noida,28.4016,80.089783,Railway & Freight Corridor,35.08,47,1.3398,0.7464,57.0,36.0,0,116,159,99,408,0.555,Partially Disbursed,Possession Taken (Sec 38),Under Scrutiny,Partial Possession (30-70%),Moderate,Medium,2,3,3,38.52,1,274
PCL-10340,PRJ-1187,Andhra Pradesh,Krishna,18.315482,79.038617,Industrial Corridor / SEZ,18.52,36,1.9438,0.5144,71.0,65.0,0,0,40,0,144,0.596,Fully Disbursed,Award Declared (Sec 23),Approved,Contested / Encroached,High / Cooperative,Very High,4,4,1,14.7,1,249
PCL-10341,PRJ-1116,Tamil Nadu,Coimbatore,11.673546,80.019617,Irrigation / Water Canal,17.24,16,0.9281,1.0774,82.0,45.0,0,165,22,0,208,0.453,Partially Disbursed,Possession Taken (Sec 38),Approved,Full Possession,Moderate,Medium,2,3,5,27.43,1,231
PCL-10342,PRJ-1155,Andhra Pradesh,Guntur,16.270414,79.519554,Irrigation / Water Canal,27.77,43,1.5484,0.6458,73.0,86.0,0,170,178,118,178,0.252,Partially Disbursed,Declaration Published (Sec 19),Pending Environmental Clearance,Substantial Possession (>70%),High / Cooperative,Low,1,4,4,20.46,0,42
PCL-10343,PRJ-1096,Karnataka,Mysuru,15.376532,75.231449,Renewable / Solar Park,12.17,11,0.9039,1.1063,89.0,68.0,0,141,97,37,345,0.345,Partially Disbursed,Notification Pending,Conditional Clearance,Full Possession,High / Cooperative,Medium,2,4,5,24.13,1,181
PCL-10344,PRJ-1124,Haryana,Panipat,28.411134,76.852083,Railway & Freight Corridor,25.94,13,0.5012,1.9952,71.0,43.0,0,0,193,133,49,0.547,Fully Disbursed,Declaration Published (Sec 19),Conditional Clearance,Full Possession,High / Cooperative,Medium,2,4,5,13.34,0,15
PCL-10345,PRJ-1121,Haryana,Panipat,29.024078,75.765761,Irrigation / Water Canal,26.07,20,0.7672,1.3034,83.0,70.0,0,141,155,95,169,0.497,Partially Disbursed,Possession Taken (Sec 38),Under Scrutiny,Full Possession,Moderate,Low,1,3,5,22.28,1,91
PCL-10346,PRJ-1133,Madhya Pradesh,Jabalpur,25.524547,76.827741,Urban Metro / Transit,8.91,27,3.0303,0.33,66.0,34.0,0,44,15,0,296,0.173,Partially Disbursed,Preliminary Notification (Sec 11),Approved,Full Possession,High / Cooperative,Medium,2,4,5,26.31,1,91
PCL-10347,PRJ-1209,Haryana,Panipat,30.202256,76.826177,Irrigation / Water Canal,13.53,38,2.8086,0.356,70.0,50.0,0,0,151,91,30,0.735,Fully Disbursed,Notification Pending,Conditional Clearance,Initial Stage (<30%),Moderate,Medium,2,3,2,15.88,1,217
PCL-10348,PRJ-1129,Maharashtra,Thane,19.489708,73.627592,Urban Metro / Transit,24.29,68,2.7995,0.3572,87.0,51.0,0,90,59,0,144,0.532,Partially Disbursed,Possession Taken (Sec 38),Approved,Full Possession,Moderate,High,3,3,5,20.35,1,301
PCL-10349,PRJ-1210,Rajasthan,Jaipur,25.168946,74.527938,Airport Infrastructure,17.92,50,2.7902,0.3584,85.0,25.0,1,216,176,116,183,0.325,Pending Disbursal,Award Declared (Sec 23),Pending Environmental Clearance,Contested / Encroached,Low / Resistant,Medium,2,2,1,58.74,1,425
PCL-10350,PRJ-1189,Haryana,Gurugram,30.021277,75.590041,Highway / Expressway,47.52,99,2.0833,0.48,78.0,46.0,0,212,127,67,320,0.371,Pending Disbursal,Award Declared (Sec 23),Under Scrutiny,Partial Possession (30-70%),Moderate,Medium,2,3,3,34.26,0,42
PCL-10351,PRJ-1063,Uttar Pradesh,Varanasi,26.868696,79.326462,Railway & Freight Corridor,13.96,33,2.3639,0.423,45.0,73.0,0,244,166,106,89,0.408,Pending Disbursal,Preliminary Notification (Sec 11),Pending Environmental Clearance,Contested / Encroached,Low / Resistant,Low,1,2,1,34.56,1,208
PCL-10352,PRJ-1083,Tamil Nadu,Madurai,12.664029,79.007193,Renewable / Solar Park,21.54,48,2.2284,0.4487,44.0,72.0,1,601,222,162,292,0.444,Disputed in Escrow,Possession Taken (Sec 38),Under Scrutiny,Partial Possession (30-70%),Moderate,High,3,3,3,68.7,1,411
PCL-10353,PRJ-1052,Odisha,Angul,21.693442,85.935902,Urban Metro / Transit,14.47,41,2.8334,0.3529,78.0,68.0,0,146,80,20,305,0.81,Partially Disbursed,Preliminary Notification (Sec 11),Conditional Clearance,Substantial Possession (>70%),Moderate,Medium,2,3,4,28.79,1,180
PCL-10354,PRJ-1070,Rajasthan,Jaipur,24.063534,72.230444,Irrigation / Water Canal,7.79,17,2.1823,0.4582,48.0,53.0,0,63,94,34,188,0.561,Partially Disbursed,Notification Pending,Under Scrutiny,Partial Possession (30-70%),High / Cooperative,Medium,2,4,3,24.74,1,178
PCL-10355,PRJ-1069,Andhra Pradesh,Krishna,15.196991,81.418588,Industrial Corridor / SEZ,43.36,65,1.4991,0.6671,63.0,38.0,0,0,123,63,88,0.747,Fully Disbursed,Possession Taken (Sec 38),Pending Environmental Clearance,Initial Stage (<30%),Moderate,High,3,3,2,20.65,1,255
PCL-10356,PRJ-1012,Uttar Pradesh,Noida,28.188582,81.544376,Railway & Freight Corridor,59.75,83,1.3891,0.7199,73.0,52.0,1,266,30,0,190,0.485,Disputed in Escrow,Preliminary Notification (Sec 11),Approved,Partial Possession (30-70%),Hostile / Legal Injunction,High,3,1,3,64.51,1,529
PCL-10357,PRJ-1189,Haryana,Gurugram,28.458295,76.627762,Highway / Expressway,8.85,10,1.1299,0.8849,41.0,80.0,0,343,25,0,186,0.433,Pending Disbursal,Preliminary Notification (Sec 11),Approved,Partial Possession (30-70%),Low / Resistant,Medium,2,2,3,42.37,1,373
PCL-10358,PRJ-1137,Haryana,Faridabad,28.741109,76.488919,Highway / Expressway,71.19,48,0.6743,1.4831,74.0,52.0,0,0,31,0,306,0.432,Fully Disbursed,Declaration Published (Sec 19),Approved,Substantial Possession (>70%),Low / Resistant,High,3,2,4,28.98,1,257
PCL-10359,PRJ-1149,Madhya Pradesh,Ujjain,26.344964,76.557108,Renewable / Solar Park,8.62,16,1.8561,0.5387,87.0,92.0,0,0,15,0,262,0.65,Fully Disbursed,Possession Taken (Sec 38),Approved,Full Possession,Moderate,Low,1,3,5,16.98,0,32
PCL-10360,PRJ-1197,Gujarat,Bharuch,23.104514,72.288858,Airport Infrastructure,26.38,63,2.3882,0.4187,32.0,73.0,0,0,157,97,250,0.195,Fully Disbursed,Award Declared (Sec 23),Resubmission Required,Initial Stage (<30%),High / Cooperative,Low,1,4,2,25.67,0,0
PCL-10361,PRJ-1024,Karnataka,Kalaburagi,12.576269,76.164534,Railway & Freight Corridor,15.84,9,0.5682,1.7598,63.0,72.0,1,201,67,7,331,0.254,Disputed in Escrow,Notification Pending,Approved,Substantial Possession (>70%),Low / Resistant,Very High,4,2,4,63.37,1,454
PCL-10362,PRJ-1240,Madhya Pradesh,Gwalior,22.630446,77.080831,Urban Metro / Transit,53.09,177,3.334,0.2999,48.0,50.0,1,101,150,90,241,0.78,Partially Disbursed,Award Declared (Sec 23),Pending Environmental Clearance,Partial Possession (30-70%),High / Cooperative,Medium,2,4,3,53.59,1,338
PCL-10363,PRJ-1136,Rajasthan,Jaipur,26.32468,73.621075,Irrigation / Water Canal,34.97,34,0.9723,1.0285,88.0,72.0,0,142,15,0,178,0.59,Partially Disbursed,Preliminary Notification (Sec 11),Approved,Full Possession,High / Cooperative,Medium,2,4,5,17.71,1,103
PCL-10364,PRJ-1241,Madhya Pradesh,Gwalior,23.194985,79.568162,Railway & Freight Corridor,54.22,70,1.291,0.7746,59.0,67.0,1,338,140,80,269,0.323,Pending Disbursal,Possession Taken (Sec 38),Under Scrutiny,Contested / Encroached,Hostile / Legal Injunction,Very High,4,1,1,71.73,1,422
PCL-10365,PRJ-1048,Madhya Pradesh,Gwalior,22.946428,76.868345,Highway / Expressway,13.85,29,2.0939,0.4776,78.0,58.0,0,84,94,34,57,0.099,Partially Disbursed,Notification Pending,Resubmission Required,Full Possession,Moderate,Medium,2,3,5,17.94,0,16
PCL-10366,PRJ-1040,Tamil Nadu,Madurai,10.386935,78.594143,Industrial Corridor / SEZ,24.73,15,0.6066,1.6486,99.0,44.0,0,0,100,40,244,0.351,Fully Disbursed,Award Declared (Sec 23),Under Scrutiny,Initial Stage (<30%),High / Cooperative,Low,1,4,2,14.95,0,35
PCL-10367,PRJ-1042,Gujarat,Bharuch,22.384676,72.163909,Railway & Freight Corridor,5.0,10,2.0,0.5,61.0,85.0,0,0,186,126,396,0.242,Fully Disbursed,Preliminary Notification (Sec 11),Under Scrutiny,Initial Stage (<30%),High / Cooperative,Medium,2,4,2,24.15,0,37
PCL-10368,PRJ-1067,Odisha,Sundargarh,20.099554,84.181442,Airport Infrastructure,36.93,127,3.4389,0.2908,19.0,70.0,1,375,39,0,139,0.671,Disputed in Escrow,Preliminary Notification (Sec 11),Approved,Substantial Possession (>70%),High / Cooperative,Low,1,4,4,64.41,1,286
PCL-10369,PRJ-1205,Rajasthan,Jaipur,24.442429,76.07884,Railway & Freight Corridor,25.0,19,0.76,1.3157,74.0,38.0,0,60,100,40,227,0.535,Partially Disbursed,Award Declared (Sec 23),Under Scrutiny,Substantial Possession (>70%),Moderate,High,3,3,4,26.13,1,309
PCL-10370,PRJ-1159,Maharashtra,Nagpur,20.670829,76.912487,Renewable / Solar Park,43.7,44,1.0069,0.9932,78.0,81.0,0,0,169,109,171,0.504,Fully Disbursed,Possession Taken (Sec 38),Under Scrutiny,Substantial Possession (>70%),High / Cooperative,Low,1,4,4,12.71,0,27
PCL-10371,PRJ-1217,Madhya Pradesh,Gwalior,25.618375,78.978754,Airport Infrastructure,30.72,78,2.5391,0.3938,68.0,66.0,0,87,87,27,232,0.333,Partially Disbursed,Declaration Published (Sec 19),Pending Environmental Clearance,Substantial Possession (>70%),High / Cooperative,Medium,2,4,4,22.08,0,29
PCL-10372,PRJ-1240,Madhya Pradesh,Gwalior,23.974364,80.856129,Urban Metro / Transit,18.47,37,2.0032,0.4992,76.0,26.0,0,357,82,22,203,0.507,Pending Disbursal,Possession Taken (Sec 38),Approved,Full Possession,High / Cooperative,Low,1,4,5,34.48,1,213
PCL-10373,PRJ-1056,Tamil Nadu,Coimbatore,11.286215,78.33036,Airport Infrastructure,85.51,228,2.6664,0.375,75.0,87.0,1,347,46,0,249,0.307,Pending Disbursal,Preliminary Notification (Sec 11),Approved,Initial Stage (<30%),Hostile / Legal Injunction,High,3,1,2,66.15,1,526
PCL-10374,PRJ-1094,Rajasthan,Alwar,27.758803,71.317026,Industrial Corridor / SEZ,39.59,55,1.3892,0.7198,72.0,63.0,0,145,121,61,329,0.601,Partially Disbursed,Notification Pending,Conditional Clearance,Full Possession,High / Cooperative,Medium,2,4,5,27.6,0,17
PCL-10375,PRJ-1109,Andhra Pradesh,Kurnool,14.864385,81.710444,Renewable / Solar Park,44.88,67,1.4929,0.6698,89.0,37.0,0,0,15,0,286,0.199,Fully Disbursed,Preliminary Notification (Sec 11),Approved,Partial Possession (30-70%),High / Cooperative,High,3,4,3,19.23,0,19
PCL-10376,PRJ-1250,Andhra Pradesh,Guntur,15.38232,82.034349,Industrial Corridor / SEZ,44.37,49,1.1043,0.9055,37.0,73.0,1,224,56,0,30,0.63,Disputed in Escrow,Declaration Published (Sec 19),Approved,Substantial Possession (>70%),Hostile / Legal Injunction,Medium,2,1,4,61.88,1,492
PCL-10377,PRJ-1097,Tamil Nadu,Tiruchirappalli,12.470641,77.698611,Highway / Expressway,32.28,49,1.518,0.6588,66.0,65.0,0,78,45,0,292,0.502,Partially Disbursed,Preliminary Notification (Sec 11),Approved,Substantial Possession (>70%),High / Cooperative,Medium,2,4,4,24.46,0,3
PCL-10378,PRJ-1086,Haryana,Hisar,30.215797,76.953684,Urban Metro / Transit,57.39,155,2.7008,0.3703,58.0,85.0,0,0,112,52,60,0.365,Fully Disbursed,Award Declared (Sec 23),Under Scrutiny,Partial Possession (30-70%),High / Cooperative,High,3,4,3,12.15,1,115
PCL-10379,PRJ-1222,Uttar Pradesh,Kanpur,28.380256,82.632528,Industrial Corridor / SEZ,24.52,29,1.1827,0.8455,92.0,68.0,0,154,90,30,136,0.191,Partially Disbursed,Notification Pending,Under Scrutiny,Substantial Possession (>70%),Moderate,Medium,2,3,4,19.98,0,39
PCL-10380,PRJ-1250,Andhra Pradesh,Guntur,15.070385,78.347453,Industrial Corridor / SEZ,20.53,2,0.0974,10.2599,83.0,32.0,0,151,187,127,199,0.42,Partially Disbursed,Preliminary Notification (Sec 11),Under Scrutiny,Initial Stage (<30%),Moderate,Medium,2,3,2,27.62,1,233
PCL-10381,PRJ-1011,Gujarat,Surat,21.517867,72.24532,Urban Metro / Transit,233.45,655,2.8057,0.3564,65.0,66.0,1,488,112,52,139,0.337,Disputed in Escrow,Possession Taken (Sec 38),Approved,Partial Possession (30-70%),Low / Resistant,High,3,2,3,63.11,1,597
PCL-10382,PRJ-1185,Madhya Pradesh,Bhopal,25.55228,80.168432,Renewable / Solar Park,40.67,72,1.7703,0.5649,88.0,62.0,0,63,15,0,281,0.613,Partially Disbursed,Declaration Published (Sec 19),Approved,Substantial Possession (>70%),High / Cooperative,Medium,2,4,4,19.33,1,107
PCL-10383,PRJ-1253,Odisha,Jajpur,20.339495,84.615469,Urban Metro / Transit,18.48,27,1.461,0.6844,84.0,58.0,0,0,62,2,148,0.336,Fully Disbursed,Notification Pending,Approved,Full Possession,Low / Resistant,Low,1,2,5,20.45,0,24
PCL-10384,PRJ-1117,Tamil Nadu,Kanchipuram,9.960339,77.744696,Highway / Expressway,10.18,17,1.6699,0.5988,63.0,64.0,1,316,65,5,148,0.578,Disputed in Escrow,Declaration Published (Sec 19),Pending Environmental Clearance,Contested / Encroached,High / Cooperative,Low,1,4,1,54.54,1,242
PCL-10385,PRJ-1026,Gujarat,Ahmedabad,23.737233,70.976438,Industrial Corridor / SEZ,13.86,37,2.6696,0.3746,84.0,76.0,1,142,15,0,231,0.583,Pending Disbursal,Notification Pending,Approved,Substantial Possession (>70%),High / Cooperative,High,3,4,4,45.1,1,295
PCL-10386,PRJ-1186,Gujarat,Surat,21.505394,70.335341,Airport Infrastructure,48.64,143,2.94,0.3401,71.0,80.0,0,115,15,0,189,0.244,Partially Disbursed,Declaration Published (Sec 19),Approved,Full Possession,Moderate,Medium,2,3,5,23.36,0,39
PCL-10387,PRJ-1004,Maharashtra,Nagpur,18.761417,78.228529,Irrigation / Water Canal,11.4,22,1.9298,0.5182,66.0,69.0,0,122,48,0,226,0.253,Partially Disbursed,Declaration Published (Sec 19),Approved,Partial Possession (30-70%),High / Cooperative,Medium,2,4,3,23.39,0,13
PCL-10388,PRJ-1117,Tamil Nadu,Kanchipuram,10.019181,78.379351,Highway / Expressway,31.12,57,1.8316,0.546,80.0,72.0,1,195,98,38,355,0.652,Disputed in Escrow,Possession Taken (Sec 38),Approved,Full Possession,Hostile / Legal Injunction,High,3,1,5,64.38,1,533
PCL-10389,PRJ-1044,Madhya Pradesh,Jabalpur,24.25,78.25,Urban Metro / Transit,26.54,91,3.4288,0.2916,67.0,55.0,1,257,87,27,209,0.425,Disputed in Escrow,Notification Pending,Approved,Initial Stage (<30%),High / Cooperative,Medium,2,4,2,54.5,1,325
PCL-10390,PRJ-1152,Madhya Pradesh,Ujjain,23.894943,80.71901,Urban Metro / Transit,7.99,33,4.1302,0.2421,60.0,39.0,1,233,184,124,30,0.505,Pending Disbursal,Notification Pending,Under Scrutiny,Substantial Possession (>70%),Low / Resistant,High,3,2,4,57.3,1,446
PCL-10391,PRJ-1227,Rajasthan,Jodhpur,27.118872,76.287282,Railway & Freight Corridor,21.21,36,1.6973,0.5892,75.0,80.0,0,0,23,0,76,0.216,Fully Disbursed,Award Declared (Sec 23),Approved,Partial Possession (30-70%),High / Cooperative,Medium,2,4,3,9.85,0,0
PCL-10392,PRJ-1146,Karnataka,Dharwad,13.597299,76.187349,Industrial Corridor / SEZ,17.71,25,1.4116,0.7084,90.0,71.0,1,456,83,23,267,0.771,Disputed in Escrow,Notification Pending,Approved,Contested / Encroached,Moderate,Low,1,3,1,58.66,1,342
PCL-10393,PRJ-1259,Andhra Pradesh,Visakhapatnam,14.535944,78.343734,Urban Metro / Transit,157.98,402,2.5446,0.393,76.0,85.0,1,243,15,0,272,0.589,Disputed in Escrow,Possession Taken (Sec 38),Approved,Contested / Encroached,Moderate,High,3,3,1,55.24,1,417
PCL-10394,PRJ-1121,Haryana,Panipat,29.98293,77.4291,Irrigation / Water Canal,172.07,246,1.4297,0.6995,90.0,43.0,1,269,47,0,126,0.765,Pending Disbursal,Award Declared (Sec 23),Approved,Contested / Encroached,Low / Resistant,Very High,4,2,1,55.98,1,405
PCL-10395,PRJ-1194,Madhya Pradesh,Ujjain,24.336533,76.634853,Highway / Expressway,289.64,315,1.0876,0.9195,85.0,73.0,1,138,33,0,30,0.404,Partially Disbursed,Possession Taken (Sec 38),Approved,Substantial Possession (>70%),Hostile / Legal Injunction,High,3,1,4,48.75,1,373
PCL-10396,PRJ-1229,Odisha,Angul,19.752989,85.877421,Highway / Expressway,37.74,55,1.4573,0.6862,64.0,52.0,0,138,132,72,69,0.531,Partially Disbursed,Possession Taken (Sec 38),Under Scrutiny,Initial Stage (<30%),Moderate,Medium,2,3,2,24.01,1,156
PCL-10397,PRJ-1214,Haryana,Gurugram,30.027148,75.824258,Railway & Freight Corridor,33.73,32,0.9487,1.054,54.0,32.0,0,150,125,65,212,0.493,Pending Disbursal,Declaration Published (Sec 19),Under Scrutiny,Full Possession,High / Cooperative,Medium,2,4,5,30.11,1,164
PCL-10398,PRJ-1061,Rajasthan,Kota,26.697041,73.460857,Renewable / Solar Park,48.45,44,0.9082,1.1011,23.0,53.0,1,281,91,31,122,0.603,Pending Disbursal,Award Declared (Sec 23),Approved,Full Possession,High / Cooperative,Medium,2,4,5,61.22,1,304
PCL-10399,PRJ-1216,Gujarat,Kutch,21.191088,72.984713,Railway & Freight Corridor,18.29,32,1.7496,0.5715,85.0,85.0,0,0,59,0,236,0.378,Fully Disbursed,Award Declared (Sec 23),Approved,Full Possession,Moderate,Low,1,3,5,17.1,0,39
PCL-10400,PRJ-1232,Maharashtra,Nagpur,20.660833,78.050636,Irrigation / Water Canal,15.72,20,1.2723,0.786,96.0,36.0,0,147,168,108,274,0.178,Partially Disbursed,Possession Taken (Sec 38),Under Scrutiny,Full Possession,Moderate,Medium,2,3,5,27.27,1,163
PCL-10401,PRJ-1210,Rajasthan,Jaipur,25.753835,76.361442,Airport Infrastructure,8.21,21,2.5579,0.3909,53.0,29.0,0,0,172,112,304,0.744,Fully Disbursed,Preliminary Notification (Sec 11),Pending Environmental Clearance,Partial Possession (30-70%),Moderate,Low,1,3,3,31.65,1,166
PCL-10402,PRJ-1159,Maharashtra,Nagpur,19.677029,73.842202,Renewable / Solar Park,401.07,560,1.3963,0.7162,34.0,79.0,1,175,34,0,130,0.421,Partially Disbursed,Notification Pending,Approved,Initial Stage (<30%),Low / Resistant,Medium,2,2,2,59.87,1,321
PCL-10403,PRJ-1062,Rajasthan,Jaipur,26.946319,74.187971,Irrigation / Water Canal,57.93,106,1.8298,0.5465,70.0,48.0,0,317,222,162,378,0.573,Pending Disbursal,Preliminary Notification (Sec 11),Conditional Clearance,Initial Stage (<30%),High / Cooperative,Low,1,4,2,38.4,1,249
PCL-10404,PRJ-1024,Karnataka,Kalaburagi,14.958218,77.538316,Railway & Freight Corridor,98.24,107,1.0892,0.9181,57.0,59.0,0,0,81,21,355,0.089,Fully Disbursed,Preliminary Notification (Sec 11),Approved,Full Possession,High / Cooperative,Low,1,4,5,26.01,0,40
PCL-10405,PRJ-1131,Gujarat,Bharuch,23.278084,69.7286,Airport Infrastructure,17.81,85,4.7726,0.2095,85.0,68.0,0,0,19,0,139,0.444,Fully Disbursed,Preliminary Notification (Sec 11),Approved,Full Possession,High / Cooperative,Medium,2,4,5,11.41,0,10
PCL-10406,PRJ-1166,Uttar Pradesh,Varanasi,25.926977,83.134519,Highway / Expressway,81.22,144,1.773,0.564,68.0,63.0,0,0,107,47,115,0.167,Fully Disbursed,Notification Pending,Conditional Clearance,Substantial Possession (>70%),High / Cooperative,Low,1,4,4,14.41,0,55
PCL-10407,PRJ-1238,Andhra Pradesh,Nellore,16.483733,78.370745,Railway & Freight Corridor,15.76,20,1.269,0.788,94.0,67.0,1,141,178,118,460,0.527,Pending Disbursal,Declaration Published (Sec 19),Conditional Clearance,Initial Stage (<30%),Low / Resistant,Medium,2,2,2,57.79,1,511
PCL-10408,PRJ-1229,Odisha,Angul,19.768162,85.766657,Highway / Expressway,101.12,95,0.9395,1.0644,78.0,70.0,0,167,184,124,140,0.2,Partially Disbursed,Possession Taken (Sec 38),Resubmission Required,Substantial Possession (>70%),Moderate,Very High,4,3,4,23.26,1,263
PCL-10409,PRJ-1238,Andhra Pradesh,Nellore,18.278904,81.091577,Railway & Freight Corridor,15.92,25,1.5704,0.6368,48.0,79.0,0,0,176,116,356,0.497,Fully Disbursed,Award Declared (Sec 23),Conditional Clearance,Substantial Possession (>70%),High / Cooperative,Low,1,4,4,25.85,0,0
PCL-10410,PRJ-1145,Tamil Nadu,Tiruchirappalli,9.704648,79.341467,Urban Metro / Transit,22.1,69,3.1222,0.3203,44.0,39.0,1,172,137,77,248,0.311,Partially Disbursed,Award Declared (Sec 23),Pending Environmental Clearance,Partial Possession (30-70%),Moderate,Low,1,3,3,62.42,1,380
PCL-10411,PRJ-1163,Uttar Pradesh,Agra,28.055367,83.155206,Industrial Corridor / SEZ,92.41,139,1.5042,0.6648,62.0,61.0,1,344,67,7,178,0.588,Disputed in Escrow,Award Declared (Sec 23),Approved,Contested / Encroached,Low / Resistant,Very High,4,2,1,64.81,1,427
PCL-10412,PRJ-1069,Andhra Pradesh,Krishna,16.89435,78.060033,Industrial Corridor / SEZ,85.11,118,1.3864,0.7213,76.0,48.0,1,540,149,89,59,0.237,Disputed in Escrow,Possession Taken (Sec 38),Conditional Clearance,Initial Stage (<30%),Low / Resistant,High,3,2,2,59.71,1,387
PCL-10413,PRJ-1040,Tamil Nadu,Madurai,11.381408,79.816974,Industrial Corridor / SEZ,38.94,55,1.4124,0.708,90.0,44.0,0,0,70,10,58,0.319,Fully Disbursed,Notification Pending,Approved,Full Possession,High / Cooperative,Medium,2,4,5,9.78,0,40
PCL-10414,PRJ-1005,Gujarat,Ahmedabad,21.411815,70.680115,Industrial Corridor / SEZ,22.49,30,1.3339,0.7496,60.0,56.0,0,121,20,0,310,0.191,Partially Disbursed,Declaration Published (Sec 19),Approved,Substantial Possession (>70%),Moderate,Low,1,3,4,32.75,1,167
PCL-10415,PRJ-1120,Tamil Nadu,Kanchipuram,12.882405,80.048619,Airport Infrastructure,25.57,36,1.4079,0.7103,57.0,20.0,0,0,114,54,190,0.143,Fully Disbursed,Possession Taken (Sec 38),Approved,Full Possession,Moderate,Medium,2,3,5,27.48,1,157
PCL-10416,PRJ-1088,Uttar Pradesh,Prayagraj,26.92607,81.613127,Airport Infrastructure,25.8,76,2.9457,0.3395,64.0,55.0,1,46,15,0,83,0.08,Partially Disbursed,Declaration Published (Sec 19),Approved,Initial Stage (<30%),Moderate,Medium,2,3,2,45.45,1,237
PCL-10417,PRJ-1141,Madhya Pradesh,Ujjain,22.894147,79.389064,Highway / Expressway,19.42,20,1.0299,0.971,84.0,80.0,0,146,168,108,293,0.389,Partially Disbursed,Preliminary Notification (Sec 11),Pending Environmental Clearance,Substantial Possession (>70%),Moderate,Medium,2,3,4,25.94,0,28
PCL-10418,PRJ-1166,Uttar Pradesh,Varanasi,26.520664,83.423575,Highway / Expressway,47.51,47,0.9893,1.0108,66.0,76.0,0,87,48,0,99,0.292,Partially Disbursed,Preliminary Notification (Sec 11),Approved,Substantial Possession (>70%),High / Cooperative,Medium,2,4,4,16.49,0,18
PCL-10419,PRJ-1100,Rajasthan,Udaipur,25.522706,76.242581,Railway & Freight Corridor,53.94,92,1.7056,0.5863,60.0,57.0,0,217,121,61,321,0.562,Pending Disbursal,Declaration Published (Sec 19),Approved,Partial Possession (30-70%),Moderate,Very High,4,3,3,37.01,1,281
PCL-10420,PRJ-1050,Tamil Nadu,Kanchipuram,9.644767,78.389042,Irrigation / Water Canal,27.91,7,0.2508,3.9866,72.0,45.0,1,151,197,137,159,0.344,Partially Disbursed,Declaration Published (Sec 19),Resubmission Required,Contested / Encroached,Hostile / Legal Injunction,High,3,1,1,59.52,1,411
PCL-10421,PRJ-1122,Gujarat,Surat,23.786288,72.463298,Industrial Corridor / SEZ,5.92,8,1.3514,0.7399,87.0,31.0,1,45,15,0,243,0.501,Partially Disbursed,Preliminary Notification (Sec 11),Approved,Contested / Encroached,Low / Resistant,High,3,2,1,52.96,1,345
PCL-10422,PRJ-1032,Madhya Pradesh,Ujjain,26.094109,77.878278,Railway & Freight Corridor,53.86,50,0.9283,1.0772,80.0,49.0,0,105,57,0,181,0.746,Partially Disbursed,Possession Taken (Sec 38),Approved,Substantial Possession (>70%),High / Cooperative,Medium,2,4,4,20.2,1,91
PCL-10423,PRJ-1006,Madhya Pradesh,Bhopal,24.045009,78.020938,Industrial Corridor / SEZ,17.35,18,1.0375,0.9638,92.0,54.0,0,36,120,60,251,0.189,Partially Disbursed,Possession Taken (Sec 38),Under Scrutiny,Substantial Possession (>70%),High / Cooperative,Medium,2,4,4,17.09,1,91
PCL-10424,PRJ-1035,Uttar Pradesh,Prayagraj,26.75,80.75,Irrigation / Water Canal,58.53,100,1.7085,0.5853,47.0,91.0,0,143,15,0,228,0.53,Partially Disbursed,Declaration Published (Sec 19),Approved,Partial Possession (30-70%),Moderate,Low,1,3,3,29.68,1,120
PCL-10425,PRJ-1160,Rajasthan,Kota,26.621898,74.077442,Railway & Freight Corridor,23.92,29,1.2124,0.8248,54.0,84.0,0,0,53,0,266,0.323,Fully Disbursed,Possession Taken (Sec 38),Approved,Full Possession,Moderate,Medium,2,3,5,24.52,0,47
PCL-10426,PRJ-1075,Haryana,Gurugram,28.187562,76.513505,Renewable / Solar Park,6.42,5,0.7788,1.2837,51.0,60.0,1,81,23,0,155,0.635,Partially Disbursed,Preliminary Notification (Sec 11),Approved,Initial Stage (<30%),Moderate,High,3,3,2,51.69,1,333
PCL-10427,PRJ-1240,Madhya Pradesh,Gwalior,24.688954,77.169331,Urban Metro / Transit,21.71,65,2.994,0.334,76.0,79.0,1,146,104,44,294,0.492,Partially Disbursed,Preliminary Notification (Sec 11),Under Scrutiny,Contested / Encroached,Low / Resistant,Very High,4,2,1,56.42,1,436
PCL-10428,PRJ-1239,Uttar Pradesh,Agra,27.171328,79.340703,Railway & Freight Corridor,32.58,45,1.3812,0.724,52.0,76.0,0,0,100,40,325,0.51,Fully Disbursed,Declaration Published (Sec 19),Conditional Clearance,Full Possession,Moderate,Very High,4,3,5,27.94,1,333
PCL-10429,PRJ-1059,Madhya Pradesh,Jabalpur,22.676569,77.868612,Highway / Expressway,6.36,2,0.3145,3.1784,77.0,51.0,0,0,31,0,270,0.5,Fully Disbursed,Award Declared (Sec 23),Approved,Initial Stage (<30%),Moderate,High,3,3,2,23.38,0,12
PCL-10430,PRJ-1126,Uttar Pradesh,Lucknow,25.657041,78.166057,Renewable / Solar Park,53.49,97,1.8134,0.5514,51.0,36.0,0,0,77,17,348,0.673,Fully Disbursed,Preliminary Notification (Sec 11),Approved,Full Possession,High / Cooperative,High,3,4,5,29.25,1,127
PCL-10431,PRJ-1190,Madhya Pradesh,Jabalpur,25.611746,79.279816,Highway / Expressway,94.76,185,1.9523,0.5122,50.0,48.0,0,123,36,0,298,0.85,Pending Disbursal,Preliminary Notification (Sec 11),Approved,Initial Stage (<30%),Hostile / Legal Injunction,Very High,4,1,2,42.68,1,424
PCL-10432,PRJ-1099,Haryana,Hisar,29.328131,76.869272,Highway / Expressway,15.61,13,0.8328,1.2007,79.0,65.0,0,180,177,117,261,0.541,Partially Disbursed,Declaration Published (Sec 19),Pending Environmental Clearance,Full Possession,Moderate,Medium,2,3,5,28.63,1,224
PCL-10433,PRJ-1127,Andhra Pradesh,Kurnool,14.284339,81.948498,Urban Metro / Transit,16.97,53,3.1232,0.3202,83.0,68.0,1,50,71,11,176,0.397,Partially Disbursed,Possession Taken (Sec 38),Conditional Clearance,Initial Stage (<30%),Hostile / Legal Injunction,High,3,1,2,51.5,1,423
PCL-10434,PRJ-1192,Karnataka,Mysuru,14.99308,76.035655,Renewable / Solar Park,76.61,75,0.979,1.0215,67.0,67.0,0,98,30,0,125,0.488,Partially Disbursed,Notification Pending,Approved,Initial Stage (<30%),Moderate,Medium,2,3,2,22.36,1,145
PCL-10435,PRJ-1113,Andhra Pradesh,Visakhapatnam,17.987492,80.265192,Airport Infrastructure,22.2,49,2.2072,0.4531,89.0,79.0,0,0,76,16,137,0.521,Fully Disbursed,Award Declared (Sec 23),Approved,Full Possession,High / Cooperative,Low,1,4,5,9.44,0,0
PCL-10436,PRJ-1181,Odisha,Angul,20.148462,84.161086,Irrigation / Water Canal,53.07,48,0.9045,1.1056,36.0,20.0,1,344,15,0,355,0.694,Pending Disbursal,Award Declared (Sec 23),Approved,Full Possession,Low / Resistant,Low,1,2,5,80.75,1,527
PCL-10437,PRJ-1039,Madhya Pradesh,Indore,23.630009,75.577478,Renewable / Solar Park,22.83,39,1.7083,0.5854,44.0,92.0,0,140,15,0,163,0.287,Pending Disbursal,Preliminary Notification (Sec 11),Approved,Full Possession,Low / Resistant,Medium,2,2,5,31.37,1,222
PCL-10438,PRJ-1169,Tamil Nadu,Salem,10.40008,79.360155,Urban Metro / Transit,29.8,113,3.7919,0.2637,85.0,60.0,0,0,177,117,213,0.153,Fully Disbursed,Notification Pending,Pending Environmental Clearance,Full Possession,Moderate,High,3,3,5,18.74,0,17
PCL-10439,PRJ-1178,Andhra Pradesh,Guntur,17.495764,80.028675,Railway & Freight Corridor,27.32,26,0.9517,1.0507,77.0,73.0,0,68,56,0,261,0.34,Partially Disbursed,Possession Taken (Sec 38),Approved,Partial Possession (30-70%),Moderate,Medium,2,3,3,23.63,1,107
PCL-10440,PRJ-1120,Tamil Nadu,Kanchipuram,11.303806,79.486521,Airport Infrastructure,112.74,411,3.6456,0.2743,45.0,39.0,0,0,15,0,217,0.56,Fully Disbursed,Declaration Published (Sec 19),Approved,Initial Stage (<30%),Low / Resistant,High,3,2,2,32.74,1,269
PCL-10441,PRJ-1225,Odisha,Sundargarh,20.719927,85.557806,Airport Infrastructure,23.64,70,2.9611,0.3377,68.0,31.0,0,0,15,0,388,0.631,Fully Disbursed,Award Declared (Sec 23),Approved,Substantial Possession (>70%),High / Cooperative,Medium,2,4,4,27.85,0,24
PCL-10442,PRJ-1154,Maharashtra,Pune,18.995631,73.198735,Irrigation / Water Canal,110.38,193,1.7485,0.5719,87.0,33.0,0,0,79,19,225,0.51,Fully Disbursed,Notification Pending,Pending Environmental Clearance,Substantial Possession (>70%),Moderate,Very High,4,3,4,21.49,1,282
PCL-10443,PRJ-1201,Odisha,Khurda,19.715644,85.093371,Industrial Corridor / SEZ,14.76,13,0.8808,1.1353,78.0,57.0,0,0,15,0,259,0.353,Fully Disbursed,Declaration Published (Sec 19),Approved,Substantial Possession (>70%),Low / Resistant,Low,1,2,4,25.91,1,225
PCL-10444,PRJ-1251,Rajasthan,Udaipur,24.168089,72.224093,Railway & Freight Corridor,42.72,88,2.0599,0.4854,91.0,91.0,0,146,42,0,307,0.332,Partially Disbursed,Preliminary Notification (Sec 11),Approved,Full Possession,High / Cooperative,Medium,2,4,5,20.21,0,42
PCL-10445,PRJ-1201,Odisha,Khurda,19.958292,84.349009,Industrial Corridor / SEZ,27.13,30,1.1058,0.9043,68.0,86.0,0,156,75,15,129,0.37,Pending Disbursal,Declaration Published (Sec 19),Approved,Partial Possession (30-70%),High / Cooperative,Medium,2,4,3,19.05,0,0
PCL-10446,PRJ-1082,Rajasthan,Kota,26.706322,76.59101,Airport Infrastructure,34.24,98,2.8621,0.3494,74.0,90.0,0,0,20,0,204,0.788,Fully Disbursed,Declaration Published (Sec 19),Approved,Partial Possession (30-70%),Moderate,Medium,2,3,3,17.6,0,31
PCL-10447,PRJ-1127,Andhra Pradesh,Kurnool,16.363769,82.510482,Urban Metro / Transit,15.42,59,3.8262,0.2614,61.0,62.0,0,0,15,0,249,0.71,Fully Disbursed,Possession Taken (Sec 38),Approved,Partial Possession (30-70%),Moderate,Medium,2,3,3,24.69,0,26
PCL-10448,PRJ-1090,Haryana,Gurugram,29.046127,75.891198,Railway & Freight Corridor,17.76,23,1.295,0.7721,77.0,42.0,0,54,165,105,283,0.761,Partially Disbursed,Possession Taken (Sec 38),Under Scrutiny,Full Possession,High / Cooperative,Medium,2,4,5,23.23,0,53
PCL-10449,PRJ-1081,Karnataka,Bengaluru Rural,13.891504,76.559866,Railway & Freight Corridor,29.98,42,1.4009,0.7138,82.0,57.0,1,156,176,116,434,0.801,Partially Disbursed,Possession Taken (Sec 38),Resubmission Required,Initial Stage (<30%),Low / Resistant,High,3,2,2,61.81,1,462
PCL-10450,PRJ-1054,Haryana,Hisar,29.260548,77.03107,Irrigation / Water Canal,83.06,109,1.3123,0.762,80.0,37.0,1,0,30,0,266,0.175,Fully Disbursed,Possession Taken (Sec 38),Approved,Contested / Encroached,High / Cooperative,Low,1,4,1,45.28,0,21
PCL-10451,PRJ-1006,Madhya Pradesh,Bhopal,23.152665,79.588237,Industrial Corridor / SEZ,15.65,15,0.9585,1.0433,67.0,44.0,0,0,133,73,129,0.372,Fully Disbursed,Declaration Published (Sec 19),Conditional Clearance,Substantial Possession (>70%),High / Cooperative,Medium,2,4,4,17.04,0,21
PCL-10452,PRJ-1083,Tamil Nadu,Madurai,10.130003,77.106005,Renewable / Solar Park,35.88,26,0.7246,1.3799,17.0,84.0,1,32,15,0,139,0.65,Partially Disbursed,Award Declared (Sec 23),Approved,Partial Possession (30-70%),Low / Resistant,Low,1,2,3,57.23,1,312
PCL-10453,PRJ-1111,Karnataka,Kalaburagi,14.716085,74.702819,Industrial Corridor / SEZ,49.87,69,1.3836,0.7227,66.0,8.0,0,0,24,0,145,0.313,Fully Disbursed,Award Declared (Sec 23),Approved,Substantial Possession (>70%),Moderate,Medium,2,3,4,25.19,1,142
PCL-10454,PRJ-1104,Haryana,Karnal,30.279169,76.261825,Irrigation / Water Canal,91.02,90,0.9888,1.0113,45.0,83.0,0,0,20,0,207,0.598,Fully Disbursed,Declaration Published (Sec 19),Under Scrutiny,Full Possession,High / Cooperative,Low,1,4,5,20.46,0,37
PCL-10455,PRJ-1086,Haryana,Hisar,29.787628,75.633624,Urban Metro / Transit,57.16,174,3.0441,0.3285,82.0,2.0,0,168,153,93,176,0.324,Partially Disbursed,Possession Taken (Sec 38),Pending Environmental Clearance,Full Possession,Moderate,Very High,4,3,5,30.65,1,308
PCL-10456,PRJ-1089,Andhra Pradesh,Krishna,14.115976,81.254565,Highway / Expressway,9.51,2,0.2103,4.7526,83.0,9.0,0,0,104,44,115,0.459,Fully Disbursed,Notification Pending,Approved,Full Possession,High / Cooperative,Low,1,4,5,16.81,1,130
PCL-10457,PRJ-1155,Andhra Pradesh,Guntur,17.427199,80.497923,Irrigation / Water Canal,69.19,132,1.9078,0.5242,36.0,83.0,0,94,181,121,228,0.701,Partially Disbursed,Preliminary Notification (Sec 11),Under Scrutiny,Contested / Encroached,Low / Resistant,Medium,2,2,1,34.41,1,304
PCL-10458,PRJ-1069,Andhra Pradesh,Krishna,15.511005,81.163232,Industrial Corridor / SEZ,96.63,170,1.7593,0.5684,43.0,58.0,1,319,184,124,61,0.53,Pending Disbursal,Possession Taken (Sec 38),Under Scrutiny,Contested / Encroached,Hostile / Legal Injunction,Medium,2,1,1,67.25,1,510
PCL-10459,PRJ-1007,Gujarat,Ahmedabad,21.724557,71.761934,Irrigation / Water Canal,19.72,26,1.3185,0.7584,76.0,17.0,0,45,57,0,276,0.736,Partially Disbursed,Declaration Published (Sec 19),Approved,Full Possession,Moderate,Low,1,3,5,29.05,1,206
PCL-10460,PRJ-1105,Rajasthan,Kota,26.874971,72.454577,Highway / Expressway,9.81,2,0.2039,4.9025,83.0,73.0,0,0,145,85,276,0.108,Fully Disbursed,Award Declared (Sec 23),Under Scrutiny,Partial Possession (30-70%),Moderate,Very High,4,3,3,20.2,1,91
PCL-10461,PRJ-1213,Uttar Pradesh,Agra,27.253358,79.607658,Highway / Expressway,9.92,10,1.0081,0.9919,73.0,42.0,1,217,155,95,137,0.729,Pending Disbursal,Declaration Published (Sec 19),Under Scrutiny,Partial Possession (30-70%),Moderate,High,3,3,3,54.01,1,425
PCL-10462,PRJ-1004,Maharashtra,Nagpur,18.237389,76.196511,Irrigation / Water Canal,51.47,97,1.8846,0.5306,56.0,41.0,0,0,150,90,276,0.837,Fully Disbursed,Declaration Published (Sec 19),Under Scrutiny,Partial Possession (30-70%),Hostile / Legal Injunction,Low,1,1,3,36.3,1,408
PCL-10463,PRJ-1121,Haryana,Panipat,29.267819,76.359856,Irrigation / Water Canal,30.21,52,1.7213,0.581,90.0,91.0,0,107,149,89,238,0.203,Partially Disbursed,Award Declared (Sec 23),Under Scrutiny,Initial Stage (<30%),High / Cooperative,Low,1,4,2,16.22,0,26
PCL-10464,PRJ-1247,Rajasthan,Jodhpur,24.40207,76.788076,Airport Infrastructure,44.75,111,2.4804,0.4031,31.0,83.0,0,69,40,0,260,0.291,Partially Disbursed,Possession Taken (Sec 38),Approved,Substantial Possession (>70%),Moderate,Low,1,3,4,31.84,0,32
PCL-10465,PRJ-1154,Maharashtra,Pune,19.776032,74.027912,Irrigation / Water Canal,51.78,84,1.6222,0.6164,84.0,34.0,0,0,183,123,236,0.301,Fully Disbursed,Notification Pending,Under Scrutiny,Full Possession,High / Cooperative,Low,1,4,5,18.65,0,27
PCL-10466,PRJ-1098,Rajasthan,Jaipur,24.068394,76.133765,Urban Metro / Transit,276.71,990,3.5778,0.2795,51.0,44.0,1,281,85,25,247,0.346,Pending Disbursal,Possession Taken (Sec 38),Under Scrutiny,Initial Stage (<30%),Moderate,High,3,3,2,64.96,1,428
PCL-10467,PRJ-1210,Rajasthan,Jaipur,27.943998,76.905588,Airport Infrastructure,42.52,60,1.4111,0.7087,63.0,49.0,0,268,234,174,235,0.125,Pending Disbursal,Notification Pending,Conditional Clearance,Initial Stage (<30%),Moderate,High,3,3,2,36.08,1,240
PCL-10468,PRJ-1030,Rajasthan,Udaipur,26.913988,76.516461,Industrial Corridor / SEZ,47.39,79,1.667,0.5999,50.0,65.0,0,37,15,0,359,0.204,Partially Disbursed,Declaration Published (Sec 19),Approved,Substantial Possession (>70%),High / Cooperative,Low,1,4,4,28.48,0,2
PCL-10469,PRJ-1131,Gujarat,Bharuch,21.767503,71.594704,Airport Infrastructure,22.76,66,2.8998,0.3448,66.0,73.0,1,376,160,100,156,0.39,Disputed in Escrow,Possession Taken (Sec 38),Conditional Clearance,Contested / Encroached,High / Cooperative,Low,1,4,1,55.35,1,246
PCL-10470,PRJ-1097,Tamil Nadu,Tiruchirappalli,12.528421,77.564053,Highway / Expressway,34.54,29,0.8396,1.191,65.0,19.0,0,247,173,113,78,0.241,Pending Disbursal,Possession Taken (Sec 38),Conditional Clearance,Contested / Encroached,Moderate,Medium,2,3,1,31.93,0,15
PCL-10471,PRJ-1177,Andhra Pradesh,Krishna,17.632603,79.368205,Irrigation / Water Canal,23.57,16,0.6788,1.473,48.0,75.0,1,155,90,30,126,0.248,Partially Disbursed,Preliminary Notification (Sec 11),Approved,Contested / Encroached,Moderate,Medium,2,3,1,52.74,1,315
PCL-10472,PRJ-1148,Gujarat,Ahmedabad,23.175822,69.800791,Highway / Expressway,30.57,35,1.1449,0.8734,90.0,27.0,0,320,247,187,276,0.383,Pending Disbursal,Notification Pending,Conditional Clearance,Substantial Possession (>70%),High / Cooperative,Medium,2,4,4,32.8,1,281
PCL-10473,PRJ-1099,Haryana,Hisar,29.25,76.5,Highway / Expressway,33.25,48,1.4436,0.6927,89.0,36.0,0,0,15,0,228,0.624,Fully Disbursed,Award Declared (Sec 23),Approved,Full Possession,Moderate,Medium,2,3,5,20.9,1,130
PCL-10474,PRJ-1016,Tamil Nadu,Tiruchirappalli,11.541198,78.531481,Railway & Freight Corridor,92.14,137,1.4869,0.6725,71.0,50.0,0,0,175,115,147,0.395,Fully Disbursed,Notification Pending,Conditional Clearance,Full Possession,High / Cooperative,Low,1,4,5,16.31,1,139
PCL-10475,PRJ-1193,Uttar Pradesh,Prayagraj,27.100149,83.379243,Irrigation / Water Canal,23.38,36,1.5398,0.6494,70.0,43.0,1,279,196,136,288,0.529,Pending Disbursal,Award Declared (Sec 23),Resubmission Required,Contested / Encroached,Low / Resistant,High,3,2,1,66.47,1,397
PCL-10476,PRJ-1205,Rajasthan,Jaipur,25.715117,71.387725,Railway & Freight Corridor,33.6,47,1.3988,0.7149,52.0,42.0,0,65,150,90,348,0.423,Partially Disbursed,Preliminary Notification (Sec 11),Under Scrutiny,Initial Stage (<30%),High / Cooperative,Low,1,4,2,31.12,1,132
PCL-10477,PRJ-1128,Gujarat,Rajkot,22.118447,71.770747,Highway / Expressway,9.07,18,1.9846,0.5039,60.0,61.0,1,596,50,0,172,0.339,Disputed in Escrow,Award Declared (Sec 23),Approved,Partial Possession (30-70%),High / Cooperative,Medium,2,4,3,58.35,1,280
PCL-10478,PRJ-1167,Gujarat,Surat,23.015995,70.077658,Airport Infrastructure,43.66,120,2.7485,0.3638,42.0,83.0,1,423,131,71,258,0.584,Disputed in Escrow,Preliminary Notification (Sec 11),Conditional Clearance,Partial Possession (30-70%),Low / Resistant,Medium,2,2,3,70.47,1,431
PCL-10479,PRJ-1259,Andhra Pradesh,Visakhapatnam,14.189681,80.489833,Urban Metro / Transit,10.0,22,2.2,0.4545,56.0,40.0,0,144,158,98,97,0.234,Partially Disbursed,Preliminary Notification (Sec 11),Under Scrutiny,Substantial Possession (>70%),Hostile / Legal Injunction,High,3,1,4,35.61,1,443
PCL-10480,PRJ-1088,Uttar Pradesh,Prayagraj,27.611059,81.612624,Airport Infrastructure,82.86,131,1.581,0.6325,65.0,56.0,0,286,109,49,281,0.545,Pending Disbursal,Award Declared (Sec 23),Approved,Partial Possession (30-70%),Moderate,Medium,2,3,3,37.44,1,195
PCL-10481,PRJ-1064,Madhya Pradesh,Jabalpur,24.978096,80.955512,Industrial Corridor / SEZ,40.35,51,1.2639,0.7912,49.0,93.0,0,0,155,95,182,0.692,Fully Disbursed,Notification Pending,Conditional Clearance,Substantial Possession (>70%),Moderate,Medium,2,3,4,21.48,1,165
PCL-10482,PRJ-1196,Madhya Pradesh,Gwalior,24.927246,80.074524,Airport Infrastructure,19.12,83,4.341,0.2304,64.0,30.0,0,0,61,1,120,0.396,Fully Disbursed,Preliminary Notification (Sec 11),Approved,Partial Possession (30-70%),High / Cooperative,Medium,2,4,3,18.7,0,31
PCL-10483,PRJ-1060,Madhya Pradesh,Ujjain,24.570492,75.865472,Urban Metro / Transit,13.51,42,3.1088,0.3217,84.0,93.0,0,78,186,126,345,0.469,Partially Disbursed,Possession Taken (Sec 38),Resubmission Required,Full Possession,Moderate,Medium,2,3,5,23.79,1,91
PCL-10484,PRJ-1065,Haryana,Karnal,29.297403,76.693074,Industrial Corridor / SEZ,55.18,66,1.1961,0.836,87.0,51.0,0,0,194,134,66,0.783,Fully Disbursed,Award Declared (Sec 23),Conditional Clearance,Substantial Possession (>70%),Moderate,Medium,2,3,4,13.72,1,160
PCL-10485,PRJ-1075,Haryana,Gurugram,29.842944,77.163342,Renewable / Solar Park,25.85,46,1.7795,0.5619,69.0,55.0,0,100,140,80,76,0.45,Partially Disbursed,Notification Pending,Under Scrutiny,Partial Possession (30-70%),High / Cooperative,Low,1,4,3,17.66,0,29
PCL-10486,PRJ-1193,Uttar Pradesh,Prayagraj,25.249963,82.425135,Irrigation / Water Canal,27.35,35,1.2797,0.7814,40.0,39.0,0,0,146,86,120,0.339,Fully Disbursed,Preliminary Notification (Sec 11),Pending Environmental Clearance,Partial Possession (30-70%),Hostile / Legal Injunction,Medium,2,1,3,33.85,1,333
PCL-10487,PRJ-1201,Odisha,Khurda,20.327665,86.250533,Industrial Corridor / SEZ,19.59,46,2.3481,0.4259,62.0,69.0,0,0,131,71,178,0.729,Fully Disbursed,Possession Taken (Sec 38),Resubmission Required,Partial Possession (30-70%),High / Cooperative,Low,1,4,3,17.38,1,117
PCL-10488,PRJ-1145,Tamil Nadu,Tiruchirappalli,10.510038,79.911498,Urban Metro / Transit,56.01,205,3.6601,0.2732,42.0,50.0,1,623,197,137,135,0.443,Disputed in Escrow,Preliminary Notification (Sec 11),Conditional Clearance,Contested / Encroached,High / Cooperative,High,3,4,1,61.66,1,396
PCL-10489,PRJ-1084,Andhra Pradesh,Guntur,16.589493,80.21523,Irrigation / Water Canal,6.1,4,0.6557,1.5246,76.0,69.0,0,0,92,32,244,0.252,Fully Disbursed,Preliminary Notification (Sec 11),Approved,Initial Stage (<30%),Moderate,High,3,3,2,20.8,1,91
PCL-10490,PRJ-1076,Maharashtra,Nashik,19.142012,79.339283,Airport Infrastructure,32.34,113,3.4941,0.2862,73.0,50.0,0,43,169,109,105,0.439,Partially Disbursed,Preliminary Notification (Sec 11),Resubmission Required,Partial Possession (30-70%),High / Cooperative,Low,1,4,3,16.1,0,49
PCL-10491,PRJ-1207,Madhya Pradesh,Gwalior,23.128004,75.810336,Industrial Corridor / SEZ,120.8,139,1.1507,0.8691,73.0,47.0,0,52,210,150,271,0.257,Partially Disbursed,Possession Taken (Sec 38),Pending Environmental Clearance,Partial Possession (30-70%),Moderate,Low,1,3,3,26.75,1,119
PCL-10492,PRJ-1228,Rajasthan,Udaipur,25.666221,71.758002,Urban Metro / Transit,71.89,130,1.8083,0.553,90.0,84.0,0,0,181,121,328,0.322,Fully Disbursed,Notification Pending,Resubmission Required,Substantial Possession (>70%),Moderate,Medium,2,3,4,19.65,0,7
PCL-10493,PRJ-1049,Odisha,Angul,21.615294,84.538961,Irrigation / Water Canal,40.43,43,1.0636,0.9402,61.0,90.0,0,0,98,38,178,0.377,Fully Disbursed,Preliminary Notification (Sec 11),Conditional Clearance,Initial Stage (<30%),High / Cooperative,Medium,2,4,2,15.48,0,48
PCL-10494,PRJ-1208,Rajasthan,Alwar,27.626619,71.166504,Industrial Corridor / SEZ,51.48,74,1.4375,0.6957,58.0,82.0,0,179,88,28,151,0.571,Partially Disbursed,Notification Pending,Conditional Clearance,Partial Possession (30-70%),Moderate,Medium,2,3,3,26.97,1,197
PCL-10495,PRJ-1061,Rajasthan,Kota,24.844922,74.584705,Renewable / Solar Park,16.73,6,0.3586,2.7879,51.0,62.0,0,0,120,60,280,0.548,Fully Disbursed,Declaration Published (Sec 19),Under Scrutiny,Full Possession,Moderate,Medium,2,3,5,27.85,1,188
PCL-10496,PRJ-1044,Madhya Pradesh,Jabalpur,26.361685,78.289349,Urban Metro / Transit,44.82,104,2.3204,0.431,88.0,46.0,0,0,76,16,221,0.589,Fully Disbursed,Award Declared (Sec 23),Approved,Initial Stage (<30%),High / Cooperative,Medium,2,4,2,16.09,0,0
PCL-10497,PRJ-1151,Karnataka,Bengaluru Rural,15.779872,75.973745,Renewable / Solar Park,46.77,61,1.3043,0.7667,51.0,76.0,0,0,161,101,179,0.418,Fully Disbursed,Notification Pending,Under Scrutiny,Partial Possession (30-70%),Moderate,Medium,2,3,3,22.66,0,43
PCL-10498,PRJ-1019,Karnataka,Kalaburagi,13.471561,75.50907,Highway / Expressway,26.62,44,1.6529,0.605,53.0,69.0,1,155,54,0,96,0.543,Pending Disbursal,Notification Pending,Approved,Initial Stage (<30%),Low / Resistant,Very High,4,2,2,54.97,1,383
PCL-10499,PRJ-1084,Andhra Pradesh,Guntur,15.810261,78.457945,Irrigation / Water Canal,119.54,124,1.0373,0.964,66.0,77.0,0,0,173,113,55,0.629,Fully Disbursed,Award Declared (Sec 23),Resubmission Required,Partial Possession (30-70%),Moderate,Medium,2,3,3,14.91,1,156
PCL-10500,PRJ-1084,Andhra Pradesh,Guntur,15.89662,78.802108,Irrigation / Water Canal,48.35,87,1.7994,0.5557,75.0,76.0,0,0,144,84,226,0.16,Fully Disbursed,Preliminary Notification (Sec 11),Under Scrutiny,Partial Possession (30-70%),High / Cooperative,Medium,2,4,3,15.87,1,91
PCL-10501,PRJ-1046,Maharashtra,Nashik,19.102177,75.184511,Railway & Freight Corridor,27.07,21,0.7758,1.289,92.0,56.0,1,203,200,140,152,0.288,Pending Disbursal,Possession Taken (Sec 38),Resubmission Required,Contested / Encroached,Moderate,High,3,3,1,48.79,1,289
PCL-10502,PRJ-1157,Odisha,Angul,21.08095,86.228355,Railway & Freight Corridor,38.0,30,0.7895,1.2666,83.0,56.0,0,0,37,0,187,0.224,Fully Disbursed,Preliminary Notification (Sec 11),Pending Environmental Clearance,Full Possession,Moderate,Low,1,3,5,18.56,0,28
PCL-10503,PRJ-1177,Andhra Pradesh,Krishna,17.596774,81.371278,Irrigation / Water Canal,32.2,53,1.646,0.6075,65.0,80.0,1,222,108,48,258,0.417,Pending Disbursal,Preliminary Notification (Sec 11),Under Scrutiny,Contested / Encroached,Low / Resistant,Medium,2,2,1,60.3,1,404
PCL-10504,PRJ-1137,Haryana,Faridabad,28.176875,76.928297,Highway / Expressway,44.37,95,2.1411,0.467,97.0,80.0,0,76,148,88,154,0.272,Partially Disbursed,Possession Taken (Sec 38),Resubmission Required,Partial Possession (30-70%),High / Cooperative,Medium,2,4,3,11.5,0,0
PCL-10505,PRJ-1142,Madhya Pradesh,Gwalior,26.241512,78.381806,Industrial Corridor / SEZ,19.34,33,1.7063,0.586,61.0,52.0,0,0,87,27,327,0.627,Fully Disbursed,Award Declared (Sec 23),Approved,Full Possession,Moderate,High,3,3,5,28.61,1,227
PCL-10506,PRJ-1123,Odisha,Angul,22.006654,84.495805,Highway / Expressway,47.01,41,0.8722,1.1466,83.0,81.0,0,307,111,51,225,0.316,Pending Disbursal,Notification Pending,Pending Environmental Clearance,Substantial Possession (>70%),Moderate,Medium,2,3,4,30.1,1,91
PCL-10507,PRJ-1064,Madhya Pradesh,Jabalpur,23.834074,78.994234,Industrial Corridor / SEZ,14.15,28,1.9788,0.5053,76.0,44.0,0,92,160,100,158,0.385,Partially Disbursed,Notification Pending,Under Scrutiny,Full Possession,Moderate,Medium,2,3,5,23.86,1,209
PCL-10508,PRJ-1116,Tamil Nadu,Coimbatore,10.144368,78.187858,Irrigation / Water Canal,28.74,26,0.9047,1.1053,81.0,60.0,0,0,84,24,186,0.355,Fully Disbursed,Preliminary Notification (Sec 11),Approved,Partial Possession (30-70%),High / Cooperative,Medium,2,4,3,14.77,0,48
PCL-10509,PRJ-1061,Rajasthan,Kota,25.326285,73.900436,Renewable / Solar Park,21.47,20,0.9315,1.0734,63.0,83.0,0,353,151,91,316,0.347,Pending Disbursal,Preliminary Notification (Sec 11),Pending Environmental Clearance,Contested / Encroached,Moderate,Low,1,3,1,39.21,0,4
PCL-10510,PRJ-1004,Maharashtra,Nagpur,19.835038,75.152732,Irrigation / Water Canal,22.95,25,1.0893,0.918,79.0,93.0,1,141,81,21,193,0.407,Pending Disbursal,Possession Taken (Sec 38),Under Scrutiny,Substantial Possession (>70%),Low / Resistant,Low,1,2,4,50.43,1,320
PCL-10511,PRJ-1079,Haryana,Hisar,29.035726,77.284907,Irrigation / Water Canal,14.78,2,0.1353,7.3863,66.0,93.0,0,0,15,0,231,0.694,Fully Disbursed,Award Declared (Sec 23),Approved,Full Possession,Moderate,High,3,3,5,19.91,0,0
PCL-10512,PRJ-1225,Odisha,Sundargarh,21.256327,85.236263,Airport Infrastructure,15.81,38,2.4035,0.416,63.0,44.0,0,58,82,22,170,0.175,Partially Disbursed,Declaration Published (Sec 19),Approved,Full Possession,High / Cooperative,Medium,2,4,5,21.76,0,25
PCL-10513,PRJ-1017,Tamil Nadu,Madurai,10.095063,77.666875,Urban Metro / Transit,31.75,94,2.9606,0.3378,74.0,70.0,0,62,101,41,208,0.736,Partially Disbursed,Award Declared (Sec 23),Conditional Clearance,Partial Possession (30-70%),High / Cooperative,Medium,2,4,3,18.55,0,19
PCL-10514,PRJ-1200,Rajasthan,Kota,24.628238,76.700304,Renewable / Solar Park,17.98,33,1.8354,0.5448,43.0,66.0,1,206,53,0,179,0.656,Disputed in Escrow,Award Declared (Sec 23),Approved,Initial Stage (<30%),Moderate,Low,1,3,2,58.73,1,394
PCL-10515,PRJ-1145,Tamil Nadu,Tiruchirappalli,11.202159,79.40879,Urban Metro / Transit,7.1,27,3.8028,0.263,86.0,59.0,0,97,132,72,154,0.217,Partially Disbursed,Declaration Published (Sec 19),Under Scrutiny,Substantial Possession (>70%),Moderate,Low,1,3,4,20.41,0,16
PCL-10516,PRJ-1053,Haryana,Hisar,29.732748,76.504434,Renewable / Solar Park,45.52,37,0.8128,1.2302,62.0,68.0,1,63,45,0,128,0.357,Partially Disbursed,Possession Taken (Sec 38),Approved,Contested / Encroached,Low / Resistant,Very High,4,2,1,50.69,1,382
PCL-10517,PRJ-1103,Madhya Pradesh,Bhopal,22.450116,75.376114,Irrigation / Water Canal,18.03,15,0.8319,1.2019,87.0,47.0,0,0,59,0,301,0.749,Fully Disbursed,Possession Taken (Sec 38),Approved,Substantial Possession (>70%),Moderate,Low,1,3,4,22.94,1,150
PCL-10518,PRJ-1057,Gujarat,Rajkot,21.830814,70.284446,Industrial Corridor / SEZ,9.69,8,0.8256,1.2111,54.0,56.0,1,0,92,32,190,0.394,Fully Disbursed,Preliminary Notification (Sec 11),Under Scrutiny,Partial Possession (30-70%),High / Cooperative,Medium,2,4,3,45.72,1,243
PCL-10519,PRJ-1052,Odisha,Angul,20.67036,84.73111,Urban Metro / Transit,20.91,66,3.1564,0.3168,78.0,69.0,0,63,48,0,212,0.633,Partially Disbursed,Award Declared (Sec 23),Approved,Partial Possession (30-70%),High / Cooperative,Low,1,4,3,18.04,0,31
PCL-10520,PRJ-1191,Haryana,Karnal,28.621805,76.074299,Highway / Expressway,60.33,91,1.5084,0.663,62.0,63.0,0,40,134,74,195,0.486,Partially Disbursed,Notification Pending,Resubmission Required,Initial Stage (<30%),High / Cooperative,Low,1,4,2,20.26,0,27
PCL-10521,PRJ-1099,Haryana,Hisar,29.741184,77.308451,Highway / Expressway,80.54,49,0.6084,1.6436,48.0,66.0,0,283,163,103,176,0.199,Disputed in Escrow,Notification Pending,Conditional Clearance,Full Possession,High / Cooperative,Medium,2,4,5,32.03,1,184
PCL-10522,PRJ-1130,Andhra Pradesh,Visakhapatnam,17.972981,81.77084,Irrigation / Water Canal,14.1,14,0.9929,1.0071,55.0,90.0,0,60,40,0,248,0.327,Partially Disbursed,Possession Taken (Sec 38),Approved,Substantial Possession (>70%),High / Cooperative,Medium,2,4,4,21.77,0,15
PCL-10523,PRJ-1012,Uttar Pradesh,Noida,25.617579,79.530403,Railway & Freight Corridor,21.62,46,2.1277,0.47,82.0,34.0,1,277,132,72,257,0.201,Disputed in Escrow,Possession Taken (Sec 38),Under Scrutiny,Initial Stage (<30%),Low / Resistant,Low,1,2,2,63.72,1,304
PCL-10524,PRJ-1225,Odisha,Sundargarh,21.501892,85.087206,Airport Infrastructure,16.21,73,4.5034,0.2221,62.0,35.0,0,0,110,50,199,0.494,Fully Disbursed,Declaration Published (Sec 19),Under Scrutiny,Full Possession,High / Cooperative,Medium,2,4,5,21.56,0,8
PCL-10525,PRJ-1258,Odisha,Cuttack,21.39016,85.467698,Industrial Corridor / SEZ,26.43,22,0.8324,1.2013,94.0,93.0,0,0,153,93,177,0.551,Fully Disbursed,Preliminary Notification (Sec 11),Under Scrutiny,Full Possession,Moderate,Low,1,3,5,12.29,0,21
PCL-10526,PRJ-1143,Gujarat,Rajkot,23.739019,70.239913,Irrigation / Water Canal,46.18,73,1.5808,0.6326,71.0,69.0,0,30,146,86,251,0.641,Partially Disbursed,Award Declared (Sec 23),Under Scrutiny,Contested / Encroached,High / Cooperative,Medium,2,4,1,19.55,1,91
PCL-10527,PRJ-1136,Rajasthan,Jaipur,27.22715,73.459223,Irrigation / Water Canal,19.15,27,1.4099,0.7092,53.0,73.0,0,202,86,26,83,0.115,Pending Disbursal,Award Declared (Sec 23),Approved,Contested / Encroached,High / Cooperative,Low,1,4,1,23.51,0,21
PCL-10528,PRJ-1055,Rajasthan,Jodhpur,27.22945,75.109881,Irrigation / Water Canal,86.15,160,1.8572,0.5384,81.0,66.0,0,0,34,0,217,0.228,Fully Disbursed,Possession Taken (Sec 38),Approved,Full Possession,Moderate,Medium,2,3,5,19.09,0,44
PCL-10529,PRJ-1203,Rajasthan,Jaipur,24.734822,72.417167,Irrigation / Water Canal,30.06,54,1.7964,0.5567,54.0,63.0,1,77,92,32,291,0.589,Partially Disbursed,Declaration Published (Sec 19),Approved,Initial Stage (<30%),Low / Resistant,Medium,2,2,2,59.48,1,405
PCL-10530,PRJ-1011,Gujarat,Surat,21.949465,72.945113,Urban Metro / Transit,17.19,51,2.9668,0.3371,70.0,61.0,0,0,118,58,208,0.591,Fully Disbursed,Possession Taken (Sec 38),Pending Environmental Clearance,Contested / Encroached,High / Cooperative,Medium,2,4,1,17.7,1,105
PCL-10531,PRJ-1007,Gujarat,Ahmedabad,22.799551,70.712651,Irrigation / Water Canal,102.2,69,0.6751,1.4811,67.0,26.0,1,0,230,170,183,0.464,Fully Disbursed,Declaration Published (Sec 19),Conditional Clearance,Partial Possession (30-70%),Low / Resistant,High,3,2,3,53.36,1,430
PCL-10532,PRJ-1007,Gujarat,Ahmedabad,23.347961,69.091343,Irrigation / Water Canal,100.74,175,1.7371,0.5757,74.0,50.0,0,0,166,106,149,0.268,Fully Disbursed,Declaration Published (Sec 19),Under Scrutiny,Substantial Possession (>70%),Hostile / Legal Injunction,High,3,1,4,27.04,1,301
PCL-10533,PRJ-1084,Andhra Pradesh,Guntur,15.402494,80.396651,Irrigation / Water Canal,9.72,11,1.1317,0.8836,95.0,68.0,0,0,90,30,258,0.087,Fully Disbursed,Preliminary Notification (Sec 11),Approved,Full Possession,High / Cooperative,Medium,2,4,5,13.88,0,0
PCL-10534,PRJ-1073,Uttar Pradesh,Noida,25.054115,79.261289,Highway / Expressway,91.37,89,0.9741,1.0266,64.0,82.0,0,286,131,71,306,0.85,Pending Disbursal,Preliminary Notification (Sec 11),Under Scrutiny,Contested / Encroached,High / Cooperative,Medium,2,4,1,32.23,1,216
PCL-10535,PRJ-1145,Tamil Nadu,Tiruchirappalli,10.764847,78.95866,Urban Metro / Transit,38.31,75,1.9577,0.5108,70.0,82.0,0,75,122,62,158,0.14,Partially Disbursed,Possession Taken (Sec 38),Under Scrutiny,Substantial Possession (>70%),Hostile / Legal Injunction,High,3,1,4,28.06,1,216
PCL-10536,PRJ-1077,Uttar Pradesh,Kanpur,28.0866,81.760668,Railway & Freight Corridor,44.67,68,1.5223,0.6569,74.0,48.0,1,278,194,134,224,0.226,Pending Disbursal,Award Declared (Sec 23),Conditional Clearance,Contested / Encroached,Low / Resistant,Low,1,2,1,62.72,1,312
PCL-10537,PRJ-1077,Uttar Pradesh,Kanpur,27.694466,78.841581,Railway & Freight Corridor,94.05,81,0.8612,1.1611,67.0,56.0,0,147,55,0,263,0.213,Pending Disbursal,Notification Pending,Approved,Partial Possession (30-70%),Moderate,Medium,2,3,3,30.65,1,170
PCL-10538,PRJ-1066,Haryana,Faridabad,28.486494,76.281533,Industrial Corridor / SEZ,118.1,129,1.0923,0.9155,92.0,35.0,0,115,74,14,139,0.378,Partially Disbursed,Declaration Published (Sec 19),Conditional Clearance,Partial Possession (30-70%),Moderate,Medium,2,3,3,21.79,1,193
PCL-10539,PRJ-1255,Haryana,Hisar,29.342993,76.485943,Highway / Expressway,29.41,26,0.8841,1.1311,82.0,87.0,0,86,15,0,267,0.419,Partially Disbursed,Preliminary Notification (Sec 11),Approved,Full Possession,High / Cooperative,Low,1,4,5,18.45,0,33
PCL-10540,PRJ-1009,Gujarat,Kutch,22.100955,71.135276,Irrigation / Water Canal,11.51,12,1.0426,0.9591,68.0,75.0,1,578,59,0,111,0.661,Disputed in Escrow,Declaration Published (Sec 19),Approved,Substantial Possession (>70%),Low / Resistant,Low,1,2,4,60.56,1,347
PCL-10541,PRJ-1216,Gujarat,Kutch,21.753242,72.692416,Railway & Freight Corridor,172.37,123,0.7136,1.4014,62.0,75.0,0,0,129,69,307,0.69,Fully Disbursed,Preliminary Notification (Sec 11),Under Scrutiny,Substantial Possession (>70%),Low / Resistant,Low,1,2,4,29.11,1,214
PCL-10542,PRJ-1038,Madhya Pradesh,Bhopal,24.148037,78.851124,Irrigation / Water Canal,41.5,33,0.7952,1.2575,72.0,45.0,0,0,117,57,30,0.317,Fully Disbursed,Possession Taken (Sec 38),Approved,Full Possession,High / Cooperative,Low,1,4,5,12.23,0,38
PCL-10543,PRJ-1154,Maharashtra,Pune,19.413535,77.674367,Irrigation / Water Canal,18.13,27,1.4892,0.6715,65.0,37.0,1,38,154,94,352,0.508,Partially Disbursed,Notification Pending,Conditional Clearance,Initial Stage (<30%),High / Cooperative,Medium,2,4,2,53.06,1,286
PCL-10544,PRJ-1233,Uttar Pradesh,Noida,26.93413,82.529398,Urban Metro / Transit,103.71,426,4.1076,0.2435,74.0,28.0,1,53,69,9,123,0.711,Partially Disbursed,Notification Pending,Approved,Contested / Encroached,Low / Resistant,High,3,2,1,51.69,1,433
PCL-10545,PRJ-1029,Rajasthan,Jodhpur,25.013188,72.133793,Airport Infrastructure,22.02,85,3.8601,0.2591,72.0,73.0,0,110,127,67,79,0.385,Partially Disbursed,Possession Taken (Sec 38),Conditional Clearance,Full Possession,Moderate,Medium,2,3,5,19.53,0,14
PCL-10546,PRJ-1100,Rajasthan,Udaipur,25.237646,71.66596,Railway & Freight Corridor,18.58,29,1.5608,0.6407,75.0,52.0,1,57,15,0,175,0.53,Partially Disbursed,Preliminary Notification (Sec 11),Approved,Full Possession,Moderate,High,3,3,5,47.45,1,326
PCL-10547,PRJ-1097,Tamil Nadu,Tiruchirappalli,11.425751,79.029006,Highway / Expressway,29.42,16,0.5438,1.8386,44.0,54.0,1,337,107,47,118,0.437,Pending Disbursal,Preliminary Notification (Sec 11),Approved,Substantial Possession (>70%),Hostile / Legal Injunction,Low,1,1,4,70.32,1,515
PCL-10548,PRJ-1145,Tamil Nadu,Tiruchirappalli,12.809713,78.60067,Urban Metro / Transit,106.35,250,2.3507,0.4254,96.0,56.0,1,349,148,88,166,0.317,Disputed in Escrow,Possession Taken (Sec 38),Pending Environmental Clearance,Initial Stage (<30%),Moderate,High,3,3,2,54.52,1,327
PCL-10549,PRJ-1077,Uttar Pradesh,Kanpur,25.13053,82.348774,Railway & Freight Corridor,37.53,41,1.0925,0.9153,48.0,26.0,1,220,121,61,290,0.567,Disputed in Escrow,Preliminary Notification (Sec 11),Resubmission Required,Partial Possession (30-70%),High / Cooperative,High,3,4,3,62.72,1,442
PCL-10550,PRJ-1073,Uttar Pradesh,Noida,27.664007,78.919654,Highway / Expressway,23.83,40,1.6786,0.5957,60.0,44.0,0,264,104,44,220,0.502,Pending Disbursal,Possession Taken (Sec 38),Conditional Clearance,Partial Possession (30-70%),Moderate,Medium,2,3,3,36.45,1,242
PCL-10551,PRJ-1221,Tamil Nadu,Salem,9.686044,79.259564,Industrial Corridor / SEZ,34.39,55,1.5993,0.6253,60.0,48.0,0,344,116,56,220,0.27,Pending Disbursal,Preliminary Notification (Sec 11),Conditional Clearance,Substantial Possession (>70%),Hostile / Legal Injunction,Low,1,1,4,46.84,1,405
PCL-10552,PRJ-1045,Uttar Pradesh,Prayagraj,26.746302,80.505962,Renewable / Solar Park,18.05,14,0.7756,1.2892,98.0,46.0,0,0,15,0,250,0.247,Fully Disbursed,Preliminary Notification (Sec 11),Approved,Partial Possession (30-70%),High / Cooperative,Low,1,4,3,15.18,0,12
PCL-10553,PRJ-1132,Tamil Nadu,Tiruchirappalli,12.144698,78.420341,Highway / Expressway,39.85,85,2.133,0.4688,90.0,51.0,1,236,116,56,261,0.172,Pending Disbursal,Possession Taken (Sec 38),Approved,Initial Stage (<30%),Hostile / Legal Injunction,High,3,1,2,62.64,1,519
PCL-10554,PRJ-1226,Rajasthan,Alwar,25.663622,76.03453,Industrial Corridor / SEZ,80.64,160,1.9841,0.504,64.0,81.0,1,111,134,74,153,0.309,Pending Disbursal,Notification Pending,Resubmission Required,Substantial Possession (>70%),Low / Resistant,High,3,2,4,51.9,1,468
PCL-10555,PRJ-1005,Gujarat,Ahmedabad,21.49823,69.513311,Industrial Corridor / SEZ,73.96,79,1.0681,0.9362,80.0,82.0,1,522,15,0,279,0.594,Disputed in Escrow,Preliminary Notification (Sec 11),Approved,Initial Stage (<30%),Low / Resistant,Medium,2,2,2,63.76,1,460
PCL-10556,PRJ-1056,Tamil Nadu,Coimbatore,9.841797,79.318512,Airport Infrastructure,36.1,135,3.7396,0.2674,64.0,38.0,1,252,183,123,206,0.827,Pending Disbursal,Award Declared (Sec 23),Resubmission Required,Initial Stage (<30%),Low / Resistant,High,3,2,2,63.98,1,529
PCL-10557,PRJ-1244,Karnataka,Mysuru,13.1102,76.004652,Airport Infrastructure,17.19,46,2.676,0.3737,68.0,59.0,1,284,108,48,191,0.376,Pending Disbursal,Preliminary Notification (Sec 11),Pending Environmental Clearance,Partial Possession (30-70%),High / Cooperative,High,3,4,3,54.33,1,293
PCL-10558,PRJ-1028,Gujarat,Ahmedabad,21.663329,69.150948,Irrigation / Water Canal,41.29,73,1.768,0.5656,56.0,66.0,0,0,37,0,177,0.764,Fully Disbursed,Award Declared (Sec 23),Approved,Full Possession,High / Cooperative,Medium,2,4,5,18.84,1,187
PCL-10559,PRJ-1215,Uttar Pradesh,Agra,26.834245,81.66608,Irrigation / Water Canal,27.94,22,0.7874,1.2699,63.0,75.0,0,0,15,0,343,0.578,Fully Disbursed,Award Declared (Sec 23),Approved,Full Possession,High / Cooperative,High,3,4,5,22.76,1,163
PCL-10560,PRJ-1083,Tamil Nadu,Madurai,12.833005,78.40403,Renewable / Solar Park,98.36,176,1.7893,0.5589,51.0,87.0,1,281,141,81,207,0.263,Disputed in Escrow,Preliminary Notification (Sec 11),Conditional Clearance,Initial Stage (<30%),Hostile / Legal Injunction,High,3,1,2,66.66,1,450
PCL-10561,PRJ-1163,Uttar Pradesh,Agra,25.098235,82.891106,Industrial Corridor / SEZ,15.69,33,2.1033,0.4754,57.0,47.0,0,97,155,95,246,0.501,Partially Disbursed,Notification Pending,Conditional Clearance,Contested / Encroached,High / Cooperative,Medium,2,4,1,27.11,0,0
PCL-10562,PRJ-1231,Andhra Pradesh,Guntur,16.861232,80.884047,Urban Metro / Transit,9.29,20,2.1529,0.4645,39.0,39.0,0,126,46,0,261,0.462,Partially Disbursed,Declaration Published (Sec 19),Approved,Initial Stage (<30%),Moderate,Medium,2,3,2,37.02,0,23
PCL-10563,PRJ-1008,Rajasthan,Udaipur,25.679128,73.196387,Railway & Freight Corridor,27.37,26,0.9499,1.0527,83.0,74.0,1,323,72,12,197,0.164,Pending Disbursal,Possession Taken (Sec 38),Approved,Partial Possession (30-70%),Moderate,Low,1,3,3,55.41,1,259
PCL-10564,PRJ-1172,Rajasthan,Jaipur,24.548872,72.087301,Airport Infrastructure,9.65,26,2.6943,0.3711,82.0,51.0,0,0,105,45,153,0.587,Fully Disbursed,Possession Taken (Sec 38),Under Scrutiny,Partial Possession (30-70%),Moderate,Low,1,3,3,17.99,0,31
PCL-10565,PRJ-1051,Andhra Pradesh,Kurnool,18.429598,81.999105,Renewable / Solar Park,12.32,19,1.5422,0.6484,87.0,59.0,0,169,176,116,457,0.242,Partially Disbursed,Preliminary Notification (Sec 11),Under Scrutiny,Substantial Possession (>70%),Moderate,Medium,2,3,4,32.4,0,12
PCL-10566,PRJ-1216,Gujarat,Kutch,21.664426,72.468273,Railway & Freight Corridor,40.17,54,1.3443,0.7439,61.0,57.0,0,0,120,60,30,0.388,Fully Disbursed,Possession Taken (Sec 38),Approved,Partial Possession (30-70%),Low / Resistant,Low,1,2,3,20.72,0,13
PCL-10567,PRJ-1004,Maharashtra,Nagpur,20.774889,78.056055,Irrigation / Water Canal,37.21,58,1.5587,0.6415,62.0,95.0,0,302,36,0,246,0.305,Pending Disbursal,Declaration Published (Sec 19),Approved,Contested / Encroached,Moderate,Low,1,3,1,33.49,1,258
PCL-10568,PRJ-1014,Gujarat,Surat,21.494789,70.697385,Irrigation / Water Canal,14.9,18,1.2081,0.8277,48.0,55.0,1,400,192,132,274,0.504,Disputed in Escrow,Declaration Published (Sec 19),Under Scrutiny,Partial Possession (30-70%),Low / Resistant,High,3,2,3,72.68,1,551
PCL-10569,PRJ-1202,Andhra Pradesh,Guntur,17.69562,81.976525,Renewable / Solar Park,121.21,168,1.386,0.7215,45.0,61.0,0,0,119,59,268,0.239,Fully Disbursed,Award Declared (Sec 23),Under Scrutiny,Substantial Possession (>70%),Moderate,Medium,2,3,4,28.7,1,127
PCL-10570,PRJ-1259,Andhra Pradesh,Visakhapatnam,14.57084,80.876975,Urban Metro / Transit,32.26,83,2.5728,0.3887,82.0,62.0,1,112,39,0,100,0.327,Partially Disbursed,Declaration Published (Sec 19),Approved,Full Possession,Hostile / Legal Injunction,High,3,1,5,52.0,1,420
PCL-10571,PRJ-1079,Haryana,Hisar,28.116764,76.894394,Irrigation / Water Canal,36.4,71,1.9505,0.5127,55.0,64.0,0,0,150,90,135,0.535,Fully Disbursed,Possession Taken (Sec 38),Under Scrutiny,Partial Possession (30-70%),High / Cooperative,Low,1,4,3,17.66,1,99
PCL-10572,PRJ-1114,Odisha,Sundargarh,20.321999,85.495626,Highway / Expressway,26.65,7,0.2627,3.8066,86.0,28.0,1,320,159,99,212,0.621,Disputed in Escrow,Preliminary Notification (Sec 11),Pending Environmental Clearance,Initial Stage (<30%),Low / Resistant,High,3,2,2,63.6,1,475
PCL-10573,PRJ-1053,Haryana,Hisar,28.316236,77.311678,Renewable / Solar Park,21.04,23,1.0932,0.9147,50.0,75.0,0,0,173,113,221,0.799,Fully Disbursed,Award Declared (Sec 23),Pending Environmental Clearance,Full Possession,High / Cooperative,Low,1,4,5,20.79,1,177
PCL-10574,PRJ-1212,Karnataka,Dharwad,12.910522,77.619495,Highway / Expressway,77.66,52,0.6696,1.4934,82.0,43.0,0,172,26,0,155,0.7,Pending Disbursal,Declaration Published (Sec 19),Approved,Initial Stage (<30%),High / Cooperative,Medium,2,4,2,22.18,0,52
PCL-10575,PRJ-1017,Tamil Nadu,Madurai,9.948504,78.112712,Urban Metro / Transit,61.86,149,2.4087,0.4152,92.0,73.0,1,220,49,0,230,0.263,Pending Disbursal,Preliminary Notification (Sec 11),Approved,Full Possession,Low / Resistant,Very High,4,2,5,54.47,1,302
PCL-10576,PRJ-1079,Haryana,Hisar,28.569136,76.243292,Irrigation / Water Canal,55.51,94,1.6934,0.5905,88.0,66.0,1,244,46,0,104,0.51,Disputed in Escrow,Award Declared (Sec 23),Approved,Substantial Possession (>70%),High / Cooperative,Low,1,4,4,44.73,1,188
PCL-10577,PRJ-1151,Karnataka,Bengaluru Rural,14.838514,77.138838,Renewable / Solar Park,13.39,25,1.8671,0.5356,89.0,31.0,1,101,15,0,136,0.227,Partially Disbursed,Possession Taken (Sec 38),Approved,Contested / Encroached,Hostile / Legal Injunction,High,3,1,1,54.6,1,343
PCL-10578,PRJ-1106,Madhya Pradesh,Jabalpur,26.246553,78.172123,Highway / Expressway,16.11,28,1.7381,0.5753,90.0,80.0,0,128,49,0,228,0.349,Partially Disbursed,Possession Taken (Sec 38),Approved,Substantial Possession (>70%),Moderate,Medium,2,3,4,21.56,0,20
PCL-10579,PRJ-1033,Karnataka,Dharwad,14.752077,77.396239,Highway / Expressway,38.97,78,2.0015,0.4996,79.0,48.0,0,361,39,0,153,0.398,Pending Disbursal,Award Declared (Sec 23),Approved,Substantial Possession (>70%),High / Cooperative,Low,1,4,4,29.97,0,19
PCL-10580,PRJ-1220,Tamil Nadu,Coimbatore,12.239048,78.159008,Airport Infrastructure,77.01,134,1.74,0.5747,38.0,57.0,0,0,122,62,259,0.661,Fully Disbursed,Award Declared (Sec 23),Under Scrutiny,Partial Possession (30-70%),Moderate,Medium,2,3,3,30.16,1,264
PCL-10581,PRJ-1165,Gujarat,Kutch,23.656358,71.521219,Irrigation / Water Canal,12.43,19,1.5286,0.6542,88.0,91.0,1,128,121,61,262,0.402,Pending Disbursal,Notification Pending,Pending Environmental Clearance,Partial Possession (30-70%),Moderate,Medium,2,3,3,47.14,1,175
PCL-10582,PRJ-1164,Haryana,Karnal,28.525561,75.644354,Urban Metro / Transit,38.62,97,2.5117,0.3981,86.0,48.0,0,113,15,0,45,0.181,Partially Disbursed,Notification Pending,Approved,Substantial Possession (>70%),High / Cooperative,Low,1,4,4,14.33,0,0
PCL-10583,PRJ-1003,Haryana,Gurugram,30.237944,76.090295,Urban Metro / Transit,28.83,111,3.8502,0.2597,87.0,84.0,0,0,124,64,204,0.336,Fully Disbursed,Preliminary Notification (Sec 11),Approved,Full Possession,Low / Resistant,Medium,2,2,5,19.35,0,0
PCL-10584,PRJ-1155,Andhra Pradesh,Guntur,15.258564,81.743092,Irrigation / Water Canal,27.27,40,1.4668,0.6817,71.0,97.0,0,0,223,163,289,0.623,Fully Disbursed,Possession Taken (Sec 38),Under Scrutiny,Substantial Possession (>70%),High / Cooperative,Medium,2,4,4,16.94,0,37
PCL-10585,PRJ-1192,Karnataka,Mysuru,17.144748,74.87878,Renewable / Solar Park,24.16,14,0.5795,1.7256,84.0,58.0,0,313,91,31,197,0.179,Pending Disbursal,Declaration Published (Sec 19),Approved,Substantial Possession (>70%),High / Cooperative,High,3,4,4,27.65,0,28
PCL-10586,PRJ-1003,Haryana,Gurugram,30.291865,77.199228,Urban Metro / Transit,35.39,79,2.2323,0.448,67.0,55.0,0,0,103,43,226,0.452,Fully Disbursed,Award Declared (Sec 23),Under Scrutiny,Partial Possession (30-70%),High / Cooperative,High,3,4,3,19.58,0,12
PCL-10587,PRJ-1088,Uttar Pradesh,Prayagraj,28.194519,81.200647,Airport Infrastructure,32.44,48,1.4797,0.6758,90.0,53.0,0,301,117,57,252,0.195,Pending Disbursal,Possession Taken (Sec 38),Under Scrutiny,Initial Stage (<30%),High / Cooperative,Low,1,4,2,28.52,1,115
PCL-10588,PRJ-1251,Rajasthan,Udaipur,28.345938,72.949277,Railway & Freight Corridor,61.04,102,1.671,0.5984,48.0,53.0,0,0,168,108,39,0.348,Fully Disbursed,Notification Pending,Conditional Clearance,Full Possession,High / Cooperative,Low,1,4,5,16.56,0,31
PCL-10589,PRJ-1040,Tamil Nadu,Madurai,9.805491,78.583278,Industrial Corridor / SEZ,38.85,30,0.7722,1.295,60.0,24.0,0,117,138,78,149,0.118,Partially Disbursed,Declaration Published (Sec 19),Conditional Clearance,Partial Possession (30-70%),High / Cooperative,Medium,2,4,3,26.0,1,277
PCL-10590,PRJ-1160,Rajasthan,Kota,27.167454,74.916207,Railway & Freight Corridor,22.91,45,1.9642,0.5091,61.0,53.0,0,0,221,161,220,0.686,Fully Disbursed,Possession Taken (Sec 38),Pending Environmental Clearance,Substantial Possession (>70%),High / Cooperative,Low,1,4,4,20.75,0,25
PCL-10591,PRJ-1143,Gujarat,Rajkot,22.276973,72.06957,Irrigation / Water Canal,40.3,68,1.6873,0.5926,80.0,38.0,0,0,35,0,109,0.575,Fully Disbursed,Preliminary Notification (Sec 11),Approved,Initial Stage (<30%),High / Cooperative,Medium,2,4,2,14.29,1,133
PCL-10592,PRJ-1232,Maharashtra,Nagpur,19.070675,73.807288,Irrigation / Water Canal,20.33,36,1.7708,0.5647,35.0,58.0,0,0,15,0,226,0.08,Fully Disbursed,Award Declared (Sec 23),Approved,Full Possession,Moderate,Medium,2,3,5,29.42,1,167
PCL-10593,PRJ-1217,Madhya Pradesh,Gwalior,22.903299,76.262478,Airport Infrastructure,8.13,2,0.246,4.063,84.0,44.0,0,0,140,80,392,0.45,Fully Disbursed,Preliminary Notification (Sec 11),Under Scrutiny,Initial Stage (<30%),Moderate,Low,1,3,2,27.25,1,118
PCL-10594,PRJ-1019,Karnataka,Kalaburagi,15.368629,75.314055,Highway / Expressway,97.96,134,1.3679,0.731,84.0,13.0,0,0,15,0,261,0.352,Fully Disbursed,Possession Taken (Sec 38),Approved,Partial Possession (30-70%),Low / Resistant,Low,1,2,3,29.19,0,23
PCL-10595,PRJ-1138,Haryana,Gurugram,29.238412,75.874955,Renewable / Solar Park,35.09,52,1.4819,0.6748,86.0,89.0,0,0,119,59,115,0.101,Fully Disbursed,Declaration Published (Sec 19),Under Scrutiny,Partial Possession (30-70%),Moderate,Medium,2,3,3,11.96,0,0
PCL-10596,PRJ-1123,Odisha,Angul,19.992605,85.889895,Highway / Expressway,24.3,21,0.8642,1.1571,83.0,47.0,0,139,15,0,208,0.85,Partially Disbursed,Award Declared (Sec 23),Approved,Contested / Encroached,High / Cooperative,Low,1,4,1,22.21,0,41
PCL-10597,PRJ-1005,Gujarat,Ahmedabad,22.772615,73.315983,Industrial Corridor / SEZ,22.6,24,1.0619,0.9416,91.0,78.0,0,238,200,140,346,0.439,Pending Disbursal,Declaration Published (Sec 19),Under Scrutiny,Substantial Possession (>70%),High / Cooperative,Medium,2,4,4,26.76,1,252
PCL-10598,PRJ-1156,Haryana,Gurugram,29.979342,76.187787,Irrigation / Water Canal,189.66,245,1.2918,0.7741,77.0,54.0,1,324,204,144,262,0.247,Pending Disbursal,Preliminary Notification (Sec 11),Conditional Clearance,Partial Possession (30-70%),Low / Resistant,High,3,2,3,64.84,1,406
PCL-10599,PRJ-1248,Karnataka,Kalaburagi,13.102529,76.744509,Irrigation / Water Canal,156.94,253,1.6121,0.6203,83.0,56.0,0,66,165,105,313,0.258,Partially Disbursed,Award Declared (Sec 23),Under Scrutiny,Full Possession,Hostile / Legal Injunction,Low,1,1,5,33.5,1,229
PCL-10600,PRJ-1185,Madhya Pradesh,Bhopal,22.957753,75.621353,Renewable / Solar Park,31.89,71,2.2264,0.4491,88.0,6.0,0,169,185,125,176,0.362,Partially Disbursed,Possession Taken (Sec 38),Resubmission Required,Initial Stage (<30%),High / Cooperative,Medium,2,4,2,25.35,1,232
PCL-10601,PRJ-1179,Gujarat,Vadodara,23.625185,70.770515,Airport Infrastructure,22.21,57,2.5664,0.3896,48.0,84.0,1,265,24,0,114,0.288,Pending Disbursal,Notification Pending,Approved,Contested / Encroached,Moderate,Very High,4,3,1,55.92,1,412
PCL-10602,PRJ-1178,Andhra Pradesh,Guntur,15.318998,82.800402,Railway & Freight Corridor,24.87,35,1.4073,0.7106,57.0,61.0,0,173,186,126,55,0.284,Pending Disbursal,Award Declared (Sec 23),Under Scrutiny,Full Possession,High / Cooperative,Medium,2,4,5,21.67,1,143
PCL-10603,PRJ-1233,Uttar Pradesh,Noida,25.189241,79.578293,Urban Metro / Transit,47.93,148,3.0878,0.3238,72.0,47.0,0,30,67,7,44,0.704,Partially Disbursed,Preliminary Notification (Sec 11),Approved,Substantial Possession (>70%),High / Cooperative,Low,1,4,4,13.78,0,7
PCL-10604,PRJ-1080,Karnataka,Belagavi,17.223058,76.832231,Airport Infrastructure,59.2,101,1.7061,0.5861,78.0,76.0,0,0,156,96,130,0.71,Fully Disbursed,Preliminary Notification (Sec 11),Under Scrutiny,Substantial Possession (>70%),High / Cooperative,Medium,2,4,4,11.68,0,29
PCL-10605,PRJ-1217,Madhya Pradesh,Gwalior,23.8061,80.836642,Airport Infrastructure,26.7,109,4.0824,0.245,59.0,47.0,1,255,107,47,208,0.213,Pending Disbursal,Notification Pending,Approved,Contested / Encroached,Low / Resistant,High,3,2,1,64.28,1,339
PCL-10606,PRJ-1103,Madhya Pradesh,Bhopal,23.374674,75.597827,Irrigation / Water Canal,46.05,58,1.2595,0.794,73.0,76.0,0,313,15,0,231,0.289,Pending Disbursal,Preliminary Notification (Sec 11),Approved,Partial Possession (30-70%),Moderate,Medium,2,3,3,33.08,1,181
PCL-10607,PRJ-1184,Haryana,Faridabad,29.174109,76.362571,Airport Infrastructure,21.68,58,2.6753,0.3738,91.0,49.0,0,305,177,117,297,0.185,Pending Disbursal,Preliminary Notification (Sec 11),Conditional Clearance,Initial Stage (<30%),High / Cooperative,Medium,2,4,2,30.57,1,202
PCL-10608,PRJ-1192,Karnataka,Mysuru,13.173647,76.288463,Renewable / Solar Park,33.86,41,1.2109,0.8258,92.0,61.0,0,0,173,113,217,0.731,Fully Disbursed,Preliminary Notification (Sec 11),Under Scrutiny,Partial Possession (30-70%),Moderate,Low,1,3,3,17.39,1,206
PCL-10609,PRJ-1044,Madhya Pradesh,Jabalpur,22.290648,80.361323,Urban Metro / Transit,122.01,401,3.2866,0.3043,49.0,22.0,0,114,54,0,194,0.532,Partially Disbursed,Preliminary Notification (Sec 11),Approved,Substantial Possession (>70%),High / Cooperative,Medium,2,4,4,29.96,1,204
PCL-10610,PRJ-1028,Gujarat,Ahmedabad,23.084561,71.321562,Irrigation / Water Canal,12.02,15,1.2479,0.8013,88.0,81.0,0,69,158,98,168,0.101,Partially Disbursed,Award Declared (Sec 23),Under Scrutiny,Partial Possession (30-70%),High / Cooperative,Very High,4,4,3,13.44,0,11
PCL-10611,PRJ-1249,Rajasthan,Jodhpur,26.794121,72.234129,Irrigation / Water Canal,18.31,22,1.2015,0.8322,81.0,38.0,1,56,81,21,241,0.731,Partially Disbursed,Possession Taken (Sec 38),Approved,Initial Stage (<30%),Low / Resistant,Low,1,2,2,53.84,1,332
PCL-10612,PRJ-1154,Maharashtra,Pune,19.223216,79.339256,Irrigation / Water Canal,52.4,77,1.4695,0.6805,82.0,34.0,0,61,51,0,179,0.48,Partially Disbursed,Possession Taken (Sec 38),Approved,Full Possession,Low / Resistant,High,3,2,5,26.92,1,317
PCL-10613,PRJ-1124,Haryana,Panipat,28.459861,76.959163,Railway & Freight Corridor,106.09,141,1.3291,0.7524,39.0,75.0,0,342,162,102,157,0.513,Pending Disbursal,Award Declared (Sec 23),Under Scrutiny,Partial Possession (30-70%),Moderate,Medium,2,3,3,38.39,1,266
PCL-10614,PRJ-1214,Haryana,Gurugram,30.002385,75.831516,Railway & Freight Corridor,28.71,22,0.7663,1.3049,71.0,55.0,0,0,15,0,342,0.215,Fully Disbursed,Notification Pending,Approved,Initial Stage (<30%),High / Cooperative,Low,1,4,2,23.12,0,0
PCL-10615,PRJ-1235,Gujarat,Rajkot,21.853022,73.369716,Urban Metro / Transit,47.48,117,2.4642,0.4058,78.0,41.0,1,379,51,0,257,0.253,Disputed in Escrow,Notification Pending,Approved,Initial Stage (<30%),Low / Resistant,High,3,2,2,67.44,1,465
PCL-10616,PRJ-1174,Odisha,Angul,20.744653,86.368393,Irrigation / Water Canal,14.98,4,0.267,3.7441,90.0,62.0,0,0,15,0,214,0.543,Fully Disbursed,Possession Taken (Sec 38),Approved,Substantial Possession (>70%),Low / Resistant,High,3,2,4,21.33,1,239
PCL-10617,PRJ-1260,Uttar Pradesh,Noida,27.686353,80.887343,Airport Infrastructure,79.39,151,1.902,0.5258,74.0,28.0,1,296,84,24,240,0.458,Pending Disbursal,Preliminary Notification (Sec 11),Approved,Contested / Encroached,Low / Resistant,Medium,2,2,1,66.06,1,472
PCL-10618,PRJ-1055,Rajasthan,Jodhpur,26.247509,75.058001,Irrigation / Water Canal,11.31,4,0.3537,2.8268,57.0,86.0,0,56,122,62,44,0.255,Partially Disbursed,Declaration Published (Sec 19),Conditional Clearance,Substantial Possession (>70%),Moderate,Low,1,3,4,17.7,0,47
PCL-10619,PRJ-1032,Madhya Pradesh,Ujjain,24.742376,75.782632,Railway & Freight Corridor,23.99,41,1.709,0.5851,53.0,60.0,0,179,83,23,109,0.08,Pending Disbursal,Award Declared (Sec 23),Approved,Substantial Possession (>70%),Moderate,Low,1,3,4,28.59,1,164
PCL-10620,PRJ-1103,Madhya Pradesh,Bhopal,22.911159,78.193059,Irrigation / Water Canal,49.81,79,1.586,0.6305,76.0,50.0,0,79,131,71,275,0.642,Partially Disbursed,Preliminary Notification (Sec 11),Under Scrutiny,Substantial Possession (>70%),Moderate,Low,1,3,4,27.11,1,173
PCL-10621,PRJ-1105,Rajasthan,Kota,24.196252,71.879319,Highway / Expressway,26.46,12,0.4535,2.2048,55.0,75.0,0,0,145,85,248,0.497,Fully Disbursed,Notification Pending,Under Scrutiny,Partial Possession (30-70%),Low / Resistant,High,3,2,3,28.3,1,292
PCL-10622,PRJ-1243,Uttar Pradesh,Noida,26.752891,79.97502,Highway / Expressway,126.7,242,1.91,0.5236,63.0,33.0,1,126,41,0,234,0.531,Pending Disbursal,Notification Pending,Approved,Contested / Encroached,Hostile / Legal Injunction,Very High,4,1,1,64.3,1,666
PCL-10623,PRJ-1119,Haryana,Faridabad,28.17355,76.577022,Industrial Corridor / SEZ,26.87,18,0.6699,1.4927,82.0,39.0,0,0,50,0,320,0.385,Fully Disbursed,Award Declared (Sec 23),Approved,Initial Stage (<30%),Moderate,High,3,3,2,25.45,0,29
PCL-10624,PRJ-1124,Haryana,Panipat,30.097669,77.320437,Railway & Freight Corridor,30.66,50,1.6308,0.6132,60.0,53.0,0,0,131,71,164,0.529,Fully Disbursed,Possession Taken (Sec 38),Pending Environmental Clearance,Contested / Encroached,High / Cooperative,Medium,2,4,1,18.85,0,52
PCL-10625,PRJ-1216,Gujarat,Kutch,21.806555,70.521981,Railway & Freight Corridor,41.46,75,1.809,0.5528,64.0,78.0,0,121,181,121,391,0.235,Pending Disbursal,Declaration Published (Sec 19),Under Scrutiny,Partial Possession (30-70%),Moderate,Low,1,3,3,32.79,0,18
PCL-10626,PRJ-1019,Karnataka,Kalaburagi,14.244643,74.776442,Highway / Expressway,25.09,25,0.9964,1.0036,39.0,42.0,0,63,197,137,143,0.324,Partially Disbursed,Award Declared (Sec 23),Conditional Clearance,Full Possession,Hostile / Legal Injunction,Medium,2,1,5,37.2,1,335
PCL-10627,PRJ-1116,Tamil Nadu,Coimbatore,11.761146,78.387698,Irrigation / Water Canal,49.62,36,0.7255,1.3783,71.0,42.0,1,80,121,61,244,0.261,Partially Disbursed,Notification Pending,Under Scrutiny,Partial Possession (30-70%),Hostile / Legal Injunction,High,3,1,3,60.29,1,471
PCL-10628,PRJ-1010,Madhya Pradesh,Indore,24.480982,75.383699,Irrigation / Water Canal,46.13,79,1.7126,0.5839,69.0,67.0,0,0,73,13,98,0.43,Fully Disbursed,Possession Taken (Sec 38),Approved,Substantial Possession (>70%),High / Cooperative,Medium,2,4,4,13.18,0,26
PCL-10629,PRJ-1181,Odisha,Angul,20.053479,85.228617,Irrigation / Water Canal,210.98,161,0.7631,1.3104,73.0,45.0,0,167,94,34,231,0.404,Partially Disbursed,Notification Pending,Approved,Partial Possession (30-70%),Moderate,Medium,2,3,3,30.18,0,0
PCL-10630,PRJ-1030,Rajasthan,Udaipur,24.387091,71.797624,Industrial Corridor / SEZ,100.64,96,0.9539,1.0483,73.0,69.0,0,0,84,24,323,0.618,Fully Disbursed,Award Declared (Sec 23),Approved,Substantial Possession (>70%),High / Cooperative,Low,1,4,4,20.61,0,64
PCL-10631,PRJ-1040,Tamil Nadu,Madurai,9.809685,79.958947,Industrial Corridor / SEZ,18.4,6,0.3261,3.0662,54.0,68.0,0,317,145,85,89,0.384,Pending Disbursal,Award Declared (Sec 23),Pending Environmental Clearance,Contested / Encroached,Moderate,Medium,2,3,1,32.51,1,227
PCL-10632,PRJ-1137,Haryana,Faridabad,28.815261,76.578696,Highway / Expressway,18.41,20,1.0864,0.9205,77.0,69.0,0,50,190,130,186,0.496,Partially Disbursed,Declaration Published (Sec 19),Pending Environmental Clearance,Partial Possession (30-70%),High / Cooperative,Low,1,4,3,16.73,0,10
PCL-10633,PRJ-1157,Odisha,Angul,21.478963,84.619078,Railway & Freight Corridor,29.37,29,0.9874,1.0127,80.0,42.0,0,146,15,0,231,0.347,Partially Disbursed,Preliminary Notification (Sec 11),Approved,Partial Possession (30-70%),High / Cooperative,High,3,4,3,24.46,1,148
PCL-10634,PRJ-1154,Maharashtra,Pune,20.448819,73.590757,Irrigation / Water Canal,74.35,75,1.0087,0.9913,79.0,67.0,0,0,15,0,208,0.331,Fully Disbursed,Preliminary Notification (Sec 11),Approved,Substantial Possession (>70%),High / Cooperative,Medium,2,4,4,15.3,0,2
PCL-10635,PRJ-1157,Odisha,Angul,19.631396,86.11009,Railway & Freight Corridor,8.65,25,2.8902,0.346,61.0,39.0,1,314,66,6,67,0.498,Disputed in Escrow,Notification Pending,Approved,Full Possession,Low / Resistant,High,3,2,5,61.82,1,373
PCL-10636,PRJ-1219,Haryana,Panipat,29.92827,77.314276,Airport Infrastructure,44.5,143,3.2135,0.3112,57.0,75.0,0,237,46,0,205,0.54,Pending Disbursal,Notification Pending,Under Scrutiny,Initial Stage (<30%),Low / Resistant,High,3,2,2,36.03,1,300
PCL-10637,PRJ-1134,Tamil Nadu,Kanchipuram,10.102666,78.232002,Irrigation / Water Canal,91.41,152,1.6628,0.6014,58.0,85.0,1,320,146,86,116,0.435,Disputed in Escrow,Preliminary Notification (Sec 11),Resubmission Required,Contested / Encroached,High / Cooperative,Very High,4,4,1,52.4,1,295
PCL-10638,PRJ-1020,Madhya Pradesh,Indore,24.758408,77.364847,Renewable / Solar Park,40.02,57,1.4243,0.7021,69.0,54.0,1,175,224,164,287,0.342,Partially Disbursed,Award Declared (Sec 23),Conditional Clearance,Contested / Encroached,Hostile / Legal Injunction,High,3,1,1,65.0,1,549
PCL-10639,PRJ-1005,Gujarat,Ahmedabad,22.402675,73.299896,Industrial Corridor / SEZ,19.4,13,0.6701,1.4922,49.0,42.0,1,321,113,53,260,0.577,Disputed in Escrow,Notification Pending,Under Scrutiny,Contested / Encroached,Moderate,High,3,3,1,67.69,1,375
PCL-10640,PRJ-1142,Madhya Pradesh,Gwalior,23.19198,78.217545,Industrial Corridor / SEZ,45.47,38,0.8357,1.1965,43.0,89.0,1,39,161,101,230,0.546,Partially Disbursed,Declaration Published (Sec 19),Under Scrutiny,Contested / Encroached,Hostile / Legal Injunction,Low,1,1,1,58.98,1,411
PCL-10641,PRJ-1117,Tamil Nadu,Kanchipuram,9.756764,79.265104,Highway / Expressway,90.24,89,0.9863,1.0139,66.0,80.0,0,0,105,45,300,0.421,Fully Disbursed,Preliminary Notification (Sec 11),Under Scrutiny,Full Possession,Moderate,Low,1,3,5,23.8,1,135
PCL-10642,PRJ-1040,Tamil Nadu,Madurai,10.355728,78.059946,Industrial Corridor / SEZ,27.16,35,1.2887,0.776,63.0,33.0,0,163,93,33,173,0.543,Pending Disbursal,Preliminary Notification (Sec 11),Approved,Partial Possession (30-70%),Moderate,High,3,3,3,31.04,1,345
PCL-10643,PRJ-1192,Karnataka,Mysuru,14.856357,77.665204,Renewable / Solar Park,20.39,22,1.079,0.9268,83.0,53.0,0,103,250,190,115,0.56,Pending Disbursal,Preliminary Notification (Sec 11),Under Scrutiny,Partial Possession (30-70%),High / Cooperative,Low,1,4,3,16.65,0,14
PCL-10644,PRJ-1177,Andhra Pradesh,Krishna,18.185735,79.906314,Irrigation / Water Canal,13.98,13,0.9299,1.0753,69.0,33.0,0,49,169,109,185,0.308,Partially Disbursed,Declaration Published (Sec 19),Under Scrutiny,Contested / Encroached,High / Cooperative,Medium,2,4,1,21.85,0,51
PCL-10645,PRJ-1063,Uttar Pradesh,Varanasi,27.931823,80.899885,Railway & Freight Corridor,28.99,13,0.4484,2.2298,92.0,54.0,0,0,104,44,225,0.194,Fully Disbursed,Notification Pending,Approved,Full Possession,Moderate,Medium,2,3,5,18.39,1,122
PCL-10646,PRJ-1186,Gujarat,Surat,21.719583,70.435192,Airport Infrastructure,20.66,70,3.3882,0.2951,54.0,56.0,0,0,129,69,203,0.205,Fully Disbursed,Preliminary Notification (Sec 11),Approved,Substantial Possession (>70%),High / Cooperative,Medium,2,4,4,21.21,0,52
PCL-10647,PRJ-1118,Karnataka,Kalaburagi,14.749943,75.890321,Industrial Corridor / SEZ,10.51,6,0.5709,1.7514,87.0,72.0,0,134,170,110,66,0.319,Partially Disbursed,Notification Pending,Under Scrutiny,Substantial Possession (>70%),High / Cooperative,High,3,4,4,13.38,0,0
PCL-10648,PRJ-1175,Odisha,Angul,20.365995,84.270066,Renewable / Solar Park,7.43,2,0.2692,3.7131,39.0,36.0,1,640,208,148,357,0.529,Disputed in Escrow,Declaration Published (Sec 19),Pending Environmental Clearance,Full Possession,Low / Resistant,Very High,4,2,5,79.49,1,497
PCL-10649,PRJ-1241,Madhya Pradesh,Gwalior,25.318558,75.858947,Railway & Freight Corridor,9.55,2,0.2094,4.7726,84.0,53.0,0,0,151,91,273,0.184,Fully Disbursed,Notification Pending,Pending Environmental Clearance,Initial Stage (<30%),Moderate,Medium,2,3,2,21.89,1,91
PCL-10650,PRJ-1124,Haryana,Panipat,29.75876,75.776156,Railway & Freight Corridor,33.45,70,2.0927,0.4779,56.0,48.0,1,203,139,79,56,0.248,Disputed in Escrow,Preliminary Notification (Sec 11),Conditional Clearance,Partial Possession (30-70%),Low / Resistant,High,3,2,3,56.94,1,420
PCL-10651,PRJ-1231,Andhra Pradesh,Guntur,17.309069,80.184882,Urban Metro / Transit,59.93,214,3.5708,0.28,79.0,84.0,1,350,54,0,221,0.386,Pending Disbursal,Preliminary Notification (Sec 11),Approved,Full Possession,Low / Resistant,High,3,2,5,60.97,1,377
PCL-10652,PRJ-1233,Uttar Pradesh,Noida,26.339874,80.41837,Urban Metro / Transit,56.2,156,2.7758,0.3603,49.0,69.0,1,264,211,151,355,0.429,Pending Disbursal,Preliminary Notification (Sec 11),Under Scrutiny,Contested / Encroached,Hostile / Legal Injunction,High,3,1,1,73.71,1,615
PCL-10653,PRJ-1219,Haryana,Panipat,28.734617,76.279729,Airport Infrastructure,385.29,1396,3.6232,0.276,73.0,89.0,0,197,133,73,204,0.548,Pending Disbursal,Possession Taken (Sec 38),Under Scrutiny,Substantial Possession (>70%),High / Cooperative,Very High,4,4,4,22.25,1,159
PCL-10654,PRJ-1051,Andhra Pradesh,Kurnool,15.578321,78.861403,Renewable / Solar Park,8.27,2,0.2418,4.1329,95.0,64.0,0,222,194,134,138,0.782,Pending Disbursal,Notification Pending,Conditional Clearance,Contested / Encroached,High / Cooperative,Medium,2,4,1,18.9,0,9
PCL-10655,PRJ-1106,Madhya Pradesh,Jabalpur,24.479519,78.305668,Highway / Expressway,132.08,104,0.7874,1.27,71.0,71.0,0,79,184,124,185,0.509,Partially Disbursed,Preliminary Notification (Sec 11),Under Scrutiny,Partial Possession (30-70%),High / Cooperative,Medium,2,4,3,18.88,1,203
PCL-10656,PRJ-1145,Tamil Nadu,Tiruchirappalli,12.75214,78.820612,Urban Metro / Transit,58.16,213,3.6623,0.2731,92.0,63.0,1,60,105,45,345,0.635,Partially Disbursed,Possession Taken (Sec 38),Pending Environmental Clearance,Initial Stage (<30%),Hostile / Legal Injunction,High,3,1,2,56.95,1,422
PCL-10657,PRJ-1071,Maharashtra,Pune,20.929924,77.732456,Railway & Freight Corridor,46.83,25,0.5338,1.8731,54.0,81.0,0,113,154,94,216,0.376,Partially Disbursed,Declaration Published (Sec 19),Under Scrutiny,Full Possession,High / Cooperative,Medium,2,4,5,23.84,0,45
PCL-10658,PRJ-1038,Madhya Pradesh,Bhopal,25.159963,77.064784,Irrigation / Water Canal,11.61,3,0.2584,3.8687,66.0,40.0,0,0,134,74,285,0.396,Fully Disbursed,Notification Pending,Under Scrutiny,Initial Stage (<30%),Low / Resistant,Medium,2,2,2,30.99,1,198
PCL-10659,PRJ-1005,Gujarat,Ahmedabad,21.76315,71.629911,Industrial Corridor / SEZ,31.4,39,1.242,0.8051,68.0,62.0,0,77,15,0,217,0.661,Partially Disbursed,Possession Taken (Sec 38),Approved,Full Possession,High / Cooperative,Low,1,4,5,21.5,0,18
PCL-10660,PRJ-1110,Rajasthan,Udaipur,24.06407,71.446841,Renewable / Solar Park,35.31,49,1.3877,0.7206,85.0,51.0,0,0,134,74,122,0.748,Fully Disbursed,Possession Taken (Sec 38),Under Scrutiny,Full Possession,High / Cooperative,Low,1,4,5,12.48,0,0
PCL-10661,PRJ-1093,Tamil Nadu,Kanchipuram,12.534825,79.656145,Railway & Freight Corridor,5.39,2,0.3711,2.6937,34.0,38.0,1,336,16,0,258,0.322,Pending Disbursal,Award Declared (Sec 23),Approved,Substantial Possession (>70%),Low / Resistant,Medium,2,2,4,75.38,1,474
PCL-10662,PRJ-1148,Gujarat,Ahmedabad,22.266823,71.017561,Highway / Expressway,42.4,53,1.25,0.8,65.0,83.0,0,118,134,74,131,0.254,Partially Disbursed,Possession Taken (Sec 38),Conditional Clearance,Partial Possession (30-70%),High / Cooperative,Medium,2,4,3,18.46,0,58
PCL-10663,PRJ-1251,Rajasthan,Udaipur,26.694659,75.104609,Railway & Freight Corridor,72.8,57,0.783,1.2772,72.0,97.0,0,0,101,41,139,0.667,Fully Disbursed,Notification Pending,Conditional Clearance,Full Possession,High / Cooperative,Low,1,4,5,11.11,0,52
PCL-10664,PRJ-1227,Rajasthan,Jodhpur,25.920877,72.588126,Railway & Freight Corridor,45.48,26,0.5717,1.7492,90.0,12.0,0,0,60,0,213,0.52,Fully Disbursed,Possession Taken (Sec 38),Approved,Substantial Possession (>70%),High / Cooperative,Medium,2,4,4,18.79,1,91
PCL-10665,PRJ-1106,Madhya Pradesh,Jabalpur,25.480029,75.75602,Highway / Expressway,19.48,26,1.3347,0.7492,91.0,47.0,0,100,73,13,426,0.247,Pending Disbursal,Possession Taken (Sec 38),Approved,Partial Possession (30-70%),High / Cooperative,Medium,2,4,3,26.21,0,14
PCL-10666,PRJ-1033,Karnataka,Dharwad,15.759165,76.209677,Highway / Expressway,10.37,8,0.7715,1.2961,49.0,84.0,0,207,136,76,429,0.777,Pending Disbursal,Award Declared (Sec 23),Conditional Clearance,Contested / Encroached,High / Cooperative,Low,1,4,1,35.31,1,177
PCL-10667,PRJ-1111,Karnataka,Kalaburagi,15.259461,75.345852,Industrial Corridor / SEZ,20.3,20,0.9852,1.0149,51.0,49.0,1,338,66,6,114,0.609,Pending Disbursal,Preliminary Notification (Sec 11),Approved,Partial Possession (30-70%),Low / Resistant,High,3,2,3,65.57,1,496
PCL-10668,PRJ-1127,Andhra Pradesh,Kurnool,14.198623,81.724585,Urban Metro / Transit,70.77,271,3.8293,0.2611,86.0,34.0,0,133,58,0,30,0.85,Pending Disbursal,Preliminary Notification (Sec 11),Approved,Partial Possession (30-70%),Moderate,High,3,3,3,19.74,1,285
PCL-10669,PRJ-1008,Rajasthan,Udaipur,27.317669,74.246018,Railway & Freight Corridor,74.74,136,1.8196,0.5496,66.0,75.0,0,249,56,0,267,0.367,Pending Disbursal,Award Declared (Sec 23),Approved,Contested / Encroached,Moderate,Low,1,3,1,33.3,1,200
PCL-10670,PRJ-1052,Odisha,Angul,20.237102,85.821337,Urban Metro / Transit,25.29,74,2.9261,0.3418,85.0,72.0,0,153,217,157,62,0.569,Partially Disbursed,Award Declared (Sec 23),Pending Environmental Clearance,Substantial Possession (>70%),High / Cooperative,Low,1,4,4,14.41,0,56
PCL-10671,PRJ-1255,Haryana,Hisar,29.796138,77.357769,Highway / Expressway,62.32,108,1.733,0.577,97.0,66.0,0,0,20,0,197,0.461,Fully Disbursed,Declaration Published (Sec 19),Approved,Substantial Possession (>70%),High / Cooperative,Medium,2,4,4,11.39,1,97
PCL-10672,PRJ-1160,Rajasthan,Kota,25.512716,75.827117,Railway & Freight Corridor,13.01,24,1.8447,0.5421,75.0,69.0,0,93,51,0,69,0.458,Partially Disbursed,Preliminary Notification (Sec 11),Approved,Substantial Possession (>70%),High / Cooperative,Low,1,4,4,14.51,0,18
PCL-10673,PRJ-1120,Tamil Nadu,Kanchipuram,9.750372,78.579595,Airport Infrastructure,67.96,173,2.5456,0.3928,58.0,58.0,1,486,167,107,111,0.63,Disputed in Escrow,Possession Taken (Sec 38),Pending Environmental Clearance,Partial Possession (30-70%),Hostile / Legal Injunction,High,3,1,3,68.01,1,573
PCL-10674,PRJ-1251,Rajasthan,Udaipur,26.45059,72.896795,Railway & Freight Corridor,119.38,178,1.491,0.6707,85.0,21.0,0,131,73,13,309,0.683,Pending Disbursal,Preliminary Notification (Sec 11),Approved,Full Possession,Moderate,Medium,2,3,5,31.62,1,262
PCL-10675,PRJ-1063,Uttar Pradesh,Varanasi,25.61507,80.413047,Railway & Freight Corridor,39.97,78,1.9515,0.5124,75.0,32.0,0,339,128,68,80,0.4,Pending Disbursal,Declaration Published (Sec 19),Conditional Clearance,Initial Stage (<30%),High / Cooperative,Low,1,4,2,28.73,1,182
PCL-10676,PRJ-1152,Madhya Pradesh,Ujjain,22.567366,81.422764,Urban Metro / Transit,42.2,147,3.4834,0.2871,78.0,61.0,1,468,55,0,322,0.349,Disputed in Escrow,Declaration Published (Sec 19),Approved,Initial Stage (<30%),Moderate,High,3,3,2,64.12,1,375
PCL-10677,PRJ-1191,Haryana,Karnal,29.296511,76.027355,Highway / Expressway,43.15,68,1.5759,0.6345,48.0,37.0,1,249,106,46,313,0.465,Disputed in Escrow,Declaration Published (Sec 19),Under Scrutiny,Contested / Encroached,Hostile / Legal Injunction,High,3,1,1,74.92,1,542
PCL-10678,PRJ-1214,Haryana,Gurugram,28.480142,76.443938,Railway & Freight Corridor,31.25,62,1.984,0.504,70.0,53.0,0,0,83,23,359,0.547,Fully Disbursed,Possession Taken (Sec 38),Approved,Full Possession,Moderate,Low,1,3,5,27.91,1,134
PCL-10679,PRJ-1180,Uttar Pradesh,Agra,27.213568,82.820053,Industrial Corridor / SEZ,208.79,226,1.0824,0.9238,84.0,69.0,0,308,123,63,411,0.403,Pending Disbursal,Notification Pending,Conditional Clearance,Partial Possession (30-70%),High / Cooperative,Low,1,4,3,33.96,0,0
PCL-10680,PRJ-1131,Gujarat,Bharuch,22.677226,71.873037,Airport Infrastructure,18.78,44,2.3429,0.4268,81.0,73.0,0,0,15,0,137,0.629,Fully Disbursed,Notification Pending,Approved,Partial Possession (30-70%),High / Cooperative,Medium,2,4,3,11.64,0,28
PCL-10681,PRJ-1197,Gujarat,Bharuch,22.007465,72.446706,Airport Infrastructure,29.12,82,2.8159,0.3551,58.0,48.0,0,151,75,15,181,0.634,Partially Disbursed,Declaration Published (Sec 19),Approved,Partial Possession (30-70%),Moderate,Low,1,3,3,30.34,0,15
PCL-10682,PRJ-1047,Karnataka,Dharwad,17.104781,76.517756,Renewable / Solar Park,11.67,18,1.5424,0.6483,90.0,69.0,1,250,159,99,279,0.41,Disputed in Escrow,Notification Pending,Conditional Clearance,Partial Possession (30-70%),High / Cooperative,Medium,2,4,3,50.84,1,324
PCL-10683,PRJ-1061,Rajasthan,Kota,25.109401,73.370155,Renewable / Solar Park,51.49,101,1.9615,0.5098,78.0,55.0,0,0,140,80,290,0.282,Fully Disbursed,Preliminary Notification (Sec 11),Pending Environmental Clearance,Partial Possession (30-70%),High / Cooperative,Medium,2,4,3,19.77,0,1
PCL-10684,PRJ-1143,Gujarat,Rajkot,23.112908,72.745455,Irrigation / Water Canal,5.0,4,0.8,1.2497,75.0,54.0,0,141,64,4,148,0.752,Partially Disbursed,Award Declared (Sec 23),Approved,Initial Stage (<30%),Moderate,Medium,2,3,2,24.69,0,42
PCL-10685,PRJ-1178,Andhra Pradesh,Guntur,17.255363,79.097522,Railway & Freight Corridor,39.11,54,1.3807,0.7242,86.0,49.0,1,32,46,0,254,0.1,Partially Disbursed,Declaration Published (Sec 19),Approved,Initial Stage (<30%),Hostile / Legal Injunction,Very High,4,1,2,54.99,1,433
PCL-10686,PRJ-1159,Maharashtra,Nagpur,19.002509,78.880661,Renewable / Solar Park,8.59,14,1.6298,0.6135,66.0,49.0,0,152,66,6,171,0.571,Partially Disbursed,Possession Taken (Sec 38),Approved,Partial Possession (30-70%),High / Cooperative,Medium,2,4,3,24.56,1,206
PCL-10687,PRJ-1030,Rajasthan,Udaipur,28.323019,75.907622,Industrial Corridor / SEZ,31.13,75,2.4093,0.4151,70.0,84.0,1,332,238,178,361,0.578,Pending Disbursal,Notification Pending,Conditional Clearance,Full Possession,Hostile / Legal Injunction,High,3,1,5,71.03,1,506
PCL-10688,PRJ-1079,Haryana,Hisar,29.743535,75.886125,Irrigation / Water Canal,22.18,45,2.0289,0.4929,76.0,55.0,1,121,108,48,384,0.135,Pending Disbursal,Award Declared (Sec 23),Approved,Initial Stage (<30%),Moderate,Low,1,3,2,57.42,0,28
PCL-10689,PRJ-1009,Gujarat,Kutch,22.014728,72.00676,Irrigation / Water Canal,92.51,169,1.8268,0.5474,86.0,47.0,0,123,20,0,324,0.168,Partially Disbursed,Notification Pending,Approved,Partial Possession (30-70%),Moderate,Very High,4,3,3,29.05,1,179
PCL-10690,PRJ-1032,Madhya Pradesh,Ujjain,22.335802,80.330304,Railway & Freight Corridor,43.04,50,1.1617,0.8608,59.0,91.0,0,0,115,55,101,0.616,Fully Disbursed,Declaration Published (Sec 19),Under Scrutiny,Substantial Possession (>70%),High / Cooperative,Medium,2,4,4,12.89,0,53
PCL-10691,PRJ-1002,Madhya Pradesh,Bhopal,23.419124,78.63758,Urban Metro / Transit,51.38,87,1.6933,0.5906,75.0,67.0,0,135,143,83,339,0.16,Pending Disbursal,Preliminary Notification (Sec 11),Pending Environmental Clearance,Full Possession,Moderate,Medium,2,3,5,30.31,1,262
PCL-10692,PRJ-1163,Uttar Pradesh,Agra,27.059905,83.265134,Industrial Corridor / SEZ,14.34,26,1.8131,0.5515,68.0,65.0,0,0,35,0,54,0.61,Fully Disbursed,Declaration Published (Sec 19),Approved,Partial Possession (30-70%),Moderate,High,3,3,3,15.68,0,52
PCL-10693,PRJ-1068,Maharashtra,Pune,18.950412,75.477587,Irrigation / Water Canal,32.84,41,1.2485,0.801,76.0,81.0,0,229,15,0,145,0.511,Pending Disbursal,Declaration Published (Sec 19),Approved,Partial Possession (30-70%),Moderate,Low,1,3,3,25.3,0,22
PCL-10694,PRJ-1136,Rajasthan,Jaipur,24.456613,73.145403,Irrigation / Water Canal,84.45,96,1.1368,0.8797,66.0,96.0,0,73,169,109,212,0.641,Partially Disbursed,Preliminary Notification (Sec 11),Pending Environmental Clearance,Substantial Possession (>70%),Low / Resistant,High,3,2,4,25.65,1,298
PCL-10695,PRJ-1108,Madhya Pradesh,Indore,26.422525,77.826662,Industrial Corridor / SEZ,14.06,31,2.2048,0.4535,77.0,55.0,0,227,162,102,182,0.337,Pending Disbursal,Preliminary Notification (Sec 11),Under Scrutiny,Partial Possession (30-70%),High / Cooperative,Medium,2,4,3,25.25,1,119
PCL-10696,PRJ-1134,Tamil Nadu,Kanchipuram,9.656923,77.407424,Irrigation / Water Canal,18.06,25,1.3843,0.7224,92.0,42.0,0,0,132,72,282,0.294,Fully Disbursed,Possession Taken (Sec 38),Under Scrutiny,Initial Stage (<30%),High / Cooperative,Low,1,4,2,17.98,0,20
PCL-10697,PRJ-1184,Haryana,Faridabad,30.13639,75.565007,Airport Infrastructure,23.72,64,2.6981,0.3706,67.0,84.0,1,336,83,23,104,0.212,Disputed in Escrow,Declaration Published (Sec 19),Under Scrutiny,Substantial Possession (>70%),Moderate,Low,1,3,4,54.66,1,252
PCL-10698,PRJ-1234,Madhya Pradesh,Ujjain,24.661729,79.49479,Industrial Corridor / SEZ,24.21,38,1.5696,0.6371,82.0,79.0,0,153,15,0,239,0.233,Partially Disbursed,Possession Taken (Sec 38),Approved,Contested / Encroached,High / Cooperative,Medium,2,4,1,20.95,0,40
PCL-10699,PRJ-1260,Uttar Pradesh,Noida,25.416708,80.349829,Airport Infrastructure,61.99,140,2.2584,0.4428,82.0,39.0,0,0,162,102,216,0.495,Fully Disbursed,Award Declared (Sec 23),Pending Environmental Clearance,Initial Stage (<30%),Moderate,Medium,2,3,2,21.55,0,58
PCL-10700,PRJ-1072,Gujarat,Kutch,21.426683,70.515847,Railway & Freight Corridor,51.86,103,1.9861,0.5035,76.0,51.0,0,324,53,0,323,0.236,Pending Disbursal,Possession Taken (Sec 38),Approved,Full Possession,Moderate,Very High,4,3,5,38.88,1,365
PCL-10701,PRJ-1089,Andhra Pradesh,Krishna,15.375642,78.443839,Highway / Expressway,34.47,26,0.7543,1.3257,93.0,55.0,0,125,163,103,93,0.354,Partially Disbursed,Preliminary Notification (Sec 11),Under Scrutiny,Full Possession,High / Cooperative,Low,1,4,5,14.52,0,1
PCL-10702,PRJ-1202,Andhra Pradesh,Guntur,17.124631,82.522882,Renewable / Solar Park,61.25,100,1.6327,0.6125,82.0,59.0,1,62,142,82,201,0.203,Partially Disbursed,Award Declared (Sec 23),Conditional Clearance,Substantial Possession (>70%),Low / Resistant,High,3,2,4,50.29,1,368
PCL-10703,PRJ-1218,Haryana,Hisar,29.482653,76.564819,Highway / Expressway,35.19,34,0.9662,1.035,88.0,60.0,1,271,58,0,75,0.395,Disputed in Escrow,Declaration Published (Sec 19),Approved,Partial Possession (30-70%),Hostile / Legal Injunction,Medium,2,1,3,56.6,1,433
PCL-10704,PRJ-1204,Gujarat,Bharuch,23.702299,71.89054,Irrigation / Water Canal,32.98,31,0.94,1.0638,96.0,74.0,0,0,15,0,101,0.511,Fully Disbursed,Declaration Published (Sec 19),Approved,Full Possession,High / Cooperative,Low,1,4,5,7.19,0,37
PCL-10705,PRJ-1247,Rajasthan,Jodhpur,24.203237,76.705225,Airport Infrastructure,22.02,49,2.2252,0.4494,67.0,88.0,0,51,92,32,94,0.306,Partially Disbursed,Award Declared (Sec 23),Under Scrutiny,Full Possession,Moderate,Low,1,3,5,17.17,0,5
PCL-10706,PRJ-1007,Gujarat,Ahmedabad,21.516563,69.616454,Irrigation / Water Canal,31.77,47,1.4794,0.6759,54.0,28.0,0,138,15,0,337,0.848,Partially Disbursed,Preliminary Notification (Sec 11),Approved,Full Possession,High / Cooperative,Medium,2,4,5,34.71,1,249
PCL-10707,PRJ-1231,Andhra Pradesh,Guntur,16.259071,81.876917,Urban Metro / Transit,42.32,147,3.4735,0.2879,91.0,77.0,1,138,134,74,308,0.089,Partially Disbursed,Notification Pending,Conditional Clearance,Contested / Encroached,Hostile / Legal Injunction,High,3,1,1,57.57,1,428
PCL-10708,PRJ-1133,Madhya Pradesh,Jabalpur,22.919497,80.252145,Urban Metro / Transit,35.21,125,3.5501,0.2817,52.0,61.0,0,0,143,83,204,0.379,Fully Disbursed,Possession Taken (Sec 38),Under Scrutiny,Full Possession,High / Cooperative,Medium,2,4,5,21.15,0,23
PCL-10709,PRJ-1190,Madhya Pradesh,Jabalpur,23.160238,77.209755,Highway / Expressway,82.49,75,0.9092,1.0999,84.0,41.0,1,98,84,24,353,0.267,Pending Disbursal,Possession Taken (Sec 38),Approved,Initial Stage (<30%),Low / Resistant,High,3,2,2,58.86,1,493
PCL-10710,PRJ-1183,Rajasthan,Udaipur,27.270379,74.184484,Airport Infrastructure,33.77,79,2.3394,0.4275,94.0,63.0,0,0,36,0,355,0.262,Fully Disbursed,Possession Taken (Sec 38),Approved,Full Possession,Moderate,Low,1,3,5,21.96,0,39
PCL-10711,PRJ-1125,Uttar Pradesh,Prayagraj,28.173835,82.929335,Highway / Expressway,51.59,92,1.7833,0.5608,64.0,84.0,1,109,169,109,289,0.701,Pending Disbursal,Declaration Published (Sec 19),Under Scrutiny,Contested / Encroached,Low / Resistant,High,3,2,1,56.62,1,409
PCL-10712,PRJ-1041,Andhra Pradesh,Krishna,15.5362,81.170031,Irrigation / Water Canal,99.27,109,1.098,0.9107,66.0,41.0,0,50,116,56,286,0.373,Partially Disbursed,Possession Taken (Sec 38),Resubmission Required,Partial Possession (30-70%),High / Cooperative,Medium,2,4,3,25.48,1,137
PCL-10713,PRJ-1125,Uttar Pradesh,Prayagraj,27.410474,78.313689,Highway / Expressway,9.41,4,0.4251,2.3519,59.0,82.0,1,275,93,33,193,0.5,Disputed in Escrow,Award Declared (Sec 23),Under Scrutiny,Full Possession,Low / Resistant,Low,1,2,5,61.04,1,393
PCL-10714,PRJ-1146,Karnataka,Dharwad,13.886129,75.852985,Industrial Corridor / SEZ,37.48,29,0.7737,1.2924,55.0,95.0,0,111,78,18,240,0.434,Partially Disbursed,Preliminary Notification (Sec 11),Approved,Full Possession,High / Cooperative,Medium,2,4,5,23.06,0,28
PCL-10715,PRJ-1148,Gujarat,Ahmedabad,23.161676,71.730991,Highway / Expressway,36.91,45,1.2192,0.8202,75.0,62.0,0,172,84,24,154,0.614,Partially Disbursed,Preliminary Notification (Sec 11),Approved,Full Possession,Moderate,Medium,2,3,5,25.39,0,54
PCL-10716,PRJ-1256,Tamil Nadu,Coimbatore,10.266167,79.212949,Industrial Corridor / SEZ,49.75,64,1.2864,0.7773,58.0,82.0,0,339,138,78,320,0.291,Pending Disbursal,Notification Pending,Resubmission Required,Substantial Possession (>70%),High / Cooperative,Low,1,4,4,36.13,0,3
PCL-10717,PRJ-1190,Madhya Pradesh,Jabalpur,23.387744,79.855488,Highway / Expressway,13.35,20,1.4981,0.6675,45.0,53.0,0,174,33,0,271,0.575,Partially Disbursed,Possession Taken (Sec 38),Approved,Partial Possession (30-70%),High / Cooperative,Medium,2,4,3,33.01,0,23
PCL-10718,PRJ-1146,Karnataka,Dharwad,15.276553,76.120422,Industrial Corridor / SEZ,108.09,110,1.0177,0.9826,92.0,24.0,0,139,129,69,135,0.262,Pending Disbursal,Possession Taken (Sec 38),Approved,Contested / Encroached,High / Cooperative,High,3,4,1,19.97,0,50
PCL-10719,PRJ-1082,Rajasthan,Kota,27.424248,76.857858,Airport Infrastructure,76.61,334,4.3597,0.2294,94.0,38.0,1,322,194,134,277,0.297,Disputed in Escrow,Award Declared (Sec 23),Conditional Clearance,Initial Stage (<30%),Moderate,High,3,3,2,59.77,1,391
PCL-10720,PRJ-1163,Uttar Pradesh,Agra,26.757836,80.925545,Industrial Corridor / SEZ,25.38,27,1.0638,0.94,48.0,78.0,0,170,66,6,142,0.603,Pending Disbursal,Declaration Published (Sec 19),Approved,Full Possession,Moderate,Medium,2,3,5,28.66,0,0
PCL-10721,PRJ-1089,Andhra Pradesh,Krishna,17.056748,78.531783,Highway / Expressway,59.23,68,1.1481,0.871,58.0,38.0,0,0,15,0,180,0.726,Fully Disbursed,Declaration Published (Sec 19),Approved,Substantial Possession (>70%),High / Cooperative,Medium,2,4,4,21.35,0,55
PCL-10722,PRJ-1210,Rajasthan,Jaipur,28.210152,72.96762,Airport Infrastructure,9.91,18,1.8163,0.5505,96.0,56.0,0,0,261,201,255,0.783,Fully Disbursed,Notification Pending,Pending Environmental Clearance,Partial Possession (30-70%),High / Cooperative,Medium,2,4,3,14.76,0,68
PCL-10723,PRJ-1099,Haryana,Hisar,30.090742,75.856621,Highway / Expressway,138.21,151,1.0925,0.9153,78.0,36.0,0,255,103,43,172,0.405,Pending Disbursal,Declaration Published (Sec 19),Approved,Contested / Encroached,Moderate,Very High,4,3,1,31.48,1,373
PCL-10724,PRJ-1237,Odisha,Sundargarh,20.743902,85.895912,Airport Infrastructure,40.49,110,2.7167,0.3681,81.0,72.0,0,114,15,0,276,0.297,Partially Disbursed,Declaration Published (Sec 19),Approved,Partial Possession (30-70%),High / Cooperative,Low,1,4,3,21.63,1,121
PCL-10725,PRJ-1017,Tamil Nadu,Madurai,11.86888,78.309675,Urban Metro / Transit,33.71,99,2.9368,0.3405,89.0,45.0,0,365,226,166,255,0.265,Pending Disbursal,Preliminary Notification (Sec 11),Conditional Clearance,Initial Stage (<30%),High / Cooperative,Medium,2,4,2,32.26,0,30
PCL-10726,PRJ-1225,Odisha,Sundargarh,20.8001,86.010286,Airport Infrastructure,11.37,13,1.1434,0.8745,61.0,95.0,0,0,195,135,237,0.462,Fully Disbursed,Notification Pending,Under Scrutiny,Substantial Possession (>70%),Moderate,Medium,2,3,4,20.94,0,41
PCL-10727,PRJ-1135,Gujarat,Bharuch,23.248027,71.601173,Renewable / Solar Park,21.38,28,1.3096,0.7635,77.0,80.0,0,0,169,109,239,0.79,Fully Disbursed,Declaration Published (Sec 19),Conditional Clearance,Full Possession,High / Cooperative,Medium,2,4,5,15.56,1,108
PCL-10728,PRJ-1038,Madhya Pradesh,Bhopal,24.066265,79.58813,Irrigation / Water Canal,22.3,26,1.1659,0.8577,90.0,79.0,0,0,139,79,104,0.318,Fully Disbursed,Possession Taken (Sec 38),Under Scrutiny,Substantial Possession (>70%),Moderate,High,3,3,4,11.75,0,32
PCL-10729,PRJ-1072,Gujarat,Kutch,21.47927,70.319094,Railway & Freight Corridor,14.3,15,1.049,0.9533,65.0,52.0,0,171,135,75,133,0.112,Pending Disbursal,Notification Pending,Under Scrutiny,Substantial Possession (>70%),High / Cooperative,Medium,2,4,4,23.81,0,37
PCL-10730,PRJ-1151,Karnataka,Bengaluru Rural,13.306762,77.126636,Renewable / Solar Park,8.45,2,0.2367,4.2229,80.0,40.0,1,84,21,0,253,0.203,Partially Disbursed,Notification Pending,Approved,Initial Stage (<30%),Low / Resistant,Medium,2,2,2,55.44,1,415
PCL-10731,PRJ-1208,Rajasthan,Alwar,26.148687,76.360024,Industrial Corridor / SEZ,16.93,42,2.4808,0.4031,79.0,66.0,0,126,90,30,224,0.384,Partially Disbursed,Possession Taken (Sec 38),Under Scrutiny,Initial Stage (<30%),Moderate,Medium,2,3,2,24.93,1,180
PCL-10732,PRJ-1195,Andhra Pradesh,Visakhapatnam,14.112623,82.690046,Renewable / Solar Park,36.07,46,1.2753,0.7841,56.0,32.0,0,60,50,0,188,0.39,Partially Disbursed,Declaration Published (Sec 19),Approved,Substantial Possession (>70%),High / Cooperative,Low,1,4,4,25.12,0,49
PCL-10733,PRJ-1117,Tamil Nadu,Kanchipuram,12.070685,78.177037,Highway / Expressway,30.07,10,0.3326,3.0067,61.0,30.0,0,0,155,95,340,0.55,Fully Disbursed,Notification Pending,Conditional Clearance,Substantial Possession (>70%),Low / Resistant,Medium,2,2,4,35.05,1,339
PCL-10734,PRJ-1229,Odisha,Angul,21.023426,84.719524,Highway / Expressway,44.71,58,1.2972,0.7708,93.0,18.0,0,0,15,0,218,0.499,Fully Disbursed,Possession Taken (Sec 38),Approved,Contested / Encroached,Moderate,Medium,2,3,1,21.52,1,126
PCL-10735,PRJ-1143,Gujarat,Rajkot,21.314942,69.886062,Irrigation / Water Canal,90.23,159,1.7622,0.5675,73.0,56.0,0,0,53,0,275,0.423,Fully Disbursed,Declaration Published (Sec 19),Approved,Partial Possession (30-70%),Low / Resistant,Low,1,2,3,27.61,1,159
PCL-10736,PRJ-1027,Rajasthan,Jodhpur,25.452977,74.790044,Industrial Corridor / SEZ,21.89,24,1.0964,0.912,52.0,67.0,1,200,198,138,231,0.551,Pending Disbursal,Notification Pending,Under Scrutiny,Initial Stage (<30%),High / Cooperative,Low,1,4,2,54.78,1,246
PCL-10737,PRJ-1058,Uttar Pradesh,Prayagraj,27.497937,80.440266,Irrigation / Water Canal,35.25,55,1.5603,0.6409,54.0,69.0,0,308,151,91,280,0.712,Disputed in Escrow,Possession Taken (Sec 38),Under Scrutiny,Initial Stage (<30%),Moderate,Medium,2,3,2,39.21,1,228
PCL-10738,PRJ-1146,Karnataka,Dharwad,17.212035,75.508839,Industrial Corridor / SEZ,6.86,3,0.4373,2.2859,74.0,44.0,0,0,91,31,212,0.446,Fully Disbursed,Possession Taken (Sec 38),Approved,Partial Possession (30-70%),High / Cooperative,Low,1,4,3,18.75,0,36
PCL-10739,PRJ-1241,Madhya Pradesh,Gwalior,24.231467,76.194289,Railway & Freight Corridor,60.83,109,1.7919,0.5581,86.0,58.0,0,0,171,111,158,0.424,Fully Disbursed,Notification Pending,Conditional Clearance,Full Possession,High / Cooperative,Medium,2,4,5,12.92,1,96
PCL-10740,PRJ-1158,Haryana,Karnal,29.254271,76.15803,Urban Metro / Transit,28.73,75,2.6105,0.3831,92.0,65.0,0,69,16,0,253,0.465,Partially Disbursed,Award Declared (Sec 23),Approved,Partial Possession (30-70%),High / Cooperative,Low,1,4,3,17.42,0,14
PCL-10741,PRJ-1081,Karnataka,Bengaluru Rural,15.539604,75.052825,Railway & Freight Corridor,122.14,233,1.9076,0.5242,90.0,61.0,0,98,172,112,30,0.581,Partially Disbursed,Declaration Published (Sec 19),Pending Environmental Clearance,Substantial Possession (>70%),Low / Resistant,Very High,4,2,4,18.55,1,294
PCL-10742,PRJ-1075,Haryana,Gurugram,28.784958,76.930748,Renewable / Solar Park,39.84,64,1.6064,0.6225,59.0,37.0,0,31,64,4,51,0.36,Partially Disbursed,Possession Taken (Sec 38),Approved,Substantial Possession (>70%),High / Cooperative,Low,1,4,4,17.69,0,37
PCL-10743,PRJ-1072,Gujarat,Kutch,23.877459,72.425014,Railway & Freight Corridor,71.32,38,0.5328,1.8768,74.0,65.0,0,0,146,86,124,0.452,Fully Disbursed,Award Declared (Sec 23),Approved,Substantial Possession (>70%),High / Cooperative,Medium,2,4,4,13.35,0,45
PCL-10744,PRJ-1103,Madhya Pradesh,Bhopal,25.558888,79.002357,Irrigation / Water Canal,41.01,48,1.1704,0.8544,73.0,47.0,0,150,157,97,233,0.279,Partially Disbursed,Preliminary Notification (Sec 11),Conditional Clearance,Substantial Possession (>70%),High / Cooperative,Low,1,4,4,25.6,0,6
PCL-10745,PRJ-1250,Andhra Pradesh,Guntur,15.149323,82.885953,Industrial Corridor / SEZ,73.32,102,1.3912,0.7188,60.0,58.0,0,142,15,0,204,0.732,Partially Disbursed,Award Declared (Sec 23),Approved,Full Possession,High / Cooperative,Low,1,4,5,25.69,0,77
PCL-10746,PRJ-1212,Karnataka,Dharwad,16.589122,77.346642,Highway / Expressway,10.04,15,1.494,0.6693,63.0,73.0,0,0,129,69,269,0.331,Fully Disbursed,Notification Pending,Conditional Clearance,Full Possession,Moderate,Medium,2,3,5,23.94,1,235
PCL-10747,PRJ-1012,Uttar Pradesh,Noida,25.52759,82.207492,Railway & Freight Corridor,191.28,342,1.788,0.5593,94.0,49.0,0,0,146,86,239,0.606,Fully Disbursed,Possession Taken (Sec 38),Conditional Clearance,Full Possession,Low / Resistant,High,3,2,5,22.76,1,204
PCL-10748,PRJ-1186,Gujarat,Surat,22.015735,72.031743,Airport Infrastructure,37.03,128,3.4567,0.2893,83.0,54.0,1,135,85,25,229,0.471,Partially Disbursed,Possession Taken (Sec 38),Approved,Initial Stage (<30%),Moderate,Low,1,3,2,50.89,1,300
PCL-10749,PRJ-1192,Karnataka,Mysuru,12.629386,75.949062,Renewable / Solar Park,58.49,32,0.5471,1.8278,93.0,27.0,0,177,98,38,161,0.838,Partially Disbursed,Award Declared (Sec 23),Under Scrutiny,Partial Possession (30-70%),Moderate,Medium,2,3,3,25.76,1,142
PCL-10750,PRJ-1058,Uttar Pradesh,Prayagraj,26.857992,82.362391,Irrigation / Water Canal,53.0,99,1.8679,0.5353,75.0,57.0,0,564,218,158,284,0.392,Disputed in Escrow,Preliminary Notification (Sec 11),Conditional Clearance,Partial Possession (30-70%),Low / Resistant,Low,1,2,3,42.45,1,284
PCL-10751,PRJ-1078,Tamil Nadu,Salem,11.761509,77.27638,Airport Infrastructure,5.0,19,3.8,0.2631,47.0,40.0,0,311,51,0,59,0.173,Pending Disbursal,Preliminary Notification (Sec 11),Approved,Partial Possession (30-70%),Moderate,Low,1,3,3,35.34,1,212
PCL-10752,PRJ-1005,Gujarat,Ahmedabad,21.703167,70.929458,Industrial Corridor / SEZ,49.62,50,1.0077,0.9924,86.0,39.0,0,81,125,65,192,0.378,Partially Disbursed,Notification Pending,Pending Environmental Clearance,Initial Stage (<30%),Moderate,Low,1,3,2,23.18,0,22
PCL-10753,PRJ-1097,Tamil Nadu,Tiruchirappalli,12.178173,77.689047,Highway / Expressway,126.17,117,0.9273,1.0784,74.0,80.0,0,168,159,99,314,0.678,Partially Disbursed,Award Declared (Sec 23),Resubmission Required,Full Possession,Moderate,Low,1,3,5,29.63,1,229
PCL-10754,PRJ-1107,Rajasthan,Udaipur,24.937486,72.013405,Urban Metro / Transit,44.94,193,4.2946,0.2328,87.0,32.0,0,0,74,14,46,0.563,Fully Disbursed,Possession Taken (Sec 38),Approved,Initial Stage (<30%),Low / Resistant,Medium,2,2,2,18.62,1,223
PCL-10755,PRJ-1107,Rajasthan,Udaipur,25.723833,73.686193,Urban Metro / Transit,9.6,29,3.0208,0.331,71.0,78.0,0,0,182,122,329,0.136,Fully Disbursed,Declaration Published (Sec 19),Under Scrutiny,Substantial Possession (>70%),High / Cooperative,Low,1,4,4,20.34,0,7
PCL-10756,PRJ-1108,Madhya Pradesh,Indore,22.579577,78.180294,Industrial Corridor / SEZ,7.22,14,1.9391,0.5157,98.0,75.0,0,589,58,0,156,0.299,Disputed in Escrow,Notification Pending,Approved,Partial Possession (30-70%),High / Cooperative,Medium,2,4,3,23.75,1,267
PCL-10757,PRJ-1234,Madhya Pradesh,Ujjain,22.12104,77.482186,Industrial Corridor / SEZ,34.09,47,1.3787,0.7253,40.0,52.0,1,123,165,105,30,0.201,Pending Disbursal,Possession Taken (Sec 38),Pending Environmental Clearance,Initial Stage (<30%),High / Cooperative,Very High,4,4,2,47.98,1,249
PCL-10758,PRJ-1200,Rajasthan,Kota,27.904144,71.143515,Renewable / Solar Park,100.03,197,1.9694,0.5078,71.0,42.0,1,270,25,0,288,0.51,Disputed in Escrow,Notification Pending,Approved,Initial Stage (<30%),Hostile / Legal Injunction,High,3,1,2,69.75,1,454
PCL-10759,PRJ-1020,Madhya Pradesh,Indore,22.319198,80.185234,Renewable / Solar Park,44.94,74,1.6466,0.6073,50.0,65.0,0,0,83,23,287,0.354,Fully Disbursed,Declaration Published (Sec 19),Approved,Substantial Possession (>70%),High / Cooperative,Medium,2,4,4,24.26,1,91
PCL-10760,PRJ-1093,Tamil Nadu,Kanchipuram,10.791231,79.917359,Railway & Freight Corridor,9.81,10,1.0194,0.9809,84.0,29.0,0,0,125,65,254,0.427,Fully Disbursed,Award Declared (Sec 23),Under Scrutiny,Full Possession,High / Cooperative,Low,1,4,5,19.82,1,130
PCL-10761,PRJ-1015,Rajasthan,Alwar,27.96081,71.251914,Renewable / Solar Park,15.57,21,1.3487,0.7414,61.0,55.0,1,358,27,0,98,0.41,Pending Disbursal,Declaration Published (Sec 19),Approved,Full Possession,High / Cooperative,High,3,4,5,55.69,1,382
PCL-10762,PRJ-1034,Haryana,Hisar,28.319785,76.45381,Urban Metro / Transit,12.56,61,4.8567,0.2059,61.0,77.0,1,90,183,123,135,0.318,Pending Disbursal,Award Declared (Sec 23),Under Scrutiny,Contested / Encroached,Low / Resistant,High,3,2,1,51.36,1,373
PCL-10763,PRJ-1188,Andhra Pradesh,Krishna,18.260384,81.325317,Railway & Freight Corridor,23.65,19,0.8034,1.2447,83.0,79.0,0,0,35,0,131,0.536,Fully Disbursed,Notification Pending,Approved,Initial Stage (<30%),Moderate,Medium,2,3,2,14.16,1,126
PCL-10764,PRJ-1049,Odisha,Angul,21.414897,84.812209,Irrigation / Water Canal,6.8,8,1.1765,0.8499,89.0,40.0,0,0,137,77,159,0.379,Fully Disbursed,Possession Taken (Sec 38),Under Scrutiny,Substantial Possession (>70%),High / Cooperative,Low,1,4,4,14.16,0,14
PCL-10765,PRJ-1137,Haryana,Faridabad,29.873745,75.800243,Highway / Expressway,63.73,75,1.1768,0.8497,55.0,87.0,0,0,45,0,273,0.253,Fully Disbursed,Possession Taken (Sec 38),Under Scrutiny,Partial Possession (30-70%),Moderate,Medium,2,3,3,24.29,0,8
PCL-10766,PRJ-1008,Rajasthan,Udaipur,24.679,71.251273,Railway & Freight Corridor,15.84,39,2.4621,0.4061,89.0,50.0,0,118,167,107,216,0.597,Partially Disbursed,Declaration Published (Sec 19),Under Scrutiny,Partial Possession (30-70%),High / Cooperative,Low,1,4,3,20.15,1,239
PCL-10767,PRJ-1110,Rajasthan,Udaipur,26.044052,72.600547,Renewable / Solar Park,83.31,100,1.2003,0.8331,90.0,50.0,0,0,42,0,222,0.311,Fully Disbursed,Declaration Published (Sec 19),Approved,Partial Possession (30-70%),Moderate,Medium,2,3,3,19.08,0,60
PCL-10768,PRJ-1050,Tamil Nadu,Kanchipuram,11.821243,78.111363,Irrigation / Water Canal,24.65,32,1.2982,0.7703,98.0,52.0,0,154,15,0,241,0.539,Pending Disbursal,Preliminary Notification (Sec 11),Approved,Substantial Possession (>70%),High / Cooperative,Low,1,4,4,20.57,1,91
PCL-10769,PRJ-1152,Madhya Pradesh,Ujjain,22.605717,77.274795,Urban Metro / Transit,56.79,167,2.9407,0.3401,74.0,21.0,0,183,140,80,111,0.26,Pending Disbursal,Possession Taken (Sec 38),Conditional Clearance,Initial Stage (<30%),Hostile / Legal Injunction,High,3,1,2,36.03,1,400
PCL-10770,PRJ-1114,Odisha,Sundargarh,21.56737,84.586428,Highway / Expressway,160.46,274,1.7076,0.5856,67.0,79.0,1,114,63,3,239,0.641,Pending Disbursal,Notification Pending,Approved,Partial Possession (30-70%),Low / Resistant,High,3,2,3,54.85,1,391
PCL-10771,PRJ-1192,Karnataka,Mysuru,13.327874,76.72727,Renewable / Solar Park,31.9,41,1.2853,0.778,91.0,67.0,0,168,15,0,30,0.2,Partially Disbursed,Notification Pending,Approved,Full Possession,Moderate,High,3,3,5,16.88,1,142
PCL-10772,PRJ-1206,Haryana,Faridabad,28.761591,77.261818,Irrigation / Water Canal,166.56,330,1.9813,0.5047,78.0,21.0,1,180,77,17,133,0.373,Disputed in Escrow,Preliminary Notification (Sec 11),Approved,Initial Stage (<30%),Low / Resistant,Very High,4,2,2,57.18,1,491
PCL-10773,PRJ-1035,Uttar Pradesh,Prayagraj,25.251356,80.266028,Irrigation / Water Canal,9.82,5,0.5092,1.9636,82.0,44.0,1,304,172,112,161,0.254,Disputed in Escrow,Possession Taken (Sec 38),Conditional Clearance,Initial Stage (<30%),Low / Resistant,High,3,2,2,60.23,1,381
PCL-10774,PRJ-1100,Rajasthan,Udaipur,25.143723,73.117403,Railway & Freight Corridor,64.05,73,1.1397,0.8774,68.0,54.0,1,479,15,0,194,0.231,Disputed in Escrow,Declaration Published (Sec 19),Approved,Substantial Possession (>70%),High / Cooperative,High,3,4,4,58.28,1,315
PCL-10775,PRJ-1168,Haryana,Panipat,28.075846,75.772855,Airport Infrastructure,66.98,159,2.3738,0.4213,65.0,44.0,0,106,123,63,100,0.489,Partially Disbursed,Preliminary Notification (Sec 11),Under Scrutiny,Substantial Possession (>70%),Moderate,Medium,2,3,4,24.46,1,196
PCL-10776,PRJ-1175,Odisha,Angul,21.825612,86.613617,Renewable / Solar Park,10.75,5,0.4651,2.1496,70.0,25.0,0,0,249,189,186,0.503,Fully Disbursed,Declaration Published (Sec 19),Pending Environmental Clearance,Partial Possession (30-70%),Moderate,High,3,3,3,24.23,1,335
PCL-10777,PRJ-1116,Tamil Nadu,Coimbatore,11.327654,77.324576,Irrigation / Water Canal,12.25,11,0.898,1.1135,69.0,31.0,1,433,15,0,180,0.374,Disputed in Escrow,Possession Taken (Sec 38),Approved,Initial Stage (<30%),Hostile / Legal Injunction,Very High,4,1,2,71.1,1,577
PCL-10778,PRJ-1144,Uttar Pradesh,Noida,27.913905,82.00519,Urban Metro / Transit,108.65,448,4.1233,0.2425,90.0,54.0,0,0,78,18,254,0.542,Fully Disbursed,Award Declared (Sec 23),Approved,Full Possession,Moderate,High,3,3,5,19.88,1,192
PCL-10779,PRJ-1254,Andhra Pradesh,Krishna,15.024108,80.175458,Highway / Expressway,36.59,30,0.8199,1.2196,69.0,84.0,1,282,187,127,392,0.582,Pending Disbursal,Notification Pending,Under Scrutiny,Contested / Encroached,Hostile / Legal Injunction,Very High,4,1,1,70.34,1,590
PCL-10780,PRJ-1051,Andhra Pradesh,Kurnool,16.582752,78.625619,Renewable / Solar Park,18.59,24,1.291,0.7746,86.0,58.0,0,0,145,85,120,0.324,Fully Disbursed,Possession Taken (Sec 38),Conditional Clearance,Full Possession,Moderate,Medium,2,3,5,15.25,0,36
PCL-10781,PRJ-1236,Haryana,Faridabad,29.426028,76.543254,Irrigation / Water Canal,21.18,45,2.1246,0.4707,37.0,64.0,1,193,127,67,201,0.396,Disputed in Escrow,Declaration Published (Sec 19),Under Scrutiny,Full Possession,Low / Resistant,High,3,2,5,64.17,1,469
PCL-10782,PRJ-1212,Karnataka,Dharwad,16.479287,76.882984,Highway / Expressway,69.1,122,1.7656,0.5664,76.0,81.0,0,217,15,0,216,0.142,Pending Disbursal,Award Declared (Sec 23),Approved,Full Possession,Moderate,Low,1,3,5,27.47,1,91
PCL-10783,PRJ-1135,Gujarat,Bharuch,23.278972,69.756605,Renewable / Solar Park,17.64,20,1.1338,0.882,77.0,78.0,0,74,138,78,222,0.323,Partially Disbursed,Possession Taken (Sec 38),Pending Environmental Clearance,Full Possession,Low / Resistant,High,3,2,5,25.67,1,229
PCL-10784,PRJ-1117,Tamil Nadu,Kanchipuram,10.626216,77.998089,Highway / Expressway,6.8,18,2.6471,0.3778,73.0,52.0,0,127,15,0,189,0.539,Partially Disbursed,Declaration Published (Sec 19),Approved,Partial Possession (30-70%),High / Cooperative,Low,1,4,3,22.51,1,122
PCL-10785,PRJ-1186,Gujarat,Surat,23.238835,73.270957,Airport Infrastructure,11.53,11,0.954,1.0481,26.0,72.0,0,173,130,70,374,0.499,Partially Disbursed,Award Declared (Sec 23),Conditional Clearance,Substantial Possession (>70%),Low / Resistant,Low,1,2,4,46.23,1,393
PCL-10786,PRJ-1102,Odisha,Cuttack,19.792746,85.971497,Highway / Expressway,20.75,47,2.2651,0.4415,32.0,94.0,1,271,15,0,324,0.435,Pending Disbursal,Possession Taken (Sec 38),Approved,Partial Possession (30-70%),Hostile / Legal Injunction,Medium,2,1,3,73.74,1,439
PCL-10787,PRJ-1151,Karnataka,Bengaluru Rural,15.555758,77.656385,Renewable / Solar Park,9.16,6,0.655,1.5264,50.0,72.0,0,0,15,0,113,0.409,Fully Disbursed,Award Declared (Sec 23),Approved,Full Possession,Moderate,Low,1,3,5,20.79,0,27
PCL-10788,PRJ-1116,Tamil Nadu,Coimbatore,11.04721,79.565729,Irrigation / Water Canal,23.26,20,0.8598,1.1629,67.0,84.0,0,142,116,56,356,0.226,Partially Disbursed,Possession Taken (Sec 38),Under Scrutiny,Contested / Encroached,Low / Resistant,Low,1,2,1,34.89,1,283
PCL-10789,PRJ-1096,Karnataka,Mysuru,16.704733,76.408866,Renewable / Solar Park,54.82,89,1.6235,0.6159,91.0,60.0,1,366,50,0,271,0.685,Disputed in Escrow,Award Declared (Sec 23),Approved,Partial Possession (30-70%),Hostile / Legal Injunction,High,3,1,3,67.21,1,588
PCL-10790,PRJ-1183,Rajasthan,Udaipur,24.388978,75.139874,Airport Infrastructure,25.57,66,2.5811,0.3874,81.0,35.0,1,139,168,108,274,0.41,Pending Disbursal,Notification Pending,Conditional Clearance,Initial Stage (<30%),Low / Resistant,High,3,2,2,58.79,1,414
PCL-10791,PRJ-1117,Tamil Nadu,Kanchipuram,11.998361,79.27445,Highway / Expressway,55.07,91,1.6524,0.6052,65.0,59.0,1,117,169,109,138,0.384,Pending Disbursal,Possession Taken (Sec 38),Under Scrutiny,Initial Stage (<30%),Hostile / Legal Injunction,Medium,2,1,2,57.33,1,312
PCL-10792,PRJ-1088,Uttar Pradesh,Prayagraj,25.125192,80.471729,Airport Infrastructure,17.21,56,3.2539,0.3073,53.0,83.0,1,120,198,138,30,0.346,Partially Disbursed,Preliminary Notification (Sec 11),Resubmission Required,Partial Possession (30-70%),Low / Resistant,High,3,2,3,49.66,1,331
PCL-10793,PRJ-1015,Rajasthan,Alwar,27.189894,73.945778,Renewable / Solar Park,11.46,9,0.7853,1.2732,49.0,67.0,1,365,15,0,136,0.548,Pending Disbursal,Award Declared (Sec 23),Approved,Initial Stage (<30%),Hostile / Legal Injunction,High,3,1,2,69.85,1,545
PCL-10794,PRJ-1074,Gujarat,Kutch,23.272271,73.362786,Irrigation / Water Canal,20.14,25,1.2413,0.8056,66.0,88.0,1,480,220,160,84,0.714,Disputed in Escrow,Preliminary Notification (Sec 11),Conditional Clearance,Substantial Possession (>70%),Hostile / Legal Injunction,High,3,1,4,62.4,1,571
PCL-10795,PRJ-1083,Tamil Nadu,Madurai,12.040692,77.821279,Renewable / Solar Park,43.07,60,1.3931,0.7178,76.0,61.0,1,343,92,32,151,0.469,Pending Disbursal,Preliminary Notification (Sec 11),Approved,Substantial Possession (>70%),Moderate,High,3,3,4,57.21,1,380
PCL-10796,PRJ-1199,Karnataka,Belagavi,16.494078,75.77013,Renewable / Solar Park,18.98,33,1.7387,0.5751,70.0,66.0,1,140,169,109,246,0.747,Partially Disbursed,Award Declared (Sec 23),Under Scrutiny,Substantial Possession (>70%),Moderate,High,3,3,4,53.13,1,407
PCL-10797,PRJ-1117,Tamil Nadu,Kanchipuram,10.744082,79.056398,Highway / Expressway,20.28,12,0.5917,1.6899,92.0,50.0,0,121,122,62,201,0.412,Pending Disbursal,Notification Pending,Approved,Substantial Possession (>70%),High / Cooperative,Medium,2,4,4,19.11,1,183
PCL-10798,PRJ-1007,Gujarat,Ahmedabad,21.063517,70.742915,Irrigation / Water Canal,51.0,47,0.9216,1.0851,49.0,38.0,1,276,160,100,201,0.648,Disputed in Escrow,Notification Pending,Under Scrutiny,Initial Stage (<30%),Low / Resistant,High,3,2,2,67.78,1,535
PCL-10799,PRJ-1050,Tamil Nadu,Kanchipuram,12.51513,79.879105,Irrigation / Water Canal,44.7,54,1.2081,0.8278,44.0,87.0,0,180,90,30,187,0.351,Pending Disbursal,Notification Pending,Approved,Partial Possession (30-70%),Hostile / Legal Injunction,Medium,2,1,3,38.16,1,304
PCL-10800,PRJ-1020,Madhya Pradesh,Indore,26.165289,80.734695,Renewable / Solar Park,164.41,277,1.6848,0.5935,76.0,90.0,0,0,157,97,245,0.168,Fully Disbursed,Declaration Published (Sec 19),Under Scrutiny,Full Possession,Low / Resistant,Medium,2,2,5,22.49,1,231
PCL-10801,PRJ-1080,Karnataka,Belagavi,17.436975,77.493997,Airport Infrastructure,81.41,346,4.2501,0.2353,82.0,46.0,1,149,50,0,250,0.536,Pending Disbursal,Notification Pending,Approved,Partial Possession (30-70%),Low / Resistant,Very High,4,2,3,57.0,1,476
PCL-10802,PRJ-1252,Maharashtra,Solapur,18.596187,75.637422,Renewable / Solar Park,19.84,13,0.6552,1.526,79.0,62.0,1,542,83,23,157,0.584,Disputed in Escrow,Notification Pending,Approved,Initial Stage (<30%),Hostile / Legal Injunction,High,3,1,2,65.14,1,557
PCL-10803,PRJ-1202,Andhra Pradesh,Guntur,17.380463,81.201673,Renewable / Solar Park,16.66,8,0.4802,2.0822,52.0,39.0,0,133,40,0,154,0.265,Partially Disbursed,Possession Taken (Sec 38),Approved,Substantial Possession (>70%),Moderate,Low,1,3,4,30.69,1,258
PCL-10804,PRJ-1248,Karnataka,Kalaburagi,15.53735,75.528872,Irrigation / Water Canal,56.88,121,2.1273,0.4701,84.0,75.0,1,111,118,58,104,0.409,Pending Disbursal,Declaration Published (Sec 19),Pending Environmental Clearance,Partial Possession (30-70%),Low / Resistant,High,3,2,3,46.66,1,433
PCL-10805,PRJ-1089,Andhra Pradesh,Krishna,16.870103,81.67236,Highway / Expressway,49.56,68,1.3721,0.7288,57.0,57.0,0,116,150,90,190,0.361,Pending Disbursal,Possession Taken (Sec 38),Conditional Clearance,Substantial Possession (>70%),High / Cooperative,Low,1,4,4,24.79,1,92
PCL-10806,PRJ-1190,Madhya Pradesh,Jabalpur,25.046987,75.336213,Highway / Expressway,15.88,3,0.1889,5.2916,52.0,60.0,0,0,170,110,219,0.486,Fully Disbursed,Declaration Published (Sec 19),Under Scrutiny,Substantial Possession (>70%),High / Cooperative,Medium,2,4,4,21.81,0,27
PCL-10807,PRJ-1024,Karnataka,Kalaburagi,17.068223,75.209295,Railway & Freight Corridor,123.88,160,1.2916,0.7742,87.0,79.0,1,605,85,25,148,0.311,Disputed in Escrow,Award Declared (Sec 23),Resubmission Required,Contested / Encroached,High / Cooperative,Very High,4,4,1,50.25,1,294
PCL-10808,PRJ-1206,Haryana,Faridabad,28.157416,75.819172,Irrigation / Water Canal,7.18,5,0.6964,1.4357,28.0,5.0,1,248,147,87,313,0.595,Pending Disbursal,Declaration Published (Sec 19),Pending Environmental Clearance,Initial Stage (<30%),Hostile / Legal Injunction,Medium,2,1,2,82.08,1,614
PCL-10809,PRJ-1006,Madhya Pradesh,Bhopal,23.879904,77.697295,Industrial Corridor / SEZ,15.55,17,1.0932,0.9147,68.0,70.0,1,292,167,107,253,0.344,Pending Disbursal,Preliminary Notification (Sec 11),Under Scrutiny,Partial Possession (30-70%),Hostile / Legal Injunction,High,3,1,3,67.14,1,476
PCL-10810,PRJ-1059,Madhya Pradesh,Jabalpur,22.557225,80.82419,Highway / Expressway,75.44,92,1.2195,0.82,81.0,72.0,0,0,20,0,339,0.41,Fully Disbursed,Possession Taken (Sec 38),Approved,Full Possession,High / Cooperative,Low,1,4,5,19.31,0,8
PCL-10811,PRJ-1062,Rajasthan,Jaipur,25.787587,76.275038,Irrigation / Water Canal,7.45,24,3.2215,0.3104,49.0,71.0,0,39,147,87,383,0.479,Partially Disbursed,Possession Taken (Sec 38),Under Scrutiny,Full Possession,Moderate,Low,1,3,5,32.82,1,108
PCL-10812,PRJ-1199,Karnataka,Belagavi,13.453944,76.990133,Renewable / Solar Park,21.84,38,1.7399,0.5747,87.0,26.0,0,0,199,139,193,0.507,Fully Disbursed,Notification Pending,Conditional Clearance,Partial Possession (30-70%),Moderate,Low,1,3,3,20.99,0,67
PCL-10813,PRJ-1097,Tamil Nadu,Tiruchirappalli,12.163067,79.297221,Highway / Expressway,39.32,20,0.5086,1.9659,73.0,32.0,0,0,77,17,245,0.499,Fully Disbursed,Declaration Published (Sec 19),Approved,Full Possession,High / Cooperative,Low,1,4,5,21.39,0,34
PCL-10814,PRJ-1079,Haryana,Hisar,30.322371,76.51063,Irrigation / Water Canal,17.01,13,0.7643,1.3084,93.0,78.0,0,0,82,22,178,0.199,Fully Disbursed,Possession Taken (Sec 38),Approved,Full Possession,High / Cooperative,Medium,2,4,5,10.27,0,14
PCL-10815,PRJ-1074,Gujarat,Kutch,22.636658,70.447236,Irrigation / Water Canal,41.37,34,0.8219,1.2167,44.0,48.0,1,550,59,0,80,0.57,Disputed in Escrow,Award Declared (Sec 23),Approved,Substantial Possession (>70%),Low / Resistant,Low,1,2,4,66.9,1,510
PCL-10816,PRJ-1196,Madhya Pradesh,Gwalior,22.065052,75.423872,Airport Infrastructure,98.28,258,2.6252,0.3809,64.0,49.0,1,0,36,0,229,0.174,Fully Disbursed,Notification Pending,Approved,Initial Stage (<30%),Hostile / Legal Injunction,High,3,1,2,57.14,1,485
PCL-10817,PRJ-1198,Maharashtra,Thane,18.869159,76.992714,Renewable / Solar Park,47.3,44,0.9302,1.075,36.0,86.0,1,322,201,141,106,0.422,Pending Disbursal,Possession Taken (Sec 38),Pending Environmental Clearance,Substantial Possession (>70%),Low / Resistant,Medium,2,2,4,63.91,1,437
PCL-10818,PRJ-1074,Gujarat,Kutch,21.881904,72.266306,Irrigation / Water Canal,90.65,178,1.9636,0.5093,79.0,55.0,1,401,55,0,255,0.409,Disputed in Escrow,Award Declared (Sec 23),Approved,Initial Stage (<30%),Moderate,High,3,3,2,62.01,1,406
PCL-10819,PRJ-1117,Tamil Nadu,Kanchipuram,12.907464,77.437575,Highway / Expressway,43.49,60,1.3796,0.7248,85.0,23.0,0,145,179,119,378,0.55,Partially Disbursed,Possession Taken (Sec 38),Resubmission Required,Substantial Possession (>70%),High / Cooperative,Low,1,4,4,30.83,1,193
PCL-10820,PRJ-1069,Andhra Pradesh,Krishna,17.232554,79.058984,Industrial Corridor / SEZ,12.76,5,0.3918,2.5515,43.0,38.0,0,123,143,83,199,0.396,Partially Disbursed,Possession Taken (Sec 38),Under Scrutiny,Partial Possession (30-70%),Moderate,Low,1,3,3,33.87,1,267
PCL-10821,PRJ-1158,Haryana,Karnal,28.562433,75.81853,Urban Metro / Transit,33.44,61,1.8242,0.5482,67.0,76.0,0,135,92,32,147,0.447,Partially Disbursed,Preliminary Notification (Sec 11),Approved,Full Possession,High / Cooperative,Medium,2,4,5,20.06,0,10
PCL-10822,PRJ-1197,Gujarat,Bharuch,23.767654,70.949849,Airport Infrastructure,57.22,231,4.037,0.2477,69.0,55.0,0,0,183,123,277,0.153,Fully Disbursed,Notification Pending,Conditional Clearance,Substantial Possession (>70%),High / Cooperative,Low,1,4,4,21.09,0,8
PCL-10823,PRJ-1102,Odisha,Cuttack,19.941776,84.904525,Highway / Expressway,54.96,48,0.8734,1.145,69.0,68.0,0,165,158,98,227,0.519,Partially Disbursed,Preliminary Notification (Sec 11),Under Scrutiny,Partial Possession (30-70%),Moderate,Medium,2,3,3,28.44,1,221
PCL-10824,PRJ-1028,Gujarat,Ahmedabad,22.011375,69.445767,Irrigation / Water Canal,43.13,91,2.1099,0.474,91.0,62.0,0,0,38,0,178,0.298,Fully Disbursed,Preliminary Notification (Sec 11),Approved,Initial Stage (<30%),Moderate,Medium,2,3,2,16.02,0,20
PCL-10825,PRJ-1229,Odisha,Angul,20.785227,85.949729,Highway / Expressway,69.25,71,1.0253,0.9753,60.0,69.0,0,0,30,0,224,0.367,Fully Disbursed,Possession Taken (Sec 38),Approved,Initial Stage (<30%),Moderate,Low,1,3,2,23.25,1,181
PCL-10826,PRJ-1241,Madhya Pradesh,Gwalior,25.129396,76.849902,Railway & Freight Corridor,43.94,82,1.8662,0.5358,98.0,73.0,0,139,15,0,205,0.52,Pending Disbursal,Preliminary Notification (Sec 11),Approved,Substantial Possession (>70%),High / Cooperative,Low,1,4,4,16.5,0,30
PCL-10827,PRJ-1011,Gujarat,Surat,22.749909,73.396201,Urban Metro / Transit,22.17,53,2.3906,0.4183,36.0,87.0,1,0,74,14,294,0.7,Fully Disbursed,Possession Taken (Sec 38),Pending Environmental Clearance,Initial Stage (<30%),Low / Resistant,Medium,2,2,2,57.63,1,423
PCL-10828,PRJ-1190,Madhya Pradesh,Jabalpur,22.353116,75.913638,Highway / Expressway,14.75,14,0.9492,1.0535,48.0,61.0,0,80,142,82,208,0.41,Partially Disbursed,Award Declared (Sec 23),Approved,Partial Possession (30-70%),High / Cooperative,Medium,2,4,3,25.39,0,24
PCL-10829,PRJ-1182,Karnataka,Kalaburagi,15.503782,77.107817,Railway & Freight Corridor,37.82,27,0.7139,1.4007,79.0,59.0,1,278,44,0,145,0.22,Disputed in Escrow,Notification Pending,Approved,Initial Stage (<30%),Moderate,High,3,3,2,53.91,1,353
PCL-10830,PRJ-1086,Haryana,Hisar,28.174827,76.003727,Urban Metro / Transit,28.52,59,2.0687,0.4834,60.0,44.0,1,568,184,124,242,0.327,Disputed in Escrow,Possession Taken (Sec 38),Under Scrutiny,Partial Possession (30-70%),High / Cooperative,Medium,2,4,3,62.68,1,394
PCL-10831,PRJ-1006,Madhya Pradesh,Bhopal,25.282422,75.172958,Industrial Corridor / SEZ,15.8,15,0.9494,1.0533,82.0,66.0,1,536,57,0,230,0.623,Disputed in Escrow,Possession Taken (Sec 38),Approved,Contested / Encroached,Moderate,High,3,3,1,59.38,1,396
PCL-10832,PRJ-1209,Haryana,Panipat,29.747473,75.801446,Irrigation / Water Canal,68.75,79,1.1491,0.8702,85.0,35.0,0,0,92,32,219,0.571,Fully Disbursed,Possession Taken (Sec 38),Pending Environmental Clearance,Full Possession,High / Cooperative,Low,1,4,5,17.71,0,58
PCL-10833,PRJ-1164,Haryana,Karnal,30.11755,77.252056,Urban Metro / Transit,23.77,29,1.22,0.8196,63.0,52.0,0,0,52,0,112,0.685,Fully Disbursed,Preliminary Notification (Sec 11),Approved,Partial Possession (30-70%),Moderate,Low,1,3,3,20.15,0,31
PCL-10834,PRJ-1039,Madhya Pradesh,Indore,22.092439,75.136062,Renewable / Solar Park,61.2,106,1.732,0.5774,79.0,37.0,1,325,128,68,70,0.514,Pending Disbursal,Award Declared (Sec 23),Conditional Clearance,Substantial Possession (>70%),Low / Resistant,High,3,2,4,58.98,1,378
PCL-10835,PRJ-1103,Madhya Pradesh,Bhopal,26.08921,80.979996,Irrigation / Water Canal,23.2,20,0.8621,1.1599,83.0,75.0,0,83,125,65,190,0.333,Partially Disbursed,Preliminary Notification (Sec 11),Conditional Clearance,Substantial Possession (>70%),High / Cooperative,Medium,2,4,4,16.44,0,11
PCL-10836,PRJ-1099,Haryana,Hisar,29.192506,75.92487,Highway / Expressway,5.0,2,0.4,2.4988,74.0,58.0,0,45,56,0,177,0.296,Partially Disbursed,Possession Taken (Sec 38),Approved,Full Possession,High / Cooperative,Medium,2,4,5,17.89,1,106
PCL-10837,PRJ-1102,Odisha,Cuttack,20.23448,86.421077,Highway / Expressway,10.54,21,1.9924,0.5019,52.0,37.0,0,0,113,53,221,0.555,Fully Disbursed,Award Declared (Sec 23),Conditional Clearance,Full Possession,High / Cooperative,Low,1,4,5,24.19,1,91
PCL-10838,PRJ-1152,Madhya Pradesh,Ujjain,24.696837,78.292589,Urban Metro / Transit,9.83,11,1.119,0.8936,55.0,64.0,0,94,156,96,97,0.361,Partially Disbursed,Award Declared (Sec 23),Conditional Clearance,Full Possession,Moderate,Medium,2,3,5,23.85,1,159
PCL-10839,PRJ-1031,Maharashtra,Aurangabad,19.847552,78.283302,Irrigation / Water Canal,70.93,42,0.5921,1.6888,70.0,74.0,1,225,151,91,164,0.585,Disputed in Escrow,Award Declared (Sec 23),Under Scrutiny,Contested / Encroached,Low / Resistant,High,3,2,1,56.5,1,364
PCL-10840,PRJ-1034,Haryana,Hisar,29.416083,76.931583,Urban Metro / Transit,25.55,58,2.2701,0.4405,91.0,55.0,0,0,37,0,96,0.493,Fully Disbursed,Possession Taken (Sec 38),Approved,Contested / Encroached,Moderate,Medium,2,3,1,13.65,1,126
PCL-10841,PRJ-1022,Gujarat,Vadodara,23.053507,70.852823,Highway / Expressway,5.33,10,1.8762,0.5329,78.0,91.0,0,0,197,137,236,0.492,Fully Disbursed,Possession Taken (Sec 38),Under Scrutiny,Full Possession,Moderate,Low,1,3,5,17.9,0,0
PCL-10842,PRJ-1013,Haryana,Karnal,30.146068,77.047704,Renewable / Solar Park,66.02,73,1.1057,0.9044,79.0,86.0,1,178,201,141,320,0.384,Pending Disbursal,Declaration Published (Sec 19),Under Scrutiny,Substantial Possession (>70%),High / Cooperative,High,3,4,4,49.92,1,230
PCL-10843,PRJ-1077,Uttar Pradesh,Kanpur,25.971026,79.117885,Railway & Freight Corridor,22.37,29,1.2964,0.7714,47.0,20.0,0,0,258,198,220,0.235,Fully Disbursed,Declaration Published (Sec 19),Under Scrutiny,Partial Possession (30-70%),Moderate,Low,1,3,3,30.6,1,199
PCL-10844,PRJ-1082,Rajasthan,Kota,26.194305,74.978156,Airport Infrastructure,93.66,226,2.413,0.4144,31.0,44.0,1,162,138,78,314,0.395,Pending Disbursal,Declaration Published (Sec 19),Under Scrutiny,Initial Stage (<30%),Hostile / Legal Injunction,Medium,2,1,2,74.08,1,525
PCL-10845,PRJ-1252,Maharashtra,Solapur,18.087606,75.021249,Renewable / Solar Park,14.2,2,0.1408,7.0965,61.0,30.0,0,0,180,120,251,0.499,Fully Disbursed,Declaration Published (Sec 19),Under Scrutiny,Full Possession,Moderate,Medium,2,3,5,27.96,1,355
PCL-10846,PRJ-1066,Haryana,Faridabad,28.936962,77.393818,Industrial Corridor / SEZ,31.16,30,0.9628,1.0386,53.0,42.0,0,0,123,63,223,0.183,Fully Disbursed,Declaration Published (Sec 19),Pending Environmental Clearance,Initial Stage (<30%),High / Cooperative,Medium,2,4,2,23.56,0,23
PCL-10847,PRJ-1244,Karnataka,Mysuru,16.40535,76.325986,Airport Infrastructure,33.89,102,3.0097,0.3323,76.0,20.0,1,207,156,96,260,0.516,Pending Disbursal,Notification Pending,Under Scrutiny,Contested / Encroached,High / Cooperative,Low,1,4,1,56.06,1,331
PCL-10848,PRJ-1010,Madhya Pradesh,Indore,23.429224,80.68666,Irrigation / Water Canal,13.71,18,1.3129,0.7616,37.0,65.0,0,98,81,21,199,0.402,Partially Disbursed,Preliminary Notification (Sec 11),Approved,Partial Possession (30-70%),Moderate,Low,1,3,3,31.34,0,45
PCL-10849,PRJ-1142,Madhya Pradesh,Gwalior,25.182394,77.378208,Industrial Corridor / SEZ,87.52,140,1.5996,0.6251,49.0,98.0,1,337,81,21,224,0.68,Pending Disbursal,Notification Pending,Approved,Partial Possession (30-70%),High / Cooperative,Medium,2,4,3,57.65,1,332
PCL-10850,PRJ-1103,Madhya Pradesh,Bhopal,25.6762,79.183386,Irrigation / Water Canal,15.38,34,2.2107,0.4523,58.0,35.0,0,79,131,71,48,0.211,Partially Disbursed,Notification Pending,Conditional Clearance,Full Possession,High / Cooperative,Medium,2,4,5,19.95,0,28
PCL-10851,PRJ-1217,Madhya Pradesh,Gwalior,25.132843,80.507286,Airport Infrastructure,5.0,20,4.0,0.25,80.0,62.0,1,305,27,0,157,0.34,Pending Disbursal,Preliminary Notification (Sec 11),Approved,Contested / Encroached,High / Cooperative,Low,1,4,1,51.22,0,55
PCL-10852,PRJ-1196,Madhya Pradesh,Gwalior,24.493163,78.850608,Airport Infrastructure,27.19,95,3.4939,0.2862,70.0,79.0,0,146,46,0,87,0.655,Partially Disbursed,Award Declared (Sec 23),Approved,Full Possession,High / Cooperative,Low,1,4,5,17.36,0,1
PCL-10853,PRJ-1168,Haryana,Panipat,29.37618,76.250762,Airport Infrastructure,9.66,25,2.588,0.3864,71.0,40.0,0,131,81,21,134,0.359,Partially Disbursed,Declaration Published (Sec 19),Approved,Partial Possession (30-70%),Moderate,Medium,2,3,3,25.96,1,214
PCL-10854,PRJ-1021,Karnataka,Belagavi,16.877972,74.728749,Industrial Corridor / SEZ,43.27,62,1.4329,0.6979,89.0,37.0,1,163,182,122,77,0.53,Partially Disbursed,Declaration Published (Sec 19),Pending Environmental Clearance,Partial Possession (30-70%),High / Cooperative,Low,1,4,3,43.09,0,32
PCL-10855,PRJ-1174,Odisha,Angul,19.761013,84.977647,Irrigation / Water Canal,133.89,114,0.8514,1.1745,70.0,74.0,0,69,175,115,276,0.505,Partially Disbursed,Notification Pending,Conditional Clearance,Partial Possession (30-70%),High / Cooperative,Medium,2,4,3,21.79,0,1
PCL-10856,PRJ-1060,Madhya Pradesh,Ujjain,25.406162,80.609456,Urban Metro / Transit,5.0,26,5.2,0.1923,47.0,73.0,1,205,15,0,272,0.263,Pending Disbursal,Possession Taken (Sec 38),Approved,Partial Possession (30-70%),Moderate,Low,1,3,3,60.67,1,363
PCL-10857,PRJ-1071,Maharashtra,Pune,19.501693,75.116882,Railway & Freight Corridor,31.95,53,1.6588,0.6028,82.0,56.0,0,136,28,0,208,0.293,Partially Disbursed,Notification Pending,Approved,Full Possession,High / Cooperative,Medium,2,4,5,21.39,1,125
PCL-10858,PRJ-1118,Karnataka,Kalaburagi,15.405422,74.572888,Industrial Corridor / SEZ,41.17,54,1.3116,0.7624,78.0,48.0,0,0,65,5,186,0.643,Fully Disbursed,Declaration Published (Sec 19),Approved,Full Possession,High / Cooperative,Medium,2,4,5,16.58,0,20
PCL-10859,PRJ-1145,Tamil Nadu,Tiruchirappalli,10.453199,78.210332,Urban Metro / Transit,22.3,57,2.5561,0.3912,57.0,47.0,1,96,78,18,206,0.518,Partially Disbursed,Possession Taken (Sec 38),Approved,Partial Possession (30-70%),Low / Resistant,High,3,2,3,58.07,1,387
PCL-10860,PRJ-1208,Rajasthan,Alwar,24.950196,71.714892,Industrial Corridor / SEZ,50.91,47,0.9232,1.0832,70.0,63.0,1,556,172,112,362,0.585,Disputed in Escrow,Award Declared (Sec 23),Conditional Clearance,Initial Stage (<30%),Low / Resistant,Low,1,2,2,70.78,1,496
PCL-10861,PRJ-1185,Madhya Pradesh,Bhopal,24.090631,79.196113,Renewable / Solar Park,120.0,102,0.85,1.1765,72.0,38.0,1,0,49,0,119,0.52,Fully Disbursed,Preliminary Notification (Sec 11),Approved,Substantial Possession (>70%),Hostile / Legal Injunction,High,3,1,4,52.51,1,553
PCL-10862,PRJ-1199,Karnataka,Belagavi,15.0,76.15,Renewable / Solar Park,44.42,61,1.3733,0.7282,63.0,41.0,1,217,107,47,316,0.271,Pending Disbursal,Preliminary Notification (Sec 11),Under Scrutiny,Contested / Encroached,Hostile / Legal Injunction,High,3,1,1,70.32,1,449
PCL-10863,PRJ-1026,Gujarat,Ahmedabad,23.535781,73.215863,Industrial Corridor / SEZ,44.11,98,2.2217,0.4501,56.0,67.0,0,0,88,28,325,0.553,Fully Disbursed,Preliminary Notification (Sec 11),Approved,Substantial Possession (>70%),High / Cooperative,Low,1,4,4,24.29,0,37
PCL-10864,PRJ-1191,Haryana,Karnal,28.232639,76.343225,Highway / Expressway,10.17,4,0.3933,2.5419,82.0,51.0,1,194,118,58,87,0.542,Pending Disbursal,Preliminary Notification (Sec 11),Pending Environmental Clearance,Contested / Encroached,Hostile / Legal Injunction,High,3,1,1,55.99,1,394
PCL-10865,PRJ-1016,Tamil Nadu,Tiruchirappalli,12.542988,79.939334,Railway & Freight Corridor,69.09,53,0.7671,1.3036,62.0,27.0,0,229,56,0,30,0.08,Pending Disbursal,Award Declared (Sec 23),Approved,Initial Stage (<30%),Moderate,Low,1,3,2,29.19,1,226
PCL-10866,PRJ-1111,Karnataka,Kalaburagi,12.869273,76.719662,Industrial Corridor / SEZ,56.12,41,0.7306,1.3687,72.0,22.0,0,112,154,94,126,0.402,Pending Disbursal,Preliminary Notification (Sec 11),Resubmission Required,Initial Stage (<30%),Moderate,Medium,2,3,2,26.48,1,232
PCL-10867,PRJ-1104,Haryana,Karnal,29.974658,75.596384,Irrigation / Water Canal,13.82,2,0.1447,6.9065,66.0,75.0,1,0,89,29,392,0.26,Fully Disbursed,Preliminary Notification (Sec 11),Pending Environmental Clearance,Contested / Encroached,Moderate,High,3,3,1,52.75,1,301
PCL-10868,PRJ-1251,Rajasthan,Udaipur,27.534641,75.271859,Railway & Freight Corridor,29.91,51,1.7051,0.5865,89.0,70.0,0,173,134,74,143,0.749,Pending Disbursal,Award Declared (Sec 23),Under Scrutiny,Substantial Possession (>70%),High / Cooperative,Low,1,4,4,17.67,0,10
PCL-10869,PRJ-1178,Andhra Pradesh,Guntur,15.840807,80.893038,Railway & Freight Corridor,30.27,35,1.1563,0.8648,74.0,30.0,1,635,175,115,177,0.372,Disputed in Escrow,Possession Taken (Sec 38),Under Scrutiny,Partial Possession (30-70%),Low / Resistant,Very High,4,2,3,66.34,1,524
PCL-10870,PRJ-1045,Uttar Pradesh,Prayagraj,27.097316,82.827771,Renewable / Solar Park,71.0,82,1.1549,0.8658,94.0,53.0,0,174,59,0,135,0.608,Pending Disbursal,Preliminary Notification (Sec 11),Approved,Initial Stage (<30%),High / Cooperative,Medium,2,4,2,18.11,0,0
PCL-10871,PRJ-1175,Odisha,Angul,20.954549,86.296435,Renewable / Solar Park,39.84,42,1.0542,0.9485,69.0,63.0,0,0,35,0,164,0.406,Fully Disbursed,Possession Taken (Sec 38),Approved,Substantial Possession (>70%),High / Cooperative,High,3,4,4,16.05,1,91
PCL-10872,PRJ-1022,Gujarat,Vadodara,22.55675,71.582044,Highway / Expressway,61.76,68,1.101,0.9082,89.0,65.0,0,115,81,21,54,0.319,Partially Disbursed,Possession Taken (Sec 38),Approved,Partial Possession (30-70%),Low / Resistant,Medium,2,2,3,19.95,0,39
PCL-10873,PRJ-1203,Rajasthan,Jaipur,26.351733,75.884229,Irrigation / Water Canal,45.45,44,0.9681,1.0329,91.0,46.0,0,0,33,0,256,0.749,Fully Disbursed,Possession Taken (Sec 38),Approved,Partial Possession (30-70%),High / Cooperative,Medium,2,4,3,16.8,0,27
PCL-10874,PRJ-1259,Andhra Pradesh,Visakhapatnam,17.569715,80.476494,Urban Metro / Transit,45.87,185,4.0331,0.2479,50.0,37.0,0,0,152,92,204,0.67,Fully Disbursed,Declaration Published (Sec 19),Under Scrutiny,Full Possession,Moderate,High,3,3,5,27.7,1,316
PCL-10875,PRJ-1013,Haryana,Karnal,28.088928,76.11199,Renewable / Solar Park,5.0,5,1.0,0.9998,70.0,33.0,1,150,158,98,289,0.669,Pending Disbursal,Possession Taken (Sec 38),Pending Environmental Clearance,Initial Stage (<30%),Low / Resistant,High,3,2,2,62.2,1,544
PCL-10876,PRJ-1176,Uttar Pradesh,Noida,26.368341,79.175621,Renewable / Solar Park,44.3,58,1.3093,0.7638,71.0,38.0,0,0,186,126,185,0.596,Fully Disbursed,Possession Taken (Sec 38),Resubmission Required,Substantial Possession (>70%),High / Cooperative,Medium,2,4,4,18.94,1,196
PCL-10877,PRJ-1131,Gujarat,Bharuch,23.081831,72.839169,Airport Infrastructure,32.66,78,2.3882,0.4187,64.0,58.0,0,119,164,104,203,0.318,Partially Disbursed,Possession Taken (Sec 38),Resubmission Required,Substantial Possession (>70%),High / Cooperative,Medium,2,4,4,23.9,0,0
PCL-10878,PRJ-1045,Uttar Pradesh,Prayagraj,26.664564,80.986169,Renewable / Solar Park,41.11,35,0.8514,1.1745,67.0,67.0,0,116,136,76,152,0.396,Partially Disbursed,Declaration Published (Sec 19),Under Scrutiny,Substantial Possession (>70%),Moderate,Medium,2,3,4,24.12,1,189
PCL-10879,PRJ-1232,Maharashtra,Nagpur,18.678011,75.677885,Irrigation / Water Canal,92.39,65,0.7035,1.4214,59.0,82.0,0,317,166,106,175,0.436,Pending Disbursal,Preliminary Notification (Sec 11),Under Scrutiny,Initial Stage (<30%),Low / Resistant,Low,1,2,2,37.09,1,349
PCL-10880,PRJ-1025,Odisha,Sundargarh,20.208331,84.367705,Highway / Expressway,115.97,159,1.371,0.7294,62.0,40.0,0,0,70,10,352,0.095,Fully Disbursed,Notification Pending,Approved,Full Possession,High / Cooperative,Medium,2,4,5,26.8,1,91
PCL-10881,PRJ-1102,Odisha,Cuttack,20.80358,84.722415,Highway / Expressway,34.34,28,0.8154,1.2264,82.0,61.0,1,244,15,0,161,0.19,Pending Disbursal,Declaration Published (Sec 19),Approved,Contested / Encroached,Moderate,Medium,2,3,1,52.31,1,404
PCL-10882,PRJ-1228,Rajasthan,Udaipur,27.607041,76.643443,Urban Metro / Transit,32.94,74,2.2465,0.4451,90.0,81.0,0,36,132,72,302,0.213,Partially Disbursed,Possession Taken (Sec 38),Under Scrutiny,Partial Possession (30-70%),High / Cooperative,Low,1,4,3,16.7,0,42
PCL-10883,PRJ-1189,Haryana,Gurugram,29.573597,75.752023,Highway / Expressway,18.61,19,1.021,0.9794,46.0,85.0,0,0,149,89,400,0.676,Fully Disbursed,Award Declared (Sec 23),Pending Environmental Clearance,Partial Possession (30-70%),Moderate,Low,1,3,3,31.05,1,136
PCL-10884,PRJ-1125,Uttar Pradesh,Prayagraj,28.132495,82.777878,Highway / Expressway,14.37,16,1.1134,0.8981,81.0,45.0,0,0,15,0,231,0.613,Fully Disbursed,Notification Pending,Approved,Full Possession,Moderate,Low,1,3,5,21.71,1,91
PCL-10885,PRJ-1095,Rajasthan,Jaipur,26.61133,71.733514,Irrigation / Water Canal,20.71,9,0.4346,2.3009,80.0,42.0,0,0,20,0,266,0.646,Fully Disbursed,Award Declared (Sec 23),Approved,Partial Possession (30-70%),High / Cooperative,Low,1,4,3,19.77,1,91
PCL-10886,PRJ-1005,Gujarat,Ahmedabad,21.929698,72.620432,Industrial Corridor / SEZ,45.64,43,0.9422,1.0614,37.0,77.0,1,424,15,0,144,0.28,Disputed in Escrow,Possession Taken (Sec 38),Approved,Substantial Possession (>70%),Low / Resistant,Low,1,2,4,67.8,1,420
PCL-10887,PRJ-1037,Karnataka,Belagavi,13.265951,74.956258,Renewable / Solar Park,50.09,71,1.4174,0.7055,53.0,37.0,0,469,93,33,385,0.164,Disputed in Escrow,Declaration Published (Sec 19),Approved,Contested / Encroached,High / Cooperative,High,3,4,1,45.14,1,267
PCL-10888,PRJ-1116,Tamil Nadu,Coimbatore,12.365117,78.309814,Irrigation / Water Canal,298.58,494,1.6545,0.6044,69.0,56.0,0,0,17,0,171,0.399,Fully Disbursed,Award Declared (Sec 23),Approved,Substantial Possession (>70%),High / Cooperative,Low,1,4,4,17.01,0,21
PCL-10889,PRJ-1066,Haryana,Faridabad,29.200478,77.353837,Industrial Corridor / SEZ,12.24,21,1.7157,0.5828,80.0,54.0,0,0,46,0,168,0.619,Fully Disbursed,Notification Pending,Approved,Partial Possession (30-70%),Low / Resistant,Medium,2,2,3,22.4,1,224
PCL-10890,PRJ-1034,Haryana,Hisar,29.398048,76.888501,Urban Metro / Transit,36.18,145,4.0077,0.2495,75.0,70.0,1,264,178,118,223,0.286,Pending Disbursal,Award Declared (Sec 23),Conditional Clearance,Initial Stage (<30%),High / Cooperative,High,3,4,2,52.21,1,316
PCL-10891,PRJ-1241,Madhya Pradesh,Gwalior,24.300336,77.521001,Railway & Freight Corridor,17.24,23,1.3341,0.7495,81.0,65.0,0,176,194,134,150,0.676,Partially Disbursed,Declaration Published (Sec 19),Under Scrutiny,Full Possession,Moderate,Medium,2,3,5,23.91,1,229
PCL-10892,PRJ-1033,Karnataka,Dharwad,13.782805,75.408277,Highway / Expressway,75.64,69,0.9122,1.0962,93.0,75.0,0,212,96,36,108,0.376,Pending Disbursal,Notification Pending,Approved,Contested / Encroached,Moderate,Low,1,3,1,20.41,1,113
PCL-10893,PRJ-1172,Rajasthan,Jaipur,26.327756,73.478082,Airport Infrastructure,33.65,79,2.3477,0.4259,83.0,23.0,0,161,22,0,97,0.85,Pending Disbursal,Award Declared (Sec 23),Approved,Partial Possession (30-70%),Moderate,Medium,2,3,3,25.1,1,255
PCL-10894,PRJ-1105,Rajasthan,Kota,27.561335,74.482319,Highway / Expressway,61.93,60,0.9688,1.0321,82.0,50.0,0,0,49,0,198,0.254,Fully Disbursed,Award Declared (Sec 23),Approved,Substantial Possession (>70%),Low / Resistant,Medium,2,2,4,23.52,1,238
PCL-10895,PRJ-1126,Uttar Pradesh,Lucknow,26.381543,81.922024,Renewable / Solar Park,59.62,105,1.7612,0.5678,38.0,48.0,1,61,238,178,194,0.295,Partially Disbursed,Possession Taken (Sec 38),Conditional Clearance,Contested / Encroached,Moderate,Medium,2,3,1,56.13,1,412
PCL-10896,PRJ-1097,Tamil Nadu,Tiruchirappalli,12.31077,77.839914,Highway / Expressway,30.33,52,1.7145,0.5833,86.0,42.0,0,137,72,12,109,0.6,Partially Disbursed,Declaration Published (Sec 19),Approved,Contested / Encroached,Low / Resistant,High,3,2,1,25.82,1,384
PCL-10897,PRJ-1056,Tamil Nadu,Coimbatore,11.169652,78.249343,Airport Infrastructure,104.38,197,1.8873,0.5298,88.0,43.0,0,0,32,0,324,0.249,Fully Disbursed,Preliminary Notification (Sec 11),Approved,Substantial Possession (>70%),High / Cooperative,Medium,2,4,4,20.25,0,60
PCL-10898,PRJ-1050,Tamil Nadu,Kanchipuram,12.697543,79.178845,Irrigation / Water Canal,104.1,92,0.8838,1.1315,39.0,51.0,1,231,51,0,250,0.323,Pending Disbursal,Award Declared (Sec 23),Approved,Partial Possession (30-70%),Low / Resistant,High,3,2,3,68.47,1,449
PCL-10899,PRJ-1137,Haryana,Faridabad,30.276844,76.221748,Highway / Expressway,22.58,2,0.0886,11.2844,82.0,17.0,0,0,15,0,209,0.209,Fully Disbursed,Possession Taken (Sec 38),Approved,Substantial Possession (>70%),Moderate,Low,1,3,4,23.49,0,44
PCL-10900,PRJ-1047,Karnataka,Dharwad,15.349077,76.515223,Renewable / Solar Park,18.09,38,2.1006,0.476,90.0,40.0,1,213,141,81,320,0.464,Pending Disbursal,Possession Taken (Sec 38),Under Scrutiny,Contested / Encroached,High / Cooperative,High,3,4,1,53.75,1,383
PCL-10901,PRJ-1002,Madhya Pradesh,Bhopal,23.100591,77.024363,Urban Metro / Transit,17.41,76,4.3653,0.2291,80.0,49.0,0,0,53,0,90,0.741,Fully Disbursed,Preliminary Notification (Sec 11),Approved,Substantial Possession (>70%),High / Cooperative,Medium,2,4,4,12.48,1,91
PCL-10902,PRJ-1197,Gujarat,Bharuch,23.516701,72.353054,Airport Infrastructure,49.55,74,1.4934,0.6696,50.0,55.0,0,0,15,0,278,0.396,Fully Disbursed,Notification Pending,Approved,Full Possession,Moderate,High,3,3,5,28.68,1,266
PCL-10903,PRJ-1199,Karnataka,Belagavi,16.657273,76.490973,Renewable / Solar Park,81.68,95,1.1631,0.8598,86.0,70.0,0,0,15,0,298,0.46,Fully Disbursed,Possession Taken (Sec 38),Approved,Full Possession,Moderate,Medium,2,3,5,20.72,1,148
PCL-10904,PRJ-1128,Gujarat,Rajkot,23.123308,73.003191,Highway / Expressway,11.85,27,2.2785,0.4389,78.0,84.0,1,123,172,112,233,0.521,Pending Disbursal,Possession Taken (Sec 38),Conditional Clearance,Full Possession,Hostile / Legal Injunction,High,3,1,5,56.04,1,475
PCL-10905,PRJ-1011,Gujarat,Surat,22.473777,72.236385,Urban Metro / Transit,12.66,40,3.1596,0.3165,81.0,78.0,0,0,174,114,233,0.474,Fully Disbursed,Award Declared (Sec 23),Under Scrutiny,Full Possession,High / Cooperative,Low,1,4,5,14.74,0,11
PCL-10906,PRJ-1101,Andhra Pradesh,Guntur,17.771971,82.847891,Irrigation / Water Canal,14.57,15,1.0295,0.9713,87.0,64.0,0,0,15,0,30,0.306,Fully Disbursed,Notification Pending,Approved,Full Possession,High / Cooperative,High,3,4,5,7.33,0,0
PCL-10907,PRJ-1151,Karnataka,Bengaluru Rural,13.244007,75.94486,Renewable / Solar Park,6.7,12,1.791,0.5583,55.0,42.0,0,0,155,95,186,0.16,Fully Disbursed,Preliminary Notification (Sec 11),Under Scrutiny,Substantial Possession (>70%),High / Cooperative,Low,1,4,4,21.78,0,43
PCL-10908,PRJ-1091,Odisha,Cuttack,20.299432,85.319671,Urban Metro / Transit,35.09,80,2.2799,0.4386,86.0,65.0,0,49,132,72,255,0.289,Partially Disbursed,Preliminary Notification (Sec 11),Conditional Clearance,Full Possession,High / Cooperative,Low,1,4,5,17.88,0,32
PCL-10909,PRJ-1237,Odisha,Sundargarh,20.988941,85.046113,Airport Infrastructure,33.31,70,2.1015,0.4759,66.0,55.0,0,0,190,130,222,0.347,Fully Disbursed,Declaration Published (Sec 19),Conditional Clearance,Substantial Possession (>70%),High / Cooperative,Medium,2,4,4,19.62,1,189
PCL-10910,PRJ-1259,Andhra Pradesh,Visakhapatnam,17.987288,79.979648,Urban Metro / Transit,16.5,21,1.2727,0.7857,93.0,60.0,0,124,112,52,138,0.684,Partially Disbursed,Notification Pending,Conditional Clearance,Substantial Possession (>70%),Moderate,Medium,2,3,4,19.42,1,91
PCL-10911,PRJ-1057,Gujarat,Rajkot,22.5,71.25,Industrial Corridor / SEZ,42.32,62,1.465,0.6826,84.0,60.0,1,360,188,128,285,0.619,Pending Disbursal,Possession Taken (Sec 38),Under Scrutiny,Partial Possession (30-70%),Hostile / Legal Injunction,Low,1,1,3,68.93,1,589
PCL-10912,PRJ-1239,Uttar Pradesh,Agra,28.321157,83.143741,Railway & Freight Corridor,34.85,28,0.8034,1.2446,77.0,26.0,0,164,15,0,229,0.791,Partially Disbursed,Possession Taken (Sec 38),Approved,Initial Stage (<30%),Moderate,Medium,2,3,2,31.08,1,295
PCL-10913,PRJ-1038,Madhya Pradesh,Bhopal,24.689112,77.402008,Irrigation / Water Canal,23.44,14,0.5973,1.6742,81.0,45.0,0,0,92,32,240,0.269,Fully Disbursed,Award Declared (Sec 23),Under Scrutiny,Partial Possession (30-70%),High / Cooperative,Medium,2,4,3,18.3,1,91
PCL-10914,PRJ-1076,Maharashtra,Nashik,19.354827,76.828751,Airport Infrastructure,8.35,34,4.0719,0.2456,41.0,77.0,1,88,37,0,115,0.467,Partially Disbursed,Possession Taken (Sec 38),Approved,Partial Possession (30-70%),Low / Resistant,Low,1,2,3,54.53,1,394
PCL-10915,PRJ-1105,Rajasthan,Kota,26.088517,73.50322,Highway / Expressway,27.33,27,0.9879,1.0122,62.0,51.0,0,0,15,0,263,0.4,Fully Disbursed,Preliminary Notification (Sec 11),Approved,Initial Stage (<30%),Hostile / Legal Injunction,High,3,1,2,33.61,1,325
PCL-10916,PRJ-1222,Uttar Pradesh,Kanpur,25.31562,79.637336,Industrial Corridor / SEZ,29.02,70,2.4121,0.4146,64.0,45.0,0,124,25,0,89,0.765,Pending Disbursal,Award Declared (Sec 23),Approved,Full Possession,High / Cooperative,Medium,2,4,5,21.13,1,237
PCL-10917,PRJ-1052,Odisha,Angul,19.929441,85.969984,Urban Metro / Transit,14.83,29,1.9555,0.5114,82.0,48.0,0,0,15,0,236,0.378,Fully Disbursed,Possession Taken (Sec 38),Approved,Substantial Possession (>70%),High / Cooperative,Low,1,4,4,17.65,0,2
PCL-10918,PRJ-1189,Haryana,Gurugram,28.172199,76.532295,Highway / Expressway,12.25,9,0.7347,1.361,60.0,70.0,0,0,164,104,187,0.21,Fully Disbursed,Notification Pending,Conditional Clearance,Substantial Possession (>70%),High / Cooperative,Medium,2,4,4,18.01,1,91
PCL-10919,PRJ-1194,Madhya Pradesh,Ujjain,23.502669,79.621335,Highway / Expressway,45.42,69,1.5192,0.6583,55.0,36.0,0,0,15,0,229,0.257,Fully Disbursed,Notification Pending,Approved,Substantial Possession (>70%),High / Cooperative,Medium,2,4,4,23.99,1,91
PCL-10920,PRJ-1069,Andhra Pradesh,Krishna,14.905771,80.839545,Industrial Corridor / SEZ,126.27,147,1.1642,0.859,74.0,86.0,1,197,163,103,257,0.449,Pending Disbursal,Preliminary Notification (Sec 11),Resubmission Required,Substantial Possession (>70%),Moderate,High,3,3,4,53.08,1,350
PCL-10921,PRJ-1248,Karnataka,Kalaburagi,16.40636,75.251102,Irrigation / Water Canal,17.27,27,1.5634,0.6396,53.0,79.0,1,595,151,91,418,0.466,Disputed in Escrow,Award Declared (Sec 23),Under Scrutiny,Contested / Encroached,Moderate,Low,1,3,1,70.25,1,405
PCL-10922,PRJ-1133,Madhya Pradesh,Jabalpur,24.588991,78.556722,Urban Metro / Transit,85.14,345,4.0521,0.2468,92.0,39.0,1,180,106,46,205,0.811,Partially Disbursed,Notification Pending,Under Scrutiny,Contested / Encroached,Low / Resistant,High,3,2,1,55.28,1,425
PCL-10923,PRJ-1126,Uttar Pradesh,Lucknow,25.819076,78.170016,Renewable / Solar Park,38.19,56,1.4664,0.682,63.0,23.0,0,133,127,67,180,0.204,Partially Disbursed,Preliminary Notification (Sec 11),Resubmission Required,Full Possession,Moderate,Low,1,3,5,31.07,0,12
PCL-10924,PRJ-1055,Rajasthan,Jodhpur,27.675904,74.324583,Irrigation / Water Canal,19.07,34,1.7829,0.5609,86.0,37.0,0,0,104,44,217,0.533,Fully Disbursed,Preliminary Notification (Sec 11),Under Scrutiny,Substantial Possession (>70%),Low / Resistant,Low,1,2,4,24.74,1,186
PCL-10925,PRJ-1170,Maharashtra,Pune,18.917345,74.601963,Renewable / Solar Park,47.47,66,1.3904,0.7192,70.0,61.0,1,209,15,0,117,0.146,Disputed in Escrow,Possession Taken (Sec 38),Approved,Partial Possession (30-70%),Low / Resistant,High,3,2,3,55.38,1,409
PCL-10926,PRJ-1171,Maharashtra,Nashik,20.769023,73.806649,Airport Infrastructure,69.69,139,1.9945,0.5014,66.0,65.0,0,133,89,29,181,0.691,Partially Disbursed,Possession Taken (Sec 38),Conditional Clearance,Full Possession,Low / Resistant,High,3,2,5,30.05,1,352
PCL-10927,PRJ-1082,Rajasthan,Kota,26.681122,74.551332,Airport Infrastructure,32.38,125,3.8604,0.259,75.0,55.0,0,0,130,70,122,0.49,Fully Disbursed,Possession Taken (Sec 38),Under Scrutiny,Full Possession,High / Cooperative,Low,1,4,5,14.08,0,76
PCL-10928,PRJ-1078,Tamil Nadu,Salem,12.922247,77.056471,Airport Infrastructure,13.41,22,1.6406,0.6095,65.0,73.0,1,603,149,89,256,0.428,Disputed in Escrow,Award Declared (Sec 23),Under Scrutiny,Substantial Possession (>70%),Hostile / Legal Injunction,Low,1,1,4,70.55,1,454
PCL-10929,PRJ-1052,Odisha,Angul,20.85,85.4,Urban Metro / Transit,68.31,297,4.3478,0.23,57.0,76.0,1,130,39,0,278,0.675,Partially Disbursed,Possession Taken (Sec 38),Approved,Initial Stage (<30%),Hostile / Legal Injunction,High,3,1,2,63.02,1,477
PCL-10930,PRJ-1146,Karnataka,Dharwad,13.229218,76.029477,Industrial Corridor / SEZ,55.8,92,1.6487,0.6065,52.0,68.0,0,87,54,0,262,0.411,Partially Disbursed,Award Declared (Sec 23),Approved,Initial Stage (<30%),Moderate,Low,1,3,2,29.95,0,19
PCL-10931,PRJ-1232,Maharashtra,Nagpur,19.090381,76.306806,Irrigation / Water Canal,70.97,70,0.9863,1.0138,73.0,64.0,0,0,151,91,157,0.351,Fully Disbursed,Award Declared (Sec 23),Under Scrutiny,Full Possession,High / Cooperative,Medium,2,4,5,14.89,0,55
PCL-10932,PRJ-1019,Karnataka,Kalaburagi,12.93932,76.430586,Highway / Expressway,22.62,24,1.061,0.9425,68.0,76.0,0,0,101,41,250,0.411,Fully Disbursed,Award Declared (Sec 23),Under Scrutiny,Substantial Possession (>70%),High / Cooperative,Low,1,4,4,18.18,0,23
PCL-10933,PRJ-1223,Andhra Pradesh,Guntur,15.853474,82.606379,Industrial Corridor / SEZ,35.14,51,1.4513,0.689,58.0,57.0,0,151,65,5,142,0.292,Partially Disbursed,Preliminary Notification (Sec 11),Approved,Substantial Possession (>70%),Moderate,Medium,2,3,4,27.98,1,197
PCL-10934,PRJ-1026,Gujarat,Ahmedabad,21.141001,72.803497,Industrial Corridor / SEZ,33.85,41,1.2112,0.8256,57.0,41.0,0,0,50,0,300,0.222,Fully Disbursed,Award Declared (Sec 23),Approved,Partial Possession (30-70%),High / Cooperative,Low,1,4,3,25.75,0,0
PCL-10935,PRJ-1162,Haryana,Karnal,30.349356,76.977877,Urban Metro / Transit,40.55,163,4.0197,0.2488,82.0,15.0,1,137,134,74,232,0.648,Pending Disbursal,Possession Taken (Sec 38),Pending Environmental Clearance,Partial Possession (30-70%),Low / Resistant,Medium,2,2,3,58.93,1,344
PCL-10936,PRJ-1072,Gujarat,Kutch,21.746068,71.707256,Railway & Freight Corridor,36.05,62,1.7198,0.5814,48.0,62.0,1,503,136,76,237,0.357,Disputed in Escrow,Award Declared (Sec 23),Conditional Clearance,Contested / Encroached,Low / Resistant,High,3,2,1,70.59,1,529
PCL-10937,PRJ-1002,Madhya Pradesh,Bhopal,22.510228,79.988035,Urban Metro / Transit,14.62,63,4.3092,0.2321,83.0,41.0,0,348,179,119,286,0.24,Pending Disbursal,Award Declared (Sec 23),Under Scrutiny,Contested / Encroached,High / Cooperative,Low,1,4,1,34.33,0,29
PCL-10938,PRJ-1101,Andhra Pradesh,Guntur,15.963726,82.704103,Irrigation / Water Canal,31.27,42,1.3431,0.7445,53.0,59.0,0,146,86,26,158,0.67,Partially Disbursed,Preliminary Notification (Sec 11),Approved,Full Possession,Moderate,Medium,2,3,5,29.17,1,255
PCL-10939,PRJ-1033,Karnataka,Dharwad,14.875136,77.36035,Highway / Expressway,11.03,22,1.9946,0.5013,68.0,62.0,1,204,15,0,245,0.274,Pending Disbursal,Possession Taken (Sec 38),Approved,Contested / Encroached,Low / Resistant,High,3,2,1,60.27,1,450
PCL-10940,PRJ-1118,Karnataka,Kalaburagi,15.825318,76.404604,Industrial Corridor / SEZ,27.79,32,1.1515,0.8684,77.0,53.0,0,212,15,0,64,0.405,Pending Disbursal,Possession Taken (Sec 38),Approved,Full Possession,High / Cooperative,Low,1,4,5,20.41,1,91
PCL-10941,PRJ-1141,Madhya Pradesh,Ujjain,24.405134,80.806761,Highway / Expressway,21.5,42,1.9535,0.5119,61.0,40.0,0,108,134,74,111,0.415,Partially Disbursed,Notification Pending,Under Scrutiny,Substantial Possession (>70%),Low / Resistant,Low,1,2,4,29.9,1,264
PCL-10942,PRJ-1148,Gujarat,Ahmedabad,23.311057,72.813029,Highway / Expressway,13.74,22,1.6012,0.6245,85.0,51.0,0,33,22,0,279,0.328,Partially Disbursed,Possession Taken (Sec 38),Approved,Substantial Possession (>70%),Moderate,Medium,2,3,4,23.47,0,36
PCL-10943,PRJ-1067,Odisha,Sundargarh,21.970813,86.023745,Airport Infrastructure,158.62,309,1.9481,0.5133,32.0,40.0,1,173,86,26,237,0.205,Pending Disbursal,Award Declared (Sec 23),Approved,Contested / Encroached,Moderate,Medium,2,3,1,64.35,1,260
PCL-10944,PRJ-1036,Haryana,Gurugram,28.232942,75.84558,Highway / Expressway,49.08,49,0.9984,1.0016,80.0,68.0,1,568,207,147,106,0.822,Disputed in Escrow,Award Declared (Sec 23),Resubmission Required,Substantial Possession (>70%),Hostile / Legal Injunction,High,3,1,4,62.42,1,705
PCL-10945,PRJ-1063,Uttar Pradesh,Varanasi,26.751574,82.560033,Railway & Freight Corridor,60.4,84,1.3907,0.719,65.0,35.0,0,121,54,0,208,0.608,Partially Disbursed,Preliminary Notification (Sec 11),Approved,Substantial Possession (>70%),High / Cooperative,Medium,2,4,4,26.27,1,171
PCL-10946,PRJ-1129,Maharashtra,Thane,20.153414,78.879888,Urban Metro / Transit,83.2,259,3.113,0.3212,75.0,81.0,0,0,34,0,254,0.461,Fully Disbursed,Award Declared (Sec 23),Approved,Partial Possession (30-70%),Low / Resistant,Very High,4,2,3,23.92,1,252
PCL-10947,PRJ-1180,Uttar Pradesh,Agra,25.151283,82.658934,Industrial Corridor / SEZ,40.21,63,1.5668,0.6382,47.0,75.0,0,0,15,0,223,0.379,Fully Disbursed,Declaration Published (Sec 19),Approved,Substantial Possession (>70%),Moderate,Medium,2,3,4,25.21,0,13
PCL-10948,PRJ-1035,Uttar Pradesh,Prayagraj,28.368867,82.071117,Irrigation / Water Canal,12.64,41,3.2437,0.3083,54.0,54.0,1,254,86,26,244,0.644,Pending Disbursal,Award Declared (Sec 23),Approved,Full Possession,Low / Resistant,High,3,2,5,65.89,1,440
PCL-10949,PRJ-1002,Madhya Pradesh,Bhopal,24.562133,75.159577,Urban Metro / Transit,72.84,234,3.2125,0.3113,51.0,46.0,0,0,165,105,201,0.458,Fully Disbursed,Award Declared (Sec 23),Pending Environmental Clearance,Full Possession,Moderate,High,3,3,5,26.49,1,262
PCL-10950,PRJ-1060,Madhya Pradesh,Ujjain,24.658696,78.079951,Urban Metro / Transit,19.42,57,2.9351,0.3407,35.0,55.0,1,582,48,0,208,0.328,Disputed in Escrow,Award Declared (Sec 23),Approved,Initial Stage (<30%),Low / Resistant,Medium,2,2,2,72.8,1,468
PCL-10951,PRJ-1055,Rajasthan,Jodhpur,24.291617,72.82121,Irrigation / Water Canal,48.54,77,1.5863,0.6304,72.0,56.0,0,0,112,52,158,0.272,Fully Disbursed,Award Declared (Sec 23),Conditional Clearance,Contested / Encroached,High / Cooperative,Low,1,4,1,15.92,0,1
PCL-10952,PRJ-1256,Tamil Nadu,Coimbatore,10.598509,77.979442,Industrial Corridor / SEZ,46.9,31,0.661,1.5129,98.0,64.0,0,358,148,88,208,0.217,Pending Disbursal,Notification Pending,Under Scrutiny,Substantial Possession (>70%),Moderate,Very High,4,3,4,30.26,1,353
PCL-10953,PRJ-1136,Rajasthan,Jaipur,27.429195,72.928039,Irrigation / Water Canal,96.54,94,0.9737,1.027,85.0,85.0,1,0,158,98,374,0.461,Fully Disbursed,Award Declared (Sec 23),Conditional Clearance,Initial Stage (<30%),Moderate,Medium,2,3,2,47.28,1,211
PCL-10954,PRJ-1041,Andhra Pradesh,Krishna,17.620939,80.739789,Irrigation / Water Canal,18.94,17,0.8976,1.1141,78.0,62.0,0,0,69,9,124,0.224,Fully Disbursed,Possession Taken (Sec 38),Conditional Clearance,Full Possession,High / Cooperative,Medium,2,4,5,12.85,0,0
PCL-10955,PRJ-1171,Maharashtra,Nashik,18.83024,73.383142,Airport Infrastructure,10.44,2,0.1916,5.2174,93.0,84.0,1,330,20,0,285,0.208,Pending Disbursal,Award Declared (Sec 23),Approved,Substantial Possession (>70%),Low / Resistant,High,3,2,4,59.75,1,459
PCL-10956,PRJ-1127,Andhra Pradesh,Kurnool,14.410839,78.875061,Urban Metro / Transit,42.48,134,3.1544,0.317,42.0,29.0,1,0,101,41,230,0.388,Fully Disbursed,Declaration Published (Sec 19),Conditional Clearance,Substantial Possession (>70%),Hostile / Legal Injunction,Medium,2,1,4,63.58,1,444
PCL-10957,PRJ-1123,Odisha,Angul,22.123082,84.064274,Highway / Expressway,12.92,23,1.7802,0.5617,75.0,89.0,0,0,61,1,230,0.274,Fully Disbursed,Notification Pending,Approved,Substantial Possession (>70%),Moderate,Low,1,3,4,18.48,0,14
PCL-10958,PRJ-1150,Maharashtra,Thane,19.048377,75.638932,Urban Metro / Transit,11.52,45,3.9062,0.256,83.0,58.0,1,243,27,0,194,0.603,Disputed in Escrow,Possession Taken (Sec 38),Approved,Initial Stage (<30%),Moderate,High,3,3,2,53.61,1,404
PCL-10959,PRJ-1059,Madhya Pradesh,Jabalpur,23.834398,76.273456,Highway / Expressway,24.47,23,0.9399,1.0639,93.0,66.0,0,0,53,0,311,0.499,Fully Disbursed,Declaration Published (Sec 19),Approved,Full Possession,High / Cooperative,Low,1,4,5,16.46,0,42
PCL-10960,PRJ-1037,Karnataka,Belagavi,15.901934,74.975479,Renewable / Solar Park,58.64,70,1.1937,0.8377,60.0,66.0,1,604,28,0,116,0.453,Disputed in Escrow,Preliminary Notification (Sec 11),Approved,Partial Possession (30-70%),Low / Resistant,Very High,4,2,3,63.25,1,514
PCL-10961,PRJ-1064,Madhya Pradesh,Jabalpur,25.872725,77.130714,Industrial Corridor / SEZ,35.45,41,1.1566,0.8646,78.0,46.0,0,0,15,0,341,0.187,Fully Disbursed,Declaration Published (Sec 19),Approved,Substantial Possession (>70%),Moderate,Medium,2,3,4,26.34,0,11
PCL-10962,PRJ-1125,Uttar Pradesh,Prayagraj,26.715705,83.175372,Highway / Expressway,153.11,186,1.2148,0.8232,69.0,48.0,1,606,134,74,262,0.448,Disputed in Escrow,Preliminary Notification (Sec 11),Conditional Clearance,Initial Stage (<30%),High / Cooperative,Medium,2,4,2,61.22,1,383
PCL-10963,PRJ-1148,Gujarat,Ahmedabad,21.458024,70.279044,Highway / Expressway,24.1,30,1.2448,0.8033,81.0,61.0,0,119,207,147,158,0.694,Partially Disbursed,Award Declared (Sec 23),Under Scrutiny,Substantial Possession (>70%),Moderate,Low,1,3,4,22.27,1,281
PCL-10964,PRJ-1245,Haryana,Faridabad,30.36242,76.062315,Railway & Freight Corridor,24.54,22,0.8965,1.1154,76.0,49.0,0,128,87,27,198,0.696,Partially Disbursed,Declaration Published (Sec 19),Resubmission Required,Substantial Possession (>70%),High / Cooperative,Medium,2,4,4,22.59,1,134
PCL-10965,PRJ-1075,Haryana,Gurugram,28.313579,76.920361,Renewable / Solar Park,214.48,278,1.2962,0.7715,81.0,38.0,0,133,15,0,289,0.458,Partially Disbursed,Preliminary Notification (Sec 11),Approved,Initial Stage (<30%),Moderate,High,3,3,2,30.05,1,355
PCL-10966,PRJ-1145,Tamil Nadu,Tiruchirappalli,10.407136,77.807312,Urban Metro / Transit,13.27,49,3.6925,0.2708,32.0,78.0,1,273,218,158,229,0.396,Disputed in Escrow,Possession Taken (Sec 38),Resubmission Required,Full Possession,Hostile / Legal Injunction,High,3,1,5,71.86,1,526
PCL-10967,PRJ-1168,Haryana,Panipat,29.894383,77.012404,Airport Infrastructure,34.11,84,2.4626,0.4061,52.0,56.0,0,138,176,116,30,0.636,Partially Disbursed,Award Declared (Sec 23),Under Scrutiny,Full Possession,High / Cooperative,Low,1,4,5,20.8,1,91
PCL-10968,PRJ-1183,Rajasthan,Udaipur,24.472796,73.833941,Airport Infrastructure,12.47,14,1.1227,0.8907,52.0,42.0,0,91,42,0,252,0.356,Partially Disbursed,Notification Pending,Approved,Full Possession,High / Cooperative,Low,1,4,5,28.59,0,42
PCL-10969,PRJ-1040,Tamil Nadu,Madurai,9.900854,79.827368,Industrial Corridor / SEZ,50.88,62,1.2186,0.8206,86.0,80.0,0,217,93,33,262,0.85,Disputed in Escrow,Preliminary Notification (Sec 11),Under Scrutiny,Contested / Encroached,Moderate,High,3,3,1,27.29,1,287
PCL-10970,PRJ-1110,Rajasthan,Udaipur,25.01127,71.621451,Renewable / Solar Park,29.72,28,0.9421,1.0614,96.0,74.0,0,145,54,0,154,0.559,Partially Disbursed,Declaration Published (Sec 19),Approved,Initial Stage (<30%),Moderate,High,3,3,2,18.88,1,157
PCL-10971,PRJ-1129,Maharashtra,Thane,20.344189,76.486103,Urban Metro / Transit,26.78,79,2.95,0.339,40.0,30.0,1,93,253,193,282,0.32,Pending Disbursal,Possession Taken (Sec 38),Conditional Clearance,Partial Possession (30-70%),High / Cooperative,High,3,4,3,58.4,1,345
PCL-10972,PRJ-1046,Maharashtra,Nashik,19.510731,74.517707,Railway & Freight Corridor,21.81,40,1.834,0.5452,57.0,37.0,0,172,60,0,172,0.183,Partially Disbursed,Declaration Published (Sec 19),Approved,Full Possession,Moderate,Low,1,3,5,32.17,1,198
PCL-10973,PRJ-1011,Gujarat,Surat,22.985166,69.897196,Urban Metro / Transit,89.37,342,3.8268,0.2613,72.0,40.0,0,191,89,29,122,0.22,Pending Disbursal,Declaration Published (Sec 19),Approved,Full Possession,High / Cooperative,Medium,2,4,5,24.02,0,26
PCL-10974,PRJ-1017,Tamil Nadu,Madurai,9.950779,79.877948,Urban Metro / Transit,57.82,122,2.11,0.4739,64.0,58.0,1,258,147,87,133,0.85,Disputed in Escrow,Preliminary Notification (Sec 11),Conditional Clearance,Substantial Possession (>70%),Low / Resistant,Medium,2,2,4,59.49,1,441
PCL-10975,PRJ-1018,Maharashtra,Aurangabad,19.595786,77.430414,Renewable / Solar Park,88.61,166,1.8734,0.5338,57.0,52.0,0,0,84,24,221,0.203,Fully Disbursed,Preliminary Notification (Sec 11),Approved,Partial Possession (30-70%),Moderate,Medium,2,3,3,25.44,1,139
PCL-10976,PRJ-1169,Tamil Nadu,Salem,12.56372,77.537931,Urban Metro / Transit,43.65,188,4.307,0.2322,88.0,66.0,0,0,225,165,182,0.612,Fully Disbursed,Notification Pending,Conditional Clearance,Substantial Possession (>70%),Low / Resistant,High,3,2,4,20.12,1,228
PCL-10977,PRJ-1110,Rajasthan,Udaipur,26.25,74.0,Renewable / Solar Park,68.51,113,1.6494,0.6063,44.0,29.0,0,53,81,21,228,0.305,Partially Disbursed,Notification Pending,Approved,Partial Possession (30-70%),Moderate,Low,1,3,3,32.78,0,9
PCL-10978,PRJ-1058,Uttar Pradesh,Prayagraj,26.95422,80.180878,Irrigation / Water Canal,21.15,32,1.513,0.6609,59.0,82.0,1,89,35,0,30,0.544,Partially Disbursed,Declaration Published (Sec 19),Approved,Substantial Possession (>70%),Moderate,Medium,2,3,4,43.53,1,293
PCL-10979,PRJ-1038,Madhya Pradesh,Bhopal,23.112577,78.584575,Irrigation / Water Canal,12.11,20,1.6515,0.6055,68.0,39.0,0,0,74,14,140,0.686,Fully Disbursed,Declaration Published (Sec 19),Approved,Substantial Possession (>70%),High / Cooperative,Medium,2,4,4,17.75,0,27
PCL-10980,PRJ-1072,Gujarat,Kutch,23.378323,70.020234,Railway & Freight Corridor,68.38,118,1.7257,0.5795,67.0,53.0,1,459,73,13,234,0.515,Disputed in Escrow,Preliminary Notification (Sec 11),Conditional Clearance,Partial Possession (30-70%),Moderate,Medium,2,3,3,63.82,1,412
PCL-10981,PRJ-1142,Madhya Pradesh,Gwalior,24.25,78.25,Industrial Corridor / SEZ,70.85,37,0.5222,1.9148,72.0,63.0,0,0,61,1,200,0.551,Fully Disbursed,Preliminary Notification (Sec 11),Approved,Full Possession,High / Cooperative,Low,1,4,5,16.8,0,33
PCL-10982,PRJ-1042,Gujarat,Bharuch,21.289635,69.887857,Railway & Freight Corridor,47.85,95,1.9854,0.5037,75.0,68.0,0,0,60,0,365,0.381,Fully Disbursed,Notification Pending,Approved,Full Possession,Moderate,Low,1,3,5,25.64,0,36
PCL-10983,PRJ-1195,Andhra Pradesh,Visakhapatnam,17.007586,81.943979,Renewable / Solar Park,15.01,30,1.9987,0.5003,48.0,77.0,0,67,131,71,237,0.751,Partially Disbursed,Notification Pending,Under Scrutiny,Substantial Possession (>70%),High / Cooperative,Low,1,4,4,24.34,1,119
PCL-10984,PRJ-1040,Tamil Nadu,Madurai,10.061963,79.605507,Industrial Corridor / SEZ,25.84,33,1.2771,0.783,70.0,54.0,0,0,196,136,339,0.356,Fully Disbursed,Possession Taken (Sec 38),Under Scrutiny,Full Possession,High / Cooperative,Medium,2,4,5,23.31,1,91
PCL-10985,PRJ-1126,Uttar Pradesh,Lucknow,26.334846,81.488007,Renewable / Solar Park,28.62,23,0.8036,1.2443,70.0,86.0,1,152,72,12,182,0.646,Pending Disbursal,Declaration Published (Sec 19),Approved,Contested / Encroached,High / Cooperative,Medium,2,4,1,45.47,1,300
PCL-10986,PRJ-1165,Gujarat,Kutch,22.121742,69.265591,Irrigation / Water Canal,29.48,30,1.0176,0.9826,94.0,38.0,0,40,46,0,194,0.144,Partially Disbursed,Possession Taken (Sec 38),Approved,Full Possession,Moderate,Low,1,3,5,20.07,0,37
PCL-10987,PRJ-1236,Haryana,Faridabad,29.533419,77.044394,Irrigation / Water Canal,117.56,82,0.6975,1.4336,82.0,77.0,0,184,15,0,195,0.612,Pending Disbursal,Declaration Published (Sec 19),Approved,Full Possession,Moderate,Medium,2,3,5,24.52,1,196
PCL-10988,PRJ-1201,Odisha,Khurda,20.207319,85.477155,Industrial Corridor / SEZ,10.58,15,1.4178,0.7053,65.0,73.0,1,618,182,122,329,0.652,Disputed in Escrow,Declaration Published (Sec 19),Under Scrutiny,Initial Stage (<30%),Low / Resistant,High,3,2,2,69.54,1,507
PCL-10989,PRJ-1128,Gujarat,Rajkot,22.545424,70.713587,Highway / Expressway,146.25,244,1.6684,0.5994,51.0,72.0,1,46,141,81,177,0.169,Partially Disbursed,Declaration Published (Sec 19),Under Scrutiny,Initial Stage (<30%),High / Cooperative,High,3,4,2,46.13,1,263
PCL-10990,PRJ-1158,Haryana,Karnal,29.028339,75.851326,Urban Metro / Transit,42.85,82,1.9137,0.5226,58.0,58.0,0,165,15,0,30,0.504,Partially Disbursed,Possession Taken (Sec 38),Approved,Full Possession,Moderate,Medium,2,3,5,24.26,0,28
PCL-10991,PRJ-1043,Tamil Nadu,Salem,11.120682,77.176414,Airport Infrastructure,19.56,42,2.1472,0.4657,85.0,71.0,1,371,163,103,252,0.407,Disputed in Escrow,Award Declared (Sec 23),Pending Environmental Clearance,Full Possession,Low / Resistant,High,3,2,5,62.85,1,396
PCL-10992,PRJ-1189,Haryana,Gurugram,28.865834,76.848048,Highway / Expressway,5.0,2,0.4,2.4988,55.0,59.0,1,126,15,0,239,0.531,Partially Disbursed,Award Declared (Sec 23),Approved,Partial Possession (30-70%),Hostile / Legal Injunction,Very High,4,1,3,63.49,1,513
PCL-10993,PRJ-1259,Andhra Pradesh,Visakhapatnam,18.081608,78.160211,Urban Metro / Transit,57.11,127,2.2238,0.4497,85.0,74.0,0,100,185,125,137,0.679,Partially Disbursed,Award Declared (Sec 23),Conditional Clearance,Full Possession,High / Cooperative,Low,1,4,5,14.85,0,0
PCL-10994,PRJ-1032,Madhya Pradesh,Ujjain,25.014182,77.225546,Railway & Freight Corridor,91.8,114,1.2418,0.8053,91.0,80.0,1,85,101,41,242,0.451,Partially Disbursed,Declaration Published (Sec 19),Resubmission Required,Contested / Encroached,Hostile / Legal Injunction,Medium,2,1,1,52.62,1,417
PCL-10995,PRJ-1132,Tamil Nadu,Tiruchirappalli,11.546213,79.788789,Highway / Expressway,18.91,11,0.5817,1.7189,89.0,64.0,0,0,192,132,226,0.471,Fully Disbursed,Notification Pending,Under Scrutiny,Substantial Possession (>70%),Moderate,Medium,2,3,4,18.02,0,25
PCL-10996,PRJ-1064,Madhya Pradesh,Jabalpur,24.445263,78.931322,Industrial Corridor / SEZ,33.77,28,0.8291,1.206,36.0,62.0,1,133,122,62,148,0.218,Partially Disbursed,Award Declared (Sec 23),Resubmission Required,Full Possession,Low / Resistant,Medium,2,2,5,60.12,1,390
PCL-10997,PRJ-1040,Tamil Nadu,Madurai,12.801116,79.896204,Industrial Corridor / SEZ,49.07,73,1.4877,0.6722,66.0,47.0,0,0,157,97,293,0.389,Fully Disbursed,Possession Taken (Sec 38),Resubmission Required,Initial Stage (<30%),Moderate,Medium,2,3,2,26.84,0,0
PCL-10998,PRJ-1005,Gujarat,Ahmedabad,21.080949,69.863247,Industrial Corridor / SEZ,28.54,49,1.7169,0.5824,68.0,51.0,1,237,86,26,270,0.589,Disputed in Escrow,Notification Pending,Approved,Initial Stage (<30%),High / Cooperative,Very High,4,4,2,56.16,1,352
PCL-10999,PRJ-1194,Madhya Pradesh,Ujjain,23.518949,79.125734,Highway / Expressway,40.44,49,1.2117,0.8253,59.0,95.0,0,302,166,106,277,0.521,Pending Disbursal,Preliminary Notification (Sec 11),Pending Environmental Clearance,Initial Stage (<30%),Moderate,Medium,2,3,2,35.25,1,263
PCL-11000,PRJ-1178,Andhra Pradesh,Guntur,14.639276,78.333931,Railway & Freight Corridor,19.89,11,0.553,1.808,87.0,78.0,0,103,167,107,121,0.754,Partially Disbursed,Preliminary Notification (Sec 11),Under Scrutiny,Full Possession,High / Cooperative,Low,1,4,5,13.57,1,183
PCL-11001,PRJ-1245,Haryana,Faridabad,28.873081,75.600115,Railway & Freight Corridor,65.59,65,0.991,1.0091,82.0,56.0,0,0,157,97,98,0.437,Fully Disbursed,Declaration Published (Sec 19),Under Scrutiny,Substantial Possession (>70%),Moderate,Very High,4,3,4,15.42,1,193
PCL-11002,PRJ-1232,Maharashtra,Nagpur,18.847557,75.211246,Irrigation / Water Canal,62.07,38,0.6122,1.6334,89.0,23.0,0,63,81,21,139,0.536,Partially Disbursed,Notification Pending,Under Scrutiny,Initial Stage (<30%),High / Cooperative,Low,1,4,2,17.7,1,121
PCL-11003,PRJ-1011,Gujarat,Surat,23.306253,70.534964,Urban Metro / Transit,28.48,78,2.7388,0.3651,92.0,69.0,0,0,56,0,281,0.218,Fully Disbursed,Preliminary Notification (Sec 11),Approved,Full Possession,High / Cooperative,Medium,2,4,5,15.24,0,44
PCL-11004,PRJ-1022,Gujarat,Vadodara,23.787159,72.899248,Highway / Expressway,10.77,15,1.3928,0.718,78.0,33.0,1,103,36,0,198,0.115,Pending Disbursal,Possession Taken (Sec 38),Approved,Initial Stage (<30%),Moderate,High,3,3,2,51.51,1,297
PCL-11005,PRJ-1052,Odisha,Angul,22.027245,86.122506,Urban Metro / Transit,98.28,216,2.1978,0.455,59.0,60.0,0,141,78,18,221,0.568,Partially Disbursed,Notification Pending,Approved,Substantial Possession (>70%),High / Cooperative,Medium,2,4,4,26.28,1,212
PCL-11006,PRJ-1074,Gujarat,Kutch,22.851418,73.379247,Irrigation / Water Canal,24.56,46,1.873,0.5339,68.0,36.0,1,92,96,36,220,0.26,Pending Disbursal,Notification Pending,Resubmission Required,Contested / Encroached,Low / Resistant,Low,1,2,1,57.33,1,331
PCL-11007,PRJ-1070,Rajasthan,Jaipur,25.842812,72.300568,Irrigation / Water Canal,56.91,85,1.4936,0.6695,68.0,44.0,1,99,104,44,324,0.435,Pending Disbursal,Notification Pending,Conditional Clearance,Initial Stage (<30%),High / Cooperative,Medium,2,4,2,53.22,0,44
PCL-11008,PRJ-1034,Haryana,Hisar,29.977888,76.092952,Urban Metro / Transit,90.4,171,1.8916,0.5287,74.0,69.0,0,72,182,122,38,0.515,Partially Disbursed,Possession Taken (Sec 38),Conditional Clearance,Partial Possession (30-70%),Hostile / Legal Injunction,Low,1,1,3,23.93,1,287
PCL-11009,PRJ-1193,Uttar Pradesh,Prayagraj,28.006572,81.596564,Irrigation / Water Canal,16.78,35,2.0858,0.4794,75.0,90.0,0,146,193,133,149,0.342,Partially Disbursed,Preliminary Notification (Sec 11),Pending Environmental Clearance,Full Possession,Moderate,Medium,2,3,5,21.34,1,119
PCL-11010,PRJ-1188,Andhra Pradesh,Krishna,16.59883,81.170207,Railway & Freight Corridor,119.14,179,1.5024,0.6656,65.0,69.0,0,109,144,84,151,0.472,Partially Disbursed,Notification Pending,Under Scrutiny,Contested / Encroached,Moderate,Medium,2,3,1,23.99,1,246
PCL-11011,PRJ-1098,Rajasthan,Jaipur,24.526761,76.0012,Urban Metro / Transit,69.45,260,3.7437,0.2671,89.0,57.0,0,0,105,45,185,0.176,Fully Disbursed,Notification Pending,Under Scrutiny,Initial Stage (<30%),Moderate,Medium,2,3,2,17.19,0,67
PCL-11012,PRJ-1012,Uttar Pradesh,Noida,28.416077,80.604079,Railway & Freight Corridor,50.31,67,1.3317,0.7509,92.0,72.0,0,0,77,17,176,0.441,Fully Disbursed,Possession Taken (Sec 38),Approved,Full Possession,Moderate,Low,1,3,5,14.75,0,34
PCL-11013,PRJ-1117,Tamil Nadu,Kanchipuram,11.317979,77.733232,Highway / Expressway,45.24,66,1.4589,0.6854,81.0,55.0,0,160,95,35,30,0.556,Pending Disbursal,Notification Pending,Conditional Clearance,Partial Possession (30-70%),High / Cooperative,Medium,2,4,3,16.0,0,40
PCL-11014,PRJ-1177,Andhra Pradesh,Krishna,18.27409,82.397685,Irrigation / Water Canal,47.72,12,0.2515,3.9763,69.0,29.0,0,0,166,106,135,0.308,Fully Disbursed,Notification Pending,Conditional Clearance,Partial Possession (30-70%),Moderate,Low,1,3,3,22.11,1,175
PCL-11015,PRJ-1076,Maharashtra,Nashik,19.309022,74.752647,Airport Infrastructure,13.08,56,4.2813,0.2336,44.0,41.0,0,0,15,0,93,0.415,Fully Disbursed,Declaration Published (Sec 19),Approved,Substantial Possession (>70%),Moderate,Medium,2,3,4,24.34,1,214
PCL-11016,PRJ-1075,Haryana,Gurugram,29.889578,77.083742,Renewable / Solar Park,16.83,12,0.713,1.4024,62.0,49.0,1,577,125,65,79,0.538,Disputed in Escrow,Award Declared (Sec 23),Approved,Substantial Possession (>70%),Low / Resistant,Low,1,2,4,63.16,1,363
PCL-11017,PRJ-1160,Rajasthan,Kota,27.78896,72.654219,Railway & Freight Corridor,28.11,69,2.4546,0.4074,66.0,21.0,1,180,164,104,359,0.347,Disputed in Escrow,Preliminary Notification (Sec 11),Under Scrutiny,Initial Stage (<30%),Hostile / Legal Injunction,High,3,1,2,71.81,1,603
PCL-11018,PRJ-1200,Rajasthan,Kota,24.325462,71.37539,Renewable / Solar Park,25.72,37,1.4386,0.6951,83.0,75.0,1,596,40,0,254,0.347,Disputed in Escrow,Notification Pending,Approved,Contested / Encroached,Low / Resistant,High,3,2,1,62.92,1,402
PCL-11019,PRJ-1034,Haryana,Hisar,28.950459,75.656374,Urban Metro / Transit,11.53,36,3.1223,0.3203,61.0,61.0,1,207,56,0,142,0.547,Disputed in Escrow,Possession Taken (Sec 38),Approved,Substantial Possession (>70%),Moderate,Low,1,3,4,54.28,1,256
PCL-11020,PRJ-1227,Rajasthan,Jodhpur,26.875122,74.749168,Railway & Freight Corridor,66.71,47,0.7045,1.4193,42.0,63.0,1,405,115,55,110,0.189,Disputed in Escrow,Possession Taken (Sec 38),Under Scrutiny,Partial Possession (30-70%),Low / Resistant,Medium,2,2,3,66.92,1,488
PCL-11021,PRJ-1230,Gujarat,Rajkot,23.617763,72.244493,Urban Metro / Transit,188.22,681,3.6181,0.2764,75.0,77.0,1,0,220,160,254,0.42,Fully Disbursed,Preliminary Notification (Sec 11),Conditional Clearance,Initial Stage (<30%),High / Cooperative,High,3,4,2,41.82,1,230
PCL-11022,PRJ-1243,Uttar Pradesh,Noida,28.187618,83.034686,Highway / Expressway,144.17,294,2.0393,0.4904,53.0,40.0,1,191,154,94,265,0.401,Disputed in Escrow,Possession Taken (Sec 38),Pending Environmental Clearance,Initial Stage (<30%),Hostile / Legal Injunction,High,3,1,2,69.44,1,479
PCL-11023,PRJ-1102,Odisha,Cuttack,20.076933,84.676705,Highway / Expressway,60.74,101,1.6628,0.6014,97.0,79.0,0,0,140,80,217,0.316,Fully Disbursed,Award Declared (Sec 23),Pending Environmental Clearance,Substantial Possession (>70%),Moderate,Very High,4,3,4,14.59,1,121
PCL-11024,PRJ-1238,Andhra Pradesh,Nellore,14.096822,82.212773,Railway & Freight Corridor,37.79,71,1.8788,0.5322,81.0,74.0,0,0,16,0,30,0.361,Fully Disbursed,Preliminary Notification (Sec 11),Approved,Substantial Possession (>70%),High / Cooperative,Low,1,4,4,7.52,0,0
PCL-11025,PRJ-1163,Uttar Pradesh,Agra,25.500011,80.72704,Industrial Corridor / SEZ,95.41,136,1.4254,0.7015,50.0,88.0,0,0,70,10,327,0.751,Fully Disbursed,Notification Pending,Approved,Full Possession,High / Cooperative,Low,1,4,5,23.46,1,111
PCL-11026,PRJ-1166,Uttar Pradesh,Varanasi,25.212471,82.716263,Highway / Expressway,35.78,37,1.0341,0.967,64.0,44.0,0,0,29,0,215,0.434,Fully Disbursed,Preliminary Notification (Sec 11),Approved,Full Possession,Moderate,Low,1,3,5,24.61,1,193
PCL-11027,PRJ-1241,Madhya Pradesh,Gwalior,24.4004,80.987177,Railway & Freight Corridor,5.0,13,2.6,0.3846,59.0,39.0,0,128,120,60,144,0.184,Pending Disbursal,Preliminary Notification (Sec 11),Conditional Clearance,Substantial Possession (>70%),High / Cooperative,Medium,2,4,4,24.96,0,18
PCL-11028,PRJ-1094,Rajasthan,Alwar,24.500287,72.190974,Industrial Corridor / SEZ,49.48,83,1.6774,0.5961,56.0,51.0,1,431,107,47,322,0.517,Disputed in Escrow,Notification Pending,Approved,Contested / Encroached,Moderate,Very High,4,3,1,69.53,1,514
PCL-11029,PRJ-1125,Uttar Pradesh,Prayagraj,28.030586,82.629611,Highway / Expressway,57.85,54,0.9334,1.0713,67.0,79.0,1,145,173,113,172,0.549,Partially Disbursed,Preliminary Notification (Sec 11),Under Scrutiny,Contested / Encroached,High / Cooperative,Medium,2,4,1,46.11,1,215
PCL-11030,PRJ-1207,Madhya Pradesh,Gwalior,25.045279,81.414593,Industrial Corridor / SEZ,273.28,346,1.2661,0.7898,92.0,65.0,0,0,119,59,370,0.787,Fully Disbursed,Possession Taken (Sec 38),Under Scrutiny,Partial Possession (30-70%),Moderate,High,3,3,3,22.72,0,48
PCL-11031,PRJ-1008,Rajasthan,Udaipur,25.65638,71.063284,Railway & Freight Corridor,28.9,32,1.1073,0.9031,43.0,88.0,1,257,36,0,110,0.416,Pending Disbursal,Declaration Published (Sec 19),Approved,Partial Possession (30-70%),Hostile / Legal Injunction,Low,1,1,3,63.54,1,472
PCL-11032,PRJ-1172,Rajasthan,Jaipur,26.421928,73.688966,Airport Infrastructure,9.14,15,1.6411,0.6093,77.0,76.0,0,74,134,74,135,0.599,Partially Disbursed,Preliminary Notification (Sec 11),Resubmission Required,Full Possession,Moderate,Low,1,3,5,18.85,0,39
PCL-11033,PRJ-1021,Karnataka,Belagavi,15.281879,76.25963,Industrial Corridor / SEZ,150.38,237,1.576,0.6345,69.0,78.0,0,34,29,0,164,0.49,Partially Disbursed,Declaration Published (Sec 19),Approved,Initial Stage (<30%),Moderate,Medium,2,3,2,19.7,0,8
PCL-11034,PRJ-1118,Karnataka,Kalaburagi,15.795337,76.285303,Industrial Corridor / SEZ,41.55,87,2.0939,0.4776,95.0,43.0,0,0,98,38,253,0.165,Fully Disbursed,Declaration Published (Sec 19),Approved,Substantial Possession (>70%),Moderate,Medium,2,3,4,19.94,0,27
PCL-11035,PRJ-1034,Haryana,Hisar,29.60345,76.088775,Urban Metro / Transit,193.77,515,2.6578,0.3763,63.0,47.0,1,535,29,0,406,0.386,Disputed in Escrow,Possession Taken (Sec 38),Approved,Contested / Encroached,Low / Resistant,High,3,2,1,75.2,1,529
PCL-11036,PRJ-1230,Gujarat,Rajkot,22.182439,69.91235,Urban Metro / Transit,34.6,121,3.4971,0.2859,95.0,62.0,0,0,87,27,394,0.51,Fully Disbursed,Preliminary Notification (Sec 11),Resubmission Required,Full Possession,High / Cooperative,Medium,2,4,5,19.58,0,32
PCL-11037,PRJ-1237,Odisha,Sundargarh,20.836735,85.486933,Airport Infrastructure,28.25,57,2.0177,0.4956,35.0,64.0,0,69,24,0,272,0.504,Partially Disbursed,Declaration Published (Sec 19),Approved,Substantial Possession (>70%),Low / Resistant,Low,1,2,4,37.14,1,267
PCL-11038,PRJ-1020,Madhya Pradesh,Indore,25.528323,78.4557,Renewable / Solar Park,39.49,58,1.4687,0.6809,73.0,63.0,0,124,267,207,123,0.431,Partially Disbursed,Preliminary Notification (Sec 11),Under Scrutiny,Initial Stage (<30%),Moderate,Low,1,3,2,22.56,0,34
PCL-11039,PRJ-1200,Rajasthan,Kota,25.726132,74.705281,Renewable / Solar Park,49.57,75,1.513,0.6609,95.0,59.0,1,180,128,68,313,0.488,Pending Disbursal,Award Declared (Sec 23),Pending Environmental Clearance,Partial Possession (30-70%),High / Cooperative,Medium,2,4,3,49.23,1,158
PCL-11040,PRJ-1236,Haryana,Faridabad,29.474628,75.922604,Irrigation / Water Canal,35.03,31,0.885,1.13,45.0,71.0,0,64,142,82,144,0.57,Partially Disbursed,Notification Pending,Conditional Clearance,Partial Possession (30-70%),Moderate,High,3,3,3,25.68,1,287
PCL-11041,PRJ-1114,Odisha,Sundargarh,21.80236,84.575333,Highway / Expressway,24.97,54,2.1626,0.4624,82.0,31.0,1,50,15,0,161,0.186,Partially Disbursed,Award Declared (Sec 23),Approved,Contested / Encroached,Hostile / Legal Injunction,High,3,1,1,54.84,1,473
PCL-11042,PRJ-1092,Haryana,Karnal,30.243489,76.202366,Renewable / Solar Park,12.51,9,0.7194,1.3898,73.0,69.0,0,203,113,53,291,0.341,Pending Disbursal,Award Declared (Sec 23),Under Scrutiny,Contested / Encroached,High / Cooperative,Medium,2,4,1,27.75,0,29
PCL-11043,PRJ-1115,Madhya Pradesh,Jabalpur,25.835981,81.063308,Renewable / Solar Park,14.43,5,0.3465,2.8854,90.0,77.0,1,355,170,110,200,0.159,Pending Disbursal,Award Declared (Sec 23),Resubmission Required,Contested / Encroached,High / Cooperative,Medium,2,4,1,51.39,1,238
PCL-11044,PRJ-1009,Gujarat,Kutch,22.818663,72.376347,Irrigation / Water Canal,8.51,20,2.3502,0.4255,72.0,91.0,1,151,166,106,282,0.248,Pending Disbursal,Notification Pending,Conditional Clearance,Substantial Possession (>70%),High / Cooperative,Low,1,4,4,48.28,0,35
PCL-11045,PRJ-1247,Rajasthan,Jodhpur,26.685605,72.022408,Airport Infrastructure,21.19,36,1.6989,0.5886,71.0,55.0,1,224,15,0,339,0.393,Disputed in Escrow,Award Declared (Sec 23),Approved,Partial Possession (30-70%),Moderate,High,3,3,3,60.97,1,404
PCL-11046,PRJ-1233,Uttar Pradesh,Noida,25.415577,82.519036,Urban Metro / Transit,25.47,57,2.2379,0.4468,86.0,45.0,0,0,87,27,195,0.745,Fully Disbursed,Possession Taken (Sec 38),Under Scrutiny,Partial Possession (30-70%),High / Cooperative,Low,1,4,3,15.61,0,26
PCL-11047,PRJ-1219,Haryana,Panipat,29.123584,76.152908,Airport Infrastructure,13.49,41,3.0393,0.329,81.0,57.0,1,590,85,25,189,0.141,Disputed in Escrow,Preliminary Notification (Sec 11),Approved,Contested / Encroached,Low / Resistant,Medium,2,2,1,62.69,1,316
PCL-11048,PRJ-1182,Karnataka,Kalaburagi,13.418891,75.775384,Railway & Freight Corridor,24.48,31,1.2663,0.7897,71.0,57.0,1,157,18,0,236,0.763,Pending Disbursal,Possession Taken (Sec 38),Approved,Partial Possession (30-70%),Low / Resistant,Very High,4,2,3,57.9,1,525
PCL-11049,PRJ-1179,Gujarat,Vadodara,22.216361,72.966815,Airport Infrastructure,73.55,302,4.1061,0.2435,69.0,35.0,1,256,134,74,300,0.85,Pending Disbursal,Notification Pending,Under Scrutiny,Contested / Encroached,Hostile / Legal Injunction,High,3,1,1,70.72,1,587
PCL-11050,PRJ-1227,Rajasthan,Jodhpur,25.279968,76.139297,Railway & Freight Corridor,7.72,8,1.0363,0.9649,42.0,34.0,0,233,117,57,75,0.415,Pending Disbursal,Notification Pending,Under Scrutiny,Contested / Encroached,Low / Resistant,Medium,2,2,1,38.09,1,311
PCL-11051,PRJ-1187,Andhra Pradesh,Krishna,17.555051,79.604904,Industrial Corridor / SEZ,19.62,21,1.0703,0.9342,93.0,50.0,1,646,228,168,190,0.284,Disputed in Escrow,Preliminary Notification (Sec 11),Resubmission Required,Contested / Encroached,High / Cooperative,Medium,2,4,1,53.52,1,338
PCL-11052,PRJ-1171,Maharashtra,Nashik,18.123648,79.018477,Airport Infrastructure,20.42,25,1.2243,0.8168,50.0,61.0,0,180,46,0,184,0.591,Partially Disbursed,Declaration Published (Sec 19),Approved,Full Possession,High / Cooperative,Low,1,4,5,28.2,0,13
PCL-11053,PRJ-1060,Madhya Pradesh,Ujjain,25.566973,80.608305,Urban Metro / Transit,30.49,45,1.4759,0.6775,65.0,82.0,1,138,100,40,172,0.417,Partially Disbursed,Notification Pending,Conditional Clearance,Initial Stage (<30%),High / Cooperative,Low,1,4,2,45.92,1,109
PCL-11054,PRJ-1197,Gujarat,Bharuch,22.168894,71.777834,Airport Infrastructure,34.8,127,3.6494,0.274,79.0,68.0,0,306,166,106,205,0.382,Pending Disbursal,Possession Taken (Sec 38),Pending Environmental Clearance,Contested / Encroached,Low / Resistant,Low,1,2,1,35.16,1,250
PCL-11055,PRJ-1150,Maharashtra,Thane,19.915122,74.00811,Urban Metro / Transit,20.86,37,1.7737,0.5638,64.0,72.0,0,0,15,0,67,0.326,Fully Disbursed,Award Declared (Sec 23),Approved,Initial Stage (<30%),Moderate,Medium,2,3,2,16.26,1,179
PCL-11056,PRJ-1112,Odisha,Jajpur,21.644,84.51676,Irrigation / Water Canal,29.54,42,1.4218,0.7033,92.0,84.0,1,81,73,13,152,0.105,Partially Disbursed,Notification Pending,Approved,Contested / Encroached,Low / Resistant,High,3,2,1,44.73,1,301
PCL-11057,PRJ-1157,Odisha,Angul,21.172576,84.209258,Railway & Freight Corridor,35.33,45,1.2737,0.7851,61.0,37.0,1,194,127,67,334,0.679,Pending Disbursal,Notification Pending,Under Scrutiny,Full Possession,Low / Resistant,High,3,2,5,67.1,1,614
PCL-11058,PRJ-1045,Uttar Pradesh,Prayagraj,27.311535,79.005482,Renewable / Solar Park,30.58,34,1.1118,0.8994,73.0,69.0,0,226,65,5,177,0.578,Pending Disbursal,Possession Taken (Sec 38),Approved,Substantial Possession (>70%),High / Cooperative,Medium,2,4,4,24.43,0,29
PCL-11059,PRJ-1073,Uttar Pradesh,Noida,27.153279,80.809012,Highway / Expressway,35.28,62,1.7574,0.569,58.0,90.0,0,56,90,30,218,0.482,Partially Disbursed,Possession Taken (Sec 38),Approved,Initial Stage (<30%),High / Cooperative,Medium,2,4,2,19.88,0,33
PCL-11060,PRJ-1241,Madhya Pradesh,Gwalior,22.822416,77.975867,Railway & Freight Corridor,73.47,83,1.1297,0.8852,51.0,20.0,0,179,155,95,364,0.326,Partially Disbursed,Declaration Published (Sec 19),Resubmission Required,Initial Stage (<30%),Moderate,Medium,2,3,2,42.56,1,293
PCL-11061,PRJ-1110,Rajasthan,Udaipur,27.310376,76.251196,Renewable / Solar Park,38.23,81,2.1188,0.472,52.0,76.0,0,107,195,135,247,0.587,Partially Disbursed,Declaration Published (Sec 19),Under Scrutiny,Full Possession,Moderate,Medium,2,3,5,29.41,0,9
PCL-11062,PRJ-1187,Andhra Pradesh,Krishna,17.140869,79.248154,Industrial Corridor / SEZ,80.11,115,1.4355,0.6966,98.0,48.0,1,303,204,144,246,0.131,Pending Disbursal,Preliminary Notification (Sec 11),Under Scrutiny,Initial Stage (<30%),Moderate,High,3,3,2,56.03,1,417
PCL-11063,PRJ-1253,Odisha,Jajpur,20.119052,86.232253,Urban Metro / Transit,19.67,46,2.3386,0.4276,36.0,57.0,1,345,132,72,343,0.309,Pending Disbursal,Notification Pending,Conditional Clearance,Substantial Possession (>70%),Low / Resistant,High,3,2,4,76.64,1,446
PCL-11064,PRJ-1225,Odisha,Sundargarh,19.556989,85.591817,Airport Infrastructure,29.34,73,2.4881,0.4019,30.0,25.0,0,164,110,50,117,0.823,Partially Disbursed,Possession Taken (Sec 38),Conditional Clearance,Full Possession,Moderate,Low,1,3,5,36.38,1,275
PCL-11065,PRJ-1071,Maharashtra,Pune,19.730778,76.623198,Railway & Freight Corridor,12.71,45,3.5405,0.2824,72.0,30.0,0,55,210,150,78,0.185,Partially Disbursed,Declaration Published (Sec 19),Conditional Clearance,Substantial Possession (>70%),High / Cooperative,Low,1,4,4,17.79,0,8
PCL-11066,PRJ-1028,Gujarat,Ahmedabad,22.63914,69.812372,Irrigation / Water Canal,42.62,79,1.8536,0.5395,83.0,60.0,0,328,103,43,154,0.347,Pending Disbursal,Notification Pending,Under Scrutiny,Contested / Encroached,Moderate,Low,1,3,1,30.4,1,279
PCL-11067,PRJ-1108,Madhya Pradesh,Indore,25.100606,79.671085,Industrial Corridor / SEZ,25.55,34,1.3307,0.7514,65.0,46.0,0,45,116,56,127,0.227,Partially Disbursed,Preliminary Notification (Sec 11),Approved,Full Possession,High / Cooperative,Medium,2,4,5,19.01,1,163
PCL-11068,PRJ-1199,Karnataka,Belagavi,15.712494,77.156953,Renewable / Solar Park,225.34,406,1.8017,0.555,70.0,80.0,1,263,157,97,273,0.153,Disputed in Escrow,Declaration Published (Sec 19),Pending Environmental Clearance,Initial Stage (<30%),High / Cooperative,High,3,4,2,54.05,1,243
PCL-11069,PRJ-1048,Madhya Pradesh,Gwalior,22.150499,76.004978,Highway / Expressway,62.02,93,1.4995,0.6669,74.0,76.0,1,102,15,0,82,0.396,Pending Disbursal,Preliminary Notification (Sec 11),Approved,Initial Stage (<30%),Low / Resistant,High,3,2,2,47.37,1,287
PCL-11070,PRJ-1099,Haryana,Hisar,28.186053,77.114173,Highway / Expressway,75.4,141,1.87,0.5347,81.0,78.0,1,435,184,124,159,0.145,Disputed in Escrow,Preliminary Notification (Sec 11),Under Scrutiny,Substantial Possession (>70%),Hostile / Legal Injunction,Medium,2,1,4,63.21,1,462
PCL-11071,PRJ-1078,Tamil Nadu,Salem,12.037968,77.408235,Airport Infrastructure,15.21,45,2.9586,0.338,88.0,45.0,0,0,24,0,164,0.8,Fully Disbursed,Declaration Published (Sec 19),Approved,Substantial Possession (>70%),Hostile / Legal Injunction,High,3,1,4,25.3,1,362
PCL-11072,PRJ-1058,Uttar Pradesh,Prayagraj,26.350779,78.61433,Irrigation / Water Canal,13.37,21,1.5707,0.6366,54.0,78.0,1,117,118,58,334,0.85,Partially Disbursed,Notification Pending,Conditional Clearance,Contested / Encroached,Moderate,Low,1,3,1,57.48,1,341
PCL-11073,PRJ-1110,Rajasthan,Udaipur,24.212901,74.424115,Renewable / Solar Park,29.84,43,1.441,0.6939,71.0,77.0,0,107,30,0,330,0.384,Partially Disbursed,Notification Pending,Approved,Partial Possession (30-70%),Moderate,Low,1,3,3,28.62,1,178
PCL-11074,PRJ-1146,Karnataka,Dharwad,12.661276,76.336837,Industrial Corridor / SEZ,27.92,39,1.3968,0.7159,70.0,42.0,0,113,15,0,166,0.654,Partially Disbursed,Declaration Published (Sec 19),Approved,Full Possession,Low / Resistant,Medium,2,2,5,30.17,1,287
PCL-11075,PRJ-1100,Rajasthan,Udaipur,27.132753,73.21369,Railway & Freight Corridor,83.38,160,1.9189,0.5211,89.0,73.0,1,515,130,70,353,0.78,Disputed in Escrow,Preliminary Notification (Sec 11),Conditional Clearance,Partial Possession (30-70%),Hostile / Legal Injunction,High,3,1,3,69.39,1,487
PCL-11076,PRJ-1177,Andhra Pradesh,Krishna,14.614095,81.453347,Irrigation / Water Canal,70.9,88,1.2412,0.8057,54.0,75.0,0,0,31,0,81,0.43,Fully Disbursed,Award Declared (Sec 23),Approved,Initial Stage (<30%),High / Cooperative,Low,1,4,2,14.74,0,29
PCL-11077,PRJ-1199,Karnataka,Belagavi,14.054031,77.506864,Renewable / Solar Park,68.14,60,0.8805,1.1356,64.0,91.0,0,36,158,98,262,0.671,Partially Disbursed,Declaration Published (Sec 19),Resubmission Required,Initial Stage (<30%),Low / Resistant,Low,1,2,2,26.9,1,280
PCL-11078,PRJ-1186,Gujarat,Surat,22.831328,71.158966,Airport Infrastructure,33.46,93,2.7794,0.3598,90.0,89.0,0,0,62,2,105,0.372,Fully Disbursed,Preliminary Notification (Sec 11),Approved,Initial Stage (<30%),High / Cooperative,Low,1,4,2,7.04,1,91
PCL-11079,PRJ-1065,Haryana,Karnal,30.114026,76.55899,Industrial Corridor / SEZ,27.97,47,1.6804,0.5951,60.0,71.0,0,0,43,0,191,0.586,Fully Disbursed,Preliminary Notification (Sec 11),Approved,Partial Possession (30-70%),High / Cooperative,Low,1,4,3,18.06,0,24
PCL-11080,PRJ-1064,Madhya Pradesh,Jabalpur,22.124185,77.374395,Industrial Corridor / SEZ,89.68,165,1.8399,0.5435,78.0,61.0,1,306,129,69,135,0.398,Pending Disbursal,Award Declared (Sec 23),Under Scrutiny,Partial Possession (30-70%),Low / Resistant,Very High,4,2,3,58.44,1,454
PCL-11081,PRJ-1179,Gujarat,Vadodara,22.128712,70.920748,Airport Infrastructure,15.11,29,1.9193,0.521,96.0,18.0,0,218,65,5,69,0.109,Pending Disbursal,Possession Taken (Sec 38),Approved,Substantial Possession (>70%),High / Cooperative,Low,1,4,4,20.55,0,39
PCL-11082,PRJ-1061,Rajasthan,Kota,27.55794,74.08368,Renewable / Solar Park,17.06,22,1.2896,0.7754,73.0,74.0,0,55,72,12,303,0.417,Partially Disbursed,Possession Taken (Sec 38),Approved,Partial Possession (30-70%),Low / Resistant,Low,1,2,3,29.12,1,227
PCL-11083,PRJ-1022,Gujarat,Vadodara,22.628681,71.324148,Highway / Expressway,22.88,45,1.9668,0.5084,69.0,22.0,0,0,121,61,171,0.691,Fully Disbursed,Preliminary Notification (Sec 11),Resubmission Required,Partial Possession (30-70%),High / Cooperative,Medium,2,4,3,20.41,1,149
PCL-11084,PRJ-1022,Gujarat,Vadodara,22.234902,69.497332,Highway / Expressway,28.23,5,0.1771,5.6449,79.0,65.0,0,237,109,49,166,0.631,Pending Disbursal,Award Declared (Sec 23),Resubmission Required,Contested / Encroached,High / Cooperative,Medium,2,4,1,23.66,1,192
PCL-11085,PRJ-1206,Haryana,Faridabad,28.469954,76.887723,Irrigation / Water Canal,78.16,50,0.6397,1.5632,68.0,78.0,0,120,15,0,108,0.601,Partially Disbursed,Possession Taken (Sec 38),Approved,Substantial Possession (>70%),High / Cooperative,Medium,2,4,4,17.58,1,122
PCL-11086,PRJ-1062,Rajasthan,Jaipur,26.519535,73.0192,Irrigation / Water Canal,28.14,57,2.0256,0.4937,38.0,84.0,1,142,186,126,353,0.453,Partially Disbursed,Award Declared (Sec 23),Conditional Clearance,Contested / Encroached,Low / Resistant,High,3,2,1,65.57,1,457
PCL-11087,PRJ-1077,Uttar Pradesh,Kanpur,25.318374,81.209795,Railway & Freight Corridor,17.0,8,0.4706,2.1247,67.0,43.0,1,0,82,22,243,0.386,Fully Disbursed,Award Declared (Sec 23),Approved,Partial Possession (30-70%),Low / Resistant,High,3,2,3,53.91,1,454
PCL-11088,PRJ-1013,Haryana,Karnal,29.862231,77.060696,Renewable / Solar Park,17.7,2,0.113,8.8456,30.0,76.0,1,100,106,46,151,0.342,Pending Disbursal,Award Declared (Sec 23),Under Scrutiny,Initial Stage (<30%),Low / Resistant,Medium,2,2,2,58.67,1,298
PCL-11089,PRJ-1139,Maharashtra,Nagpur,19.71509,75.066301,Highway / Expressway,33.3,59,1.7718,0.5644,83.0,21.0,0,0,171,111,293,0.373,Fully Disbursed,Notification Pending,Under Scrutiny,Partial Possession (30-70%),High / Cooperative,Medium,2,4,3,22.29,1,129
PCL-11090,PRJ-1255,Haryana,Hisar,30.280226,76.3005,Highway / Expressway,32.3,39,1.2074,0.8282,58.0,61.0,1,142,144,84,182,0.219,Partially Disbursed,Preliminary Notification (Sec 11),Conditional Clearance,Partial Possession (30-70%),Low / Resistant,Very High,4,2,3,57.46,1,462
PCL-11091,PRJ-1150,Maharashtra,Thane,18.345961,78.861685,Urban Metro / Transit,18.95,77,4.0633,0.2461,67.0,20.0,0,176,99,39,282,0.446,Partially Disbursed,Award Declared (Sec 23),Approved,Partial Possession (30-70%),High / Cooperative,Low,1,4,3,32.41,0,0
PCL-11092,PRJ-1224,Gujarat,Vadodara,21.580744,72.292659,Industrial Corridor / SEZ,54.47,94,1.7257,0.5795,80.0,23.0,0,318,40,0,238,0.404,Pending Disbursal,Preliminary Notification (Sec 11),Approved,Contested / Encroached,Moderate,Medium,2,3,1,37.44,1,172
PCL-11093,PRJ-1221,Tamil Nadu,Salem,12.433613,80.012839,Industrial Corridor / SEZ,67.75,45,0.6642,1.5055,53.0,14.0,0,177,41,0,272,0.419,Pending Disbursal,Preliminary Notification (Sec 11),Approved,Full Possession,High / Cooperative,Low,1,4,5,35.47,1,253
PCL-11094,PRJ-1015,Rajasthan,Alwar,26.825628,74.946597,Renewable / Solar Park,26.89,34,1.2644,0.7909,47.0,86.0,1,222,160,100,31,0.36,Disputed in Escrow,Declaration Published (Sec 19),Approved,Contested / Encroached,Hostile / Legal Injunction,High,3,1,1,58.54,1,510
PCL-11095,PRJ-1259,Andhra Pradesh,Visakhapatnam,17.943784,81.872193,Urban Metro / Transit,61.97,177,2.8562,0.3501,89.0,61.0,0,365,158,98,217,0.466,Pending Disbursal,Notification Pending,Under Scrutiny,Contested / Encroached,High / Cooperative,Medium,2,4,1,29.24,0,1
PCL-11096,PRJ-1016,Tamil Nadu,Tiruchirappalli,12.322084,79.689342,Railway & Freight Corridor,172.02,335,1.9474,0.5135,76.0,89.0,1,60,65,5,87,0.66,Partially Disbursed,Possession Taken (Sec 38),Pending Environmental Clearance,Contested / Encroached,Hostile / Legal Injunction,Very High,4,1,1,47.88,1,532
PCL-11097,PRJ-1120,Tamil Nadu,Kanchipuram,11.491698,78.415096,Airport Infrastructure,22.7,70,3.0837,0.3243,88.0,29.0,0,222,50,0,147,0.15,Pending Disbursal,Notification Pending,Approved,Initial Stage (<30%),High / Cooperative,Medium,2,4,2,24.14,0,0
PCL-11098,PRJ-1048,Madhya Pradesh,Gwalior,25.696767,76.200912,Highway / Expressway,18.13,4,0.2206,4.5314,50.0,62.0,0,51,98,38,242,0.577,Partially Disbursed,Declaration Published (Sec 19),Under Scrutiny,Substantial Possession (>70%),High / Cooperative,Medium,2,4,4,24.97,0,36
PCL-11099,PRJ-1085,Andhra Pradesh,Visakhapatnam,16.689568,80.125025,Irrigation / Water Canal,45.93,104,2.2643,0.4416,54.0,75.0,0,334,54,0,217,0.654,Pending Disbursal,Preliminary Notification (Sec 11),Approved,Initial Stage (<30%),Moderate,Low,1,3,2,37.31,1,272
PCL-11100,PRJ-1061,Rajasthan,Kota,25.188066,75.713778,Renewable / Solar Park,6.0,7,1.1667,0.857,64.0,45.0,1,508,87,27,217,0.721,Disputed in Escrow,Declaration Published (Sec 19),Approved,Partial Possession (30-70%),High / Cooperative,Medium,2,4,3,60.84,1,348
PCL-11101,PRJ-1115,Madhya Pradesh,Jabalpur,23.51655,77.465276,Renewable / Solar Park,43.04,33,0.7667,1.3042,44.0,25.0,1,508,22,0,413,0.265,Disputed in Escrow,Possession Taken (Sec 38),Approved,Initial Stage (<30%),Low / Resistant,High,3,2,2,81.2,1,560
PCL-11102,PRJ-1216,Gujarat,Kutch,23.085832,70.295376,Railway & Freight Corridor,37.63,57,1.5147,0.6602,76.0,79.0,0,36,181,121,327,0.156,Partially Disbursed,Award Declared (Sec 23),Under Scrutiny,Full Possession,High / Cooperative,Medium,2,4,5,20.64,1,135
PCL-11103,PRJ-1174,Odisha,Angul,19.815745,84.434317,Irrigation / Water Canal,30.79,72,2.3384,0.4276,98.0,50.0,0,0,135,75,258,0.641,Fully Disbursed,Notification Pending,Under Scrutiny,Full Possession,Moderate,Medium,2,3,5,18.83,0,7
PCL-11104,PRJ-1114,Odisha,Sundargarh,20.241387,85.130352,Highway / Expressway,37.04,46,1.2419,0.8052,76.0,76.0,0,382,52,0,267,0.124,Disputed in Escrow,Possession Taken (Sec 38),Approved,Contested / Encroached,High / Cooperative,Low,1,4,1,32.21,0,22
PCL-11105,PRJ-1035,Uttar Pradesh,Prayagraj,26.494709,81.415491,Irrigation / Water Canal,42.66,34,0.797,1.2547,62.0,38.0,0,93,175,115,335,0.492,Partially Disbursed,Award Declared (Sec 23),Under Scrutiny,Contested / Encroached,High / Cooperative,Low,1,4,1,30.18,1,171
PCL-11106,PRJ-1084,Andhra Pradesh,Guntur,18.443748,82.328351,Irrigation / Water Canal,16.85,25,1.4837,0.674,86.0,54.0,0,264,184,124,267,0.618,Pending Disbursal,Declaration Published (Sec 19),Resubmission Required,Full Possession,High / Cooperative,Low,1,4,5,28.26,1,197
PCL-11107,PRJ-1049,Odisha,Angul,20.591582,86.155349,Irrigation / Water Canal,16.21,39,2.4059,0.4156,91.0,84.0,0,156,27,0,45,0.537,Partially Disbursed,Declaration Published (Sec 19),Approved,Substantial Possession (>70%),Moderate,High,3,3,4,15.25,1,105
PCL-11108,PRJ-1017,Tamil Nadu,Madurai,12.518342,79.210745,Urban Metro / Transit,27.59,69,2.5009,0.3998,83.0,56.0,0,153,129,69,373,0.595,Partially Disbursed,Preliminary Notification (Sec 11),Conditional Clearance,Full Possession,Moderate,High,3,3,5,31.83,1,277
PCL-11109,PRJ-1022,Gujarat,Vadodara,22.635443,73.258275,Highway / Expressway,19.04,34,1.7857,0.56,75.0,64.0,1,50,57,0,113,0.354,Partially Disbursed,Possession Taken (Sec 38),Approved,Initial Stage (<30%),Low / Resistant,High,3,2,2,47.39,0,59
PCL-11110,PRJ-1168,Haryana,Panipat,29.544114,77.296322,Airport Infrastructure,51.65,166,3.2139,0.3111,78.0,69.0,1,217,70,10,311,0.357,Pending Disbursal,Notification Pending,Approved,Initial Stage (<30%),Low / Resistant,Very High,4,2,2,60.58,1,354
PCL-11111,PRJ-1196,Madhya Pradesh,Gwalior,24.545774,79.457611,Airport Infrastructure,14.13,60,4.2463,0.2355,81.0,55.0,0,115,15,0,314,0.491,Pending Disbursal,Preliminary Notification (Sec 11),Approved,Full Possession,Moderate,Low,1,3,5,28.55,0,42
PCL-11112,PRJ-1245,Haryana,Faridabad,30.437242,76.018153,Railway & Freight Corridor,68.17,136,1.995,0.5012,80.0,26.0,1,306,15,0,128,0.554,Pending Disbursal,Preliminary Notification (Sec 11),Approved,Initial Stage (<30%),High / Cooperative,High,3,4,2,53.78,1,377
PCL-11113,PRJ-1203,Rajasthan,Jaipur,24.961423,72.904889,Irrigation / Water Canal,20.72,16,0.7722,1.2949,77.0,67.0,0,0,158,98,369,0.142,Fully Disbursed,Award Declared (Sec 23),Under Scrutiny,Substantial Possession (>70%),High / Cooperative,Medium,2,4,4,21.74,1,91
PCL-11114,PRJ-1155,Andhra Pradesh,Guntur,17.600772,79.513696,Irrigation / Water Canal,23.11,41,1.7741,0.5636,85.0,36.0,0,529,136,76,180,0.229,Disputed in Escrow,Award Declared (Sec 23),Conditional Clearance,Contested / Encroached,High / Cooperative,Low,1,4,1,31.15,0,8
PCL-11115,PRJ-1223,Andhra Pradesh,Guntur,15.947896,80.061255,Industrial Corridor / SEZ,63.69,56,0.8793,1.1373,51.0,95.0,0,251,194,134,248,0.398,Pending Disbursal,Possession Taken (Sec 38),Pending Environmental Clearance,Initial Stage (<30%),High / Cooperative,Medium,2,4,2,29.92,1,130
PCL-11116,PRJ-1015,Rajasthan,Alwar,26.563325,75.666849,Renewable / Solar Park,51.85,41,0.7907,1.2646,27.0,62.0,0,104,98,38,278,0.343,Pending Disbursal,Possession Taken (Sec 38),Approved,Initial Stage (<30%),Moderate,Low,1,3,2,36.85,1,191
PCL-11117,PRJ-1196,Madhya Pradesh,Gwalior,25.496428,80.517445,Airport Infrastructure,41.26,76,1.842,0.5429,16.0,27.0,1,261,118,58,127,0.272,Pending Disbursal,Notification Pending,Under Scrutiny,Partial Possession (30-70%),Low / Resistant,Medium,2,2,3,72.09,1,437
PCL-11118,PRJ-1218,Haryana,Hisar,28.434634,75.904802,Highway / Expressway,58.42,36,0.6162,1.6227,79.0,46.0,0,0,85,25,184,0.756,Fully Disbursed,Possession Taken (Sec 38),Under Scrutiny,Substantial Possession (>70%),Low / Resistant,Low,1,2,4,24.0,1,223
PCL-11119,PRJ-1035,Uttar Pradesh,Prayagraj,26.376488,78.609744,Irrigation / Water Canal,42.32,30,0.7089,1.4106,91.0,61.0,0,347,151,91,174,0.552,Pending Disbursal,Award Declared (Sec 23),Under Scrutiny,Initial Stage (<30%),High / Cooperative,Medium,2,4,2,26.49,1,187
PCL-11120,PRJ-1031,Maharashtra,Aurangabad,18.067746,78.838398,Irrigation / Water Canal,28.61,41,1.4331,0.6978,85.0,78.0,0,156,15,0,211,0.454,Partially Disbursed,Notification Pending,Approved,Initial Stage (<30%),Moderate,Low,1,3,2,23.27,1,126
PCL-11121,PRJ-1184,Haryana,Faridabad,29.115812,77.042628,Airport Infrastructure,124.25,192,1.5453,0.6471,82.0,64.0,0,0,118,58,194,0.405,Fully Disbursed,Award Declared (Sec 23),Pending Environmental Clearance,Substantial Possession (>70%),Moderate,Very High,4,3,4,18.23,1,175
PCL-11122,PRJ-1057,Gujarat,Rajkot,23.716613,69.285273,Industrial Corridor / SEZ,35.46,50,1.41,0.7092,93.0,49.0,0,0,185,125,246,0.244,Fully Disbursed,Award Declared (Sec 23),Under Scrutiny,Partial Possession (30-70%),Moderate,Low,1,3,3,19.47,0,3
PCL-11123,PRJ-1237,Odisha,Sundargarh,20.99068,86.678998,Airport Infrastructure,24.27,79,3.255,0.3072,93.0,60.0,0,0,129,69,267,0.675,Fully Disbursed,Preliminary Notification (Sec 11),Under Scrutiny,Partial Possession (30-70%),High / Cooperative,Medium,2,4,3,15.41,1,139
PCL-11124,PRJ-1167,Gujarat,Surat,23.598085,70.642928,Airport Infrastructure,10.81,22,2.0352,0.4913,60.0,50.0,0,0,208,148,275,0.159,Fully Disbursed,Award Declared (Sec 23),Under Scrutiny,Full Possession,High / Cooperative,Very High,4,4,5,23.31,1,188
PCL-11125,PRJ-1101,Andhra Pradesh,Guntur,17.770244,78.425849,Irrigation / Water Canal,19.1,13,0.6806,1.4691,51.0,31.0,0,0,151,91,70,0.596,Fully Disbursed,Notification Pending,Under Scrutiny,Partial Possession (30-70%),Low / Resistant,Low,1,2,3,26.82,0,15
PCL-11126,PRJ-1044,Madhya Pradesh,Jabalpur,24.033301,80.81749,Urban Metro / Transit,17.66,39,2.2084,0.4528,33.0,69.0,1,265,59,0,288,0.64,Disputed in Escrow,Possession Taken (Sec 38),Approved,Substantial Possession (>70%),Low / Resistant,Low,1,2,4,70.69,1,499
PCL-11127,PRJ-1195,Andhra Pradesh,Visakhapatnam,17.064365,82.066274,Renewable / Solar Park,62.54,97,1.551,0.6447,54.0,78.0,0,124,139,79,117,0.344,Pending Disbursal,Notification Pending,Conditional Clearance,Initial Stage (<30%),High / Cooperative,Medium,2,4,2,20.88,0,9
PCL-11128,PRJ-1100,Rajasthan,Udaipur,24.196081,74.642397,Railway & Freight Corridor,21.74,39,1.7939,0.5574,89.0,47.0,0,0,191,131,73,0.451,Fully Disbursed,Notification Pending,Pending Environmental Clearance,Full Possession,Moderate,Low,1,3,5,13.99,1,167
PCL-11129,PRJ-1157,Odisha,Angul,19.58072,86.366164,Railway & Freight Corridor,43.58,84,1.9275,0.5188,67.0,63.0,1,382,102,42,182,0.609,Disputed in Escrow,Possession Taken (Sec 38),Under Scrutiny,Partial Possession (30-70%),Low / Resistant,High,3,2,3,64.62,1,467
PCL-11130,PRJ-1177,Andhra Pradesh,Krishna,18.401154,79.416385,Irrigation / Water Canal,107.94,98,0.9079,1.1014,83.0,24.0,0,0,102,42,138,0.428,Fully Disbursed,Notification Pending,Approved,Substantial Possession (>70%),High / Cooperative,Medium,2,4,4,16.18,1,97
PCL-11131,PRJ-1112,Odisha,Jajpur,20.720875,86.167551,Irrigation / Water Canal,32.82,37,1.1274,0.887,82.0,39.0,0,112,114,54,235,0.523,Partially Disbursed,Declaration Published (Sec 19),Under Scrutiny,Full Possession,Moderate,Medium,2,3,5,26.87,1,247
PCL-11132,PRJ-1258,Odisha,Cuttack,20.88248,84.739733,Industrial Corridor / SEZ,8.14,16,1.9656,0.5087,92.0,32.0,0,450,123,63,171,0.503,Disputed in Escrow,Notification Pending,Conditional Clearance,Contested / Encroached,Moderate,Medium,2,3,1,33.56,1,328
PCL-11133,PRJ-1032,Madhya Pradesh,Ujjain,23.39673,81.355816,Railway & Freight Corridor,117.46,152,1.2941,0.7728,67.0,78.0,1,528,15,0,171,0.656,Disputed in Escrow,Declaration Published (Sec 19),Approved,Partial Possession (30-70%),Hostile / Legal Injunction,High,3,1,3,66.46,1,607
PCL-11134,PRJ-1196,Madhya Pradesh,Gwalior,25.176079,76.170189,Airport Infrastructure,46.62,84,1.8018,0.555,65.0,71.0,0,0,94,34,146,0.788,Fully Disbursed,Notification Pending,Approved,Substantial Possession (>70%),Moderate,Low,1,3,4,19.12,1,155
PCL-11135,PRJ-1256,Tamil Nadu,Coimbatore,9.652284,79.901847,Industrial Corridor / SEZ,32.14,42,1.3068,0.7652,33.0,82.0,1,205,157,97,209,0.539,Disputed in Escrow,Notification Pending,Under Scrutiny,Partial Possession (30-70%),Moderate,High,3,3,3,60.21,1,377
PCL-11136,PRJ-1023,Maharashtra,Nagpur,20.417022,73.145378,Highway / Expressway,39.37,45,1.143,0.8749,72.0,38.0,0,0,15,0,182,0.365,Fully Disbursed,Possession Taken (Sec 38),Approved,Full Possession,High / Cooperative,High,3,4,5,18.63,1,206
PCL-11137,PRJ-1247,Rajasthan,Jodhpur,27.19541,71.768046,Airport Infrastructure,55.75,157,2.8161,0.3551,54.0,44.0,1,45,123,63,113,0.457,Partially Disbursed,Declaration Published (Sec 19),Pending Environmental Clearance,Partial Possession (30-70%),Moderate,Very High,4,3,3,49.64,1,345
PCL-11138,PRJ-1125,Uttar Pradesh,Prayagraj,27.229921,78.509283,Highway / Expressway,5.98,11,1.8395,0.5436,80.0,43.0,0,170,95,35,71,0.649,Partially Disbursed,Declaration Published (Sec 19),Approved,Full Possession,High / Cooperative,Low,1,4,5,19.35,0,25
PCL-11139,PRJ-1051,Andhra Pradesh,Kurnool,14.203425,79.022923,Renewable / Solar Park,54.98,97,1.7643,0.5668,68.0,77.0,0,0,189,129,217,0.364,Fully Disbursed,Award Declared (Sec 23),Conditional Clearance,Full Possession,Moderate,Low,1,3,5,20.59,1,169
PCL-11140,PRJ-1195,Andhra Pradesh,Visakhapatnam,15.975153,78.415211,Renewable / Solar Park,62.72,24,0.3827,2.6132,72.0,53.0,0,138,80,20,120,0.167,Partially Disbursed,Award Declared (Sec 23),Approved,Full Possession,High / Cooperative,Medium,2,4,5,20.47,0,0
PCL-11141,PRJ-1154,Maharashtra,Pune,20.565761,77.587336,Irrigation / Water Canal,64.86,100,1.5418,0.6486,75.0,55.0,0,0,86,26,342,0.616,Fully Disbursed,Possession Taken (Sec 38),Under Scrutiny,Full Possession,Hostile / Legal Injunction,High,3,1,5,33.58,1,433
PCL-11142,PRJ-1138,Haryana,Gurugram,29.903822,76.441924,Renewable / Solar Park,131.69,178,1.3517,0.7398,25.0,52.0,0,0,62,2,96,0.211,Fully Disbursed,Notification Pending,Approved,Substantial Possession (>70%),Low / Resistant,Low,1,2,4,30.9,1,217
PCL-11143,PRJ-1208,Rajasthan,Alwar,24.750945,74.630906,Industrial Corridor / SEZ,29.64,42,1.417,0.7057,67.0,53.0,0,174,162,102,260,0.456,Partially Disbursed,Preliminary Notification (Sec 11),Under Scrutiny,Contested / Encroached,Moderate,Medium,2,3,1,31.95,1,325
PCL-11144,PRJ-1038,Madhya Pradesh,Bhopal,23.651971,77.424373,Irrigation / Water Canal,27.85,45,1.6158,0.6189,82.0,71.0,0,126,212,152,271,0.196,Partially Disbursed,Preliminary Notification (Sec 11),Under Scrutiny,Full Possession,High / Cooperative,Low,1,4,5,21.84,1,91
PCL-11145,PRJ-1045,Uttar Pradesh,Prayagraj,25.501184,82.808369,Renewable / Solar Park,19.16,24,1.2526,0.7983,35.0,77.0,1,185,70,10,190,0.528,Pending Disbursal,Possession Taken (Sec 38),Approved,Contested / Encroached,Hostile / Legal Injunction,Medium,2,1,1,66.28,1,410
PCL-11146,PRJ-1189,Haryana,Gurugram,30.292858,77.337416,Highway / Expressway,23.77,44,1.8511,0.5402,78.0,59.0,0,0,127,67,150,0.311,Fully Disbursed,Possession Taken (Sec 38),Under Scrutiny,Partial Possession (30-70%),Moderate,Medium,2,3,3,17.88,0,27
PCL-11147,PRJ-1152,Madhya Pradesh,Ujjain,23.744425,76.233221,Urban Metro / Transit,6.17,15,2.4311,0.4113,41.0,80.0,1,53,112,52,346,0.342,Partially Disbursed,Notification Pending,Conditional Clearance,Partial Possession (30-70%),Low / Resistant,Medium,2,2,3,61.45,1,432
PCL-11148,PRJ-1084,Andhra Pradesh,Guntur,14.670018,82.670823,Irrigation / Water Canal,126.63,132,1.0424,0.9593,71.0,47.0,0,225,47,0,225,0.325,Pending Disbursal,Award Declared (Sec 23),Approved,Substantial Possession (>70%),High / Cooperative,Medium,2,4,4,28.78,0,0
PCL-11149,PRJ-1151,Karnataka,Bengaluru Rural,14.376957,77.217005,Renewable / Solar Park,25.3,31,1.2253,0.8161,33.0,61.0,1,154,192,132,164,0.629,Pending Disbursal,Award Declared (Sec 23),Under Scrutiny,Full Possession,Low / Resistant,Medium,2,2,5,62.28,1,537
PCL-11150,PRJ-1026,Gujarat,Ahmedabad,21.233771,70.806913,Industrial Corridor / SEZ,69.17,125,1.8071,0.5534,51.0,41.0,0,84,75,15,232,0.466,Partially Disbursed,Declaration Published (Sec 19),Approved,Initial Stage (<30%),Moderate,High,3,3,2,31.6,0,43
PCL-11151,PRJ-1168,Haryana,Panipat,30.179818,77.23241,Airport Infrastructure,35.92,78,2.1715,0.4605,69.0,26.0,0,354,15,0,240,0.08,Pending Disbursal,Declaration Published (Sec 19),Approved,Partial Possession (30-70%),High / Cooperative,Low,1,4,3,37.15,0,8
PCL-11152,PRJ-1215,Uttar Pradesh,Agra,25.296459,83.134627,Irrigation / Water Canal,25.36,15,0.5915,1.6906,75.0,35.0,1,119,179,119,111,0.104,Partially Disbursed,Notification Pending,Under Scrutiny,Contested / Encroached,Low / Resistant,High,3,2,1,53.05,1,495
PCL-11153,PRJ-1191,Haryana,Karnal,30.389339,76.709795,Highway / Expressway,17.53,32,1.8254,0.5478,39.0,64.0,0,0,76,16,111,0.711,Fully Disbursed,Declaration Published (Sec 19),Approved,Partial Possession (30-70%),High / Cooperative,High,3,4,3,19.96,1,151
PCL-11154,PRJ-1186,Gujarat,Surat,21.709497,72.644538,Airport Infrastructure,78.33,300,3.83,0.2611,49.0,71.0,0,0,132,72,301,0.185,Fully Disbursed,Preliminary Notification (Sec 11),Conditional Clearance,Substantial Possession (>70%),Moderate,Low,1,3,4,28.14,0,27
PCL-11155,PRJ-1248,Karnataka,Kalaburagi,13.806486,76.792115,Irrigation / Water Canal,18.13,31,1.7099,0.5848,57.0,78.0,0,113,101,41,289,0.343,Partially Disbursed,Award Declared (Sec 23),Approved,Substantial Possession (>70%),Moderate,Low,1,3,4,30.03,0,20
PCL-11156,PRJ-1212,Karnataka,Dharwad,15.456181,76.38387,Highway / Expressway,21.06,27,1.2821,0.78,47.0,50.0,0,149,123,63,308,0.324,Pending Disbursal,Possession Taken (Sec 38),Conditional Clearance,Full Possession,High / Cooperative,Medium,2,4,5,33.27,0,38
PCL-11157,PRJ-1073,Uttar Pradesh,Noida,28.373174,79.141797,Highway / Expressway,38.03,23,0.6048,1.6534,49.0,62.0,0,39,78,18,136,0.08,Partially Disbursed,Award Declared (Sec 23),Approved,Full Possession,High / Cooperative,Medium,2,4,5,20.7,0,26
PCL-11158,PRJ-1207,Madhya Pradesh,Gwalior,23.025828,76.222326,Industrial Corridor / SEZ,30.94,50,1.616,0.6188,81.0,64.0,0,142,134,74,312,0.401,Partially Disbursed,Award Declared (Sec 23),Under Scrutiny,Initial Stage (<30%),Hostile / Legal Injunction,Low,1,1,2,36.19,1,425
PCL-11159,PRJ-1078,Tamil Nadu,Salem,10.980301,77.237474,Airport Infrastructure,50.77,203,3.9984,0.2501,56.0,56.0,0,0,146,86,330,0.419,Fully Disbursed,Notification Pending,Under Scrutiny,Contested / Encroached,Moderate,Very High,4,3,1,29.33,0,16
PCL-11160,PRJ-1258,Odisha,Cuttack,20.057603,84.869827,Industrial Corridor / SEZ,21.65,38,1.7552,0.5697,71.0,85.0,0,242,166,106,155,0.593,Pending Disbursal,Possession Taken (Sec 38),Pending Environmental Clearance,Initial Stage (<30%),Moderate,High,3,3,2,26.81,1,297
PCL-11161,PRJ-1028,Gujarat,Ahmedabad,22.341997,71.005067,Irrigation / Water Canal,10.3,2,0.1942,5.1474,90.0,35.0,0,0,157,97,148,0.441,Fully Disbursed,Award Declared (Sec 23),Resubmission Required,Full Possession,High / Cooperative,Low,1,4,5,14.05,0,25
PCL-11162,PRJ-1005,Gujarat,Ahmedabad,22.772793,71.429705,Industrial Corridor / SEZ,34.79,31,0.8911,1.1222,83.0,50.0,0,37,97,37,279,0.138,Partially Disbursed,Notification Pending,Approved,Full Possession,High / Cooperative,High,3,4,5,20.38,0,15
PCL-11163,PRJ-1237,Odisha,Sundargarh,21.575164,86.59179,Airport Infrastructure,30.1,64,2.1262,0.4703,83.0,43.0,0,0,166,106,196,0.522,Fully Disbursed,Possession Taken (Sec 38),Under Scrutiny,Full Possession,High / Cooperative,Very High,4,4,5,16.45,0,18
PCL-11164,PRJ-1087,Tamil Nadu,Kanchipuram,11.705076,78.308981,Irrigation / Water Canal,101.15,141,1.394,0.7174,91.0,71.0,0,0,133,73,241,0.523,Fully Disbursed,Preliminary Notification (Sec 11),Under Scrutiny,Contested / Encroached,Moderate,High,3,3,1,17.49,0,36
PCL-11165,PRJ-1070,Rajasthan,Jaipur,24.85186,76.36659,Irrigation / Water Canal,26.91,58,2.1553,0.464,56.0,57.0,0,0,155,95,30,0.28,Fully Disbursed,Possession Taken (Sec 38),Conditional Clearance,Partial Possession (30-70%),Moderate,High,3,3,3,17.97,1,170
PCL-11166,PRJ-1173,Rajasthan,Kota,24.994235,75.294898,Urban Metro / Transit,56.57,110,1.9445,0.5143,68.0,48.0,1,312,250,190,210,0.557,Disputed in Escrow,Possession Taken (Sec 38),Under Scrutiny,Initial Stage (<30%),Hostile / Legal Injunction,High,3,1,2,68.55,1,660
PCL-11167,PRJ-1253,Odisha,Jajpur,19.809722,85.245944,Urban Metro / Transit,22.63,49,2.1653,0.4618,64.0,64.0,1,277,60,0,165,0.359,Pending Disbursal,Preliminary Notification (Sec 11),Pending Environmental Clearance,Initial Stage (<30%),Moderate,Low,1,3,2,57.12,1,313
PCL-11168,PRJ-1025,Odisha,Sundargarh,19.575279,85.11021,Highway / Expressway,67.45,139,2.0608,0.4852,57.0,23.0,0,0,15,0,206,0.615,Fully Disbursed,Notification Pending,Approved,Full Possession,Low / Resistant,Medium,2,2,5,31.52,1,333
PCL-11169,PRJ-1110,Rajasthan,Udaipur,25.934996,74.038245,Renewable / Solar Park,30.16,41,1.3594,0.7356,55.0,75.0,0,54,85,25,267,0.134,Partially Disbursed,Declaration Published (Sec 19),Resubmission Required,Full Possession,High / Cooperative,High,3,4,5,23.73,0,10
PCL-11170,PRJ-1184,Haryana,Faridabad,28.88066,76.975081,Airport Infrastructure,21.0,70,3.3333,0.3,60.0,64.0,0,0,32,0,276,0.21,Fully Disbursed,Preliminary Notification (Sec 11),Approved,Initial Stage (<30%),High / Cooperative,Medium,2,4,2,21.95,0,0
PCL-11171,PRJ-1010,Madhya Pradesh,Indore,23.800247,77.792228,Irrigation / Water Canal,79.77,154,1.9306,0.518,92.0,54.0,0,152,15,0,190,0.539,Partially Disbursed,Award Declared (Sec 23),Approved,Partial Possession (30-70%),High / Cooperative,Very High,4,4,3,19.57,1,230
PCL-11172,PRJ-1246,Andhra Pradesh,Nellore,16.254197,81.452502,Highway / Expressway,29.44,17,0.5774,1.7317,35.0,74.0,1,337,71,11,291,0.785,Disputed in Escrow,Notification Pending,Under Scrutiny,Contested / Encroached,Moderate,High,3,3,1,69.11,1,354
PCL-11173,PRJ-1202,Andhra Pradesh,Guntur,16.209417,79.897187,Renewable / Solar Park,86.43,157,1.8165,0.5505,69.0,78.0,0,32,221,161,224,0.358,Partially Disbursed,Preliminary Notification (Sec 11),Under Scrutiny,Contested / Encroached,High / Cooperative,Medium,2,4,1,18.12,0,33
PCL-11174,PRJ-1201,Odisha,Khurda,20.027477,84.335573,Industrial Corridor / SEZ,80.65,102,1.2647,0.7907,60.0,72.0,0,166,149,89,207,0.326,Pending Disbursal,Declaration Published (Sec 19),Conditional Clearance,Full Possession,High / Cooperative,Low,1,4,5,25.38,0,32
PCL-11175,PRJ-1036,Haryana,Gurugram,28.08656,77.046164,Highway / Expressway,20.3,30,1.4778,0.6766,89.0,58.0,0,0,15,0,172,0.787,Fully Disbursed,Declaration Published (Sec 19),Approved,Partial Possession (30-70%),Low / Resistant,Medium,2,2,3,20.35,1,124
PCL-11176,PRJ-1212,Karnataka,Dharwad,15.05114,75.327522,Highway / Expressway,28.64,38,1.3268,0.7537,42.0,63.0,1,64,170,110,146,0.219,Partially Disbursed,Notification Pending,Pending Environmental Clearance,Partial Possession (30-70%),High / Cooperative,High,3,4,3,48.41,1,222
PCL-11177,PRJ-1234,Madhya Pradesh,Ujjain,23.519965,80.659327,Industrial Corridor / SEZ,87.13,124,1.4232,0.7027,80.0,60.0,1,185,46,0,66,0.425,Pending Disbursal,Preliminary Notification (Sec 11),Approved,Contested / Encroached,Low / Resistant,High,3,2,1,50.58,1,421
PCL-11178,PRJ-1203,Rajasthan,Jaipur,24.254275,76.674182,Irrigation / Water Canal,31.07,45,1.4483,0.6904,71.0,19.0,0,162,80,20,184,0.65,Pending Disbursal,Possession Taken (Sec 38),Approved,Substantial Possession (>70%),Low / Resistant,Medium,2,2,4,34.96,1,329
PCL-11179,PRJ-1238,Andhra Pradesh,Nellore,17.965684,81.455025,Railway & Freight Corridor,153.42,134,0.8734,1.1449,79.0,42.0,0,205,15,0,286,0.42,Pending Disbursal,Notification Pending,Approved,Substantial Possession (>70%),High / Cooperative,High,3,4,4,29.15,0,14
PCL-11180,PRJ-1088,Uttar Pradesh,Prayagraj,25.279586,82.947284,Airport Infrastructure,35.07,105,2.994,0.334,68.0,44.0,0,0,127,67,362,0.675,Fully Disbursed,Award Declared (Sec 23),Under Scrutiny,Substantial Possession (>70%),Moderate,Low,1,3,4,29.33,1,189
PCL-11181,PRJ-1109,Andhra Pradesh,Kurnool,16.406334,79.678347,Renewable / Solar Park,154.1,213,1.3822,0.7235,58.0,38.0,1,330,104,44,320,0.525,Pending Disbursal,Declaration Published (Sec 19),Conditional Clearance,Substantial Possession (>70%),Hostile / Legal Injunction,High,3,1,4,76.41,1,652
PCL-11182,PRJ-1026,Gujarat,Ahmedabad,23.226196,72.451757,Industrial Corridor / SEZ,25.27,48,1.8995,0.5264,60.0,71.0,0,124,167,107,35,0.508,Pending Disbursal,Notification Pending,Resubmission Required,Substantial Possession (>70%),Moderate,Medium,2,3,4,21.06,1,167
PCL-11183,PRJ-1246,Andhra Pradesh,Nellore,18.006545,81.988159,Highway / Expressway,26.82,31,1.1559,0.8651,58.0,46.0,1,161,32,0,345,0.391,Partially Disbursed,Declaration Published (Sec 19),Approved,Contested / Encroached,Moderate,Very High,4,3,1,62.1,1,329
PCL-11184,PRJ-1110,Rajasthan,Udaipur,26.756184,74.216262,Renewable / Solar Park,12.26,30,2.447,0.4087,98.0,50.0,0,0,82,22,165,0.315,Fully Disbursed,Award Declared (Sec 23),Approved,Full Possession,Moderate,High,3,3,5,15.34,0,27
PCL-11185,PRJ-1068,Maharashtra,Pune,20.731209,78.555627,Irrigation / Water Canal,18.82,29,1.5409,0.6489,87.0,26.0,0,80,95,35,188,0.687,Partially Disbursed,Preliminary Notification (Sec 11),Under Scrutiny,Partial Possession (30-70%),Hostile / Legal Injunction,Low,1,1,3,31.59,1,452
PCL-11186,PRJ-1066,Haryana,Faridabad,28.136678,75.94493,Industrial Corridor / SEZ,30.34,17,0.5603,1.7846,57.0,56.0,1,142,27,0,239,0.4,Partially Disbursed,Possession Taken (Sec 38),Approved,Contested / Encroached,Low / Resistant,High,3,2,1,60.3,1,364
PCL-11187,PRJ-1191,Haryana,Karnal,29.772846,75.628715,Highway / Expressway,7.53,8,1.0624,0.9411,51.0,41.0,0,0,48,0,197,0.513,Fully Disbursed,Award Declared (Sec 23),Approved,Full Possession,High / Cooperative,Low,1,4,5,23.09,0,2
PCL-11188,PRJ-1030,Rajasthan,Udaipur,25.565511,75.728978,Industrial Corridor / SEZ,25.82,34,1.3168,0.7594,28.0,65.0,1,229,129,69,249,0.189,Disputed in Escrow,Notification Pending,Under Scrutiny,Substantial Possession (>70%),Low / Resistant,High,3,2,4,69.15,1,369
PCL-11189,PRJ-1012,Uttar Pradesh,Noida,27.265988,83.399609,Railway & Freight Corridor,14.65,12,0.8191,1.2207,87.0,79.0,0,0,52,0,296,0.394,Fully Disbursed,Award Declared (Sec 23),Approved,Substantial Possession (>70%),Moderate,Medium,2,3,4,19.55,0,57
PCL-11190,PRJ-1112,Odisha,Jajpur,19.860262,86.169927,Irrigation / Water Canal,14.4,5,0.3472,2.8794,97.0,78.0,1,129,76,16,191,0.761,Partially Disbursed,Possession Taken (Sec 38),Approved,Initial Stage (<30%),Low / Resistant,High,3,2,2,47.76,1,348
PCL-11191,PRJ-1104,Haryana,Karnal,30.303326,76.347619,Irrigation / Water Canal,46.78,29,0.6199,1.613,80.0,52.0,0,303,127,67,343,0.085,Pending Disbursal,Possession Taken (Sec 38),Under Scrutiny,Contested / Encroached,High / Cooperative,Low,1,4,1,34.11,0,53
PCL-11192,PRJ-1202,Andhra Pradesh,Guntur,18.141391,78.462152,Renewable / Solar Park,28.72,40,1.3928,0.718,65.0,63.0,0,0,23,0,205,0.08,Fully Disbursed,Award Declared (Sec 23),Approved,Full Possession,High / Cooperative,Medium,2,4,5,18.39,0,0
PCL-11193,PRJ-1101,Andhra Pradesh,Guntur,17.063374,81.01283,Irrigation / Water Canal,29.45,31,1.0526,0.95,51.0,61.0,1,282,134,74,59,0.603,Pending Disbursal,Declaration Published (Sec 19),Under Scrutiny,Substantial Possession (>70%),High / Cooperative,Low,1,4,4,52.5,1,269
PCL-11194,PRJ-1061,Rajasthan,Kota,24.439222,76.765079,Renewable / Solar Park,27.41,32,1.1675,0.8565,78.0,81.0,0,172,24,0,211,0.258,Partially Disbursed,Award Declared (Sec 23),Approved,Full Possession,Low / Resistant,High,3,2,5,28.78,1,216
PCL-11195,PRJ-1021,Karnataka,Belagavi,15.165625,76.127575,Industrial Corridor / SEZ,92.03,182,1.9776,0.5057,90.0,80.0,1,255,174,114,181,0.576,Disputed in Escrow,Declaration Published (Sec 19),Conditional Clearance,Contested / Encroached,Low / Resistant,Very High,4,2,1,53.77,1,411
PCL-11196,PRJ-1195,Andhra Pradesh,Visakhapatnam,15.210147,79.034965,Renewable / Solar Park,74.91,93,1.2415,0.8055,59.0,59.0,0,415,207,147,93,0.378,Disputed in Escrow,Declaration Published (Sec 19),Pending Environmental Clearance,Initial Stage (<30%),High / Cooperative,Low,1,4,2,30.79,1,273
PCL-11197,PRJ-1126,Uttar Pradesh,Lucknow,25.936523,79.142457,Renewable / Solar Park,14.31,20,1.3976,0.7155,93.0,49.0,1,614,129,69,269,0.453,Disputed in Escrow,Notification Pending,Under Scrutiny,Full Possession,Moderate,High,3,3,5,60.34,1,476
PCL-11198,PRJ-1137,Haryana,Faridabad,28.937508,76.437119,Highway / Expressway,61.11,104,1.7018,0.5876,60.0,69.0,1,322,169,109,203,0.291,Pending Disbursal,Possession Taken (Sec 38),Under Scrutiny,Contested / Encroached,Low / Resistant,High,3,2,1,64.45,1,550
PCL-11199,PRJ-1138,Haryana,Gurugram,29.78219,77.341209,Renewable / Solar Park,9.6,15,1.5625,0.64,82.0,46.0,0,0,82,22,281,0.502,Fully Disbursed,Notification Pending,Under Scrutiny,Initial Stage (<30%),High / Cooperative,Low,1,4,2,19.54,0,0
PCL-11200,PRJ-1258,Odisha,Cuttack,20.544,86.228612,Industrial Corridor / SEZ,45.1,54,1.1973,0.8352,68.0,68.0,1,101,168,108,318,0.307,Pending Disbursal,Notification Pending,Under Scrutiny,Full Possession,High / Cooperative,High,3,4,5,50.68,1,288
PCL-11201,PRJ-1157,Odisha,Angul,20.870918,86.249868,Railway & Freight Corridor,21.52,12,0.5576,1.7932,77.0,84.0,0,0,61,1,354,0.26,Fully Disbursed,Possession Taken (Sec 38),Approved,Partial Possession (30-70%),High / Cooperative,Medium,2,4,3,19.48,0,22
PCL-11202,PRJ-1123,Odisha,Angul,19.58522,86.399313,Highway / Expressway,70.66,68,0.9624,1.0391,52.0,53.0,0,0,21,0,317,0.093,Fully Disbursed,Declaration Published (Sec 19),Approved,Initial Stage (<30%),Moderate,Low,1,3,2,29.94,1,195
PCL-11203,PRJ-1136,Rajasthan,Jaipur,26.912927,74.492775,Irrigation / Water Canal,23.99,18,0.7503,1.3327,75.0,44.0,0,0,240,180,261,0.374,Fully Disbursed,Award Declared (Sec 23),Pending Environmental Clearance,Full Possession,Hostile / Legal Injunction,High,3,1,5,31.64,1,381
PCL-11204,PRJ-1232,Maharashtra,Nagpur,19.693057,74.458069,Irrigation / Water Canal,20.48,31,1.5137,0.6606,49.0,62.0,0,0,196,136,68,0.815,Fully Disbursed,Notification Pending,Under Scrutiny,Partial Possession (30-70%),Low / Resistant,Low,1,2,3,24.05,1,173
PCL-11205,PRJ-1183,Rajasthan,Udaipur,28.096911,71.888324,Airport Infrastructure,9.17,14,1.5267,0.655,50.0,58.0,0,233,78,18,255,0.534,Pending Disbursal,Award Declared (Sec 23),Approved,Partial Possession (30-70%),Moderate,Medium,2,3,3,37.09,0,18
PCL-11206,PRJ-1091,Odisha,Cuttack,20.675658,86.495778,Urban Metro / Transit,28.96,122,4.2127,0.2374,66.0,71.0,0,42,120,60,257,0.451,Partially Disbursed,Preliminary Notification (Sec 11),Under Scrutiny,Substantial Possession (>70%),Moderate,Low,1,3,4,24.81,1,95
PCL-11207,PRJ-1013,Haryana,Karnal,29.709602,76.330752,Renewable / Solar Park,76.84,86,1.1192,0.8935,34.0,24.0,0,63,59,0,236,0.423,Partially Disbursed,Notification Pending,Approved,Partial Possession (30-70%),High / Cooperative,Medium,2,4,3,32.24,1,200
PCL-11208,PRJ-1002,Madhya Pradesh,Bhopal,22.540491,80.880571,Urban Metro / Transit,69.68,234,3.3582,0.2978,72.0,45.0,0,314,47,0,255,0.459,Pending Disbursal,Notification Pending,Approved,Contested / Encroached,Moderate,Low,1,3,1,37.32,1,237
PCL-11209,PRJ-1024,Karnataka,Kalaburagi,12.728196,77.49648,Railway & Freight Corridor,16.33,12,0.7348,1.3607,69.0,39.0,1,148,31,0,322,0.632,Partially Disbursed,Declaration Published (Sec 19),Approved,Full Possession,Moderate,Medium,2,3,5,59.21,1,281
PCL-11210,PRJ-1064,Madhya Pradesh,Jabalpur,25.434653,76.442747,Industrial Corridor / SEZ,17.6,6,0.3409,2.9328,71.0,40.0,1,38,24,0,153,0.818,Partially Disbursed,Declaration Published (Sec 19),Approved,Partial Possession (30-70%),Low / Resistant,High,3,2,3,51.6,1,373
PCL-11211,PRJ-1201,Odisha,Khurda,20.007627,85.996284,Industrial Corridor / SEZ,10.51,15,1.4272,0.7006,77.0,81.0,0,118,83,23,182,0.596,Partially Disbursed,Declaration Published (Sec 19),Conditional Clearance,Initial Stage (<30%),Moderate,Low,1,3,2,21.92,1,139
PCL-11212,PRJ-1110,Rajasthan,Udaipur,28.051996,71.925316,Renewable / Solar Park,16.56,8,0.4831,2.0697,89.0,44.0,0,163,101,41,195,0.486,Partially Disbursed,Notification Pending,Under Scrutiny,Full Possession,Moderate,Medium,2,3,5,25.56,1,169
PCL-11213,PRJ-1114,Odisha,Sundargarh,21.582833,84.658855,Highway / Expressway,17.21,25,1.4526,0.6884,89.0,47.0,0,53,124,64,259,0.517,Partially Disbursed,Preliminary Notification (Sec 11),Under Scrutiny,Substantial Possession (>70%),Moderate,Medium,2,3,4,23.14,1,131
PCL-11214,PRJ-1255,Haryana,Hisar,29.940989,75.779507,Highway / Expressway,34.42,56,1.627,0.6146,70.0,51.0,0,0,15,0,183,0.152,Fully Disbursed,Possession Taken (Sec 38),Approved,Substantial Possession (>70%),Low / Resistant,Low,1,2,4,25.26,1,96
PCL-11215,PRJ-1114,Odisha,Sundargarh,21.871666,85.557345,Highway / Expressway,24.28,36,1.4827,0.6744,62.0,67.0,0,141,152,92,202,0.276,Partially Disbursed,Award Declared (Sec 23),Under Scrutiny,Full Possession,Low / Resistant,Very High,4,2,5,31.77,1,310
PCL-11216,PRJ-1227,Rajasthan,Jodhpur,27.366507,71.823042,Railway & Freight Corridor,93.52,78,0.834,1.199,76.0,75.0,0,0,199,139,178,0.292,Fully Disbursed,Declaration Published (Sec 19),Pending Environmental Clearance,Substantial Possession (>70%),Moderate,Very High,4,3,4,17.72,0,28
PCL-11217,PRJ-1150,Maharashtra,Thane,18.785893,74.035399,Urban Metro / Transit,15.58,62,3.9795,0.2513,75.0,50.0,0,184,171,111,223,0.253,Pending Disbursal,Declaration Published (Sec 19),Conditional Clearance,Substantial Possession (>70%),Moderate,Medium,2,3,4,29.67,1,172
PCL-11218,PRJ-1094,Rajasthan,Alwar,27.662633,74.695801,Industrial Corridor / SEZ,19.42,25,1.2873,0.7768,71.0,48.0,0,0,213,153,176,0.241,Fully Disbursed,Possession Taken (Sec 38),Pending Environmental Clearance,Full Possession,Moderate,Low,1,3,5,21.35,0,49
PCL-11219,PRJ-1029,Rajasthan,Jodhpur,25.244847,75.083678,Airport Infrastructure,38.17,107,2.8032,0.3567,75.0,41.0,0,0,176,116,324,0.433,Fully Disbursed,Notification Pending,Pending Environmental Clearance,Partial Possession (30-70%),High / Cooperative,Low,1,4,3,23.05,0,33
PCL-11220,PRJ-1007,Gujarat,Ahmedabad,23.626588,69.365643,Irrigation / Water Canal,17.05,36,2.1114,0.4736,54.0,54.0,0,0,15,0,253,0.359,Fully Disbursed,Possession Taken (Sec 38),Approved,Partial Possession (30-70%),Moderate,Low,1,3,3,27.04,0,23
PCL-11221,PRJ-1188,Andhra Pradesh,Krishna,15.748912,79.587772,Railway & Freight Corridor,17.18,3,0.1746,5.7248,78.0,85.0,0,0,100,40,130,0.277,Fully Disbursed,Declaration Published (Sec 19),Pending Environmental Clearance,Partial Possession (30-70%),High / Cooperative,Medium,2,4,3,10.78,0,21
PCL-11222,PRJ-1138,Haryana,Gurugram,28.22285,76.62583,Renewable / Solar Park,24.98,46,1.8415,0.543,83.0,56.0,1,226,215,155,207,0.193,Disputed in Escrow,Notification Pending,Conditional Clearance,Initial Stage (<30%),High / Cooperative,Low,1,4,2,49.85,1,233
PCL-11223,PRJ-1255,Haryana,Hisar,28.908606,75.901239,Highway / Expressway,22.02,38,1.7257,0.5795,72.0,39.0,0,0,110,50,55,0.568,Fully Disbursed,Declaration Published (Sec 19),Under Scrutiny,Full Possession,High / Cooperative,Low,1,4,5,13.76,0,21
PCL-11224,PRJ-1255,Haryana,Hisar,28.280626,76.935032,Highway / Expressway,43.95,23,0.5233,1.9108,77.0,49.0,0,140,59,0,201,0.525,Partially Disbursed,Notification Pending,Approved,Substantial Possession (>70%),Low / Resistant,Low,1,2,4,30.49,1,250
PCL-11225,PRJ-1208,Rajasthan,Alwar,24.209877,76.683857,Industrial Corridor / SEZ,22.59,29,1.2838,0.7789,96.0,20.0,0,0,135,75,96,0.218,Fully Disbursed,Notification Pending,Resubmission Required,Full Possession,High / Cooperative,Low,1,4,5,12.4,0,0
PCL-11226,PRJ-1015,Rajasthan,Alwar,26.075682,73.050801,Renewable / Solar Park,119.06,172,1.4446,0.6922,63.0,86.0,1,211,93,33,163,0.75,Pending Disbursal,Declaration Published (Sec 19),Pending Environmental Clearance,Initial Stage (<30%),Low / Resistant,High,3,2,2,56.08,1,482
PCL-11227,PRJ-1159,Maharashtra,Nagpur,18.638744,76.906755,Renewable / Solar Park,96.38,142,1.4733,0.6787,95.0,60.0,1,261,80,20,259,0.311,Pending Disbursal,Declaration Published (Sec 19),Approved,Substantial Possession (>70%),High / Cooperative,Medium,2,4,4,50.44,1,186
PCL-11228,PRJ-1036,Haryana,Gurugram,28.894735,75.594686,Highway / Expressway,21.22,35,1.6494,0.6063,65.0,39.0,0,102,32,0,202,0.212,Partially Disbursed,Possession Taken (Sec 38),Approved,Full Possession,Moderate,High,3,3,5,28.62,1,325
PCL-11229,PRJ-1238,Andhra Pradesh,Nellore,15.79083,79.565015,Railway & Freight Corridor,11.54,14,1.2132,0.8242,71.0,62.0,0,109,15,0,81,0.432,Partially Disbursed,Preliminary Notification (Sec 11),Approved,Full Possession,High / Cooperative,Medium,2,4,5,17.12,0,0
PCL-11230,PRJ-1018,Maharashtra,Aurangabad,18.795102,75.166006,Renewable / Solar Park,14.95,19,1.2709,0.7868,86.0,47.0,0,0,149,89,91,0.654,Fully Disbursed,Notification Pending,Conditional Clearance,Contested / Encroached,High / Cooperative,Low,1,4,1,11.51,0,2
PCL-11231,PRJ-1096,Karnataka,Mysuru,17.268142,75.962414,Renewable / Solar Park,53.87,40,0.7425,1.3467,67.0,35.0,0,87,60,0,113,0.528,Partially Disbursed,Award Declared (Sec 23),Approved,Partial Possession (30-70%),Moderate,Medium,2,3,3,24.66,1,194
PCL-11232,PRJ-1092,Haryana,Karnal,28.933216,75.759232,Renewable / Solar Park,14.16,18,1.2712,0.7866,64.0,55.0,0,0,123,63,250,0.733,Fully Disbursed,Preliminary Notification (Sec 11),Pending Environmental Clearance,Substantial Possession (>70%),Moderate,Medium,2,3,4,24.83,0,39
PCL-11233,PRJ-1172,Rajasthan,Jaipur,26.741586,73.107218,Airport Infrastructure,9.48,20,2.1097,0.474,71.0,42.0,0,104,61,1,177,0.245,Partially Disbursed,Declaration Published (Sec 19),Approved,Full Possession,High / Cooperative,Medium,2,4,5,22.51,1,97
PCL-11234,PRJ-1063,Uttar Pradesh,Varanasi,26.394775,83.061216,Railway & Freight Corridor,24.18,35,1.4475,0.6908,57.0,76.0,0,231,184,124,194,0.209,Pending Disbursal,Notification Pending,Under Scrutiny,Partial Possession (30-70%),Moderate,High,3,3,3,31.52,0,43
PCL-11235,PRJ-1210,Rajasthan,Jaipur,25.210695,74.152365,Airport Infrastructure,47.96,157,3.2736,0.3055,51.0,82.0,1,0,161,101,131,0.446,Fully Disbursed,Award Declared (Sec 23),Under Scrutiny,Substantial Possession (>70%),Low / Resistant,High,3,2,4,49.01,1,334
PCL-11236,PRJ-1112,Odisha,Jajpur,22.119651,85.856321,Irrigation / Water Canal,44.13,45,1.0197,0.9806,65.0,59.0,0,0,76,16,112,0.375,Fully Disbursed,Declaration Published (Sec 19),Approved,Initial Stage (<30%),Low / Resistant,High,3,2,2,22.8,0,63
PCL-11237,PRJ-1229,Odisha,Angul,19.885631,85.916434,Highway / Expressway,10.9,7,0.6422,1.5569,55.0,81.0,0,355,15,0,218,0.256,Pending Disbursal,Award Declared (Sec 23),Approved,Initial Stage (<30%),High / Cooperative,Medium,2,4,2,33.66,0,17
PCL-11238,PRJ-1190,Madhya Pradesh,Jabalpur,23.531384,80.172259,Highway / Expressway,70.58,56,0.7934,1.2603,79.0,62.0,1,311,55,0,163,0.28,Pending Disbursal,Award Declared (Sec 23),Approved,Substantial Possession (>70%),High / Cooperative,High,3,4,4,51.89,1,210
PCL-11239,PRJ-1115,Madhya Pradesh,Jabalpur,24.542924,80.316947,Renewable / Solar Park,15.51,18,1.1605,0.8616,91.0,37.0,0,0,66,6,411,0.524,Fully Disbursed,Possession Taken (Sec 38),Approved,Substantial Possession (>70%),High / Cooperative,Medium,2,4,4,23.1,0,65
PCL-11240,PRJ-1201,Odisha,Khurda,20.044818,85.622346,Industrial Corridor / SEZ,20.2,20,0.9901,1.0099,62.0,63.0,1,130,218,158,317,0.773,Pending Disbursal,Notification Pending,Under Scrutiny,Contested / Encroached,Hostile / Legal Injunction,High,3,1,1,64.78,1,502
PCL-11241,PRJ-1185,Madhya Pradesh,Bhopal,24.481222,76.260576,Renewable / Solar Park,72.28,119,1.6464,0.6074,72.0,46.0,1,461,100,40,382,0.404,Disputed in Escrow,Award Declared (Sec 23),Approved,Partial Possession (30-70%),High / Cooperative,Medium,2,4,3,65.32,1,412
PCL-11242,PRJ-1209,Haryana,Panipat,28.428171,76.824422,Irrigation / Water Canal,31.22,28,0.8969,1.115,74.0,29.0,0,0,36,0,184,0.454,Fully Disbursed,Possession Taken (Sec 38),Approved,Full Possession,Moderate,High,3,3,5,22.95,1,146
PCL-11243,PRJ-1231,Andhra Pradesh,Guntur,17.192505,80.086858,Urban Metro / Transit,149.06,534,3.5825,0.2791,71.0,66.0,1,104,170,110,158,0.363,Pending Disbursal,Preliminary Notification (Sec 11),Under Scrutiny,Contested / Encroached,Low / Resistant,High,3,2,1,51.9,1,415
PCL-11244,PRJ-1073,Uttar Pradesh,Noida,26.984875,79.565131,Highway / Expressway,46.92,78,1.6624,0.6015,39.0,50.0,0,0,15,0,144,0.187,Fully Disbursed,Possession Taken (Sec 38),Approved,Full Possession,Moderate,Very High,4,3,5,26.35,1,157
PCL-11245,PRJ-1020,Madhya Pradesh,Indore,23.379232,80.435423,Renewable / Solar Park,48.21,40,0.8297,1.2052,80.0,23.0,0,173,154,94,53,0.36,Pending Disbursal,Declaration Published (Sec 19),Conditional Clearance,Substantial Possession (>70%),Moderate,Low,1,3,4,24.55,1,91
PCL-11246,PRJ-1093,Tamil Nadu,Kanchipuram,11.074749,78.094,Railway & Freight Corridor,51.85,91,1.7551,0.5698,70.0,69.0,1,168,118,58,393,0.178,Pending Disbursal,Notification Pending,Conditional Clearance,Full Possession,Moderate,High,3,3,5,59.49,1,289
PCL-11247,PRJ-1170,Maharashtra,Pune,19.213691,79.395642,Renewable / Solar Park,83.53,64,0.7662,1.3051,87.0,35.0,1,329,15,0,242,0.264,Pending Disbursal,Possession Taken (Sec 38),Approved,Initial Stage (<30%),Moderate,High,3,3,2,60.45,1,382
PCL-11248,PRJ-1234,Madhya Pradesh,Ujjain,23.65688,80.271025,Industrial Corridor / SEZ,80.88,96,1.1869,0.8425,59.0,80.0,0,0,29,0,178,0.628,Fully Disbursed,Award Declared (Sec 23),Approved,Partial Possession (30-70%),Moderate,Medium,2,3,3,20.62,1,115
PCL-11249,PRJ-1108,Madhya Pradesh,Indore,22.29662,81.075998,Industrial Corridor / SEZ,15.05,20,1.3289,0.7525,92.0,50.0,0,177,84,24,97,0.488,Pending Disbursal,Declaration Published (Sec 19),Approved,Full Possession,Moderate,Low,1,3,5,21.26,0,23
PCL-11250,PRJ-1068,Maharashtra,Pune,18.185333,76.507176,Irrigation / Water Canal,70.48,79,1.1209,0.8921,82.0,58.0,0,34,163,103,208,0.224,Partially Disbursed,Preliminary Notification (Sec 11),Under Scrutiny,Full Possession,Low / Resistant,High,3,2,5,24.5,1,310
PCL-11251,PRJ-1068,Maharashtra,Pune,18.898755,78.688912,Irrigation / Water Canal,29.82,13,0.4359,2.2937,67.0,89.0,0,0,138,78,236,0.114,Fully Disbursed,Notification Pending,Under Scrutiny,Partial Possession (30-70%),Low / Resistant,High,3,2,3,24.05,1,311
PCL-11252,PRJ-1244,Karnataka,Mysuru,15.696746,76.761148,Airport Infrastructure,32.54,92,2.8273,0.3537,46.0,58.0,0,76,62,2,230,0.377,Partially Disbursed,Award Declared (Sec 23),Approved,Substantial Possession (>70%),High / Cooperative,Low,1,4,4,26.75,0,42
PCL-11253,PRJ-1226,Rajasthan,Alwar,24.727979,75.048066,Industrial Corridor / SEZ,6.49,29,4.4684,0.2238,63.0,51.0,1,40,139,79,409,0.285,Partially Disbursed,Notification Pending,Conditional Clearance,Partial Possession (30-70%),Low / Resistant,Low,1,2,3,61.44,1,362
PCL-11254,PRJ-1145,Tamil Nadu,Tiruchirappalli,11.972879,79.88606,Urban Metro / Transit,45.95,171,3.7214,0.2687,69.0,77.0,0,0,129,69,205,0.323,Fully Disbursed,Notification Pending,Conditional Clearance,Full Possession,High / Cooperative,Medium,2,4,5,16.19,1,147
PCL-11255,PRJ-1067,Odisha,Sundargarh,19.769794,86.694181,Airport Infrastructure,46.01,86,1.8692,0.535,83.0,44.0,0,0,46,0,184,0.238,Fully Disbursed,Notification Pending,Approved,Initial Stage (<30%),Moderate,Medium,2,3,2,19.65,0,48
PCL-11256,PRJ-1038,Madhya Pradesh,Bhopal,24.049424,75.366696,Irrigation / Water Canal,37.34,76,2.0354,0.4913,83.0,47.0,0,0,15,0,252,0.569,Fully Disbursed,Declaration Published (Sec 19),Approved,Substantial Possession (>70%),High / Cooperative,Low,1,4,4,18.15,0,47
PCL-11257,PRJ-1129,Maharashtra,Thane,20.06389,74.190498,Urban Metro / Transit,23.96,58,2.4207,0.4131,71.0,27.0,1,66,156,96,284,0.553,Partially Disbursed,Possession Taken (Sec 38),Pending Environmental Clearance,Contested / Encroached,Low / Resistant,High,3,2,1,58.96,1,458
PCL-11258,PRJ-1094,Rajasthan,Alwar,24.769619,73.178228,Industrial Corridor / SEZ,31.39,33,1.0513,0.9512,75.0,79.0,0,0,156,96,523,0.274,Fully Disbursed,Award Declared (Sec 23),Under Scrutiny,Substantial Possession (>70%),High / Cooperative,Low,1,4,4,22.1,0,28
PCL-11259,PRJ-1100,Rajasthan,Udaipur,27.306167,71.058896,Railway & Freight Corridor,11.8,4,0.339,2.9493,68.0,69.0,1,99,134,74,216,0.66,Pending Disbursal,Award Declared (Sec 23),Under Scrutiny,Initial Stage (<30%),Hostile / Legal Injunction,Low,1,1,2,57.92,1,443
PCL-11260,PRJ-1170,Maharashtra,Pune,18.084056,76.0236,Renewable / Solar Park,11.69,21,1.7964,0.5566,68.0,41.0,0,119,122,62,364,0.644,Partially Disbursed,Preliminary Notification (Sec 11),Under Scrutiny,Initial Stage (<30%),High / Cooperative,Low,1,4,2,30.84,1,106
PCL-11261,PRJ-1255,Haryana,Hisar,28.667709,76.883783,Highway / Expressway,11.65,16,1.3734,0.7281,82.0,59.0,0,252,15,0,231,0.251,Pending Disbursal,Possession Taken (Sec 38),Approved,Substantial Possession (>70%),Moderate,Medium,2,3,4,30.47,0,10
PCL-11262,PRJ-1243,Uttar Pradesh,Noida,26.134283,78.97068,Highway / Expressway,13.47,22,1.6333,0.6122,90.0,77.0,0,0,20,0,303,0.85,Fully Disbursed,Notification Pending,Approved,Partial Possession (30-70%),High / Cooperative,Medium,2,4,3,15.66,1,91
PCL-11263,PRJ-1081,Karnataka,Bengaluru Rural,13.289456,75.46468,Railway & Freight Corridor,20.59,16,0.7771,1.2868,71.0,29.0,1,68,63,3,292,0.175,Partially Disbursed,Notification Pending,Approved,Contested / Encroached,Hostile / Legal Injunction,High,3,1,1,62.89,1,496
PCL-11264,PRJ-1224,Gujarat,Vadodara,21.758655,71.99085,Industrial Corridor / SEZ,37.93,76,2.0037,0.4991,42.0,52.0,0,0,73,13,38,0.85,Fully Disbursed,Declaration Published (Sec 19),Approved,Substantial Possession (>70%),Moderate,Medium,2,3,4,21.58,1,214
PCL-11265,PRJ-1133,Madhya Pradesh,Jabalpur,24.79341,75.223234,Urban Metro / Transit,48.89,169,3.4567,0.2893,92.0,67.0,0,0,102,42,155,0.555,Fully Disbursed,Notification Pending,Conditional Clearance,Full Possession,High / Cooperative,Medium,2,4,5,10.71,1,109
PCL-11266,PRJ-1115,Madhya Pradesh,Jabalpur,25.149239,76.055017,Renewable / Solar Park,12.0,17,1.4167,0.7058,71.0,92.0,1,580,32,0,161,0.751,Disputed in Escrow,Preliminary Notification (Sec 11),Approved,Partial Possession (30-70%),Low / Resistant,Low,1,2,3,60.14,1,379
PCL-11267,PRJ-1058,Uttar Pradesh,Prayagraj,27.468178,80.956963,Irrigation / Water Canal,13.92,11,0.7902,1.2653,90.0,72.0,0,0,15,0,234,0.306,Fully Disbursed,Preliminary Notification (Sec 11),Approved,Substantial Possession (>70%),Moderate,Medium,2,3,4,17.32,0,5
PCL-11268,PRJ-1030,Rajasthan,Udaipur,25.763639,76.884049,Industrial Corridor / SEZ,40.93,73,1.7835,0.5607,88.0,69.0,1,347,35,0,94,0.578,Pending Disbursal,Possession Taken (Sec 38),Approved,Initial Stage (<30%),Low / Resistant,High,3,2,2,55.79,1,472
PCL-11269,PRJ-1161,Andhra Pradesh,Visakhapatnam,16.341436,81.852098,Industrial Corridor / SEZ,50.47,112,2.2191,0.4506,92.0,32.0,0,60,54,0,294,0.432,Partially Disbursed,Notification Pending,Approved,Full Possession,High / Cooperative,Medium,2,4,5,21.89,0,10
PCL-11270,PRJ-1093,Tamil Nadu,Kanchipuram,9.930096,77.486819,Railway & Freight Corridor,5.46,2,0.3663,2.7286,78.0,34.0,1,0,15,0,99,0.611,Fully Disbursed,Preliminary Notification (Sec 11),Approved,Substantial Possession (>70%),Moderate,High,3,3,4,43.46,1,394
PCL-11271,PRJ-1112,Odisha,Jajpur,21.619178,84.354473,Irrigation / Water Canal,5.0,3,0.6,1.6661,56.0,66.0,1,623,67,7,158,0.337,Disputed in Escrow,Preliminary Notification (Sec 11),Approved,Contested / Encroached,Hostile / Legal Injunction,High,3,1,1,69.38,1,524
PCL-11272,PRJ-1209,Haryana,Panipat,29.461506,76.678717,Irrigation / Water Canal,56.29,90,1.5989,0.6254,82.0,50.0,0,80,156,96,286,0.435,Partially Disbursed,Preliminary Notification (Sec 11),Conditional Clearance,Full Possession,Moderate,Medium,2,3,5,26.36,1,234
PCL-11273,PRJ-1222,Uttar Pradesh,Kanpur,26.485644,78.163059,Industrial Corridor / SEZ,48.89,77,1.575,0.6349,64.0,57.0,1,562,145,85,202,0.321,Disputed in Escrow,Declaration Published (Sec 19),Under Scrutiny,Substantial Possession (>70%),High / Cooperative,Low,1,4,4,59.08,1,220
PCL-11274,PRJ-1002,Madhya Pradesh,Bhopal,23.465768,75.347045,Urban Metro / Transit,49.46,194,3.9224,0.2549,83.0,46.0,0,30,165,105,165,0.246,Partially Disbursed,Award Declared (Sec 23),Under Scrutiny,Full Possession,Low / Resistant,Medium,2,2,5,23.72,1,249
PCL-11275,PRJ-1088,Uttar Pradesh,Prayagraj,27.293948,81.098598,Airport Infrastructure,204.52,661,3.232,0.3094,51.0,54.0,0,0,140,80,162,0.376,Fully Disbursed,Possession Taken (Sec 38),Conditional Clearance,Initial Stage (<30%),High / Cooperative,Low,1,4,2,20.47,0,40
PCL-11276,PRJ-1106,Madhya Pradesh,Jabalpur,25.930862,78.260251,Highway / Expressway,44.54,77,1.7288,0.5784,78.0,49.0,1,388,171,111,262,0.66,Disputed in Escrow,Preliminary Notification (Sec 11),Under Scrutiny,Initial Stage (<30%),Low / Resistant,Medium,2,2,2,66.82,1,472
PCL-11277,PRJ-1207,Madhya Pradesh,Gwalior,22.828946,77.961205,Industrial Corridor / SEZ,9.4,19,2.0213,0.4947,84.0,42.0,1,277,121,61,199,0.823,Disputed in Escrow,Declaration Published (Sec 19),Under Scrutiny,Contested / Encroached,Low / Resistant,Medium,2,2,1,60.35,1,409
PCL-11278,PRJ-1116,Tamil Nadu,Coimbatore,11.987447,77.522299,Irrigation / Water Canal,110.42,170,1.5396,0.6495,71.0,34.0,1,416,126,66,161,0.687,Disputed in Escrow,Notification Pending,Conditional Clearance,Substantial Possession (>70%),Low / Resistant,Very High,4,2,4,65.94,1,570
PCL-11279,PRJ-1011,Gujarat,Surat,22.227576,72.990873,Urban Metro / Transit,48.76,138,2.8302,0.3533,87.0,34.0,0,178,25,0,280,0.267,Partially Disbursed,Declaration Published (Sec 19),Approved,Initial Stage (<30%),High / Cooperative,Low,1,4,2,27.02,0,20
PCL-11280,PRJ-1137,Haryana,Faridabad,28.643669,75.692615,Highway / Expressway,34.23,34,0.9933,1.0067,74.0,54.0,1,535,42,0,147,0.36,Disputed in Escrow,Preliminary Notification (Sec 11),Approved,Initial Stage (<30%),Low / Resistant,Medium,2,2,2,62.81,1,370
PCL-11281,PRJ-1127,Andhra Pradesh,Kurnool,16.430478,79.514652,Urban Metro / Transit,78.19,252,3.2229,0.3103,65.0,43.0,0,167,48,0,180,0.635,Pending Disbursal,Possession Taken (Sec 38),Approved,Partial Possession (30-70%),Moderate,Medium,2,3,3,30.06,1,196
PCL-11282,PRJ-1088,Uttar Pradesh,Prayagraj,27.129561,79.96107,Airport Infrastructure,16.41,43,2.6204,0.3816,48.0,52.0,0,174,65,5,201,0.444,Partially Disbursed,Declaration Published (Sec 19),Approved,Full Possession,High / Cooperative,Low,1,4,5,29.89,1,125
PCL-11283,PRJ-1005,Gujarat,Ahmedabad,23.265589,72.297966,Industrial Corridor / SEZ,27.88,44,1.5782,0.6336,75.0,64.0,0,66,25,0,173,0.583,Partially Disbursed,Notification Pending,Approved,Substantial Possession (>70%),Moderate,Medium,2,3,4,21.55,0,35
PCL-11284,PRJ-1225,Odisha,Sundargarh,21.042645,85.120165,Airport Infrastructure,34.84,42,1.2055,0.8295,97.0,57.0,0,157,184,124,130,0.577,Partially Disbursed,Award Declared (Sec 23),Under Scrutiny,Partial Possession (30-70%),Moderate,Low,1,3,3,19.98,0,39
PCL-11285,PRJ-1142,Madhya Pradesh,Gwalior,22.381179,78.307977,Industrial Corridor / SEZ,45.6,76,1.6667,0.6,78.0,49.0,1,237,109,49,110,0.85,Pending Disbursal,Possession Taken (Sec 38),Under Scrutiny,Initial Stage (<30%),Hostile / Legal Injunction,High,3,1,2,59.61,1,531
PCL-11286,PRJ-1055,Rajasthan,Jodhpur,28.437863,72.778507,Irrigation / Water Canal,55.57,76,1.3676,0.7312,76.0,71.0,1,353,221,161,30,0.302,Pending Disbursal,Possession Taken (Sec 38),Pending Environmental Clearance,Partial Possession (30-70%),High / Cooperative,Low,1,4,3,48.33,1,172
PCL-11287,PRJ-1017,Tamil Nadu,Madurai,10.10769,77.482577,Urban Metro / Transit,42.56,125,2.937,0.3405,45.0,42.0,0,0,29,0,271,0.469,Fully Disbursed,Notification Pending,Approved,Substantial Possession (>70%),High / Cooperative,Medium,2,4,4,26.96,1,91
PCL-11288,PRJ-1114,Odisha,Sundargarh,19.551416,86.418602,Highway / Expressway,72.89,104,1.4268,0.7009,83.0,30.0,1,211,135,75,298,0.698,Pending Disbursal,Notification Pending,Under Scrutiny,Initial Stage (<30%),Moderate,Low,1,3,2,59.0,1,457
PCL-11289,PRJ-1055,Rajasthan,Jodhpur,26.484662,73.504365,Irrigation / Water Canal,77.26,133,1.7215,0.5809,68.0,62.0,1,96,18,0,162,0.3,Pending Disbursal,Preliminary Notification (Sec 11),Approved,Full Possession,Low / Resistant,Low,1,2,5,52.72,1,312
PCL-11290,PRJ-1207,Madhya Pradesh,Gwalior,22.498019,80.737069,Industrial Corridor / SEZ,59.76,89,1.4893,0.6715,77.0,50.0,0,288,51,0,236,0.25,Pending Disbursal,Award Declared (Sec 23),Approved,Partial Possession (30-70%),High / Cooperative,Medium,2,4,3,30.29,1,151
PCL-11291,PRJ-1225,Odisha,Sundargarh,22.094745,85.845409,Airport Infrastructure,13.23,35,2.6455,0.378,48.0,57.0,1,647,147,87,192,0.08,Disputed in Escrow,Preliminary Notification (Sec 11),Under Scrutiny,Initial Stage (<30%),High / Cooperative,Low,1,4,2,61.9,1,265
PCL-11292,PRJ-1018,Maharashtra,Aurangabad,18.140567,77.08855,Renewable / Solar Park,87.73,71,0.8093,1.2356,65.0,77.0,1,241,172,112,38,0.258,Pending Disbursal,Award Declared (Sec 23),Pending Environmental Clearance,Partial Possession (30-70%),Moderate,Medium,2,3,3,49.38,1,299
PCL-11293,PRJ-1023,Maharashtra,Nagpur,19.190845,74.805256,Highway / Expressway,58.45,69,1.1805,0.8471,42.0,78.0,1,264,163,103,238,0.13,Disputed in Escrow,Award Declared (Sec 23),Pending Environmental Clearance,Partial Possession (30-70%),Hostile / Legal Injunction,Medium,2,1,3,69.82,1,423
PCL-11294,PRJ-1065,Haryana,Karnal,28.33039,77.279306,Industrial Corridor / SEZ,104.82,162,1.5455,0.647,84.0,61.0,1,181,168,108,189,0.507,Pending Disbursal,Declaration Published (Sec 19),Pending Environmental Clearance,Substantial Possession (>70%),Low / Resistant,High,3,2,4,54.13,1,416
PCL-11295,PRJ-1111,Karnataka,Kalaburagi,17.116164,76.622052,Industrial Corridor / SEZ,24.9,15,0.6024,1.6599,82.0,74.0,0,245,35,0,339,0.324,Pending Disbursal,Notification Pending,Approved,Contested / Encroached,Moderate,High,3,3,1,32.73,1,158
PCL-11296,PRJ-1224,Gujarat,Vadodara,21.996147,69.474111,Industrial Corridor / SEZ,36.15,65,1.7981,0.5561,69.0,85.0,1,250,15,0,374,0.432,Disputed in Escrow,Award Declared (Sec 23),Approved,Partial Possession (30-70%),High / Cooperative,Low,1,4,3,57.0,1,256
PCL-11297,PRJ-1029,Rajasthan,Jodhpur,24.064627,72.519907,Airport Infrastructure,31.79,72,2.2649,0.4415,89.0,85.0,0,331,136,76,320,0.461,Pending Disbursal,Declaration Published (Sec 19),Pending Environmental Clearance,Initial Stage (<30%),High / Cooperative,Low,1,4,2,29.3,0,40
PCL-11298,PRJ-1081,Karnataka,Bengaluru Rural,14.635434,75.41624,Railway & Freight Corridor,71.37,98,1.3731,0.7283,82.0,67.0,0,112,123,63,220,0.315,Partially Disbursed,Notification Pending,Approved,Full Possession,Moderate,Medium,2,3,5,23.5,0,10
PCL-11299,PRJ-1178,Andhra Pradesh,Guntur,14.66575,82.260165,Railway & Freight Corridor,16.17,14,0.8658,1.1549,79.0,59.0,0,144,61,1,360,0.608,Partially Disbursed,Preliminary Notification (Sec 11),Approved,Initial Stage (<30%),Moderate,Low,1,3,2,31.47,0,50
PCL-11300,PRJ-1025,Odisha,Sundargarh,20.494509,85.668073,Highway / Expressway,59.75,72,1.205,0.8298,95.0,30.0,0,0,91,31,356,0.85,Fully Disbursed,Declaration Published (Sec 19),Approved,Full Possession,High / Cooperative,Medium,2,4,5,21.35,1,179
PCL-11301,PRJ-1152,Madhya Pradesh,Ujjain,22.543394,80.102613,Urban Metro / Transit,56.24,167,2.9694,0.3368,63.0,76.0,0,81,15,0,267,0.492,Partially Disbursed,Award Declared (Sec 23),Approved,Initial Stage (<30%),Moderate,High,3,3,2,26.89,1,281
PCL-11302,PRJ-1251,Rajasthan,Udaipur,26.296398,71.228682,Railway & Freight Corridor,12.06,6,0.4975,2.0097,80.0,29.0,0,0,15,0,157,0.498,Fully Disbursed,Declaration Published (Sec 19),Approved,Substantial Possession (>70%),High / Cooperative,Medium,2,4,4,16.99,0,14
PCL-11303,PRJ-1219,Haryana,Panipat,30.297214,76.524662,Airport Infrastructure,16.75,38,2.2687,0.4408,90.0,60.0,1,179,155,95,230,0.438,Pending Disbursal,Possession Taken (Sec 38),Under Scrutiny,Substantial Possession (>70%),Hostile / Legal Injunction,High,3,1,4,58.23,1,550
PCL-11304,PRJ-1223,Andhra Pradesh,Guntur,14.8594,81.402929,Industrial Corridor / SEZ,70.07,79,1.1274,0.887,42.0,52.0,1,288,187,127,153,0.57,Disputed in Escrow,Award Declared (Sec 23),Conditional Clearance,Initial Stage (<30%),Low / Resistant,Low,1,2,2,66.47,1,503
PCL-11305,PRJ-1026,Gujarat,Ahmedabad,21.344429,71.53391,Industrial Corridor / SEZ,47.39,57,1.2028,0.8314,72.0,53.0,0,344,125,65,203,0.42,Pending Disbursal,Preliminary Notification (Sec 11),Conditional Clearance,Partial Possession (30-70%),High / Cooperative,Medium,2,4,3,32.05,1,170
PCL-11306,PRJ-1204,Gujarat,Bharuch,22.757666,69.337339,Irrigation / Water Canal,176.5,196,1.1105,0.9005,62.0,79.0,0,126,51,0,136,0.418,Partially Disbursed,Possession Taken (Sec 38),Approved,Initial Stage (<30%),High / Cooperative,Medium,2,4,2,19.98,1,134
PCL-11307,PRJ-1015,Rajasthan,Alwar,27.083772,71.711777,Renewable / Solar Park,86.17,126,1.4622,0.6839,63.0,63.0,0,89,15,0,82,0.251,Partially Disbursed,Award Declared (Sec 23),Approved,Partial Possession (30-70%),High / Cooperative,Medium,2,4,3,17.83,0,32
PCL-11308,PRJ-1149,Madhya Pradesh,Ujjain,26.030249,76.139288,Renewable / Solar Park,35.7,37,1.0364,0.9648,43.0,76.0,1,324,38,0,212,0.134,Pending Disbursal,Notification Pending,Approved,Substantial Possession (>70%),Hostile / Legal Injunction,Low,1,1,4,71.32,1,503
PCL-11309,PRJ-1252,Maharashtra,Solapur,19.002921,77.593864,Renewable / Solar Park,33.87,51,1.5058,0.6641,84.0,74.0,0,116,15,0,241,0.252,Pending Disbursal,Declaration Published (Sec 19),Approved,Substantial Possession (>70%),Low / Resistant,Medium,2,2,4,27.1,1,166
PCL-11310,PRJ-1038,Madhya Pradesh,Bhopal,25.658007,76.965134,Irrigation / Water Canal,17.33,9,0.5193,1.9253,84.0,53.0,1,33,133,73,184,0.334,Partially Disbursed,Award Declared (Sec 23),Conditional Clearance,Initial Stage (<30%),Low / Resistant,Medium,2,2,2,48.66,1,307
PCL-11311,PRJ-1135,Gujarat,Bharuch,23.733778,72.617895,Renewable / Solar Park,6.26,4,0.639,1.5646,61.0,57.0,0,357,87,27,147,0.428,Pending Disbursal,Possession Taken (Sec 38),Resubmission Required,Substantial Possession (>70%),Moderate,High,3,3,4,36.03,1,289
PCL-11312,PRJ-1016,Tamil Nadu,Tiruchirappalli,10.263728,78.60861,Railway & Freight Corridor,42.51,65,1.5291,0.654,85.0,76.0,1,155,23,0,56,0.211,Partially Disbursed,Notification Pending,Approved,Contested / Encroached,High / Cooperative,High,3,4,1,38.87,1,252
PCL-11313,PRJ-1012,Uttar Pradesh,Noida,27.558821,81.382854,Railway & Freight Corridor,37.52,64,1.7058,0.5862,67.0,58.0,1,56,100,40,146,0.554,Partially Disbursed,Possession Taken (Sec 38),Under Scrutiny,Full Possession,Low / Resistant,Very High,4,2,5,51.08,1,368
PCL-11314,PRJ-1218,Haryana,Hisar,30.269068,76.661882,Highway / Expressway,143.81,144,1.0013,0.9987,88.0,66.0,0,0,169,109,197,0.714,Fully Disbursed,Notification Pending,Under Scrutiny,Full Possession,High / Cooperative,High,3,4,5,13.19,0,40
PCL-11315,PRJ-1007,Gujarat,Ahmedabad,23.279526,71.993318,Irrigation / Water Canal,28.39,25,0.8806,1.1356,69.0,26.0,0,0,105,45,304,0.588,Fully Disbursed,Declaration Published (Sec 19),Conditional Clearance,Full Possession,High / Cooperative,Medium,2,4,5,25.0,1,161
PCL-11316,PRJ-1065,Haryana,Karnal,30.096795,77.421042,Industrial Corridor / SEZ,20.88,23,1.1015,0.9078,74.0,31.0,0,40,33,0,297,0.571,Partially Disbursed,Notification Pending,Approved,Substantial Possession (>70%),High / Cooperative,Medium,2,4,4,24.88,0,11
PCL-11317,PRJ-1258,Odisha,Cuttack,21.414665,84.165335,Industrial Corridor / SEZ,48.43,65,1.3421,0.7451,96.0,35.0,0,0,171,111,272,0.606,Fully Disbursed,Preliminary Notification (Sec 11),Pending Environmental Clearance,Initial Stage (<30%),Moderate,High,3,3,2,21.25,1,238
PCL-11318,PRJ-1255,Haryana,Hisar,28.54354,76.989299,Highway / Expressway,20.74,3,0.1446,6.911,40.0,62.0,0,132,15,0,149,0.565,Partially Disbursed,Notification Pending,Approved,Substantial Possession (>70%),Moderate,Medium,2,3,4,30.56,1,265
PCL-11319,PRJ-1031,Maharashtra,Aurangabad,20.092512,77.060441,Irrigation / Water Canal,13.69,19,1.3879,0.7205,83.0,70.0,0,0,167,107,215,0.285,Fully Disbursed,Award Declared (Sec 23),Under Scrutiny,Full Possession,Hostile / Legal Injunction,Very High,4,1,5,25.71,1,371
PCL-11320,PRJ-1045,Uttar Pradesh,Prayagraj,27.262249,82.698181,Renewable / Solar Park,36.12,58,1.6058,0.6227,54.0,39.0,0,0,15,0,157,0.726,Fully Disbursed,Preliminary Notification (Sec 11),Approved,Full Possession,High / Cooperative,Low,1,4,5,21.19,0,46
PCL-11321,PRJ-1022,Gujarat,Vadodara,22.964071,72.738604,Highway / Expressway,20.78,39,1.8768,0.5328,87.0,57.0,1,137,67,7,282,0.334,Partially Disbursed,Possession Taken (Sec 38),Approved,Partial Possession (30-70%),High / Cooperative,Medium,2,4,3,48.11,1,205
PCL-11322,PRJ-1043,Tamil Nadu,Salem,10.834217,77.840151,Airport Infrastructure,23.7,19,0.8017,1.2473,88.0,83.0,1,148,108,48,257,0.421,Partially Disbursed,Award Declared (Sec 23),Under Scrutiny,Partial Possession (30-70%),High / Cooperative,Medium,2,4,3,44.82,1,268
PCL-11323,PRJ-1154,Maharashtra,Pune,19.237825,74.749846,Irrigation / Water Canal,21.4,40,1.8692,0.535,72.0,79.0,0,64,144,84,300,0.477,Partially Disbursed,Possession Taken (Sec 38),Resubmission Required,Full Possession,High / Cooperative,Very High,4,4,5,21.58,1,146
PCL-11324,PRJ-1217,Madhya Pradesh,Gwalior,22.641012,80.536176,Airport Infrastructure,24.61,91,3.6977,0.2704,83.0,66.0,0,0,44,0,235,0.269,Fully Disbursed,Notification Pending,Approved,Full Possession,High / Cooperative,Low,1,4,5,15.61,0,38
PCL-11325,PRJ-1211,Tamil Nadu,Coimbatore,11.505451,77.189201,Irrigation / Water Canal,25.47,33,1.2956,0.7718,95.0,85.0,0,91,23,0,350,0.479,Pending Disbursal,Notification Pending,Approved,Substantial Possession (>70%),Moderate,Low,1,3,4,23.11,0,11
PCL-11326,PRJ-1143,Gujarat,Rajkot,23.771605,71.290249,Irrigation / Water Canal,9.57,26,2.7168,0.3681,89.0,72.0,1,301,155,95,218,0.289,Disputed in Escrow,Award Declared (Sec 23),Under Scrutiny,Contested / Encroached,Low / Resistant,High,3,2,1,58.04,1,389
PCL-11327,PRJ-1233,Uttar Pradesh,Noida,25.953999,79.111348,Urban Metro / Transit,42.74,148,3.4628,0.2888,56.0,92.0,0,0,209,149,195,0.209,Fully Disbursed,Preliminary Notification (Sec 11),Conditional Clearance,Partial Possession (30-70%),Moderate,Medium,2,3,3,20.66,0,32
PCL-11328,PRJ-1018,Maharashtra,Aurangabad,18.638976,79.111511,Renewable / Solar Park,93.05,135,1.4508,0.6893,85.0,28.0,1,150,131,71,302,0.592,Partially Disbursed,Possession Taken (Sec 38),Under Scrutiny,Partial Possession (30-70%),Hostile / Legal Injunction,High,3,1,3,63.94,1,589
PCL-11329,PRJ-1120,Tamil Nadu,Kanchipuram,10.279127,77.930291,Airport Infrastructure,152.84,417,2.7283,0.3665,86.0,76.0,0,0,193,133,234,0.397,Fully Disbursed,Preliminary Notification (Sec 11),Under Scrutiny,Full Possession,High / Cooperative,Low,1,4,5,13.97,0,45
PCL-11330,PRJ-1099,Haryana,Hisar,29.280363,76.76014,Highway / Expressway,23.02,25,1.086,0.9208,91.0,78.0,0,0,201,141,180,0.657,Fully Disbursed,Declaration Published (Sec 19),Resubmission Required,Initial Stage (<30%),Moderate,Low,1,3,2,14.5,1,145
PCL-11331,PRJ-1088,Uttar Pradesh,Prayagraj,27.982012,79.306276,Airport Infrastructure,12.54,3,0.2392,4.1786,61.0,75.0,0,0,134,74,118,0.539,Fully Disbursed,Award Declared (Sec 23),Conditional Clearance,Full Possession,Moderate,Low,1,3,5,18.48,1,156
PCL-11332,PRJ-1140,Maharashtra,Nagpur,18.339144,74.426585,Irrigation / Water Canal,38.39,43,1.1201,0.8928,63.0,56.0,1,153,15,0,63,0.468,Partially Disbursed,Notification Pending,Approved,Contested / Encroached,Moderate,Very High,4,3,1,49.2,1,408
PCL-11333,PRJ-1074,Gujarat,Kutch,23.226893,71.443539,Irrigation / Water Canal,71.46,91,1.2734,0.7853,74.0,50.0,0,95,36,0,137,0.081,Partially Disbursed,Notification Pending,Approved,Full Possession,Moderate,Medium,2,3,5,22.99,1,102
PCL-11334,PRJ-1153,Tamil Nadu,Salem,12.247733,77.625119,Renewable / Solar Park,26.85,23,0.8566,1.1673,57.0,68.0,1,55,175,115,149,0.819,Partially Disbursed,Preliminary Notification (Sec 11),Under Scrutiny,Initial Stage (<30%),Low / Resistant,High,3,2,2,52.15,1,472
PCL-11335,PRJ-1221,Tamil Nadu,Salem,9.887337,78.232596,Industrial Corridor / SEZ,145.61,109,0.7486,1.3359,75.0,51.0,0,44,121,61,307,0.489,Partially Disbursed,Declaration Published (Sec 19),Conditional Clearance,Full Possession,Moderate,Low,1,3,5,26.97,1,211
PCL-11336,PRJ-1201,Odisha,Khurda,21.872483,85.168082,Industrial Corridor / SEZ,67.85,54,0.7959,1.2565,58.0,59.0,0,32,158,98,236,0.402,Partially Disbursed,Award Declared (Sec 23),Under Scrutiny,Substantial Possession (>70%),High / Cooperative,Medium,2,4,4,22.67,1,199
PCL-11337,PRJ-1050,Tamil Nadu,Kanchipuram,11.232772,77.473341,Irrigation / Water Canal,15.65,43,2.7476,0.3639,83.0,37.0,0,0,51,0,288,0.201,Fully Disbursed,Possession Taken (Sec 38),Approved,Partial Possession (30-70%),High / Cooperative,Medium,2,4,3,20.5,1,91
PCL-11338,PRJ-1232,Maharashtra,Nagpur,18.547829,73.648555,Irrigation / Water Canal,28.25,32,1.1327,0.8828,86.0,62.0,1,128,147,87,319,0.403,Pending Disbursal,Possession Taken (Sec 38),Under Scrutiny,Substantial Possession (>70%),Low / Resistant,High,3,2,4,56.32,1,480
PCL-11339,PRJ-1162,Haryana,Karnal,30.138333,76.898896,Urban Metro / Transit,49.12,105,2.1376,0.4678,98.0,65.0,0,170,166,106,174,0.216,Partially Disbursed,Preliminary Notification (Sec 11),Under Scrutiny,Full Possession,High / Cooperative,Medium,2,4,5,17.41,0,0
PCL-11340,PRJ-1126,Uttar Pradesh,Lucknow,26.434012,83.359552,Renewable / Solar Park,40.1,39,0.9726,1.0282,46.0,88.0,0,157,15,0,254,0.57,Pending Disbursal,Declaration Published (Sec 19),Approved,Full Possession,High / Cooperative,Low,1,4,5,27.98,0,0
PCL-11341,PRJ-1074,Gujarat,Kutch,22.042732,69.994565,Irrigation / Water Canal,12.61,22,1.7446,0.5732,65.0,73.0,0,98,44,0,281,0.247,Pending Disbursal,Notification Pending,Approved,Partial Possession (30-70%),High / Cooperative,High,3,4,3,24.26,1,146
PCL-11342,PRJ-1093,Tamil Nadu,Kanchipuram,10.827814,77.120072,Railway & Freight Corridor,13.14,13,0.9893,1.0107,79.0,70.0,0,0,181,121,150,0.541,Fully Disbursed,Declaration Published (Sec 19),Under Scrutiny,Full Possession,Moderate,Medium,2,3,5,16.58,1,210
PCL-11343,PRJ-1154,Maharashtra,Pune,20.13858,73.204281,Irrigation / Water Canal,55.39,106,1.9137,0.5225,59.0,39.0,0,0,22,0,184,0.427,Fully Disbursed,Notification Pending,Approved,Substantial Possession (>70%),Low / Resistant,Low,1,2,4,28.7,1,241
PCL-11344,PRJ-1057,Gujarat,Rajkot,21.977041,73.14262,Industrial Corridor / SEZ,32.16,41,1.2749,0.7844,68.0,66.0,0,236,90,30,100,0.611,Pending Disbursal,Notification Pending,Conditional Clearance,Contested / Encroached,Moderate,High,3,3,1,27.0,1,266
PCL-11345,PRJ-1216,Gujarat,Kutch,21.418015,71.089879,Railway & Freight Corridor,124.09,269,2.1678,0.4613,35.0,64.0,1,102,154,94,295,0.391,Pending Disbursal,Notification Pending,Conditional Clearance,Partial Possession (30-70%),Low / Resistant,Very High,4,2,3,64.35,1,456
PCL-11346,PRJ-1057,Gujarat,Rajkot,22.708472,71.209061,Industrial Corridor / SEZ,54.47,77,1.4136,0.7074,88.0,56.0,0,0,121,61,288,0.655,Fully Disbursed,Notification Pending,Conditional Clearance,Partial Possession (30-70%),High / Cooperative,Medium,2,4,3,17.6,0,19
PCL-11347,PRJ-1104,Haryana,Karnal,28.993291,77.377701,Irrigation / Water Canal,16.95,18,1.0619,0.9416,95.0,50.0,0,0,107,47,225,0.707,Fully Disbursed,Award Declared (Sec 23),Under Scrutiny,Full Possession,Low / Resistant,High,3,2,5,21.94,0,3
PCL-11348,PRJ-1081,Karnataka,Bengaluru Rural,13.124615,76.38707,Railway & Freight Corridor,9.29,13,1.3994,0.7146,54.0,42.0,0,176,122,62,376,0.299,Pending Disbursal,Preliminary Notification (Sec 11),Resubmission Required,Full Possession,High / Cooperative,Low,1,4,5,36.33,0,35
PCL-11349,PRJ-1076,Maharashtra,Nashik,20.562038,75.34939,Airport Infrastructure,110.89,265,2.3898,0.4185,87.0,45.0,1,0,177,117,208,0.175,Fully Disbursed,Notification Pending,Under Scrutiny,Partial Possession (30-70%),Low / Resistant,Very High,4,2,3,48.4,1,438
PCL-11350,PRJ-1207,Madhya Pradesh,Gwalior,24.045123,78.84996,Industrial Corridor / SEZ,79.36,109,1.3735,0.7281,92.0,50.0,0,53,40,0,447,0.411,Partially Disbursed,Preliminary Notification (Sec 11),Approved,Substantial Possession (>70%),Moderate,Low,1,3,4,27.53,1,116
PCL-11351,PRJ-1048,Madhya Pradesh,Gwalior,23.741726,79.868999,Highway / Expressway,10.87,11,1.012,0.9881,91.0,45.0,0,362,119,59,94,0.321,Pending Disbursal,Notification Pending,Conditional Clearance,Contested / Encroached,High / Cooperative,High,3,4,1,25.7,1,248
PCL-11352,PRJ-1173,Rajasthan,Kota,25.370887,76.885053,Urban Metro / Transit,26.36,113,4.2868,0.2333,64.0,23.0,1,222,40,0,85,0.424,Pending Disbursal,Possession Taken (Sec 38),Approved,Substantial Possession (>70%),Hostile / Legal Injunction,High,3,1,4,63.46,1,602
PCL-11353,PRJ-1142,Madhya Pradesh,Gwalior,25.060906,76.643864,Industrial Corridor / SEZ,50.21,43,0.8564,1.1676,77.0,82.0,0,0,105,45,231,0.441,Fully Disbursed,Preliminary Notification (Sec 11),Under Scrutiny,Full Possession,Moderate,Low,1,3,5,18.81,1,231
PCL-11354,PRJ-1190,Madhya Pradesh,Jabalpur,25.104933,77.160247,Highway / Expressway,44.84,39,0.8698,1.1497,60.0,55.0,0,0,132,72,70,0.197,Fully Disbursed,Award Declared (Sec 23),Conditional Clearance,Partial Possession (30-70%),Moderate,Medium,2,3,3,18.88,1,91
PCL-11355,PRJ-1105,Rajasthan,Kota,25.475345,72.461124,Highway / Expressway,29.02,47,1.6196,0.6174,52.0,53.0,0,94,195,135,308,0.429,Partially Disbursed,Award Declared (Sec 23),Under Scrutiny,Partial Possession (30-70%),High / Cooperative,Low,1,4,3,29.71,0,0
PCL-11356,PRJ-1222,Uttar Pradesh,Kanpur,26.551497,81.917016,Industrial Corridor / SEZ,53.82,28,0.5203,1.9221,73.0,82.0,0,0,87,27,333,0.709,Fully Disbursed,Declaration Published (Sec 19),Conditional Clearance,Substantial Possession (>70%),High / Cooperative,Medium,2,4,4,19.69,1,156
PCL-11357,PRJ-1071,Maharashtra,Pune,19.942593,76.335369,Railway & Freight Corridor,24.54,44,1.793,0.5577,76.0,67.0,1,252,113,53,137,0.636,Disputed in Escrow,Preliminary Notification (Sec 11),Under Scrutiny,Initial Stage (<30%),Hostile / Legal Injunction,High,3,1,2,59.84,1,624
PCL-11358,PRJ-1135,Gujarat,Bharuch,23.047599,73.031272,Renewable / Solar Park,57.8,86,1.4879,0.6721,47.0,29.0,0,0,142,82,257,0.312,Fully Disbursed,Declaration Published (Sec 19),Resubmission Required,Full Possession,Moderate,High,3,3,5,31.09,0,41
PCL-11359,PRJ-1151,Karnataka,Bengaluru Rural,12.977231,76.533216,Renewable / Solar Park,75.96,153,2.0142,0.4965,68.0,82.0,0,0,142,82,242,0.08,Fully Disbursed,Preliminary Notification (Sec 11),Under Scrutiny,Initial Stage (<30%),High / Cooperative,High,3,4,2,17.28,0,17
PCL-11360,PRJ-1168,Haryana,Panipat,28.880284,75.584008,Airport Infrastructure,37.39,125,3.3431,0.2991,85.0,80.0,1,178,91,31,273,0.407,Pending Disbursal,Declaration Published (Sec 19),Approved,Partial Possession (30-70%),High / Cooperative,High,3,4,3,47.55,1,246
PCL-11361,PRJ-1125,Uttar Pradesh,Prayagraj,26.826063,80.524719,Highway / Expressway,20.89,11,0.5266,1.8989,82.0,68.0,0,245,206,146,245,0.43,Disputed in Escrow,Notification Pending,Conditional Clearance,Contested / Encroached,Moderate,Medium,2,3,1,29.81,1,205
PCL-11362,PRJ-1065,Haryana,Karnal,28.120476,77.268454,Industrial Corridor / SEZ,56.14,116,2.0663,0.484,80.0,65.0,0,0,54,0,277,0.246,Fully Disbursed,Award Declared (Sec 23),Approved,Partial Possession (30-70%),High / Cooperative,Medium,2,4,3,17.89,0,0
PCL-11363,PRJ-1133,Madhya Pradesh,Jabalpur,23.423049,79.692599,Urban Metro / Transit,6.27,31,4.9442,0.2023,60.0,71.0,1,202,98,38,300,0.409,Pending Disbursal,Award Declared (Sec 23),Approved,Contested / Encroached,High / Cooperative,Low,1,4,1,55.45,1,224
PCL-11364,PRJ-1046,Maharashtra,Nashik,19.015399,73.093799,Railway & Freight Corridor,9.75,16,1.641,0.6093,61.0,17.0,0,155,15,0,399,0.491,Partially Disbursed,Declaration Published (Sec 19),Approved,Full Possession,Moderate,Medium,2,3,5,41.18,0,25
PCL-11365,PRJ-1043,Tamil Nadu,Salem,11.219975,78.32048,Airport Infrastructure,29.09,70,2.4063,0.4156,61.0,79.0,0,0,85,25,177,0.59,Fully Disbursed,Possession Taken (Sec 38),Under Scrutiny,Full Possession,Low / Resistant,High,3,2,5,24.04,1,274
PCL-11366,PRJ-1201,Odisha,Khurda,21.75299,85.949699,Industrial Corridor / SEZ,38.82,39,1.0046,0.9954,75.0,61.0,0,0,64,4,227,0.369,Fully Disbursed,Declaration Published (Sec 19),Approved,Full Possession,Moderate,Medium,2,3,5,21.16,0,12
PCL-11367,PRJ-1227,Rajasthan,Jodhpur,27.939046,73.461742,Railway & Freight Corridor,7.95,11,1.3836,0.7227,61.0,72.0,0,0,178,118,231,0.531,Fully Disbursed,Possession Taken (Sec 38),Conditional Clearance,Partial Possession (30-70%),Moderate,Medium,2,3,3,23.01,0,23
PCL-11368,PRJ-1107,Rajasthan,Udaipur,25.641065,71.265347,Urban Metro / Transit,36.29,147,4.0507,0.2469,69.0,29.0,0,107,72,12,165,0.343,Partially Disbursed,Declaration Published (Sec 19),Approved,Full Possession,Moderate,Low,1,3,5,27.63,1,147
PCL-11369,PRJ-1028,Gujarat,Ahmedabad,21.940992,70.894815,Irrigation / Water Canal,134.55,220,1.6351,0.6116,37.0,70.0,1,140,206,146,236,0.165,Partially Disbursed,Award Declared (Sec 23),Under Scrutiny,Contested / Encroached,Moderate,High,3,3,1,58.95,1,429
PCL-11370,PRJ-1132,Tamil Nadu,Tiruchirappalli,11.504429,77.583409,Highway / Expressway,54.68,110,2.0117,0.4971,56.0,74.0,0,153,136,76,61,0.365,Pending Disbursal,Preliminary Notification (Sec 11),Under Scrutiny,Substantial Possession (>70%),High / Cooperative,Medium,2,4,4,19.98,0,0
PCL-11371,PRJ-1042,Gujarat,Bharuch,22.59047,71.089837,Railway & Freight Corridor,25.45,7,0.275,3.6352,66.0,56.0,0,103,214,154,229,0.343,Partially Disbursed,Notification Pending,Pending Environmental Clearance,Substantial Possession (>70%),High / Cooperative,Medium,2,4,4,24.02,1,185
PCL-11372,PRJ-1034,Haryana,Hisar,29.317764,76.076732,Urban Metro / Transit,10.28,42,4.0856,0.2448,68.0,44.0,0,99,141,81,301,0.219,Pending Disbursal,Award Declared (Sec 23),Conditional Clearance,Partial Possession (30-70%),Hostile / Legal Injunction,Medium,2,1,3,38.61,0,26
PCL-11373,PRJ-1083,Tamil Nadu,Madurai,12.321604,78.200317,Renewable / Solar Park,5.0,7,1.4,0.7142,71.0,83.0,0,0,26,0,297,0.193,Fully Disbursed,Preliminary Notification (Sec 11),Approved,Substantial Possession (>70%),High / Cooperative,Medium,2,4,4,18.64,0,34
PCL-11374,PRJ-1218,Haryana,Hisar,28.060059,77.347339,Highway / Expressway,24.18,20,0.8271,1.2089,71.0,12.0,0,0,15,0,112,0.267,Fully Disbursed,Preliminary Notification (Sec 11),Approved,Full Possession,Moderate,Low,1,3,5,22.55,0,21
PCL-11375,PRJ-1229,Odisha,Angul,20.981973,85.649012,Highway / Expressway,94.59,143,1.5118,0.6615,72.0,60.0,0,0,54,0,152,0.332,Fully Disbursed,Preliminary Notification (Sec 11),Approved,Initial Stage (<30%),High / Cooperative,Very High,4,4,2,15.3,1,148
PCL-11376,PRJ-1060,Madhya Pradesh,Ujjain,23.109088,79.85136,Urban Metro / Transit,9.82,26,2.6477,0.3777,87.0,44.0,0,41,154,94,303,0.678,Partially Disbursed,Preliminary Notification (Sec 11),Pending Environmental Clearance,Partial Possession (30-70%),Moderate,Low,1,3,3,25.0,0,3
PCL-11377,PRJ-1182,Karnataka,Kalaburagi,15.90034,76.523885,Railway & Freight Corridor,16.83,33,1.9608,0.51,59.0,72.0,0,149,23,0,211,0.427,Partially Disbursed,Notification Pending,Approved,Substantial Possession (>70%),Moderate,Low,1,3,4,28.79,1,165
PCL-11378,PRJ-1106,Madhya Pradesh,Jabalpur,26.266099,77.230647,Highway / Expressway,14.82,20,1.3495,0.741,79.0,63.0,0,0,105,45,322,0.152,Fully Disbursed,Notification Pending,Under Scrutiny,Partial Possession (30-70%),High / Cooperative,Low,1,4,3,19.98,0,24
PCL-11379,PRJ-1002,Madhya Pradesh,Bhopal,24.125365,80.038094,Urban Metro / Transit,33.04,109,3.299,0.3031,55.0,77.0,0,0,83,23,300,0.285,Fully Disbursed,Possession Taken (Sec 38),Approved,Partial Possession (30-70%),High / Cooperative,Low,1,4,3,22.55,1,91
PCL-11380,PRJ-1241,Madhya Pradesh,Gwalior,26.344171,76.039624,Railway & Freight Corridor,32.9,55,1.6717,0.5982,87.0,29.0,0,308,53,0,263,0.343,Disputed in Escrow,Possession Taken (Sec 38),Under Scrutiny,Substantial Possession (>70%),Low / Resistant,Medium,2,2,4,39.72,1,257
PCL-11381,PRJ-1117,Tamil Nadu,Kanchipuram,9.687082,79.772751,Highway / Expressway,73.39,102,1.3898,0.7195,57.0,27.0,1,97,15,0,214,0.194,Pending Disbursal,Notification Pending,Approved,Partial Possession (30-70%),Low / Resistant,Low,1,2,3,60.41,1,363
PCL-11382,PRJ-1008,Rajasthan,Udaipur,24.796752,72.56567,Railway & Freight Corridor,94.77,155,1.6355,0.6114,70.0,48.0,0,0,65,5,343,0.535,Fully Disbursed,Declaration Published (Sec 19),Approved,Partial Possession (30-70%),Moderate,Medium,2,3,3,27.81,1,146
PCL-11383,PRJ-1197,Gujarat,Bharuch,22.797148,72.409041,Airport Infrastructure,53.7,152,2.8305,0.3533,67.0,79.0,0,0,144,84,317,0.248,Fully Disbursed,Possession Taken (Sec 38),Under Scrutiny,Substantial Possession (>70%),Moderate,Very High,4,3,4,24.34,1,345
PCL-11384,PRJ-1061,Rajasthan,Kota,25.131994,76.063256,Renewable / Solar Park,12.71,20,1.5736,0.6355,73.0,90.0,0,0,86,26,273,0.152,Fully Disbursed,Award Declared (Sec 23),Approved,Full Possession,Moderate,Medium,2,3,5,20.39,0,0
PCL-11385,PRJ-1075,Haryana,Gurugram,28.982148,75.558382,Renewable / Solar Park,102.85,196,1.9057,0.5247,92.0,74.0,0,357,160,100,171,0.815,Pending Disbursal,Award Declared (Sec 23),Pending Environmental Clearance,Substantial Possession (>70%),High / Cooperative,Medium,2,4,4,25.28,0,18
PCL-11386,PRJ-1058,Uttar Pradesh,Prayagraj,27.158009,82.724794,Irrigation / Water Canal,7.68,16,2.0833,0.48,44.0,81.0,1,32,205,145,365,0.289,Partially Disbursed,Award Declared (Sec 23),Pending Environmental Clearance,Contested / Encroached,Hostile / Legal Injunction,Low,1,1,1,64.35,1,455
PCL-11387,PRJ-1008,Rajasthan,Udaipur,25.442128,72.398936,Railway & Freight Corridor,80.95,73,0.9018,1.1089,68.0,56.0,0,0,169,109,84,0.422,Fully Disbursed,Notification Pending,Resubmission Required,Partial Possession (30-70%),High / Cooperative,Medium,2,4,3,13.95,0,0
PCL-11388,PRJ-1119,Haryana,Faridabad,29.652592,77.327864,Industrial Corridor / SEZ,11.72,11,0.9386,1.0654,94.0,83.0,0,0,232,172,175,0.4,Fully Disbursed,Preliminary Notification (Sec 11),Pending Environmental Clearance,Full Possession,Moderate,Low,1,3,5,13.21,0,2
PCL-11389,PRJ-1080,Karnataka,Belagavi,14.953861,77.174841,Airport Infrastructure,24.95,80,3.2064,0.3119,50.0,59.0,1,116,123,63,360,0.537,Partially Disbursed,Award Declared (Sec 23),Conditional Clearance,Contested / Encroached,Low / Resistant,Medium,2,2,1,64.87,1,384
PCL-11390,PRJ-1040,Tamil Nadu,Madurai,12.629832,79.863583,Industrial Corridor / SEZ,174.41,188,1.0779,0.9277,83.0,60.0,0,159,51,0,306,0.348,Partially Disbursed,Preliminary Notification (Sec 11),Approved,Full Possession,High / Cooperative,Low,1,4,5,25.41,0,22
PCL-11391,PRJ-1024,Karnataka,Kalaburagi,16.285893,77.148714,Railway & Freight Corridor,46.33,52,1.1224,0.8909,77.0,88.0,0,141,90,30,275,0.672,Partially Disbursed,Award Declared (Sec 23),Conditional Clearance,Substantial Possession (>70%),High / Cooperative,Low,1,4,4,21.91,0,22
PCL-11392,PRJ-1184,Haryana,Faridabad,28.205179,75.743317,Airport Infrastructure,30.55,86,2.8151,0.3552,97.0,55.0,1,224,81,21,153,0.396,Pending Disbursal,Possession Taken (Sec 38),Under Scrutiny,Initial Stage (<30%),Moderate,Low,1,3,2,48.79,1,236
PCL-11393,PRJ-1032,Madhya Pradesh,Ujjain,23.002657,78.164726,Railway & Freight Corridor,55.21,55,0.9962,1.0038,62.0,52.0,0,0,162,102,108,0.456,Fully Disbursed,Preliminary Notification (Sec 11),Conditional Clearance,Substantial Possession (>70%),High / Cooperative,Low,1,4,4,16.45,0,40
PCL-11394,PRJ-1236,Haryana,Faridabad,29.662125,76.278313,Irrigation / Water Canal,32.29,30,0.9291,1.0763,82.0,50.0,0,133,182,122,242,0.138,Partially Disbursed,Declaration Published (Sec 19),Pending Environmental Clearance,Full Possession,High / Cooperative,Low,1,4,5,23.14,0,26
PCL-11395,PRJ-1024,Karnataka,Kalaburagi,14.748605,75.921554,Railway & Freight Corridor,74.97,70,0.9337,1.071,58.0,32.0,0,0,233,173,258,0.396,Fully Disbursed,Preliminary Notification (Sec 11),Pending Environmental Clearance,Partial Possession (30-70%),Low / Resistant,Medium,2,2,3,32.38,0,15
PCL-11396,PRJ-1206,Haryana,Faridabad,29.192131,76.864094,Irrigation / Water Canal,37.07,44,1.1869,0.8425,88.0,44.0,1,333,15,0,30,0.488,Pending Disbursal,Notification Pending,Approved,Contested / Encroached,Low / Resistant,Low,1,2,1,55.31,1,371
PCL-11397,PRJ-1202,Andhra Pradesh,Guntur,16.651816,79.195404,Renewable / Solar Park,60.76,30,0.4937,2.0253,88.0,78.0,0,0,153,93,210,0.286,Fully Disbursed,Preliminary Notification (Sec 11),Under Scrutiny,Initial Stage (<30%),High / Cooperative,Low,1,4,2,12.48,0,11
PCL-11398,PRJ-1103,Madhya Pradesh,Bhopal,24.591926,79.800104,Irrigation / Water Canal,76.95,163,2.1183,0.4721,60.0,62.0,1,94,15,0,236,0.233,Pending Disbursal,Award Declared (Sec 23),Approved,Initial Stage (<30%),Low / Resistant,Medium,2,2,2,57.01,1,297
PCL-11399,PRJ-1231,Andhra Pradesh,Guntur,14.304201,80.371081,Urban Metro / Transit,71.16,215,3.0214,0.331,82.0,44.0,1,49,143,83,238,0.63,Partially Disbursed,Notification Pending,Conditional Clearance,Full Possession,Low / Resistant,High,3,2,5,52.64,1,249
PCL-11400,PRJ-1076,Maharashtra,Nashik,20.500727,76.101884,Airport Infrastructure,5.1,30,5.8824,0.17,68.0,84.0,0,0,56,0,84,0.591,Fully Disbursed,Declaration Published (Sec 19),Approved,Substantial Possession (>70%),High / Cooperative,Medium,2,4,4,11.15,0,0
PCL-11401,PRJ-1039,Madhya Pradesh,Indore,25.728033,80.362847,Renewable / Solar Park,54.8,82,1.4964,0.6683,62.0,52.0,0,0,49,0,75,0.485,Fully Disbursed,Declaration Published (Sec 19),Approved,Full Possession,Moderate,Medium,2,3,5,18.96,0,16
PCL-11402,PRJ-1059,Madhya Pradesh,Jabalpur,23.321381,80.407758,Highway / Expressway,30.98,26,0.8393,1.1915,82.0,45.0,0,0,153,93,229,0.551,Fully Disbursed,Possession Taken (Sec 38),Resubmission Required,Full Possession,High / Cooperative,Medium,2,4,5,17.69,0,16
PCL-11403,PRJ-1096,Karnataka,Mysuru,12.694981,75.126585,Renewable / Solar Park,26.69,20,0.7493,1.3344,74.0,49.0,1,98,185,125,322,0.737,Partially Disbursed,Declaration Published (Sec 19),Under Scrutiny,Partial Possession (30-70%),Low / Resistant,Very High,4,2,3,58.9,1,447
PCL-11404,PRJ-1013,Haryana,Karnal,30.134044,76.406096,Renewable / Solar Park,7.44,22,2.957,0.3382,63.0,44.0,1,79,145,85,265,0.328,Partially Disbursed,Possession Taken (Sec 38),Pending Environmental Clearance,Full Possession,Hostile / Legal Injunction,High,3,1,5,62.43,1,459
PCL-11405,PRJ-1017,Tamil Nadu,Madurai,10.540098,77.664682,Urban Metro / Transit,77.15,154,1.9961,0.501,42.0,46.0,0,0,163,103,349,0.38,Fully Disbursed,Declaration Published (Sec 19),Pending Environmental Clearance,Initial Stage (<30%),Moderate,Very High,4,3,2,33.84,1,250
PCL-11406,PRJ-1228,Rajasthan,Udaipur,25.956217,72.475829,Urban Metro / Transit,54.28,162,2.9845,0.3351,48.0,49.0,1,256,25,0,321,0.519,Pending Disbursal,Award Declared (Sec 23),Approved,Contested / Encroached,Hostile / Legal Injunction,High,3,1,1,74.31,1,496
PCL-11407,PRJ-1167,Gujarat,Surat,21.365305,71.705942,Airport Infrastructure,16.03,48,2.9944,0.334,91.0,81.0,0,76,230,170,276,0.582,Partially Disbursed,Notification Pending,Pending Environmental Clearance,Full Possession,High / Cooperative,Low,1,4,5,17.17,0,30
PCL-11408,PRJ-1114,Odisha,Sundargarh,20.45496,84.178947,Highway / Expressway,166.22,319,1.9191,0.5211,81.0,69.0,1,304,32,0,99,0.254,Pending Disbursal,Possession Taken (Sec 38),Approved,Partial Possession (30-70%),Moderate,High,3,3,3,51.86,1,320
PCL-11409,PRJ-1156,Haryana,Gurugram,28.904155,75.940277,Irrigation / Water Canal,8.82,17,1.9274,0.5188,70.0,21.0,0,30,148,88,293,0.394,Partially Disbursed,Notification Pending,Pending Environmental Clearance,Substantial Possession (>70%),Moderate,Medium,2,3,4,29.87,0,23
PCL-11410,PRJ-1254,Andhra Pradesh,Krishna,18.422356,81.742333,Highway / Expressway,102.84,192,1.867,0.5356,54.0,47.0,1,232,50,0,88,0.635,Disputed in Escrow,Notification Pending,Resubmission Required,Contested / Encroached,High / Cooperative,Low,1,4,1,52.33,1,199
PCL-11411,PRJ-1040,Tamil Nadu,Madurai,12.624002,79.457551,Industrial Corridor / SEZ,17.92,35,1.9531,0.512,63.0,59.0,1,107,19,0,207,0.345,Pending Disbursal,Notification Pending,Approved,Contested / Encroached,Moderate,High,3,3,1,52.41,1,248
PCL-11412,PRJ-1106,Madhya Pradesh,Jabalpur,22.812578,81.177389,Highway / Expressway,20.76,37,1.7823,0.5611,25.0,73.0,0,114,138,78,50,0.171,Partially Disbursed,Award Declared (Sec 23),Pending Environmental Clearance,Full Possession,Moderate,Low,1,3,5,28.01,0,41
PCL-11413,PRJ-1116,Tamil Nadu,Coimbatore,12.913656,77.929408,Irrigation / Water Canal,104.63,183,1.749,0.5717,91.0,78.0,0,171,40,0,87,0.484,Partially Disbursed,Notification Pending,Approved,Partial Possession (30-70%),High / Cooperative,High,3,4,3,14.29,0,20
PCL-11414,PRJ-1126,Uttar Pradesh,Lucknow,25.705344,78.925887,Renewable / Solar Park,20.42,31,1.5181,0.6587,75.0,73.0,0,0,53,0,256,0.822,Fully Disbursed,Notification Pending,Approved,Substantial Possession (>70%),High / Cooperative,Medium,2,4,4,17.3,0,85
PCL-11415,PRJ-1119,Haryana,Faridabad,28.343877,77.130141,Industrial Corridor / SEZ,41.78,76,1.8191,0.5497,86.0,44.0,0,0,168,108,388,0.28,Fully Disbursed,Award Declared (Sec 23),Conditional Clearance,Substantial Possession (>70%),High / Cooperative,High,3,4,4,22.95,0,30
PCL-11416,PRJ-1069,Andhra Pradesh,Krishna,18.236067,78.627732,Industrial Corridor / SEZ,14.88,20,1.3441,0.744,65.0,45.0,0,0,135,75,336,0.411,Fully Disbursed,Award Declared (Sec 23),Approved,Full Possession,High / Cooperative,Medium,2,4,5,25.1,1,302
PCL-11417,PRJ-1094,Rajasthan,Alwar,26.669309,76.165089,Industrial Corridor / SEZ,17.48,29,1.659,0.6027,63.0,37.0,1,230,34,0,226,0.731,Disputed in Escrow,Notification Pending,Approved,Partial Possession (30-70%),Low / Resistant,Medium,2,2,3,64.13,1,311
PCL-11418,PRJ-1247,Rajasthan,Jodhpur,25.688459,75.313028,Airport Infrastructure,175.26,312,1.7802,0.5617,47.0,67.0,1,160,83,23,175,0.579,Partially Disbursed,Possession Taken (Sec 38),Approved,Substantial Possession (>70%),Hostile / Legal Injunction,High,3,1,4,63.29,1,463
PCL-11419,PRJ-1014,Gujarat,Surat,23.632033,70.923183,Irrigation / Water Canal,15.41,26,1.6872,0.5927,64.0,58.0,0,0,153,93,231,0.291,Fully Disbursed,Notification Pending,Pending Environmental Clearance,Full Possession,High / Cooperative,High,3,4,5,20.06,1,118
PCL-11420,PRJ-1032,Madhya Pradesh,Ujjain,22.890628,79.562963,Railway & Freight Corridor,12.0,7,0.5833,1.714,80.0,53.0,1,228,157,97,123,0.25,Pending Disbursal,Declaration Published (Sec 19),Conditional Clearance,Substantial Possession (>70%),Low / Resistant,Medium,2,2,4,55.18,1,389
PCL-11421,PRJ-1054,Haryana,Hisar,28.76883,76.815762,Irrigation / Water Canal,28.85,18,0.6239,1.6027,76.0,86.0,1,223,164,104,173,0.413,Pending Disbursal,Possession Taken (Sec 38),Under Scrutiny,Substantial Possession (>70%),Low / Resistant,High,3,2,4,54.35,1,444
PCL-11422,PRJ-1068,Maharashtra,Pune,18.494644,73.647916,Irrigation / Water Canal,157.71,213,1.3506,0.7404,78.0,55.0,0,0,136,76,227,0.52,Fully Disbursed,Notification Pending,Conditional Clearance,Substantial Possession (>70%),Moderate,High,3,3,4,21.16,1,265
PCL-11423,PRJ-1004,Maharashtra,Nagpur,18.927282,76.523482,Irrigation / Water Canal,34.17,48,1.4047,0.7119,83.0,65.0,0,0,184,124,167,0.559,Fully Disbursed,Declaration Published (Sec 19),Pending Environmental Clearance,Partial Possession (30-70%),Moderate,Medium,2,3,3,16.91,1,234
PCL-11424,PRJ-1221,Tamil Nadu,Salem,10.754587,78.159702,Industrial Corridor / SEZ,135.38,190,1.4035,0.7125,65.0,68.0,0,140,90,30,134,0.257,Partially Disbursed,Award Declared (Sec 23),Approved,Substantial Possession (>70%),High / Cooperative,Low,1,4,4,20.98,0,14
PCL-11425,PRJ-1184,Haryana,Faridabad,29.814578,76.557769,Airport Infrastructure,85.28,331,3.8813,0.2576,43.0,75.0,1,334,15,0,146,0.443,Pending Disbursal,Declaration Published (Sec 19),Approved,Substantial Possession (>70%),Hostile / Legal Injunction,High,3,1,4,69.35,1,482
PCL-11426,PRJ-1247,Rajasthan,Jodhpur,24.601449,74.498556,Airport Infrastructure,19.45,30,1.5424,0.6483,96.0,79.0,0,281,171,111,149,0.399,Pending Disbursal,Preliminary Notification (Sec 11),Conditional Clearance,Partial Possession (30-70%),High / Cooperative,Low,1,4,3,20.04,0,33
PCL-11427,PRJ-1089,Andhra Pradesh,Krishna,14.857694,79.766779,Highway / Expressway,37.9,59,1.5567,0.6424,71.0,25.0,0,297,138,78,109,0.345,Pending Disbursal,Declaration Published (Sec 19),Conditional Clearance,Contested / Encroached,High / Cooperative,Medium,2,4,1,29.59,1,274
PCL-11428,PRJ-1211,Tamil Nadu,Coimbatore,10.19159,79.407485,Irrigation / Water Canal,104.02,198,1.9035,0.5254,95.0,66.0,0,92,20,0,100,0.3,Partially Disbursed,Award Declared (Sec 23),Approved,Substantial Possession (>70%),High / Cooperative,High,3,4,4,11.93,1,91
PCL-11429,PRJ-1006,Madhya Pradesh,Bhopal,25.517468,78.925101,Industrial Corridor / SEZ,44.94,82,1.8247,0.548,64.0,39.0,0,0,48,0,249,0.29,Fully Disbursed,Possession Taken (Sec 38),Approved,Initial Stage (<30%),Moderate,Medium,2,3,2,26.39,0,0
PCL-11430,PRJ-1027,Rajasthan,Jodhpur,28.286641,73.181708,Industrial Corridor / SEZ,12.47,2,0.1604,6.2319,93.0,80.0,0,0,125,65,118,0.598,Fully Disbursed,Declaration Published (Sec 19),Under Scrutiny,Full Possession,Moderate,Low,1,3,5,11.58,0,13
PCL-11431,PRJ-1113,Andhra Pradesh,Visakhapatnam,15.130685,81.788776,Airport Infrastructure,77.95,240,3.0789,0.3248,78.0,60.0,0,0,16,0,318,0.398,Fully Disbursed,Notification Pending,Approved,Initial Stage (<30%),High / Cooperative,Medium,2,4,2,20.33,0,21
PCL-11432,PRJ-1011,Gujarat,Surat,23.752116,69.681691,Urban Metro / Transit,146.54,418,2.8525,0.3506,97.0,64.0,0,304,187,127,161,0.226,Pending Disbursal,Preliminary Notification (Sec 11),Under Scrutiny,Partial Possession (30-70%),High / Cooperative,Low,1,4,3,22.73,1,111
PCL-11433,PRJ-1182,Karnataka,Kalaburagi,12.600585,76.381817,Railway & Freight Corridor,21.17,39,1.8422,0.5428,79.0,50.0,1,517,146,86,302,0.263,Disputed in Escrow,Declaration Published (Sec 19),Pending Environmental Clearance,Initial Stage (<30%),High / Cooperative,Low,1,4,2,60.52,1,311
PCL-11434,PRJ-1102,Odisha,Cuttack,21.594902,84.359599,Highway / Expressway,46.63,63,1.3511,0.7401,91.0,72.0,0,243,137,77,323,0.352,Pending Disbursal,Declaration Published (Sec 19),Pending Environmental Clearance,Contested / Encroached,Moderate,High,3,3,1,30.45,1,245
PCL-11435,PRJ-1148,Gujarat,Ahmedabad,21.387282,72.34501,Highway / Expressway,98.72,122,1.2358,0.8092,74.0,46.0,0,0,178,118,256,0.182,Fully Disbursed,Possession Taken (Sec 38),Pending Environmental Clearance,Partial Possession (30-70%),Moderate,Medium,2,3,3,23.95,1,141
PCL-11436,PRJ-1129,Maharashtra,Thane,19.802775,74.202389,Urban Metro / Transit,15.63,53,3.3909,0.2949,58.0,90.0,1,264,135,75,183,0.819,Pending Disbursal,Preliminary Notification (Sec 11),Under Scrutiny,Partial Possession (30-70%),Hostile / Legal Injunction,High,3,1,3,63.36,1,473
PCL-11437,PRJ-1254,Andhra Pradesh,Krishna,16.776779,80.816696,Highway / Expressway,16.7,7,0.4192,2.3854,26.0,57.0,1,317,21,0,274,0.571,Pending Disbursal,Award Declared (Sec 23),Approved,Partial Possession (30-70%),High / Cooperative,Medium,2,4,3,67.4,1,391
PCL-11438,PRJ-1138,Haryana,Gurugram,28.878841,77.033719,Renewable / Solar Park,47.46,86,1.8121,0.5519,61.0,34.0,0,32,102,42,244,0.545,Partially Disbursed,Declaration Published (Sec 19),Approved,Full Possession,High / Cooperative,Medium,2,4,5,24.87,1,194
PCL-11439,PRJ-1194,Madhya Pradesh,Ujjain,25.755093,75.925619,Highway / Expressway,45.29,69,1.5235,0.6564,90.0,54.0,0,98,159,99,238,0.282,Partially Disbursed,Preliminary Notification (Sec 11),Under Scrutiny,Contested / Encroached,Moderate,Low,1,3,1,23.3,1,154
PCL-11440,PRJ-1257,Haryana,Faridabad,30.148553,76.739061,Railway & Freight Corridor,61.18,69,1.1278,0.8867,89.0,59.0,1,300,178,118,259,0.581,Disputed in Escrow,Award Declared (Sec 23),Conditional Clearance,Initial Stage (<30%),High / Cooperative,Medium,2,4,2,53.34,1,378
PCL-11441,PRJ-1113,Andhra Pradesh,Visakhapatnam,16.148605,78.430498,Airport Infrastructure,22.14,78,3.523,0.2838,95.0,67.0,0,0,16,0,210,0.65,Fully Disbursed,Preliminary Notification (Sec 11),Approved,Substantial Possession (>70%),High / Cooperative,Low,1,4,4,12.18,0,0
PCL-11442,PRJ-1142,Madhya Pradesh,Gwalior,22.984026,75.377868,Industrial Corridor / SEZ,31.28,53,1.6944,0.5902,95.0,54.0,0,269,50,0,235,0.372,Pending Disbursal,Possession Taken (Sec 38),Approved,Partial Possession (30-70%),Moderate,Low,1,3,3,29.22,1,249
PCL-11443,PRJ-1199,Karnataka,Belagavi,16.24959,75.843223,Renewable / Solar Park,34.42,72,2.0918,0.478,81.0,43.0,1,134,15,0,52,0.405,Pending Disbursal,Notification Pending,Approved,Initial Stage (<30%),Low / Resistant,High,3,2,2,49.46,1,365
PCL-11444,PRJ-1018,Maharashtra,Aurangabad,20.771309,74.004577,Renewable / Solar Park,25.86,47,1.8175,0.5502,64.0,62.0,0,108,15,0,287,0.59,Partially Disbursed,Award Declared (Sec 23),Approved,Substantial Possession (>70%),Moderate,Medium,2,3,4,29.95,0,51
PCL-11445,PRJ-1198,Maharashtra,Thane,18.109258,79.298275,Renewable / Solar Park,11.72,4,0.3413,2.9293,69.0,22.0,0,0,93,33,370,0.794,Fully Disbursed,Declaration Published (Sec 19),Approved,Initial Stage (<30%),Moderate,High,3,3,2,31.63,1,247
PCL-11446,PRJ-1014,Gujarat,Surat,22.199438,71.886293,Irrigation / Water Canal,30.5,42,1.377,0.7262,79.0,36.0,0,151,144,84,98,0.671,Pending Disbursal,Notification Pending,Pending Environmental Clearance,Full Possession,High / Cooperative,Low,1,4,5,20.48,1,213
PCL-11447,PRJ-1211,Tamil Nadu,Coimbatore,12.568699,78.523662,Irrigation / Water Canal,64.28,95,1.4779,0.6766,76.0,54.0,1,350,65,5,320,0.347,Pending Disbursal,Notification Pending,Approved,Partial Possession (30-70%),High / Cooperative,Low,1,4,3,60.78,1,322
PCL-11448,PRJ-1024,Karnataka,Kalaburagi,14.447333,76.954576,Railway & Freight Corridor,43.57,66,1.5148,0.6601,71.0,57.0,0,158,177,117,320,0.513,Partially Disbursed,Possession Taken (Sec 38),Resubmission Required,Full Possession,Moderate,Low,1,3,5,32.34,0,8
PCL-11449,PRJ-1166,Uttar Pradesh,Varanasi,27.933746,82.60675,Highway / Expressway,283.79,429,1.5117,0.6615,75.0,36.0,1,224,109,49,334,0.331,Pending Disbursal,Notification Pending,Approved,Contested / Encroached,High / Cooperative,High,3,4,1,58.13,1,271
PCL-11450,PRJ-1227,Rajasthan,Jodhpur,24.180854,73.35545,Railway & Freight Corridor,25.72,25,0.972,1.0288,58.0,81.0,0,33,65,5,301,0.257,Partially Disbursed,Possession Taken (Sec 38),Approved,Partial Possession (30-70%),High / Cooperative,Low,1,4,3,22.94,0,29
PCL-11451,PRJ-1042,Gujarat,Bharuch,23.001421,71.543262,Railway & Freight Corridor,183.96,245,1.3318,0.7509,29.0,86.0,1,632,173,113,265,0.587,Disputed in Escrow,Declaration Published (Sec 19),Conditional Clearance,Partial Possession (30-70%),High / Cooperative,Medium,2,4,3,65.54,1,389
PCL-11452,PRJ-1004,Maharashtra,Nagpur,19.598291,78.313095,Irrigation / Water Canal,19.14,29,1.5152,0.66,90.0,58.0,0,0,157,97,137,0.542,Fully Disbursed,Notification Pending,Under Scrutiny,Initial Stage (<30%),High / Cooperative,Low,1,4,2,11.34,0,0
PCL-11453,PRJ-1045,Uttar Pradesh,Prayagraj,27.343544,79.331989,Renewable / Solar Park,59.39,71,1.1955,0.8365,73.0,79.0,0,0,212,152,30,0.08,Fully Disbursed,Award Declared (Sec 23),Conditional Clearance,Substantial Possession (>70%),Moderate,Medium,2,3,4,12.38,0,20
PCL-11454,PRJ-1195,Andhra Pradesh,Visakhapatnam,16.684783,78.361196,Renewable / Solar Park,11.76,4,0.3401,2.9393,49.0,74.0,0,451,175,115,245,0.314,Disputed in Escrow,Declaration Published (Sec 19),Resubmission Required,Partial Possession (30-70%),High / Cooperative,Medium,2,4,3,36.99,1,161
PCL-11455,PRJ-1143,Gujarat,Rajkot,22.960198,70.129574,Irrigation / Water Canal,23.02,9,0.391,2.5575,73.0,77.0,0,149,15,0,222,0.216,Partially Disbursed,Notification Pending,Approved,Substantial Possession (>70%),Low / Resistant,Low,1,2,4,29.65,0,28
PCL-11456,PRJ-1193,Uttar Pradesh,Prayagraj,28.293084,79.513828,Irrigation / Water Canal,16.37,16,0.9774,1.0231,88.0,32.0,0,116,113,53,283,0.733,Pending Disbursal,Preliminary Notification (Sec 11),Approved,Initial Stage (<30%),Low / Resistant,Low,1,2,2,32.08,1,372
PCL-11457,PRJ-1073,Uttar Pradesh,Noida,28.114259,81.581864,Highway / Expressway,38.66,29,0.7501,1.3331,91.0,72.0,0,0,75,15,336,0.666,Fully Disbursed,Preliminary Notification (Sec 11),Pending Environmental Clearance,Contested / Encroached,Low / Resistant,Low,1,2,1,24.7,1,129
PCL-11458,PRJ-1229,Odisha,Angul,21.837572,84.599685,Highway / Expressway,44.71,62,1.3867,0.7211,73.0,89.0,0,123,109,49,189,0.382,Pending Disbursal,Possession Taken (Sec 38),Approved,Full Possession,Moderate,Medium,2,3,5,22.39,1,149
PCL-11459,PRJ-1213,Uttar Pradesh,Agra,26.92091,81.566923,Highway / Expressway,51.19,86,1.68,0.5952,60.0,88.0,1,518,145,85,361,0.558,Disputed in Escrow,Preliminary Notification (Sec 11),Under Scrutiny,Initial Stage (<30%),Hostile / Legal Injunction,High,3,1,2,73.99,1,635
PCL-11460,PRJ-1095,Rajasthan,Jaipur,26.872978,73.804867,Irrigation / Water Canal,18.01,8,0.4442,2.251,81.0,85.0,0,58,212,152,131,0.778,Partially Disbursed,Notification Pending,Pending Environmental Clearance,Substantial Possession (>70%),Moderate,Low,1,3,4,16.35,1,91
PCL-11461,PRJ-1208,Rajasthan,Alwar,26.25,74.0,Industrial Corridor / SEZ,35.73,27,0.7557,1.3233,47.0,79.0,0,74,96,36,303,0.716,Partially Disbursed,Possession Taken (Sec 38),Approved,Initial Stage (<30%),High / Cooperative,Low,1,4,2,27.1,1,115
PCL-11462,PRJ-1167,Gujarat,Surat,23.378899,70.728535,Airport Infrastructure,29.79,107,3.5918,0.2784,74.0,58.0,0,338,75,15,272,0.449,Pending Disbursal,Preliminary Notification (Sec 11),Approved,Full Possession,High / Cooperative,Medium,2,4,5,33.49,0,37
PCL-11463,PRJ-1074,Gujarat,Kutch,21.914944,71.94357,Irrigation / Water Canal,30.47,41,1.3456,0.7432,60.0,38.0,1,294,77,17,286,0.552,Disputed in Escrow,Possession Taken (Sec 38),Approved,Full Possession,High / Cooperative,Medium,2,4,5,62.01,1,349
PCL-11464,PRJ-1232,Maharashtra,Nagpur,19.2247,78.274719,Irrigation / Water Canal,12.45,14,1.1245,0.8892,68.0,44.0,0,0,31,0,255,0.438,Fully Disbursed,Award Declared (Sec 23),Approved,Full Possession,High / Cooperative,Low,1,4,5,21.56,0,24
PCL-11465,PRJ-1158,Haryana,Karnal,28.150869,76.224234,Urban Metro / Transit,18.37,63,3.4295,0.2916,92.0,84.0,1,315,81,21,231,0.634,Pending Disbursal,Award Declared (Sec 23),Conditional Clearance,Partial Possession (30-70%),Moderate,Medium,2,3,3,53.56,1,332
PCL-11466,PRJ-1125,Uttar Pradesh,Prayagraj,28.020593,82.516173,Highway / Expressway,19.82,18,0.9082,1.101,71.0,78.0,1,321,93,33,136,0.437,Pending Disbursal,Possession Taken (Sec 38),Approved,Partial Possession (30-70%),Low / Resistant,High,3,2,3,58.79,1,449
PCL-11467,PRJ-1078,Tamil Nadu,Salem,12.946813,80.028264,Airport Infrastructure,24.65,54,2.1907,0.4565,74.0,57.0,0,165,15,0,284,0.151,Partially Disbursed,Possession Taken (Sec 38),Approved,Full Possession,High / Cooperative,Low,1,4,5,26.93,0,19
PCL-11468,PRJ-1249,Rajasthan,Jodhpur,28.308279,76.096385,Irrigation / Water Canal,50.77,66,1.3,0.7692,89.0,50.0,0,0,33,0,222,0.369,Fully Disbursed,Notification Pending,Approved,Full Possession,Moderate,Low,1,3,5,19.28,0,36
PCL-11469,PRJ-1006,Madhya Pradesh,Bhopal,23.738859,77.598193,Industrial Corridor / SEZ,34.48,72,2.0882,0.4789,76.0,63.0,1,118,171,111,146,0.562,Partially Disbursed,Possession Taken (Sec 38),Under Scrutiny,Initial Stage (<30%),Low / Resistant,High,3,2,2,51.32,1,469
PCL-11470,PRJ-1080,Karnataka,Belagavi,15.43114,76.909158,Airport Infrastructure,165.86,618,3.726,0.2684,76.0,59.0,1,334,132,72,161,0.533,Pending Disbursal,Possession Taken (Sec 38),Under Scrutiny,Initial Stage (<30%),Moderate,High,3,3,2,57.41,1,437
PCL-11471,PRJ-1191,Haryana,Karnal,30.249275,76.374274,Highway / Expressway,12.22,14,1.1457,0.8728,72.0,71.0,1,593,105,45,195,0.593,Disputed in Escrow,Award Declared (Sec 23),Pending Environmental Clearance,Contested / Encroached,Moderate,Low,1,3,1,59.56,1,271
PCL-11472,PRJ-1103,Madhya Pradesh,Bhopal,24.703739,79.824628,Irrigation / Water Canal,67.79,120,1.7702,0.5649,71.0,61.0,0,0,175,115,204,0.378,Fully Disbursed,Preliminary Notification (Sec 11),Pending Environmental Clearance,Full Possession,High / Cooperative,Medium,2,4,5,17.35,1,164
PCL-11473,PRJ-1239,Uttar Pradesh,Agra,28.211817,78.842688,Railway & Freight Corridor,11.04,17,1.5399,0.6494,70.0,45.0,0,88,140,80,372,0.588,Partially Disbursed,Preliminary Notification (Sec 11),Pending Environmental Clearance,Partial Possession (30-70%),High / Cooperative,Medium,2,4,3,29.07,1,276
PCL-11474,PRJ-1061,Rajasthan,Kota,24.123404,74.097859,Renewable / Solar Park,42.38,69,1.6281,0.6142,40.0,59.0,0,38,103,43,30,0.358,Partially Disbursed,Notification Pending,Under Scrutiny,Substantial Possession (>70%),Hostile / Legal Injunction,Low,1,1,4,30.04,1,410
PCL-11475,PRJ-1153,Tamil Nadu,Salem,10.093214,79.486303,Renewable / Solar Park,62.91,113,1.7962,0.5567,46.0,75.0,1,512,119,59,290,0.338,Disputed in Escrow,Declaration Published (Sec 19),Approved,Substantial Possession (>70%),Low / Resistant,Low,1,2,4,71.68,1,409
PCL-11476,PRJ-1249,Rajasthan,Jodhpur,28.420635,73.575832,Irrigation / Water Canal,133.38,247,1.8519,0.54,52.0,50.0,0,62,184,124,30,0.583,Partially Disbursed,Notification Pending,Pending Environmental Clearance,Partial Possession (30-70%),Low / Resistant,Medium,2,2,3,25.77,1,386
PCL-11477,PRJ-1018,Maharashtra,Aurangabad,19.932201,78.536762,Renewable / Solar Park,96.84,117,1.2082,0.8277,70.0,59.0,0,0,132,72,82,0.384,Fully Disbursed,Preliminary Notification (Sec 11),Approved,Substantial Possession (>70%),High / Cooperative,Low,1,4,4,13.18,1,91
PCL-11478,PRJ-1221,Tamil Nadu,Salem,11.494361,80.082329,Industrial Corridor / SEZ,35.8,25,0.6983,1.4319,43.0,46.0,1,614,128,68,298,0.541,Disputed in Escrow,Preliminary Notification (Sec 11),Approved,Contested / Encroached,Hostile / Legal Injunction,High,3,1,1,79.23,1,720
PCL-11479,PRJ-1084,Andhra Pradesh,Guntur,15.449146,82.775389,Irrigation / Water Canal,47.28,82,1.7343,0.5766,90.0,61.0,0,0,102,42,69,0.27,Fully Disbursed,Preliminary Notification (Sec 11),Under Scrutiny,Substantial Possession (>70%),Moderate,Medium,2,3,4,12.24,0,42
PCL-11480,PRJ-1180,Uttar Pradesh,Agra,25.261174,80.312836,Industrial Corridor / SEZ,15.27,9,0.5894,1.6965,93.0,76.0,1,606,150,90,273,0.531,Disputed in Escrow,Notification Pending,Conditional Clearance,Initial Stage (<30%),Moderate,High,3,3,2,57.79,1,443
PCL-11481,PRJ-1102,Odisha,Cuttack,20.890655,84.572116,Highway / Expressway,23.31,36,1.5444,0.6475,76.0,40.0,0,248,155,95,209,0.758,Pending Disbursal,Award Declared (Sec 23),Conditional Clearance,Partial Possession (30-70%),Moderate,Low,1,3,3,32.58,1,223
PCL-11482,PRJ-1253,Odisha,Jajpur,20.671255,85.248615,Urban Metro / Transit,17.73,79,4.4557,0.2244,94.0,57.0,0,633,219,159,311,0.394,Disputed in Escrow,Preliminary Notification (Sec 11),Under Scrutiny,Initial Stage (<30%),High / Cooperative,Medium,2,4,2,32.16,1,189
PCL-11483,PRJ-1037,Karnataka,Belagavi,16.403495,76.5656,Renewable / Solar Park,18.08,36,1.9912,0.5022,73.0,67.0,0,0,171,111,57,0.38,Fully Disbursed,Declaration Published (Sec 19),Resubmission Required,Full Possession,Low / Resistant,Medium,2,2,5,18.34,1,96
PCL-11484,PRJ-1138,Haryana,Gurugram,28.894021,75.915913,Renewable / Solar Park,21.73,29,1.3346,0.7493,89.0,35.0,0,118,88,28,222,0.335,Partially Disbursed,Award Declared (Sec 23),Under Scrutiny,Full Possession,High / Cooperative,Medium,2,4,5,21.87,0,6
PCL-11485,PRJ-1232,Maharashtra,Nagpur,18.805659,77.647205,Irrigation / Water Canal,49.03,73,1.4889,0.6716,47.0,98.0,0,114,118,58,135,0.468,Pending Disbursal,Possession Taken (Sec 38),Conditional Clearance,Full Possession,High / Cooperative,Medium,2,4,5,20.55,0,15
PCL-11486,PRJ-1007,Gujarat,Ahmedabad,23.128791,70.453306,Irrigation / Water Canal,17.23,23,1.3349,0.7491,41.0,47.0,0,0,113,53,388,0.745,Fully Disbursed,Notification Pending,Approved,Full Possession,Hostile / Legal Injunction,Medium,2,1,5,42.9,1,473
PCL-11487,PRJ-1108,Madhya Pradesh,Indore,24.639692,77.5694,Industrial Corridor / SEZ,82.56,66,0.7994,1.2509,89.0,22.0,1,294,125,65,229,0.615,Pending Disbursal,Award Declared (Sec 23),Under Scrutiny,Initial Stage (<30%),Low / Resistant,High,3,2,2,63.17,1,439
PCL-11488,PRJ-1228,Rajasthan,Udaipur,26.400384,71.123441,Urban Metro / Transit,41.86,101,2.4128,0.4145,67.0,23.0,0,234,199,139,174,0.566,Pending Disbursal,Possession Taken (Sec 38),Conditional Clearance,Partial Possession (30-70%),Moderate,Low,1,3,3,34.19,1,284
PCL-11489,PRJ-1122,Gujarat,Surat,22.043383,70.887104,Industrial Corridor / SEZ,90.32,78,0.8636,1.1579,43.0,57.0,1,100,154,94,129,0.499,Pending Disbursal,Notification Pending,Pending Environmental Clearance,Contested / Encroached,Low / Resistant,High,3,2,1,57.15,1,446
PCL-11490,PRJ-1250,Andhra Pradesh,Guntur,14.237315,81.577188,Industrial Corridor / SEZ,107.23,158,1.4735,0.6787,62.0,59.0,1,0,155,95,310,0.42,Fully Disbursed,Preliminary Notification (Sec 11),Under Scrutiny,Initial Stage (<30%),Hostile / Legal Injunction,High,3,1,2,59.58,1,515
PCL-11491,PRJ-1145,Tamil Nadu,Tiruchirappalli,12.493219,77.294468,Urban Metro / Transit,37.28,71,1.9045,0.5251,63.0,26.0,1,115,53,0,202,0.35,Partially Disbursed,Notification Pending,Approved,Partial Possession (30-70%),High / Cooperative,High,3,4,3,52.1,1,220
PCL-11492,PRJ-1084,Andhra Pradesh,Guntur,17.571507,79.230747,Irrigation / Water Canal,29.16,40,1.3717,0.729,87.0,42.0,1,588,15,0,306,0.31,Disputed in Escrow,Declaration Published (Sec 19),Approved,Partial Possession (30-70%),Moderate,Low,1,3,3,63.63,1,348
PCL-11493,PRJ-1004,Maharashtra,Nagpur,19.430542,79.142627,Irrigation / Water Canal,17.38,9,0.5178,1.9309,83.0,72.0,0,166,145,85,214,0.466,Partially Disbursed,Declaration Published (Sec 19),Pending Environmental Clearance,Initial Stage (<30%),High / Cooperative,Low,1,4,2,21.05,1,91
PCL-11494,PRJ-1033,Karnataka,Dharwad,13.96745,76.936873,Highway / Expressway,34.21,41,1.1985,0.8344,44.0,61.0,1,338,164,104,224,0.227,Pending Disbursal,Possession Taken (Sec 38),Resubmission Required,Substantial Possession (>70%),Low / Resistant,Medium,2,2,4,69.89,1,554
PCL-11495,PRJ-1128,Gujarat,Rajkot,21.997479,72.389354,Highway / Expressway,39.65,41,1.034,0.967,86.0,54.0,1,217,90,30,249,0.497,Disputed in Escrow,Notification Pending,Approved,Substantial Possession (>70%),High / Cooperative,Low,1,4,4,50.66,1,178
PCL-11496,PRJ-1230,Gujarat,Rajkot,21.067219,73.040138,Urban Metro / Transit,63.14,178,2.8191,0.3547,74.0,15.0,1,131,35,0,274,0.257,Partially Disbursed,Possession Taken (Sec 38),Approved,Contested / Encroached,Low / Resistant,Low,1,2,1,61.86,1,382
PCL-11497,PRJ-1067,Odisha,Sundargarh,21.450428,86.445168,Airport Infrastructure,32.7,56,1.7125,0.5839,69.0,81.0,1,151,124,64,226,0.562,Pending Disbursal,Preliminary Notification (Sec 11),Pending Environmental Clearance,Initial Stage (<30%),High / Cooperative,Medium,2,4,2,47.78,1,283
PCL-11498,PRJ-1085,Andhra Pradesh,Visakhapatnam,14.30829,81.679822,Irrigation / Water Canal,6.07,9,1.4827,0.6744,74.0,43.0,0,0,71,11,128,0.597,Fully Disbursed,Declaration Published (Sec 19),Conditional Clearance,Substantial Possession (>70%),High / Cooperative,Low,1,4,4,15.7,0,0
PCL-11499,PRJ-1240,Madhya Pradesh,Gwalior,25.112901,77.396676,Urban Metro / Transit,34.34,143,4.1642,0.2401,78.0,45.0,0,0,99,39,227,0.527,Fully Disbursed,Notification Pending,Conditional Clearance,Substantial Possession (>70%),Moderate,Medium,2,3,4,22.16,1,141
PCL-11500,PRJ-1179,Gujarat,Vadodara,23.709971,73.219098,Airport Infrastructure,56.72,234,4.1255,0.2424,72.0,73.0,1,160,42,0,137,0.165,Pending Disbursal,Preliminary Notification (Sec 11),Approved,Contested / Encroached,Moderate,High,3,3,1,48.76,0,22
PCL-11501,PRJ-1145,Tamil Nadu,Tiruchirappalli,11.907852,79.919759,Urban Metro / Transit,53.6,106,1.9776,0.5057,54.0,55.0,0,0,166,106,35,0.36,Fully Disbursed,Notification Pending,Under Scrutiny,Full Possession,Moderate,Low,1,3,5,18.76,0,27
PCL-11502,PRJ-1109,Andhra Pradesh,Kurnool,15.296932,82.160941,Renewable / Solar Park,60.98,61,1.0003,0.9997,59.0,44.0,1,124,40,0,374,0.425,Partially Disbursed,Declaration Published (Sec 19),Approved,Initial Stage (<30%),Hostile / Legal Injunction,Low,1,1,2,69.17,1,406
PCL-11503,PRJ-1195,Andhra Pradesh,Visakhapatnam,14.103115,82.800587,Renewable / Solar Park,35.62,54,1.516,0.6596,65.0,41.0,1,319,18,0,197,0.36,Pending Disbursal,Preliminary Notification (Sec 11),Approved,Contested / Encroached,Hostile / Legal Injunction,High,3,1,1,69.65,1,480
PCL-11504,PRJ-1208,Rajasthan,Alwar,24.120556,72.210768,Industrial Corridor / SEZ,80.46,140,1.74,0.5747,80.0,71.0,1,191,77,17,240,0.2,Pending Disbursal,Preliminary Notification (Sec 11),Approved,Partial Possession (30-70%),Moderate,Low,1,3,3,52.5,1,284
PCL-11505,PRJ-1217,Madhya Pradesh,Gwalior,24.237022,75.650892,Airport Infrastructure,28.66,64,2.2331,0.4478,61.0,41.0,1,95,15,0,110,0.813,Partially Disbursed,Award Declared (Sec 23),Approved,Partial Possession (30-70%),High / Cooperative,Low,1,4,3,46.73,1,222
PCL-11506,PRJ-1136,Rajasthan,Jaipur,24.299103,73.264719,Irrigation / Water Canal,44.05,41,0.9308,1.0744,58.0,32.0,0,0,79,19,151,0.469,Fully Disbursed,Possession Taken (Sec 38),Under Scrutiny,Full Possession,High / Cooperative,Medium,2,4,5,20.86,0,25
PCL-11507,PRJ-1041,Andhra Pradesh,Krishna,17.387274,82.618789,Irrigation / Water Canal,13.57,24,1.7686,0.5654,69.0,59.0,0,0,87,27,336,0.58,Fully Disbursed,Possession Taken (Sec 38),Under Scrutiny,Substantial Possession (>70%),High / Cooperative,Medium,2,4,4,22.9,1,95
PCL-11508,PRJ-1121,Haryana,Panipat,28.51754,76.162311,Irrigation / Water Canal,24.84,31,1.248,0.8013,73.0,75.0,0,31,238,178,211,0.151,Partially Disbursed,Award Declared (Sec 23),Under Scrutiny,Full Possession,Moderate,Low,1,3,5,20.84,1,91
PCL-11509,PRJ-1245,Haryana,Faridabad,30.084156,77.072449,Railway & Freight Corridor,22.52,13,0.5773,1.7322,71.0,35.0,0,0,32,0,295,0.319,Fully Disbursed,Declaration Published (Sec 19),Approved,Substantial Possession (>70%),Low / Resistant,Low,1,2,4,30.86,1,205
PCL-11510,PRJ-1124,Haryana,Panipat,28.570833,77.165587,Railway & Freight Corridor,60.85,49,0.8053,1.2418,82.0,77.0,0,83,221,161,226,0.215,Partially Disbursed,Notification Pending,Resubmission Required,Substantial Possession (>70%),Moderate,Medium,2,3,4,21.54,1,197
PCL-11511,PRJ-1069,Andhra Pradesh,Krishna,15.467504,81.789124,Industrial Corridor / SEZ,9.34,31,3.3191,0.3013,41.0,63.0,1,185,23,0,320,0.846,Pending Disbursal,Award Declared (Sec 23),Approved,Initial Stage (<30%),Hostile / Legal Injunction,High,3,1,2,71.35,1,581
PCL-11512,PRJ-1082,Rajasthan,Kota,25.034871,74.206013,Airport Infrastructure,10.8,31,2.8704,0.3484,54.0,64.0,0,0,15,0,246,0.734,Fully Disbursed,Preliminary Notification (Sec 11),Approved,Contested / Encroached,High / Cooperative,Low,1,4,1,22.02,1,91
PCL-11513,PRJ-1097,Tamil Nadu,Tiruchirappalli,10.325041,79.524966,Highway / Expressway,27.1,28,1.0332,0.9678,37.0,61.0,1,489,132,72,142,0.239,Disputed in Escrow,Notification Pending,Under Scrutiny,Contested / Encroached,Moderate,Low,1,3,1,65.58,1,261
PCL-11514,PRJ-1170,Maharashtra,Pune,20.427647,78.566913,Renewable / Solar Park,26.36,33,1.2519,0.7988,39.0,50.0,0,0,153,93,319,0.431,Fully Disbursed,Possession Taken (Sec 38),Approved,Substantial Possession (>70%),Moderate,Low,1,3,4,32.91,1,278
PCL-11515,PRJ-1114,Odisha,Sundargarh,19.873224,84.060206,Highway / Expressway,68.7,112,1.6303,0.6134,83.0,65.0,1,140,150,90,235,0.339,Partially Disbursed,Declaration Published (Sec 19),Pending Environmental Clearance,Initial Stage (<30%),Hostile / Legal Injunction,High,3,1,2,57.72,1,481
PCL-11516,PRJ-1039,Madhya Pradesh,Indore,23.872337,79.69625,Renewable / Solar Park,58.8,89,1.5136,0.6607,45.0,69.0,0,37,62,2,157,0.675,Partially Disbursed,Possession Taken (Sec 38),Approved,Substantial Possession (>70%),High / Cooperative,Low,1,4,4,21.51,1,91
PCL-11517,PRJ-1018,Maharashtra,Aurangabad,19.021668,75.054428,Renewable / Solar Park,40.42,39,0.9649,1.0364,45.0,71.0,1,199,180,120,300,0.514,Disputed in Escrow,Possession Taken (Sec 38),Conditional Clearance,Partial Possession (30-70%),High / Cooperative,High,3,4,3,58.33,1,436
PCL-11518,PRJ-1254,Andhra Pradesh,Krishna,15.239094,81.359448,Highway / Expressway,77.36,136,1.758,0.5688,64.0,34.0,0,0,15,0,172,0.404,Fully Disbursed,Possession Taken (Sec 38),Approved,Substantial Possession (>70%),Moderate,Medium,2,3,4,24.0,1,108
PCL-11519,PRJ-1082,Rajasthan,Kota,24.110691,71.286058,Airport Infrastructure,31.95,98,3.0673,0.326,63.0,71.0,0,133,132,72,274,0.444,Partially Disbursed,Award Declared (Sec 23),Pending Environmental Clearance,Partial Possession (30-70%),Moderate,Low,1,3,3,29.79,1,250
PCL-11520,PRJ-1230,Gujarat,Rajkot,21.825071,71.668055,Urban Metro / Transit,66.07,201,3.0422,0.3287,65.0,53.0,0,176,91,31,220,0.389,Partially Disbursed,Possession Taken (Sec 38),Conditional Clearance,Partial Possession (30-70%),Moderate,Medium,2,3,3,30.93,1,272
PCL-11521,PRJ-1040,Tamil Nadu,Madurai,10.426137,79.883074,Industrial Corridor / SEZ,10.98,8,0.7286,1.3723,75.0,32.0,0,97,138,78,174,0.451,Pending Disbursal,Award Declared (Sec 23),Under Scrutiny,Partial Possession (30-70%),Moderate,Low,1,3,3,26.06,1,251
PCL-11522,PRJ-1224,Gujarat,Vadodara,21.910137,69.61126,Industrial Corridor / SEZ,33.22,55,1.6556,0.604,63.0,26.0,0,0,138,78,292,0.328,Fully Disbursed,Declaration Published (Sec 19),Conditional Clearance,Substantial Possession (>70%),Moderate,Very High,4,3,4,29.5,0,0
PCL-11523,PRJ-1039,Madhya Pradesh,Indore,24.956345,80.875469,Renewable / Solar Park,11.96,10,0.8361,1.1959,73.0,73.0,1,0,32,0,153,0.486,Fully Disbursed,Preliminary Notification (Sec 11),Approved,Initial Stage (<30%),Low / Resistant,Low,1,2,2,46.34,1,316
PCL-11524,PRJ-1084,Andhra Pradesh,Guntur,14.654871,78.996232,Irrigation / Water Canal,17.16,21,1.2238,0.8171,76.0,78.0,0,0,15,0,106,0.325,Fully Disbursed,Declaration Published (Sec 19),Approved,Partial Possession (30-70%),Low / Resistant,Medium,2,2,3,18.48,0,28
PCL-11525,PRJ-1033,Karnataka,Dharwad,16.701499,77.027924,Highway / Expressway,33.94,57,1.6794,0.5954,44.0,57.0,1,337,32,0,294,0.238,Pending Disbursal,Preliminary Notification (Sec 11),Approved,Initial Stage (<30%),High / Cooperative,High,3,4,2,65.37,1,313
PCL-11526,PRJ-1035,Uttar Pradesh,Prayagraj,26.368972,78.31717,Irrigation / Water Canal,46.69,76,1.6278,0.6143,38.0,48.0,1,279,15,0,251,0.496,Pending Disbursal,Possession Taken (Sec 38),Approved,Contested / Encroached,Moderate,Very High,4,3,1,67.23,1,478
PCL-11527,PRJ-1139,Maharashtra,Nagpur,19.185104,77.869445,Highway / Expressway,57.58,44,0.7642,1.3086,55.0,39.0,0,129,160,100,54,0.392,Partially Disbursed,Declaration Published (Sec 19),Pending Environmental Clearance,Substantial Possession (>70%),High / Cooperative,Medium,2,4,4,22.43,0,20
PCL-11528,PRJ-1228,Rajasthan,Udaipur,24.728327,73.380332,Urban Metro / Transit,289.29,521,1.801,0.5553,36.0,63.0,0,0,129,69,338,0.514,Fully Disbursed,Possession Taken (Sec 38),Approved,Full Possession,High / Cooperative,Very High,4,4,5,29.18,1,254
PCL-11529,PRJ-1183,Rajasthan,Udaipur,28.013821,75.371484,Airport Infrastructure,87.9,296,3.3675,0.297,91.0,20.0,1,384,15,0,127,0.464,Disputed in Escrow,Award Declared (Sec 23),Approved,Contested / Encroached,Moderate,High,3,3,1,58.31,1,429
PCL-11530,PRJ-1089,Andhra Pradesh,Krishna,15.170969,80.161672,Highway / Expressway,26.41,23,0.8709,1.1482,75.0,69.0,0,136,162,102,285,0.619,Partially Disbursed,Notification Pending,Pending Environmental Clearance,Full Possession,Moderate,Low,1,3,5,28.13,1,191
PCL-11531,PRJ-1037,Karnataka,Belagavi,14.582144,75.679281,Renewable / Solar Park,31.23,25,0.8005,1.2492,82.0,60.0,0,0,195,135,261,0.329,Fully Disbursed,Notification Pending,Under Scrutiny,Substantial Possession (>70%),Low / Resistant,Low,1,2,4,24.89,1,126
PCL-11532,PRJ-1104,Haryana,Karnal,28.533818,76.322418,Irrigation / Water Canal,17.93,20,1.1154,0.8965,75.0,54.0,0,0,67,7,304,0.557,Fully Disbursed,Possession Taken (Sec 38),Pending Environmental Clearance,Partial Possession (30-70%),Moderate,Medium,2,3,3,24.75,1,128
PCL-11533,PRJ-1210,Rajasthan,Jaipur,24.903538,76.253192,Airport Infrastructure,11.83,30,2.5359,0.3943,70.0,32.0,1,121,101,41,461,0.159,Pending Disbursal,Declaration Published (Sec 19),Approved,Initial Stage (<30%),Moderate,High,3,3,2,61.52,1,383
PCL-11534,PRJ-1115,Madhya Pradesh,Jabalpur,22.183746,78.945765,Renewable / Solar Park,60.16,92,1.5293,0.6539,78.0,64.0,0,0,144,84,261,0.124,Fully Disbursed,Possession Taken (Sec 38),Under Scrutiny,Partial Possession (30-70%),High / Cooperative,Medium,2,4,3,17.79,0,2
PCL-11535,PRJ-1249,Rajasthan,Jodhpur,27.869229,76.473847,Irrigation / Water Canal,42.87,81,1.8894,0.5293,54.0,49.0,1,464,55,0,229,0.85,Disputed in Escrow,Award Declared (Sec 23),Approved,Partial Possession (30-70%),High / Cooperative,High,3,4,3,62.89,1,415
PCL-11536,PRJ-1153,Tamil Nadu,Salem,10.630429,77.180936,Renewable / Solar Park,29.22,17,0.5818,1.7187,84.0,75.0,0,0,267,207,157,0.388,Fully Disbursed,Notification Pending,Resubmission Required,Full Possession,Moderate,High,3,3,5,15.34,1,312
PCL-11537,PRJ-1115,Madhya Pradesh,Jabalpur,24.571364,79.381716,Renewable / Solar Park,30.11,64,2.1255,0.4705,58.0,76.0,0,0,88,28,265,0.208,Fully Disbursed,Possession Taken (Sec 38),Approved,Partial Possession (30-70%),Moderate,Medium,2,3,3,24.49,1,158
PCL-11538,PRJ-1076,Maharashtra,Nashik,19.936953,78.22595,Airport Infrastructure,18.28,30,1.6411,0.6093,94.0,41.0,0,65,171,111,277,0.266,Partially Disbursed,Award Declared (Sec 23),Under Scrutiny,Substantial Possession (>70%),High / Cooperative,Low,1,4,4,20.16,0,37
PCL-11539,PRJ-1160,Rajasthan,Kota,24.725685,72.39141,Railway & Freight Corridor,13.6,2,0.1471,6.7966,72.0,82.0,0,0,119,59,261,0.399,Fully Disbursed,Award Declared (Sec 23),Under Scrutiny,Initial Stage (<30%),High / Cooperative,Medium,2,4,2,17.19,1,91
PCL-11540,PRJ-1218,Haryana,Hisar,29.820754,77.437517,Highway / Expressway,11.75,15,1.2766,0.7833,43.0,77.0,0,63,15,0,264,0.412,Partially Disbursed,Notification Pending,Approved,Substantial Possession (>70%),Moderate,Medium,2,3,4,29.94,0,32
PCL-11541,PRJ-1142,Madhya Pradesh,Gwalior,22.516493,77.739822,Industrial Corridor / SEZ,30.13,35,1.1616,0.8608,84.0,63.0,0,0,109,49,35,0.579,Fully Disbursed,Award Declared (Sec 23),Conditional Clearance,Substantial Possession (>70%),Moderate,High,3,3,4,11.96,1,206
PCL-11542,PRJ-1236,Haryana,Faridabad,29.057976,76.463075,Irrigation / Water Canal,10.68,23,2.1536,0.4643,71.0,48.0,0,128,36,0,285,0.656,Partially Disbursed,Possession Taken (Sec 38),Approved,Substantial Possession (>70%),Moderate,Low,1,3,4,30.7,1,131
PCL-11543,PRJ-1045,Uttar Pradesh,Prayagraj,26.313204,83.35132,Renewable / Solar Park,64.36,101,1.5693,0.6372,87.0,78.0,1,240,239,179,194,0.179,Pending Disbursal,Declaration Published (Sec 19),Pending Environmental Clearance,Contested / Encroached,Low / Resistant,High,3,2,1,54.44,1,307
PCL-11544,PRJ-1213,Uttar Pradesh,Agra,27.167716,81.256087,Highway / Expressway,21.94,6,0.2735,3.6561,82.0,75.0,1,292,39,0,327,0.307,Disputed in Escrow,Possession Taken (Sec 38),Approved,Initial Stage (<30%),High / Cooperative,Medium,2,4,2,55.36,0,21
PCL-11545,PRJ-1078,Tamil Nadu,Salem,12.555272,77.756797,Airport Infrastructure,9.48,23,2.4262,0.4122,54.0,30.0,0,139,145,85,247,0.381,Partially Disbursed,Award Declared (Sec 23),Conditional Clearance,Initial Stage (<30%),High / Cooperative,Medium,2,4,2,31.17,1,185
PCL-11546,PRJ-1230,Gujarat,Rajkot,21.211324,72.959717,Urban Metro / Transit,66.15,196,2.963,0.3375,37.0,69.0,1,317,170,110,338,0.519,Pending Disbursal,Possession Taken (Sec 38),Under Scrutiny,Partial Possession (30-70%),Moderate,High,3,3,3,70.15,1,487
PCL-11547,PRJ-1040,Tamil Nadu,Madurai,12.912032,79.773436,Industrial Corridor / SEZ,12.0,9,0.75,1.3332,71.0,55.0,0,0,63,3,295,0.555,Fully Disbursed,Notification Pending,Approved,Substantial Possession (>70%),High / Cooperative,Medium,2,4,4,21.36,1,114
PCL-11548,PRJ-1155,Andhra Pradesh,Guntur,15.676213,82.889074,Irrigation / Water Canal,9.81,22,2.2426,0.4459,82.0,64.0,0,0,171,111,105,0.222,Fully Disbursed,Award Declared (Sec 23),Under Scrutiny,Substantial Possession (>70%),High / Cooperative,Medium,2,4,4,11.14,0,56
PCL-11549,PRJ-1012,Uttar Pradesh,Noida,27.978231,83.231218,Railway & Freight Corridor,43.43,64,1.4736,0.6786,88.0,64.0,0,76,216,156,249,0.399,Partially Disbursed,Preliminary Notification (Sec 11),Pending Environmental Clearance,Partial Possession (30-70%),High / Cooperative,Medium,2,4,3,18.46,0,21
PCL-11550,PRJ-1171,Maharashtra,Nashik,20.19086,76.551965,Airport Infrastructure,185.94,696,3.7431,0.2672,88.0,58.0,0,129,148,88,320,0.167,Partially Disbursed,Preliminary Notification (Sec 11),Under Scrutiny,Full Possession,Low / Resistant,Low,1,2,5,31.4,0,34
PCL-11551,PRJ-1251,Rajasthan,Udaipur,24.080988,73.420561,Railway & Freight Corridor,98.03,162,1.6526,0.6051,54.0,51.0,0,0,61,1,233,0.459,Fully Disbursed,Notification Pending,Approved,Substantial Possession (>70%),Low / Resistant,Very High,4,2,4,30.34,1,426
PCL-11552,PRJ-1199,Karnataka,Belagavi,15.261068,77.40909,Renewable / Solar Park,47.79,46,0.9625,1.0389,77.0,47.0,0,0,116,56,325,0.281,Fully Disbursed,Award Declared (Sec 23),Under Scrutiny,Substantial Possession (>70%),Low / Resistant,High,3,2,4,29.59,1,220
PCL-11553,PRJ-1162,Haryana,Karnal,28.156173,76.482577,Urban Metro / Transit,41.2,101,2.4515,0.4079,77.0,69.0,0,187,78,18,172,0.579,Pending Disbursal,Award Declared (Sec 23),Approved,Substantial Possession (>70%),Low / Resistant,Medium,2,2,4,29.33,1,268
PCL-11554,PRJ-1227,Rajasthan,Jodhpur,25.088953,71.649212,Railway & Freight Corridor,68.3,56,0.8199,1.2196,57.0,27.0,1,264,101,41,145,0.688,Pending Disbursal,Preliminary Notification (Sec 11),Under Scrutiny,Contested / Encroached,Hostile / Legal Injunction,High,3,1,1,68.44,1,503
PCL-11555,PRJ-1017,Tamil Nadu,Madurai,10.76542,79.045493,Urban Metro / Transit,36.79,108,2.9356,0.3406,69.0,74.0,0,101,15,0,290,0.474,Partially Disbursed,Award Declared (Sec 23),Approved,Substantial Possession (>70%),Moderate,Medium,2,3,4,27.58,1,146
PCL-11556,PRJ-1040,Tamil Nadu,Madurai,10.608635,78.006563,Industrial Corridor / SEZ,8.63,2,0.2317,4.3128,68.0,52.0,1,88,198,138,275,0.479,Partially Disbursed,Award Declared (Sec 23),Pending Environmental Clearance,Substantial Possession (>70%),Low / Resistant,Low,1,2,4,57.63,1,394
PCL-11557,PRJ-1167,Gujarat,Surat,22.870577,70.781593,Airport Infrastructure,5.0,37,7.4,0.1351,72.0,74.0,1,320,74,14,191,0.438,Pending Disbursal,Notification Pending,Approved,Substantial Possession (>70%),High / Cooperative,Medium,2,4,4,53.51,1,153
PCL-11558,PRJ-1155,Andhra Pradesh,Guntur,17.588905,81.125059,Irrigation / Water Canal,21.73,30,1.3806,0.7243,83.0,37.0,0,105,155,95,168,0.56,Partially Disbursed,Preliminary Notification (Sec 11),Pending Environmental Clearance,Contested / Encroached,High / Cooperative,Medium,2,4,1,20.32,0,69
PCL-11559,PRJ-1217,Madhya Pradesh,Gwalior,25.242769,77.784547,Airport Infrastructure,41.05,98,2.3873,0.4189,67.0,31.0,0,152,154,94,65,0.507,Partially Disbursed,Declaration Published (Sec 19),Conditional Clearance,Substantial Possession (>70%),High / Cooperative,Low,1,4,4,22.18,1,230
PCL-11560,PRJ-1256,Tamil Nadu,Coimbatore,10.794575,79.239897,Industrial Corridor / SEZ,57.08,55,0.9636,1.0378,87.0,60.0,1,160,144,84,266,0.784,Partially Disbursed,Possession Taken (Sec 38),Resubmission Required,Contested / Encroached,Low / Resistant,High,3,2,1,55.65,1,490
PCL-11561,PRJ-1020,Madhya Pradesh,Indore,22.651503,80.361145,Renewable / Solar Park,22.1,29,1.3122,0.762,78.0,26.0,0,0,70,10,176,0.637,Fully Disbursed,Declaration Published (Sec 19),Approved,Full Possession,Moderate,Medium,2,3,5,22.15,1,185
PCL-11562,PRJ-1191,Haryana,Karnal,28.215534,76.209223,Highway / Expressway,270.71,424,1.5663,0.6385,59.0,62.0,0,0,132,72,292,0.19,Fully Disbursed,Possession Taken (Sec 38),Pending Environmental Clearance,Full Possession,Low / Resistant,High,3,2,5,30.45,1,314
PCL-11563,PRJ-1242,Madhya Pradesh,Gwalior,25.169684,77.538168,Renewable / Solar Park,180.07,293,1.6271,0.6146,63.0,83.0,0,0,100,40,273,0.245,Fully Disbursed,Preliminary Notification (Sec 11),Pending Environmental Clearance,Substantial Possession (>70%),Moderate,Medium,2,3,4,23.09,0,1
PCL-11564,PRJ-1059,Madhya Pradesh,Jabalpur,23.918657,77.878502,Highway / Expressway,27.73,29,1.0458,0.9562,78.0,78.0,1,387,146,86,81,0.216,Disputed in Escrow,Notification Pending,Under Scrutiny,Initial Stage (<30%),Hostile / Legal Injunction,High,3,1,2,60.89,1,501
PCL-11565,PRJ-1051,Andhra Pradesh,Kurnool,15.052877,81.78972,Renewable / Solar Park,106.41,182,1.7104,0.5847,71.0,94.0,0,95,69,9,190,0.39,Partially Disbursed,Notification Pending,Approved,Substantial Possession (>70%),Moderate,High,3,3,4,21.18,1,125
PCL-11566,PRJ-1066,Haryana,Faridabad,29.469579,76.916035,Industrial Corridor / SEZ,41.99,37,0.8812,1.1348,68.0,18.0,0,104,15,0,304,0.321,Pending Disbursal,Declaration Published (Sec 19),Approved,Initial Stage (<30%),Moderate,Medium,2,3,2,34.02,1,233
PCL-11567,PRJ-1016,Tamil Nadu,Tiruchirappalli,11.505469,79.05201,Railway & Freight Corridor,49.01,50,1.0202,0.9802,46.0,57.0,0,0,134,74,225,0.49,Fully Disbursed,Possession Taken (Sec 38),Under Scrutiny,Substantial Possession (>70%),High / Cooperative,High,3,4,4,23.54,1,202
PCL-11568,PRJ-1223,Andhra Pradesh,Guntur,18.241205,78.057329,Industrial Corridor / SEZ,31.0,71,2.2903,0.4366,92.0,51.0,1,196,146,86,146,0.316,Disputed in Escrow,Declaration Published (Sec 19),Conditional Clearance,Contested / Encroached,Low / Resistant,Medium,2,2,1,52.53,1,279
PCL-11569,PRJ-1113,Andhra Pradesh,Visakhapatnam,15.232125,80.933077,Airport Infrastructure,37.89,52,1.3724,0.7286,26.0,49.0,1,203,181,121,70,0.346,Pending Disbursal,Possession Taken (Sec 38),Under Scrutiny,Initial Stage (<30%),Moderate,High,3,3,2,59.62,1,371
PCL-11570,PRJ-1232,Maharashtra,Nagpur,19.831378,75.145346,Irrigation / Water Canal,91.2,132,1.4474,0.6909,36.0,19.0,1,0,25,0,167,0.249,Fully Disbursed,Declaration Published (Sec 19),Approved,Contested / Encroached,Moderate,Low,1,3,1,55.91,1,219
PCL-11571,PRJ-1203,Rajasthan,Jaipur,28.045049,73.612258,Irrigation / Water Canal,19.58,13,0.6639,1.506,30.0,37.0,1,216,158,98,172,0.558,Pending Disbursal,Possession Taken (Sec 38),Conditional Clearance,Partial Possession (30-70%),Moderate,High,3,3,3,64.38,1,420
PCL-11572,PRJ-1183,Rajasthan,Udaipur,27.284282,74.842791,Airport Infrastructure,39.76,157,3.9487,0.2532,58.0,42.0,0,154,15,0,167,0.199,Partially Disbursed,Possession Taken (Sec 38),Approved,Initial Stage (<30%),Moderate,High,3,3,2,30.54,1,271
PCL-11573,PRJ-1024,Karnataka,Kalaburagi,12.678996,77.517341,Railway & Freight Corridor,9.8,26,2.6531,0.3769,78.0,59.0,1,115,39,0,53,0.363,Partially Disbursed,Award Declared (Sec 23),Approved,Contested / Encroached,Low / Resistant,High,3,2,1,47.71,1,327
PCL-11574,PRJ-1139,Maharashtra,Nagpur,20.310514,78.972301,Highway / Expressway,156.92,147,0.9368,1.0675,50.0,43.0,0,207,15,0,295,0.282,Pending Disbursal,Notification Pending,Approved,Initial Stage (<30%),High / Cooperative,Medium,2,4,2,35.27,1,236
PCL-11575,PRJ-1130,Andhra Pradesh,Visakhapatnam,18.120666,79.402367,Irrigation / Water Canal,15.39,28,1.8194,0.5496,70.0,43.0,0,80,15,0,165,0.55,Partially Disbursed,Declaration Published (Sec 19),Approved,Full Possession,High / Cooperative,Medium,2,4,5,21.18,0,32
PCL-11576,PRJ-1239,Uttar Pradesh,Agra,27.054794,79.760802,Railway & Freight Corridor,58.88,31,0.5265,1.8993,74.0,52.0,1,214,109,49,186,0.177,Pending Disbursal,Possession Taken (Sec 38),Under Scrutiny,Partial Possession (30-70%),High / Cooperative,High,3,4,3,50.77,1,297
PCL-11577,PRJ-1192,Karnataka,Mysuru,15.010037,74.741279,Renewable / Solar Park,84.65,129,1.5239,0.6562,77.0,48.0,1,51,69,9,342,0.172,Partially Disbursed,Award Declared (Sec 23),Approved,Substantial Possession (>70%),Low / Resistant,Medium,2,2,4,57.22,1,293
PCL-11578,PRJ-1212,Karnataka,Dharwad,13.387068,74.882431,Highway / Expressway,33.15,53,1.5988,0.6255,75.0,42.0,0,0,144,84,260,0.411,Fully Disbursed,Notification Pending,Under Scrutiny,Substantial Possession (>70%),Moderate,Medium,2,3,4,24.3,1,245
PCL-11579,PRJ-1170,Maharashtra,Pune,20.25686,78.419277,Renewable / Solar Park,16.95,22,1.2979,0.7704,73.0,8.0,0,0,154,94,198,0.432,Fully Disbursed,Notification Pending,Under Scrutiny,Full Possession,Moderate,Medium,2,3,5,25.78,0,17
PCL-11580,PRJ-1135,Gujarat,Bharuch,21.569697,72.319402,Renewable / Solar Park,37.17,25,0.6726,1.4867,80.0,62.0,1,401,89,29,252,0.171,Disputed in Escrow,Award Declared (Sec 23),Resubmission Required,Initial Stage (<30%),High / Cooperative,Low,1,4,2,57.25,1,194
PCL-11581,PRJ-1168,Haryana,Panipat,30.24723,75.8124,Airport Infrastructure,79.48,172,2.1641,0.4621,83.0,53.0,0,0,87,27,383,0.525,Fully Disbursed,Possession Taken (Sec 38),Approved,Full Possession,High / Cooperative,Low,1,4,5,22.46,1,141
PCL-11582,PRJ-1073,Uttar Pradesh,Noida,25.114917,83.358761,Highway / Expressway,70.18,76,1.0829,0.9234,90.0,64.0,0,0,164,104,198,0.699,Fully Disbursed,Declaration Published (Sec 19),Pending Environmental Clearance,Full Possession,Moderate,High,3,3,5,16.78,1,269
PCL-11583,PRJ-1067,Odisha,Sundargarh,20.028892,84.525472,Airport Infrastructure,16.26,40,2.46,0.4065,76.0,43.0,0,41,92,32,218,0.101,Partially Disbursed,Preliminary Notification (Sec 11),Approved,Full Possession,High / Cooperative,Low,1,4,5,20.36,0,21
PCL-11584,PRJ-1108,Madhya Pradesh,Indore,23.03396,75.696584,Industrial Corridor / SEZ,6.64,11,1.6566,0.6036,49.0,87.0,0,199,90,30,231,0.612,Pending Disbursal,Declaration Published (Sec 19),Approved,Substantial Possession (>70%),High / Cooperative,Low,1,4,4,28.34,1,194
PCL-11585,PRJ-1211,Tamil Nadu,Coimbatore,11.859535,78.083095,Irrigation / Water Canal,41.95,37,0.882,1.1338,81.0,48.0,0,0,52,0,119,0.33,Fully Disbursed,Possession Taken (Sec 38),Approved,Full Possession,High / Cooperative,Low,1,4,5,13.46,0,5
PCL-11586,PRJ-1221,Tamil Nadu,Salem,11.009956,77.87963,Industrial Corridor / SEZ,8.49,14,1.649,0.6064,42.0,57.0,1,322,58,0,227,0.452,Pending Disbursal,Possession Taken (Sec 38),Under Scrutiny,Contested / Encroached,Low / Resistant,Medium,2,2,1,70.15,1,516
PCL-11587,PRJ-1185,Madhya Pradesh,Bhopal,22.830327,78.070145,Renewable / Solar Park,53.6,52,0.9701,1.0307,84.0,86.0,0,0,92,32,110,0.434,Fully Disbursed,Possession Taken (Sec 38),Resubmission Required,Substantial Possession (>70%),Moderate,Medium,2,3,4,12.48,0,10
PCL-11588,PRJ-1034,Haryana,Hisar,28.692027,77.001658,Urban Metro / Transit,14.64,44,3.0055,0.3327,48.0,35.0,0,136,50,0,223,0.417,Partially Disbursed,Possession Taken (Sec 38),Approved,Full Possession,Moderate,Low,1,3,5,34.6,0,62
PCL-11589,PRJ-1128,Gujarat,Rajkot,22.222527,71.609062,Highway / Expressway,6.56,18,2.7439,0.3644,64.0,84.0,0,0,81,21,171,0.233,Fully Disbursed,Possession Taken (Sec 38),Approved,Full Possession,High / Cooperative,Low,1,4,5,15.21,0,55
PCL-11590,PRJ-1209,Haryana,Panipat,28.355476,76.754202,Irrigation / Water Canal,40.78,63,1.5449,0.6473,53.0,78.0,0,0,126,66,192,0.513,Fully Disbursed,Possession Taken (Sec 38),Under Scrutiny,Substantial Possession (>70%),High / Cooperative,Medium,2,4,4,18.8,1,186
PCL-11591,PRJ-1174,Odisha,Angul,20.784535,84.472966,Irrigation / Water Canal,19.7,22,1.1168,0.8954,16.0,81.0,0,170,73,13,30,0.454,Partially Disbursed,Declaration Published (Sec 19),Approved,Full Possession,Hostile / Legal Injunction,Medium,2,1,5,38.06,1,331
PCL-11592,PRJ-1211,Tamil Nadu,Coimbatore,11.414998,78.600655,Irrigation / Water Canal,12.06,21,1.7413,0.5743,38.0,64.0,0,0,66,6,262,0.305,Fully Disbursed,Notification Pending,Approved,Substantial Possession (>70%),High / Cooperative,Medium,2,4,4,25.82,0,0
PCL-11593,PRJ-1122,Gujarat,Surat,22.836142,72.359023,Industrial Corridor / SEZ,10.89,37,3.3976,0.2943,78.0,60.0,1,524,31,0,77,0.688,Disputed in Escrow,Notification Pending,Approved,Partial Possession (30-70%),High / Cooperative,High,3,4,3,51.29,1,316
PCL-11594,PRJ-1237,Odisha,Sundargarh,19.7798,84.711076,Airport Infrastructure,29.9,87,2.9097,0.3437,71.0,53.0,1,576,190,130,278,0.186,Disputed in Escrow,Preliminary Notification (Sec 11),Pending Environmental Clearance,Partial Possession (30-70%),High / Cooperative,Low,1,4,3,60.92,1,347
PCL-11595,PRJ-1247,Rajasthan,Jodhpur,28.269274,76.382632,Airport Infrastructure,15.05,19,1.2625,0.7921,41.0,54.0,1,63,170,110,279,0.331,Partially Disbursed,Preliminary Notification (Sec 11),Resubmission Required,Partial Possession (30-70%),Moderate,High,3,3,3,58.2,1,408
PCL-11596,PRJ-1153,Tamil Nadu,Salem,12.212191,78.420267,Renewable / Solar Park,15.75,26,1.6508,0.6057,86.0,83.0,0,504,127,67,258,0.707,Disputed in Escrow,Declaration Published (Sec 19),Approved,Contested / Encroached,Moderate,Medium,2,3,1,32.92,1,274
PCL-11597,PRJ-1098,Rajasthan,Jaipur,26.680531,73.764056,Urban Metro / Transit,20.89,72,3.4466,0.2901,62.0,68.0,0,0,24,0,116,0.356,Fully Disbursed,Declaration Published (Sec 19),Approved,Substantial Possession (>70%),Moderate,Medium,2,3,4,18.9,0,26
PCL-11598,PRJ-1041,Andhra Pradesh,Krishna,18.421294,78.588203,Irrigation / Water Canal,31.66,52,1.6425,0.6088,65.0,80.0,0,134,171,111,99,0.245,Partially Disbursed,Possession Taken (Sec 38),Resubmission Required,Full Possession,High / Cooperative,Medium,2,4,5,18.22,0,1
PCL-11599,PRJ-1112,Odisha,Jajpur,20.404455,85.670222,Irrigation / Water Canal,37.93,25,0.6591,1.5171,49.0,87.0,0,37,54,0,215,0.099,Partially Disbursed,Preliminary Notification (Sec 11),Approved,Partial Possession (30-70%),High / Cooperative,Very High,4,4,3,21.08,0,19
PCL-11600,PRJ-1140,Maharashtra,Nagpur,20.171007,73.266879,Irrigation / Water Canal,24.67,33,1.3377,0.7476,93.0,49.0,0,0,208,148,131,0.372,Fully Disbursed,Possession Taken (Sec 38),Conditional Clearance,Partial Possession (30-70%),High / Cooperative,Low,1,4,3,11.41,0,42
PCL-11601,PRJ-1141,Madhya Pradesh,Ujjain,24.397308,75.692502,Highway / Expressway,57.54,39,0.6778,1.4753,96.0,18.0,0,48,164,104,180,0.475,Partially Disbursed,Possession Taken (Sec 38),Under Scrutiny,Full Possession,Moderate,Medium,2,3,5,21.47,1,144
PCL-11602,PRJ-1047,Karnataka,Dharwad,13.058274,74.58335,Renewable / Solar Park,37.34,35,0.9373,1.0668,66.0,66.0,0,42,85,25,375,0.087,Partially Disbursed,Award Declared (Sec 23),Under Scrutiny,Initial Stage (<30%),Moderate,Medium,2,3,2,29.74,0,1
PCL-11603,PRJ-1214,Haryana,Gurugram,30.097718,77.309076,Railway & Freight Corridor,66.37,83,1.2506,0.7996,57.0,58.0,0,110,26,0,273,0.356,Pending Disbursal,Declaration Published (Sec 19),Approved,Full Possession,High / Cooperative,Medium,2,4,5,27.56,0,45
PCL-11604,PRJ-1257,Haryana,Faridabad,30.198765,77.325616,Railway & Freight Corridor,27.59,42,1.5223,0.6569,75.0,20.0,1,128,38,0,284,0.329,Pending Disbursal,Possession Taken (Sec 38),Approved,Initial Stage (<30%),High / Cooperative,Low,1,4,2,53.91,0,0
PCL-11605,PRJ-1052,Odisha,Angul,20.084063,85.517572,Urban Metro / Transit,5.0,11,2.2,0.4545,62.0,61.0,0,343,67,7,298,0.411,Pending Disbursal,Preliminary Notification (Sec 11),Approved,Substantial Possession (>70%),High / Cooperative,Low,1,4,4,36.77,0,44
PCL-11606,PRJ-1159,Maharashtra,Nagpur,20.736046,78.278246,Renewable / Solar Park,8.0,14,1.75,0.5714,55.0,23.0,0,0,181,121,38,0.411,Fully Disbursed,Notification Pending,Under Scrutiny,Partial Possession (30-70%),High / Cooperative,Low,1,4,3,18.13,0,6
PCL-11607,PRJ-1062,Rajasthan,Jaipur,24.633088,74.198344,Irrigation / Water Canal,22.12,43,1.9439,0.5144,62.0,55.0,0,84,101,41,197,0.738,Partially Disbursed,Possession Taken (Sec 38),Under Scrutiny,Substantial Possession (>70%),High / Cooperative,Low,1,4,4,22.94,1,145
PCL-11608,PRJ-1151,Karnataka,Bengaluru Rural,16.764913,75.150071,Renewable / Solar Park,27.48,20,0.7278,1.3739,87.0,51.0,1,244,143,83,345,0.389,Pending Disbursal,Notification Pending,Resubmission Required,Initial Stage (<30%),Low / Resistant,Medium,2,2,2,62.96,1,385
PCL-11609,PRJ-1147,Andhra Pradesh,Nellore,14.795005,81.192936,Renewable / Solar Park,21.05,20,0.9501,1.0524,67.0,75.0,0,0,78,18,259,0.219,Fully Disbursed,Award Declared (Sec 23),Approved,Full Possession,High / Cooperative,Low,1,4,5,18.81,0,28
PCL-11610,PRJ-1222,Uttar Pradesh,Kanpur,28.33376,79.051949,Industrial Corridor / SEZ,16.34,13,0.7956,1.2568,62.0,48.0,0,269,172,112,209,0.585,Disputed in Escrow,Possession Taken (Sec 38),Conditional Clearance,Contested / Encroached,Moderate,Medium,2,3,1,35.44,1,205
PCL-11611,PRJ-1145,Tamil Nadu,Tiruchirappalli,11.2043,79.557051,Urban Metro / Transit,9.43,35,3.7116,0.2694,55.0,66.0,0,0,199,139,127,0.372,Fully Disbursed,Notification Pending,Pending Environmental Clearance,Substantial Possession (>70%),Moderate,Medium,2,3,4,20.91,1,227
PCL-11612,PRJ-1145,Tamil Nadu,Tiruchirappalli,11.272724,80.094122,Urban Metro / Transit,167.32,519,3.1018,0.3224,76.0,58.0,1,538,73,13,235,0.594,Disputed in Escrow,Award Declared (Sec 23),Approved,Partial Possession (30-70%),High / Cooperative,Very High,4,4,3,57.81,1,334
PCL-11613,PRJ-1206,Haryana,Faridabad,28.549697,76.241717,Irrigation / Water Canal,28.44,45,1.5823,0.632,68.0,90.0,1,134,15,0,275,0.348,Pending Disbursal,Possession Taken (Sec 38),Approved,Partial Possession (30-70%),Hostile / Legal Injunction,High,3,1,3,59.47,1,421
PCL-11614,PRJ-1188,Andhra Pradesh,Krishna,14.163917,79.92563,Railway & Freight Corridor,107.21,66,0.6156,1.6244,81.0,80.0,0,320,120,60,185,0.531,Disputed in Escrow,Preliminary Notification (Sec 11),Conditional Clearance,Full Possession,High / Cooperative,Low,1,4,5,25.89,0,36
PCL-11615,PRJ-1216,Gujarat,Kutch,23.547323,70.196979,Railway & Freight Corridor,72.87,116,1.5919,0.6282,82.0,38.0,0,0,15,0,98,0.374,Fully Disbursed,Possession Taken (Sec 38),Approved,Substantial Possession (>70%),Moderate,Medium,2,3,4,17.23,0,13
PCL-11616,PRJ-1052,Odisha,Angul,20.81324,85.498006,Urban Metro / Transit,12.46,24,1.9262,0.5191,83.0,84.0,0,0,15,0,133,0.316,Fully Disbursed,Declaration Published (Sec 19),Approved,Full Possession,High / Cooperative,Medium,2,4,5,9.99,1,91
PCL-11617,PRJ-1080,Karnataka,Belagavi,13.941152,76.26536,Airport Infrastructure,53.29,153,2.8711,0.3483,96.0,35.0,1,242,34,0,179,0.452,Pending Disbursal,Preliminary Notification (Sec 11),Approved,Substantial Possession (>70%),Low / Resistant,Very High,4,2,4,56.46,1,433
PCL-11618,PRJ-1232,Maharashtra,Nagpur,19.805485,73.791261,Irrigation / Water Canal,24.83,22,0.886,1.1286,70.0,58.0,0,0,140,80,282,0.69,Fully Disbursed,Preliminary Notification (Sec 11),Conditional Clearance,Initial Stage (<30%),Low / Resistant,High,3,2,2,28.28,1,387
PCL-11619,PRJ-1227,Rajasthan,Jodhpur,28.131641,72.021919,Railway & Freight Corridor,52.58,83,1.5785,0.6335,91.0,74.0,1,328,142,82,143,0.219,Disputed in Escrow,Preliminary Notification (Sec 11),Under Scrutiny,Contested / Encroached,Low / Resistant,Medium,2,2,1,55.74,1,368
PCL-11620,PRJ-1251,Rajasthan,Udaipur,26.498708,71.291516,Railway & Freight Corridor,36.7,66,1.7984,0.5561,36.0,62.0,0,0,15,0,147,0.761,Fully Disbursed,Preliminary Notification (Sec 11),Approved,Full Possession,High / Cooperative,Medium,2,4,5,22.11,0,17
PCL-11621,PRJ-1169,Tamil Nadu,Salem,10.374788,77.289324,Urban Metro / Transit,10.31,20,1.9399,0.5155,63.0,54.0,1,515,23,0,167,0.7,Disputed in Escrow,Award Declared (Sec 23),Approved,Initial Stage (<30%),Low / Resistant,High,3,2,2,65.76,1,514
PCL-11622,PRJ-1148,Gujarat,Ahmedabad,23.175015,71.816755,Highway / Expressway,22.7,29,1.2775,0.7827,66.0,78.0,0,204,22,0,198,0.379,Pending Disbursal,Preliminary Notification (Sec 11),Approved,Contested / Encroached,Moderate,Low,1,3,1,28.56,0,28
PCL-11623,PRJ-1013,Haryana,Karnal,29.666853,75.981955,Renewable / Solar Park,26.37,31,1.1756,0.8506,55.0,61.0,1,497,31,0,273,0.496,Disputed in Escrow,Possession Taken (Sec 38),Approved,Contested / Encroached,Low / Resistant,High,3,2,1,70.64,1,490
PCL-11624,PRJ-1008,Rajasthan,Udaipur,25.453321,73.008409,Railway & Freight Corridor,28.66,24,0.8374,1.1941,70.0,20.0,0,35,184,124,225,0.53,Partially Disbursed,Notification Pending,Conditional Clearance,Full Possession,High / Cooperative,Low,1,4,5,23.88,0,38
PCL-11625,PRJ-1215,Uttar Pradesh,Agra,27.099326,80.371597,Irrigation / Water Canal,16.31,15,0.9197,1.0873,38.0,40.0,1,309,31,0,40,0.273,Pending Disbursal,Preliminary Notification (Sec 11),Approved,Contested / Encroached,Moderate,Medium,2,3,1,61.35,1,311
PCL-11626,PRJ-1124,Haryana,Panipat,28.610468,76.986677,Railway & Freight Corridor,74.26,88,1.185,0.8439,84.0,53.0,1,137,15,0,311,0.096,Pending Disbursal,Declaration Published (Sec 19),Approved,Initial Stage (<30%),High / Cooperative,High,3,4,2,50.19,1,217
PCL-11627,PRJ-1030,Rajasthan,Udaipur,24.666059,72.347717,Industrial Corridor / SEZ,158.29,120,0.7581,1.3191,90.0,76.0,0,131,33,0,217,0.32,Partially Disbursed,Award Declared (Sec 23),Approved,Substantial Possession (>70%),High / Cooperative,Low,1,4,4,17.92,0,31
PCL-11628,PRJ-1093,Tamil Nadu,Kanchipuram,10.648569,79.766962,Railway & Freight Corridor,54.41,58,1.066,0.9381,46.0,88.0,0,179,39,0,236,0.567,Pending Disbursal,Declaration Published (Sec 19),Approved,Full Possession,High / Cooperative,Low,1,4,5,28.21,1,250
PCL-11629,PRJ-1041,Andhra Pradesh,Krishna,16.049224,78.667493,Irrigation / Water Canal,22.18,8,0.3607,2.7722,87.0,85.0,0,113,16,0,279,0.549,Partially Disbursed,Notification Pending,Approved,Substantial Possession (>70%),High / Cooperative,Low,1,4,4,19.21,0,23
PCL-11630,PRJ-1015,Rajasthan,Alwar,25.74036,75.971168,Renewable / Solar Park,89.28,119,1.3329,0.7502,62.0,60.0,0,91,23,0,288,0.348,Partially Disbursed,Declaration Published (Sec 19),Approved,Full Possession,High / Cooperative,Medium,2,4,5,26.14,0,31
PCL-11631,PRJ-1150,Maharashtra,Thane,19.090625,79.007872,Urban Metro / Transit,33.06,136,4.1137,0.2431,83.0,73.0,0,87,41,0,180,0.332,Partially Disbursed,Preliminary Notification (Sec 11),Approved,Initial Stage (<30%),Moderate,Low,1,3,2,20.18,1,91
PCL-11632,PRJ-1223,Andhra Pradesh,Guntur,15.776164,82.483623,Industrial Corridor / SEZ,54.36,80,1.4717,0.6795,57.0,77.0,1,170,98,38,254,0.09,Pending Disbursal,Notification Pending,Approved,Substantial Possession (>70%),High / Cooperative,Medium,2,4,4,52.41,1,232
PCL-11633,PRJ-1209,Haryana,Panipat,29.163626,77.312461,Irrigation / Water Canal,24.81,21,0.8464,1.1814,77.0,88.0,0,285,70,10,105,0.402,Pending Disbursal,Notification Pending,Approved,Contested / Encroached,Moderate,Low,1,3,1,25.2,0,30
PCL-11634,PRJ-1203,Rajasthan,Jaipur,25.023679,71.794591,Irrigation / Water Canal,197.46,226,1.1445,0.8737,56.0,49.0,0,158,83,23,56,0.284,Partially Disbursed,Preliminary Notification (Sec 11),Approved,Partial Possession (30-70%),High / Cooperative,Low,1,4,3,22.49,0,51
PCL-11635,PRJ-1078,Tamil Nadu,Salem,9.703283,77.345181,Airport Infrastructure,20.61,49,2.3775,0.4206,86.0,49.0,0,0,163,103,142,0.199,Fully Disbursed,Declaration Published (Sec 19),Under Scrutiny,Substantial Possession (>70%),High / Cooperative,Low,1,4,4,13.23,0,32
PCL-11636,PRJ-1012,Uttar Pradesh,Noida,25.674944,81.191543,Railway & Freight Corridor,63.91,62,0.9701,1.0308,76.0,56.0,0,0,119,59,181,0.487,Fully Disbursed,Award Declared (Sec 23),Conditional Clearance,Full Possession,High / Cooperative,Low,1,4,5,15.99,0,0
PCL-11637,PRJ-1159,Maharashtra,Nagpur,18.057126,75.926781,Renewable / Solar Park,11.91,21,1.7632,0.5671,37.0,78.0,1,356,59,0,236,0.199,Disputed in Escrow,Declaration Published (Sec 19),Approved,Partial Possession (30-70%),High / Cooperative,High,3,4,3,63.28,1,344
PCL-11638,PRJ-1240,Madhya Pradesh,Gwalior,24.098082,80.053776,Urban Metro / Transit,24.33,99,4.0691,0.2458,53.0,42.0,0,0,79,19,41,0.164,Fully Disbursed,Declaration Published (Sec 19),Approved,Partial Possession (30-70%),High / Cooperative,Low,1,4,3,16.74,1,91
PCL-11639,PRJ-1181,Odisha,Angul,20.05911,85.708553,Irrigation / Water Canal,24.14,48,1.9884,0.5029,88.0,66.0,0,0,156,96,150,0.254,Fully Disbursed,Possession Taken (Sec 38),Conditional Clearance,Full Possession,Low / Resistant,High,3,2,5,18.92,1,101
PCL-11640,PRJ-1215,Uttar Pradesh,Agra,25.277448,78.193115,Irrigation / Water Canal,22.4,39,1.7411,0.5743,58.0,69.0,0,44,188,128,323,0.422,Partially Disbursed,Possession Taken (Sec 38),Under Scrutiny,Partial Possession (30-70%),Moderate,Medium,2,3,3,29.17,1,209
PCL-11641,PRJ-1126,Uttar Pradesh,Lucknow,25.285441,78.664937,Renewable / Solar Park,47.03,75,1.5947,0.6271,59.0,80.0,1,334,102,42,379,0.469,Pending Disbursal,Possession Taken (Sec 38),Approved,Partial Possession (30-70%),Low / Resistant,Medium,2,2,3,70.64,1,379
PCL-11642,PRJ-1249,Rajasthan,Jodhpur,24.591658,73.148841,Irrigation / Water Canal,116.34,84,0.722,1.385,84.0,78.0,0,161,105,45,276,0.463,Partially Disbursed,Award Declared (Sec 23),Approved,Initial Stage (<30%),Moderate,High,3,3,2,26.12,1,211
PCL-11643,PRJ-1078,Tamil Nadu,Salem,11.611332,77.646952,Airport Infrastructure,70.65,113,1.5994,0.6252,68.0,81.0,0,92,233,173,179,0.77,Partially Disbursed,Notification Pending,Conditional Clearance,Substantial Possession (>70%),Moderate,High,3,3,4,22.54,1,291
PCL-11644,PRJ-1038,Madhya Pradesh,Bhopal,22.961588,76.71178,Irrigation / Water Canal,92.85,106,1.1416,0.8759,31.0,77.0,1,154,187,127,130,0.424,Pending Disbursal,Possession Taken (Sec 38),Conditional Clearance,Initial Stage (<30%),Low / Resistant,Medium,2,2,2,59.8,1,432
PCL-11645,PRJ-1252,Maharashtra,Solapur,19.961422,74.340915,Renewable / Solar Park,42.33,80,1.8899,0.5291,54.0,18.0,0,0,129,69,364,0.391,Fully Disbursed,Declaration Published (Sec 19),Pending Environmental Clearance,Full Possession,Moderate,Medium,2,3,5,34.8,1,253
PCL-11646,PRJ-1016,Tamil Nadu,Tiruchirappalli,12.319385,79.541868,Railway & Freight Corridor,41.45,24,0.579,1.727,85.0,64.0,0,202,48,0,200,0.117,Pending Disbursal,Award Declared (Sec 23),Approved,Substantial Possession (>70%),High / Cooperative,Medium,2,4,4,22.4,0,32
PCL-11647,PRJ-1177,Andhra Pradesh,Krishna,15.020672,82.008213,Irrigation / Water Canal,31.05,30,0.9662,1.035,97.0,59.0,0,287,150,90,97,0.389,Pending Disbursal,Notification Pending,Under Scrutiny,Partial Possession (30-70%),Moderate,Very High,4,3,3,23.88,1,213
PCL-11648,PRJ-1219,Haryana,Panipat,28.433383,76.079496,Airport Infrastructure,9.18,51,5.5556,0.18,94.0,92.0,1,160,32,0,291,0.404,Pending Disbursal,Award Declared (Sec 23),Approved,Partial Possession (30-70%),High / Cooperative,Low,1,4,3,44.49,1,189
PCL-11649,PRJ-1215,Uttar Pradesh,Agra,26.16177,80.932692,Irrigation / Water Canal,47.86,49,1.0238,0.9767,69.0,70.0,1,154,186,126,355,0.621,Pending Disbursal,Possession Taken (Sec 38),Pending Environmental Clearance,Contested / Encroached,Moderate,Low,1,3,1,57.59,1,341
PCL-11650,PRJ-1164,Haryana,Karnal,29.735168,76.716389,Urban Metro / Transit,61.3,200,3.2626,0.3065,90.0,62.0,0,0,153,93,30,0.394,Fully Disbursed,Declaration Published (Sec 19),Under Scrutiny,Full Possession,Moderate,Medium,2,3,5,10.68,0,32
PCL-11651,PRJ-1191,Haryana,Karnal,30.212482,75.903488,Highway / Expressway,44.73,61,1.3637,0.7333,77.0,78.0,0,93,125,65,145,0.455,Pending Disbursal,Award Declared (Sec 23),Pending Environmental Clearance,Contested / Encroached,High / Cooperative,Low,1,4,1,16.06,0,43
PCL-11652,PRJ-1238,Andhra Pradesh,Nellore,17.825066,78.721008,Railway & Freight Corridor,19.72,19,0.9635,1.0378,71.0,77.0,1,0,144,84,297,0.622,Fully Disbursed,Declaration Published (Sec 19),Under Scrutiny,Initial Stage (<30%),Moderate,Medium,2,3,2,47.99,1,319
PCL-11653,PRJ-1074,Gujarat,Kutch,23.295097,69.899499,Irrigation / Water Canal,12.98,20,1.5408,0.649,77.0,57.0,0,99,17,0,162,0.553,Partially Disbursed,Award Declared (Sec 23),Approved,Initial Stage (<30%),Low / Resistant,High,3,2,2,26.54,1,295
PCL-11654,PRJ-1228,Rajasthan,Udaipur,24.101703,72.213069,Urban Metro / Transit,145.92,477,3.2689,0.3059,52.0,71.0,1,398,57,0,140,0.533,Disputed in Escrow,Declaration Published (Sec 19),Approved,Substantial Possession (>70%),Hostile / Legal Injunction,High,3,1,4,69.0,1,529
PCL-11655,PRJ-1078,Tamil Nadu,Salem,9.642027,79.99236,Airport Infrastructure,29.13,40,1.3732,0.7282,84.0,33.0,1,244,177,117,219,0.639,Disputed in Escrow,Possession Taken (Sec 38),Conditional Clearance,Contested / Encroached,Low / Resistant,High,3,2,1,60.64,1,462
PCL-11656,PRJ-1109,Andhra Pradesh,Kurnool,15.910582,80.261658,Renewable / Solar Park,42.59,66,1.5497,0.6453,55.0,82.0,1,456,114,54,281,0.271,Disputed in Escrow,Notification Pending,Approved,Contested / Encroached,Moderate,Low,1,3,1,65.09,1,342
PCL-11657,PRJ-1196,Madhya Pradesh,Gwalior,22.088399,77.197636,Airport Infrastructure,31.47,104,3.3047,0.3026,90.0,79.0,0,158,71,11,336,0.344,Pending Disbursal,Preliminary Notification (Sec 11),Under Scrutiny,Substantial Possession (>70%),High / Cooperative,Medium,2,4,4,23.19,0,26
PCL-11658,PRJ-1027,Rajasthan,Jodhpur,24.550388,72.158004,Industrial Corridor / SEZ,6.79,7,1.0309,0.9699,79.0,49.0,0,281,191,131,135,0.267,Pending Disbursal,Preliminary Notification (Sec 11),Conditional Clearance,Contested / Encroached,Low / Resistant,Medium,2,2,1,33.41,1,299
PCL-11659,PRJ-1040,Tamil Nadu,Madurai,9.918156,78.078587,Industrial Corridor / SEZ,22.27,36,1.6165,0.6186,77.0,54.0,0,45,130,70,267,0.506,Partially Disbursed,Notification Pending,Pending Environmental Clearance,Full Possession,Moderate,Medium,2,3,5,24.81,1,242
PCL-11660,PRJ-1019,Karnataka,Kalaburagi,13.950622,76.591784,Highway / Expressway,56.09,36,0.6418,1.558,81.0,91.0,0,0,57,0,202,0.636,Fully Disbursed,Notification Pending,Approved,Partial Possession (30-70%),High / Cooperative,Low,1,4,3,12.27,0,0
PCL-11661,PRJ-1098,Rajasthan,Jaipur,26.348739,74.911728,Urban Metro / Transit,20.56,34,1.6537,0.6047,79.0,61.0,0,0,101,41,163,0.622,Fully Disbursed,Preliminary Notification (Sec 11),Approved,Substantial Possession (>70%),High / Cooperative,Medium,2,4,4,14.21,1,105
PCL-11662,PRJ-1207,Madhya Pradesh,Gwalior,24.321806,77.083671,Industrial Corridor / SEZ,28.37,37,1.3042,0.7667,44.0,38.0,1,136,27,0,147,0.248,Pending Disbursal,Notification Pending,Approved,Contested / Encroached,Hostile / Legal Injunction,Low,1,1,1,64.75,1,311
PCL-11663,PRJ-1053,Haryana,Hisar,29.021516,76.701988,Renewable / Solar Park,30.01,50,1.6661,0.6002,82.0,26.0,0,0,21,0,190,0.653,Fully Disbursed,Preliminary Notification (Sec 11),Approved,Initial Stage (<30%),High / Cooperative,Medium,2,4,2,18.13,1,141
PCL-11664,PRJ-1217,Madhya Pradesh,Gwalior,22.54642,78.690001,Airport Infrastructure,29.12,96,3.2967,0.3033,77.0,86.0,0,81,83,23,128,0.519,Partially Disbursed,Declaration Published (Sec 19),Approved,Full Possession,Moderate,High,3,3,5,17.88,0,7
PCL-11665,PRJ-1015,Rajasthan,Alwar,25.514494,76.826341,Renewable / Solar Park,28.35,39,1.3757,0.7269,68.0,40.0,0,138,61,1,172,0.115,Partially Disbursed,Award Declared (Sec 23),Approved,Full Possession,High / Cooperative,Low,1,4,5,24.52,0,10
PCL-11666,PRJ-1123,Odisha,Angul,22.117211,85.611957,Highway / Expressway,53.84,75,1.393,0.7179,81.0,73.0,1,162,156,96,306,0.339,Pending Disbursal,Preliminary Notification (Sec 11),Under Scrutiny,Contested / Encroached,Moderate,High,3,3,1,53.38,1,370
PCL-11667,PRJ-1035,Uttar Pradesh,Prayagraj,27.366486,80.9629,Irrigation / Water Canal,8.84,8,0.905,1.1049,78.0,91.0,0,0,22,0,378,0.416,Fully Disbursed,Declaration Published (Sec 19),Approved,Partial Possession (30-70%),Moderate,Medium,2,3,3,23.22,1,117
PCL-11668,PRJ-1081,Karnataka,Bengaluru Rural,16.964656,76.028483,Railway & Freight Corridor,9.71,23,2.3687,0.4222,98.0,38.0,0,0,16,0,160,0.645,Fully Disbursed,Award Declared (Sec 23),Approved,Substantial Possession (>70%),Moderate,Medium,2,3,4,16.35,0,28
PCL-11669,PRJ-1164,Haryana,Karnal,28.351877,76.533932,Urban Metro / Transit,20.23,78,3.8557,0.2594,70.0,47.0,1,187,133,73,431,0.561,Pending Disbursal,Preliminary Notification (Sec 11),Under Scrutiny,Initial Stage (<30%),Low / Resistant,Medium,2,2,2,66.48,1,415
PCL-11670,PRJ-1005,Gujarat,Ahmedabad,22.902835,72.418313,Industrial Corridor / SEZ,14.88,15,1.0081,0.9919,85.0,95.0,0,150,144,84,299,0.289,Partially Disbursed,Possession Taken (Sec 38),Pending Environmental Clearance,Initial Stage (<30%),Hostile / Legal Injunction,High,3,1,2,32.13,1,305
PCL-11671,PRJ-1257,Haryana,Faridabad,28.751975,76.156175,Railway & Freight Corridor,13.45,9,0.6691,1.4943,60.0,61.0,0,0,43,0,232,0.08,Fully Disbursed,Notification Pending,Approved,Substantial Possession (>70%),Moderate,Medium,2,3,4,24.35,1,137
PCL-11672,PRJ-1073,Uttar Pradesh,Noida,27.485515,79.554754,Highway / Expressway,29.15,45,1.5437,0.6478,61.0,23.0,0,268,180,120,96,0.663,Pending Disbursal,Possession Taken (Sec 38),Conditional Clearance,Initial Stage (<30%),High / Cooperative,Medium,2,4,2,30.11,1,285
PCL-11673,PRJ-1219,Haryana,Panipat,30.293221,76.837926,Airport Infrastructure,15.55,43,2.7653,0.3616,48.0,78.0,0,0,15,0,160,0.262,Fully Disbursed,Possession Taken (Sec 38),Approved,Substantial Possession (>70%),High / Cooperative,Medium,2,4,4,18.6,0,56
PCL-11674,PRJ-1194,Madhya Pradesh,Ujjain,24.355667,76.550984,Highway / Expressway,66.13,64,0.9678,1.0333,55.0,32.0,0,0,182,122,397,0.491,Fully Disbursed,Award Declared (Sec 23),Pending Environmental Clearance,Contested / Encroached,High / Cooperative,Low,1,4,1,30.69,1,107
PCL-11675,PRJ-1101,Andhra Pradesh,Guntur,17.483458,81.108301,Irrigation / Water Canal,19.01,41,2.1568,0.4636,82.0,60.0,0,92,190,130,270,0.252,Partially Disbursed,Notification Pending,Conditional Clearance,Substantial Possession (>70%),Moderate,Low,1,3,4,25.26,0,60
PCL-11676,PRJ-1125,Uttar Pradesh,Prayagraj,26.482534,82.16622,Highway / Expressway,25.25,14,0.5545,1.8034,61.0,59.0,1,199,15,0,174,0.271,Disputed in Escrow,Preliminary Notification (Sec 11),Approved,Partial Possession (30-70%),Low / Resistant,High,3,2,3,59.1,1,473
PCL-11677,PRJ-1005,Gujarat,Ahmedabad,21.139117,69.193865,Industrial Corridor / SEZ,29.86,43,1.4401,0.6944,67.0,76.0,0,262,102,42,213,0.38,Pending Disbursal,Notification Pending,Under Scrutiny,Initial Stage (<30%),Moderate,Medium,2,3,2,31.5,0,50
PCL-11678,PRJ-1148,Gujarat,Ahmedabad,22.52204,72.190412,Highway / Expressway,14.59,12,0.8225,1.2157,72.0,81.0,1,331,34,0,241,0.346,Pending Disbursal,Notification Pending,Approved,Partial Possession (30-70%),Low / Resistant,High,3,2,3,62.64,1,435
PCL-11679,PRJ-1259,Andhra Pradesh,Visakhapatnam,18.11616,82.876261,Urban Metro / Transit,118.2,293,2.4788,0.4034,61.0,40.0,0,0,44,0,134,0.465,Fully Disbursed,Declaration Published (Sec 19),Approved,Contested / Encroached,Moderate,Medium,2,3,1,22.58,1,153
PCL-11680,PRJ-1072,Gujarat,Kutch,23.420132,70.84374,Railway & Freight Corridor,43.15,44,1.0197,0.9807,53.0,57.0,1,175,134,74,42,0.317,Pending Disbursal,Possession Taken (Sec 38),Under Scrutiny,Partial Possession (30-70%),High / Cooperative,High,3,4,3,47.47,1,314
PCL-11681,PRJ-1018,Maharashtra,Aurangabad,20.048698,77.75168,Renewable / Solar Park,14.96,24,1.6043,0.6233,57.0,56.0,1,283,15,0,113,0.63,Pending Disbursal,Preliminary Notification (Sec 11),Approved,Initial Stage (<30%),High / Cooperative,Low,1,4,2,53.87,1,278
PCL-11682,PRJ-1174,Odisha,Angul,20.277489,86.274534,Irrigation / Water Canal,38.16,50,1.3103,0.7632,90.0,22.0,1,80,74,14,275,0.739,Partially Disbursed,Declaration Published (Sec 19),Approved,Partial Possession (30-70%),Low / Resistant,Low,1,2,3,55.9,1,281
PCL-11683,PRJ-1112,Odisha,Jajpur,20.541612,85.974475,Irrigation / Water Canal,86.35,165,1.9108,0.5233,84.0,66.0,0,0,77,17,440,0.522,Fully Disbursed,Preliminary Notification (Sec 11),Under Scrutiny,Substantial Possession (>70%),High / Cooperative,Medium,2,4,4,21.6,0,20
PCL-11684,PRJ-1121,Haryana,Panipat,28.20832,76.392398,Irrigation / Water Canal,52.65,36,0.6838,1.4625,68.0,67.0,0,41,131,71,187,0.346,Partially Disbursed,Declaration Published (Sec 19),Under Scrutiny,Contested / Encroached,Low / Resistant,Low,1,2,1,25.9,1,222
PCL-11685,PRJ-1143,Gujarat,Rajkot,21.23696,71.442523,Irrigation / Water Canal,5.0,9,1.8,0.5555,78.0,76.0,1,205,125,65,391,0.363,Disputed in Escrow,Award Declared (Sec 23),Conditional Clearance,Initial Stage (<30%),Low / Resistant,High,3,2,2,62.39,1,470
PCL-11686,PRJ-1214,Haryana,Gurugram,28.995379,76.5642,Railway & Freight Corridor,82.84,121,1.4606,0.6846,81.0,53.0,0,0,122,62,261,0.534,Fully Disbursed,Possession Taken (Sec 38),Under Scrutiny,Full Possession,Moderate,Medium,2,3,5,22.04,0,19
PCL-11687,PRJ-1156,Haryana,Gurugram,29.921544,77.248846,Irrigation / Water Canal,159.38,315,1.9764,0.506,56.0,87.0,1,292,136,76,247,0.535,Disputed in Escrow,Preliminary Notification (Sec 11),Resubmission Required,Contested / Encroached,Hostile / Legal Injunction,Very High,4,1,1,67.61,1,561
PCL-11688,PRJ-1109,Andhra Pradesh,Kurnool,17.01711,81.684241,Renewable / Solar Park,32.98,2,0.0606,16.4818,40.0,32.0,1,347,100,40,290,0.384,Pending Disbursal,Award Declared (Sec 23),Resubmission Required,Substantial Possession (>70%),Low / Resistant,Medium,2,2,4,76.44,1,451
PCL-11689,PRJ-1158,Haryana,Karnal,28.385834,76.352162,Urban Metro / Transit,24.74,39,1.5764,0.6343,67.0,81.0,1,0,24,0,154,0.363,Fully Disbursed,Preliminary Notification (Sec 11),Approved,Initial Stage (<30%),Low / Resistant,Very High,4,2,2,46.78,1,359
PCL-11690,PRJ-1051,Andhra Pradesh,Kurnool,16.289983,80.39571,Renewable / Solar Park,20.62,35,1.6974,0.5891,76.0,62.0,0,0,124,64,339,0.44,Fully Disbursed,Declaration Published (Sec 19),Approved,Substantial Possession (>70%),Moderate,Low,1,3,4,25.06,0,20
PCL-11691,PRJ-1045,Uttar Pradesh,Prayagraj,27.527613,80.191166,Renewable / Solar Park,12.92,7,0.5418,1.8455,69.0,83.0,0,77,77,17,274,0.698,Partially Disbursed,Possession Taken (Sec 38),Approved,Substantial Possession (>70%),High / Cooperative,Medium,2,4,4,21.34,0,26
PCL-11692,PRJ-1100,Rajasthan,Udaipur,26.019204,73.392784,Railway & Freight Corridor,41.19,67,1.6266,0.6148,93.0,88.0,1,488,216,156,227,0.849,Disputed in Escrow,Notification Pending,Resubmission Required,Full Possession,Moderate,Very High,4,3,5,54.86,1,511
PCL-11693,PRJ-1124,Haryana,Panipat,29.990216,76.624641,Railway & Freight Corridor,33.94,36,1.0607,0.9428,63.0,51.0,0,0,96,36,286,0.328,Fully Disbursed,Award Declared (Sec 23),Resubmission Required,Partial Possession (30-70%),Moderate,Low,1,3,3,26.78,1,157
PCL-11694,PRJ-1097,Tamil Nadu,Tiruchirappalli,12.651259,78.195008,Highway / Expressway,45.78,82,1.7912,0.5583,90.0,61.0,1,328,195,135,341,0.184,Disputed in Escrow,Preliminary Notification (Sec 11),Conditional Clearance,Substantial Possession (>70%),High / Cooperative,Low,1,4,4,57.17,0,42
PCL-11695,PRJ-1248,Karnataka,Kalaburagi,15.252037,75.153107,Irrigation / Water Canal,11.92,2,0.1678,5.957,73.0,85.0,0,0,18,0,303,0.631,Fully Disbursed,Possession Taken (Sec 38),Approved,Full Possession,Low / Resistant,High,3,2,5,25.76,1,276
PCL-11696,PRJ-1059,Madhya Pradesh,Jabalpur,25.752659,77.023567,Highway / Expressway,75.03,87,1.1595,0.8624,70.0,56.0,0,0,32,0,117,0.237,Fully Disbursed,Notification Pending,Approved,Full Possession,Moderate,Low,1,3,5,18.54,0,21
PCL-11697,PRJ-1229,Odisha,Angul,21.009063,86.450283,Highway / Expressway,23.65,29,1.2262,0.8155,83.0,54.0,1,0,168,108,166,0.569,Fully Disbursed,Declaration Published (Sec 19),Under Scrutiny,Full Possession,High / Cooperative,Medium,2,4,5,39.22,1,179
PCL-11698,PRJ-1077,Uttar Pradesh,Kanpur,26.205644,78.121241,Railway & Freight Corridor,24.11,39,1.6176,0.6182,88.0,47.0,0,0,20,0,207,0.722,Fully Disbursed,Preliminary Notification (Sec 11),Approved,Substantial Possession (>70%),Moderate,Medium,2,3,4,19.21,1,209
PCL-11699,PRJ-1083,Tamil Nadu,Madurai,10.322011,77.636001,Renewable / Solar Park,17.87,30,1.6788,0.5956,90.0,48.0,1,40,189,129,205,0.286,Partially Disbursed,Preliminary Notification (Sec 11),Conditional Clearance,Initial Stage (<30%),Low / Resistant,High,3,2,2,49.03,1,301
PCL-11700,PRJ-1134,Tamil Nadu,Kanchipuram,12.220688,79.854565,Irrigation / Water Canal,29.62,28,0.9453,1.0578,74.0,74.0,0,91,127,67,277,0.37,Partially Disbursed,Possession Taken (Sec 38),Pending Environmental Clearance,Partial Possession (30-70%),High / Cooperative,Medium,2,4,3,21.93,1,227
PCL-11701,PRJ-1168,Haryana,Panipat,29.237564,77.0356,Airport Infrastructure,81.91,145,1.7702,0.5649,72.0,16.0,0,124,187,127,184,0.488,Partially Disbursed,Possession Taken (Sec 38),Under Scrutiny,Initial Stage (<30%),High / Cooperative,Medium,2,4,2,26.0,1,236
PCL-11702,PRJ-1253,Odisha,Jajpur,21.601363,85.027095,Urban Metro / Transit,22.46,59,2.6269,0.3807,63.0,84.0,1,127,155,95,30,0.475,Partially Disbursed,Possession Taken (Sec 38),Pending Environmental Clearance,Contested / Encroached,Moderate,High,3,3,1,44.09,1,282
PCL-11703,PRJ-1215,Uttar Pradesh,Agra,26.253382,82.769591,Irrigation / Water Canal,20.15,24,1.1911,0.8395,98.0,74.0,0,0,211,151,30,0.462,Fully Disbursed,Declaration Published (Sec 19),Under Scrutiny,Initial Stage (<30%),High / Cooperative,Medium,2,4,2,4.13,0,40
PCL-11704,PRJ-1082,Rajasthan,Kota,27.810574,75.959537,Airport Infrastructure,36.98,75,2.0281,0.4931,87.0,60.0,1,37,185,125,133,0.119,Partially Disbursed,Possession Taken (Sec 38),Under Scrutiny,Initial Stage (<30%),Hostile / Legal Injunction,Very High,4,1,2,49.36,1,530
PCL-11705,PRJ-1149,Madhya Pradesh,Ujjain,23.122294,79.998093,Renewable / Solar Park,37.85,47,1.2417,0.8053,68.0,75.0,1,308,63,3,30,0.559,Disputed in Escrow,Award Declared (Sec 23),Approved,Contested / Encroached,Low / Resistant,High,3,2,1,55.18,1,486
PCL-11706,PRJ-1173,Rajasthan,Kota,27.862691,71.236875,Urban Metro / Transit,35.13,49,1.3948,0.7169,68.0,60.0,0,0,118,58,372,0.389,Fully Disbursed,Preliminary Notification (Sec 11),Under Scrutiny,Substantial Possession (>70%),High / Cooperative,Medium,2,4,4,24.35,1,143
PCL-11707,PRJ-1005,Gujarat,Ahmedabad,21.198296,69.917124,Industrial Corridor / SEZ,33.59,23,0.6847,1.4604,50.0,74.0,1,0,15,0,175,0.266,Fully Disbursed,Possession Taken (Sec 38),Approved,Contested / Encroached,Low / Resistant,Very High,4,2,1,51.66,1,324
PCL-11708,PRJ-1162,Haryana,Karnal,28.697139,77.048091,Urban Metro / Transit,116.93,284,2.4288,0.4117,46.0,19.0,1,212,77,17,424,0.5,Disputed in Escrow,Possession Taken (Sec 38),Approved,Initial Stage (<30%),Low / Resistant,High,3,2,2,75.11,1,560
PCL-11709,PRJ-1182,Karnataka,Kalaburagi,12.738413,74.974497,Railway & Freight Corridor,58.96,79,1.3399,0.7463,58.0,76.0,1,173,72,12,132,0.592,Partially Disbursed,Preliminary Notification (Sec 11),Approved,Partial Possession (30-70%),Hostile / Legal Injunction,Low,1,1,3,59.11,1,340
PCL-11710,PRJ-1238,Andhra Pradesh,Nellore,16.67515,81.831716,Railway & Freight Corridor,209.67,324,1.5453,0.6471,52.0,70.0,1,259,18,0,173,0.157,Pending Disbursal,Declaration Published (Sec 19),Approved,Contested / Encroached,Hostile / Legal Injunction,High,3,1,1,65.98,1,474
PCL-11711,PRJ-1123,Odisha,Angul,21.257733,85.605482,Highway / Expressway,10.92,14,1.2821,0.7799,80.0,61.0,1,225,208,148,175,0.459,Pending Disbursal,Declaration Published (Sec 19),Under Scrutiny,Contested / Encroached,Moderate,High,3,3,1,52.46,1,394
PCL-11712,PRJ-1177,Andhra Pradesh,Krishna,14.538442,78.300452,Irrigation / Water Canal,9.97,2,0.2006,4.9825,43.0,80.0,0,0,39,0,305,0.307,Fully Disbursed,Award Declared (Sec 23),Approved,Full Possession,Moderate,Low,1,3,5,28.59,0,0
PCL-11713,PRJ-1021,Karnataka,Belagavi,16.461113,77.186151,Industrial Corridor / SEZ,36.52,64,1.7525,0.5706,37.0,21.0,1,335,129,69,151,0.716,Disputed in Escrow,Award Declared (Sec 23),Conditional Clearance,Partial Possession (30-70%),Moderate,Medium,2,3,3,68.68,1,524
PCL-11714,PRJ-1017,Tamil Nadu,Madurai,12.690941,78.345425,Urban Metro / Transit,20.41,50,2.4498,0.4082,75.0,26.0,0,0,48,0,113,0.421,Fully Disbursed,Award Declared (Sec 23),Approved,Contested / Encroached,High / Cooperative,Medium,2,4,1,16.64,1,144
PCL-11715,PRJ-1163,Uttar Pradesh,Agra,27.873548,80.07258,Industrial Corridor / SEZ,73.33,88,1.2001,0.8333,89.0,81.0,1,141,134,74,255,0.307,Pending Disbursal,Declaration Published (Sec 19),Conditional Clearance,Full Possession,Low / Resistant,Medium,2,2,5,51.96,1,337
PCL-11716,PRJ-1227,Rajasthan,Jodhpur,25.775922,71.133282,Railway & Freight Corridor,33.18,49,1.4768,0.6771,86.0,68.0,1,303,184,124,152,0.512,Disputed in Escrow,Preliminary Notification (Sec 11),Conditional Clearance,Partial Possession (30-70%),Moderate,Low,1,3,3,52.9,1,331
PCL-11717,PRJ-1173,Rajasthan,Kota,28.22921,73.621377,Urban Metro / Transit,41.12,110,2.6751,0.3738,70.0,31.0,0,168,235,175,291,0.636,Partially Disbursed,Declaration Published (Sec 19),Pending Environmental Clearance,Full Possession,High / Cooperative,Low,1,4,5,30.72,1,304
PCL-11718,PRJ-1226,Rajasthan,Alwar,25.051282,75.792591,Industrial Corridor / SEZ,15.44,23,1.4896,0.6713,48.0,52.0,0,361,212,152,144,0.793,Pending Disbursal,Notification Pending,Under Scrutiny,Full Possession,Moderate,Very High,4,3,5,39.19,1,450
PCL-11719,PRJ-1047,Karnataka,Dharwad,15.772096,76.630681,Renewable / Solar Park,50.65,39,0.77,1.2987,41.0,81.0,1,164,15,0,200,0.556,Pending Disbursal,Notification Pending,Approved,Contested / Encroached,Hostile / Legal Injunction,Medium,2,1,1,64.19,1,570
PCL-11720,PRJ-1242,Madhya Pradesh,Gwalior,23.641972,77.424947,Renewable / Solar Park,31.28,31,0.991,1.009,46.0,89.0,1,102,111,51,36,0.378,Pending Disbursal,Award Declared (Sec 23),Under Scrutiny,Substantial Possession (>70%),Moderate,Low,1,3,4,46.19,1,237
PCL-11721,PRJ-1104,Haryana,Karnal,29.602552,76.02259,Irrigation / Water Canal,36.94,68,1.8408,0.5432,54.0,24.0,1,0,141,81,283,0.232,Fully Disbursed,Declaration Published (Sec 19),Under Scrutiny,Initial Stage (<30%),Low / Resistant,Medium,2,2,2,59.91,1,337
PCL-11722,PRJ-1055,Rajasthan,Jodhpur,25.46105,73.457201,Irrigation / Water Canal,15.08,20,1.3263,0.754,85.0,34.0,0,0,213,153,142,0.652,Fully Disbursed,Award Declared (Sec 23),Conditional Clearance,Initial Stage (<30%),Moderate,Low,1,3,2,18.67,1,207
PCL-11723,PRJ-1058,Uttar Pradesh,Prayagraj,27.9123,78.812775,Irrigation / Water Canal,19.15,26,1.3577,0.7365,39.0,67.0,1,259,15,0,175,0.458,Disputed in Escrow,Declaration Published (Sec 19),Approved,Initial Stage (<30%),Low / Resistant,Medium,2,2,2,65.21,1,417
PCL-11724,PRJ-1165,Gujarat,Kutch,22.333695,72.039349,Irrigation / Water Canal,84.76,101,1.1916,0.8392,75.0,70.0,0,145,15,0,339,0.158,Partially Disbursed,Possession Taken (Sec 38),Approved,Substantial Possession (>70%),Moderate,Medium,2,3,4,30.42,1,114
PCL-11725,PRJ-1042,Gujarat,Bharuch,22.132164,69.914586,Railway & Freight Corridor,18.64,17,0.912,1.0964,71.0,76.0,0,0,185,125,313,0.526,Fully Disbursed,Possession Taken (Sec 38),Conditional Clearance,Substantial Possession (>70%),High / Cooperative,Low,1,4,4,19.94,0,22
PCL-11726,PRJ-1018,Maharashtra,Aurangabad,20.622458,77.816567,Renewable / Solar Park,23.52,19,0.8078,1.2378,56.0,89.0,0,145,84,24,295,0.361,Partially Disbursed,Possession Taken (Sec 38),Approved,Substantial Possession (>70%),High / Cooperative,Low,1,4,4,26.92,1,99
PCL-11727,PRJ-1005,Gujarat,Ahmedabad,22.803302,72.212837,Industrial Corridor / SEZ,10.68,4,0.3745,2.6693,55.0,53.0,0,0,177,117,273,0.721,Fully Disbursed,Preliminary Notification (Sec 11),Under Scrutiny,Partial Possession (30-70%),Moderate,Medium,2,3,3,27.69,1,205
PCL-11728,PRJ-1259,Andhra Pradesh,Visakhapatnam,14.473536,78.420033,Urban Metro / Transit,18.71,41,2.1913,0.4563,40.0,40.0,1,0,108,48,206,0.707,Fully Disbursed,Award Declared (Sec 23),Approved,Partial Possession (30-70%),High / Cooperative,Medium,2,4,3,50.72,1,284
PCL-11729,PRJ-1052,Odisha,Angul,20.968279,84.481144,Urban Metro / Transit,38.64,67,1.734,0.5767,95.0,67.0,0,74,217,157,201,0.697,Partially Disbursed,Preliminary Notification (Sec 11),Conditional Clearance,Partial Possession (30-70%),Moderate,Low,1,3,3,18.63,0,21
PCL-11730,PRJ-1199,Karnataka,Belagavi,15.112562,76.865727,Renewable / Solar Park,52.78,88,1.6673,0.5998,90.0,43.0,0,52,196,136,266,0.771,Partially Disbursed,Possession Taken (Sec 38),Resubmission Required,Partial Possession (30-70%),Moderate,Low,1,3,3,23.56,1,138
PCL-11731,PRJ-1239,Uttar Pradesh,Agra,27.596893,81.249559,Railway & Freight Corridor,14.28,2,0.1401,7.1364,87.0,52.0,1,0,91,31,222,0.491,Fully Disbursed,Declaration Published (Sec 19),Approved,Initial Stage (<30%),High / Cooperative,Medium,2,4,2,40.72,1,284
PCL-11732,PRJ-1243,Uttar Pradesh,Noida,28.155304,80.516461,Highway / Expressway,17.36,24,1.3825,0.7233,84.0,40.0,0,166,30,0,231,0.154,Partially Disbursed,Notification Pending,Approved,Full Possession,High / Cooperative,Low,1,4,5,24.68,0,23
PCL-11733,PRJ-1042,Gujarat,Bharuch,23.267769,72.931471,Railway & Freight Corridor,160.69,242,1.506,0.664,67.0,56.0,0,0,49,0,341,0.329,Fully Disbursed,Award Declared (Sec 23),Approved,Substantial Possession (>70%),High / Cooperative,Low,1,4,4,23.79,0,58
PCL-11734,PRJ-1177,Andhra Pradesh,Krishna,15.539099,82.081243,Irrigation / Water Canal,10.75,3,0.2791,3.5821,54.0,93.0,0,0,138,78,241,0.797,Fully Disbursed,Preliminary Notification (Sec 11),Under Scrutiny,Partial Possession (30-70%),High / Cooperative,Medium,2,4,3,18.94,0,42
PCL-11735,PRJ-1218,Haryana,Hisar,28.627242,76.223313,Highway / Expressway,58.09,39,0.6714,1.4894,56.0,92.0,0,169,135,75,79,0.524,Partially Disbursed,Declaration Published (Sec 19),Pending Environmental Clearance,Substantial Possession (>70%),Moderate,Medium,2,3,4,23.26,1,197
PCL-11736,PRJ-1101,Andhra Pradesh,Guntur,16.445671,82.225155,Irrigation / Water Canal,7.1,8,1.1268,0.8874,69.0,76.0,1,103,141,81,110,0.203,Partially Disbursed,Possession Taken (Sec 38),Resubmission Required,Partial Possession (30-70%),Hostile / Legal Injunction,Low,1,1,3,53.21,1,380
PCL-11737,PRJ-1091,Odisha,Cuttack,20.835022,84.602943,Urban Metro / Transit,145.06,306,2.1095,0.4741,58.0,77.0,1,139,62,2,179,0.632,Pending Disbursal,Award Declared (Sec 23),Approved,Initial Stage (<30%),Moderate,Medium,2,3,2,51.87,1,349
PCL-11738,PRJ-1117,Tamil Nadu,Kanchipuram,9.933162,78.280025,Highway / Expressway,32.36,31,0.958,1.0438,89.0,43.0,1,218,129,69,205,0.732,Pending Disbursal,Possession Taken (Sec 38),Approved,Initial Stage (<30%),Low / Resistant,Medium,2,2,2,57.05,1,431
PCL-11739,PRJ-1248,Karnataka,Kalaburagi,17.092166,75.242642,Irrigation / Water Canal,28.93,52,1.7974,0.5563,84.0,61.0,1,339,119,59,309,0.59,Pending Disbursal,Notification Pending,Pending Environmental Clearance,Partial Possession (30-70%),Moderate,High,3,3,3,61.37,1,460
PCL-11740,PRJ-1041,Andhra Pradesh,Krishna,17.418234,80.8756,Irrigation / Water Canal,55.65,49,0.8805,1.1357,90.0,62.0,1,238,154,94,176,0.196,Disputed in Escrow,Declaration Published (Sec 19),Under Scrutiny,Substantial Possession (>70%),Low / Resistant,Very High,4,2,4,54.68,1,314
PCL-11741,PRJ-1033,Karnataka,Dharwad,12.764037,75.395512,Highway / Expressway,204.51,238,1.1638,0.8593,55.0,53.0,1,177,81,21,119,0.574,Pending Disbursal,Declaration Published (Sec 19),Under Scrutiny,Partial Possession (30-70%),High / Cooperative,Very High,4,4,3,50.44,1,267
PCL-11742,PRJ-1099,Haryana,Hisar,28.099013,76.5693,Highway / Expressway,64.32,83,1.2904,0.7749,64.0,81.0,1,152,108,48,276,0.325,Partially Disbursed,Award Declared (Sec 23),Under Scrutiny,Initial Stage (<30%),Hostile / Legal Injunction,Medium,2,1,2,61.95,1,482
PCL-11743,PRJ-1130,Andhra Pradesh,Visakhapatnam,17.713575,80.387615,Irrigation / Water Canal,95.96,101,1.0525,0.9501,57.0,90.0,1,64,163,103,210,0.524,Partially Disbursed,Preliminary Notification (Sec 11),Under Scrutiny,Substantial Possession (>70%),Moderate,Medium,2,3,4,48.86,1,383
PCL-11744,PRJ-1172,Rajasthan,Jaipur,28.396517,73.150082,Airport Infrastructure,42.22,139,3.2923,0.3037,83.0,49.0,0,94,72,12,199,0.45,Pending Disbursal,Possession Taken (Sec 38),Approved,Full Possession,Moderate,Medium,2,3,5,23.58,0,0
PCL-11745,PRJ-1161,Andhra Pradesh,Visakhapatnam,15.838082,79.241945,Industrial Corridor / SEZ,32.09,63,1.9632,0.5094,89.0,84.0,0,367,15,0,64,0.246,Disputed in Escrow,Award Declared (Sec 23),Approved,Substantial Possession (>70%),High / Cooperative,Low,1,4,4,21.2,0,10
PCL-11746,PRJ-1213,Uttar Pradesh,Agra,25.40141,81.272091,Highway / Expressway,37.01,43,1.1618,0.8607,62.0,51.0,0,0,168,108,174,0.228,Fully Disbursed,Declaration Published (Sec 19),Under Scrutiny,Partial Possession (30-70%),Low / Resistant,Low,1,2,3,26.52,1,191
PCL-11747,PRJ-1028,Gujarat,Ahmedabad,22.186695,73.353331,Irrigation / Water Canal,45.52,31,0.681,1.4683,85.0,92.0,0,0,94,34,257,0.471,Fully Disbursed,Preliminary Notification (Sec 11),Approved,Substantial Possession (>70%),Moderate,Low,1,3,4,17.19,0,38
PCL-11748,PRJ-1088,Uttar Pradesh,Prayagraj,25.440726,79.247738,Airport Infrastructure,74.13,312,4.2088,0.2376,85.0,61.0,0,0,184,124,94,0.305,Fully Disbursed,Possession Taken (Sec 38),Under Scrutiny,Substantial Possession (>70%),Low / Resistant,Medium,2,2,4,17.92,1,143
PCL-11749,PRJ-1024,Karnataka,Kalaburagi,14.071314,76.476564,Railway & Freight Corridor,28.14,22,0.7818,1.279,81.0,58.0,0,0,155,95,203,0.233,Fully Disbursed,Notification Pending,Conditional Clearance,Substantial Possession (>70%),High / Cooperative,Medium,2,4,4,15.61,0,0
PCL-11750,PRJ-1121,Haryana,Panipat,29.682198,77.292432,Irrigation / Water Canal,12.17,23,1.8899,0.5291,94.0,38.0,0,291,148,88,169,0.541,Disputed in Escrow,Notification Pending,Under Scrutiny,Substantial Possession (>70%),Moderate,High,3,3,4,29.45,1,254
PCL-11751,PRJ-1176,Uttar Pradesh,Noida,25.409861,82.417099,Renewable / Solar Park,46.45,27,0.5813,1.7203,84.0,32.0,0,124,106,46,212,0.472,Pending Disbursal,Award Declared (Sec 23),Conditional Clearance,Initial Stage (<30%),Moderate,Medium,2,3,2,26.8,0,29
PCL-11752,PRJ-1055,Rajasthan,Jodhpur,27.653162,76.8996,Irrigation / Water Canal,18.52,14,0.7559,1.3228,83.0,63.0,0,0,186,126,187,0.167,Fully Disbursed,Notification Pending,Under Scrutiny,Substantial Possession (>70%),High / Cooperative,Medium,2,4,4,14.11,1,91
PCL-11753,PRJ-1129,Maharashtra,Thane,18.973183,73.650423,Urban Metro / Transit,32.53,91,2.7974,0.3575,65.0,68.0,1,420,34,0,298,0.538,Disputed in Escrow,Notification Pending,Approved,Initial Stage (<30%),Low / Resistant,High,3,2,2,68.88,1,412
PCL-11754,PRJ-1024,Karnataka,Kalaburagi,15.738,75.921677,Railway & Freight Corridor,30.46,45,1.4773,0.6769,56.0,74.0,0,0,114,54,167,0.382,Fully Disbursed,Award Declared (Sec 23),Pending Environmental Clearance,Full Possession,Moderate,Medium,2,3,5,21.41,0,51
PCL-11755,PRJ-1091,Odisha,Cuttack,21.376807,85.294436,Urban Metro / Transit,24.01,71,2.9571,0.3382,91.0,44.0,0,304,95,35,178,0.544,Pending Disbursal,Possession Taken (Sec 38),Under Scrutiny,Substantial Possession (>70%),Moderate,High,3,3,4,30.32,1,320
PCL-11756,PRJ-1241,Madhya Pradesh,Gwalior,22.895282,77.794271,Railway & Freight Corridor,19.86,16,0.8056,1.2412,90.0,34.0,0,32,15,0,274,0.313,Partially Disbursed,Declaration Published (Sec 19),Approved,Partial Possession (30-70%),High / Cooperative,Medium,2,4,3,20.19,0,65
PCL-11757,PRJ-1139,Maharashtra,Nagpur,18.322767,76.997068,Highway / Expressway,37.79,73,1.9317,0.5177,55.0,86.0,0,0,57,0,150,0.37,Fully Disbursed,Declaration Published (Sec 19),Approved,Full Possession,Moderate,High,3,3,5,19.78,1,208
PCL-11758,PRJ-1049,Odisha,Angul,21.868056,84.319671,Irrigation / Water Canal,78.85,133,1.6867,0.5929,51.0,68.0,0,99,79,19,183,0.604,Partially Disbursed,Declaration Published (Sec 19),Under Scrutiny,Partial Possession (30-70%),High / Cooperative,Low,1,4,3,23.93,1,91
PCL-11759,PRJ-1144,Uttar Pradesh,Noida,25.881812,82.568634,Urban Metro / Transit,34.25,98,2.8613,0.3495,79.0,68.0,0,53,141,81,223,0.411,Partially Disbursed,Preliminary Notification (Sec 11),Under Scrutiny,Substantial Possession (>70%),High / Cooperative,Medium,2,4,4,17.94,0,23
PCL-11760,PRJ-1214,Haryana,Gurugram,30.425264,75.565322,Railway & Freight Corridor,146.11,266,1.8205,0.5493,79.0,63.0,0,46,128,68,260,0.597,Partially Disbursed,Declaration Published (Sec 19),Under Scrutiny,Full Possession,High / Cooperative,Medium,2,4,5,19.54,0,53
PCL-11761,PRJ-1167,Gujarat,Surat,23.921343,72.06126,Airport Infrastructure,40.98,118,2.8795,0.3473,40.0,22.0,1,48,114,54,142,0.722,Partially Disbursed,Preliminary Notification (Sec 11),Under Scrutiny,Partial Possession (30-70%),Hostile / Legal Injunction,Medium,2,1,3,63.35,1,526
PCL-11762,PRJ-1090,Haryana,Gurugram,28.134558,77.367939,Railway & Freight Corridor,31.72,36,1.1349,0.8811,57.0,79.0,0,306,31,0,114,0.499,Pending Disbursal,Notification Pending,Approved,Substantial Possession (>70%),High / Cooperative,Medium,2,4,4,27.55,1,173
PCL-11763,PRJ-1119,Haryana,Faridabad,29.339423,75.727214,Industrial Corridor / SEZ,47.26,46,0.9733,1.0274,55.0,51.0,1,491,73,13,181,0.386,Disputed in Escrow,Preliminary Notification (Sec 11),Conditional Clearance,Contested / Encroached,Low / Resistant,High,3,2,1,68.19,1,564
PCL-11764,PRJ-1144,Uttar Pradesh,Noida,27.272597,82.686773,Urban Metro / Transit,26.23,57,2.1731,0.4602,65.0,91.0,0,0,95,35,309,0.351,Fully Disbursed,Possession Taken (Sec 38),Approved,Partial Possession (30-70%),Moderate,Medium,2,3,3,23.24,0,18
PCL-11765,PRJ-1118,Karnataka,Kalaburagi,17.216133,75.373534,Industrial Corridor / SEZ,57.32,64,1.1165,0.8956,83.0,69.0,0,0,15,0,268,0.345,Fully Disbursed,Notification Pending,Approved,Full Possession,Low / Resistant,Low,1,2,5,24.05,0,35
PCL-11766,PRJ-1186,Gujarat,Surat,23.404613,69.823203,Airport Infrastructure,36.25,77,2.1241,0.4708,82.0,64.0,0,0,34,0,274,0.453,Fully Disbursed,Award Declared (Sec 23),Approved,Substantial Possession (>70%),High / Cooperative,Medium,2,4,4,17.48,0,8
PCL-11767,PRJ-1012,Uttar Pradesh,Noida,27.0139,79.925939,Railway & Freight Corridor,17.63,49,2.7794,0.3598,74.0,39.0,0,281,15,0,229,0.173,Pending Disbursal,Notification Pending,Approved,Contested / Encroached,Low / Resistant,High,3,2,1,38.94,1,357
PCL-11768,PRJ-1005,Gujarat,Ahmedabad,21.771342,70.928448,Industrial Corridor / SEZ,51.17,89,1.7393,0.5749,60.0,78.0,1,139,145,85,232,0.516,Pending Disbursal,Possession Taken (Sec 38),Approved,Full Possession,Moderate,High,3,3,5,53.36,1,361
PCL-11769,PRJ-1104,Haryana,Karnal,28.060873,76.997842,Irrigation / Water Canal,5.24,8,1.5267,0.6549,46.0,58.0,0,100,164,104,191,0.465,Partially Disbursed,Award Declared (Sec 23),Conditional Clearance,Substantial Possession (>70%),High / Cooperative,Low,1,4,4,26.27,0,31
PCL-11770,PRJ-1223,Andhra Pradesh,Guntur,15.940678,80.93631,Industrial Corridor / SEZ,37.16,63,1.6954,0.5898,62.0,60.0,0,35,175,115,382,0.359,Partially Disbursed,Possession Taken (Sec 38),Under Scrutiny,Full Possession,High / Cooperative,Low,1,4,5,27.36,1,181
PCL-11771,PRJ-1226,Rajasthan,Alwar,28.046014,71.526682,Industrial Corridor / SEZ,53.09,70,1.3185,0.7584,45.0,77.0,0,319,91,31,288,0.44,Pending Disbursal,Preliminary Notification (Sec 11),Approved,Initial Stage (<30%),Moderate,Low,1,3,2,40.96,1,215
PCL-11772,PRJ-1222,Uttar Pradesh,Kanpur,27.524845,78.050278,Industrial Corridor / SEZ,34.97,34,0.9723,1.0285,81.0,36.0,0,128,127,67,294,0.705,Partially Disbursed,Possession Taken (Sec 38),Under Scrutiny,Full Possession,Moderate,Medium,2,3,5,30.24,1,237
PCL-11773,PRJ-1105,Rajasthan,Kota,25.299981,72.274174,Highway / Expressway,84.99,163,1.9179,0.5214,73.0,40.0,1,99,84,24,243,0.374,Pending Disbursal,Award Declared (Sec 23),Approved,Contested / Encroached,Low / Resistant,High,3,2,1,57.08,1,426
PCL-11774,PRJ-1210,Rajasthan,Jaipur,25.847525,75.223716,Airport Infrastructure,16.0,60,3.75,0.2667,48.0,62.0,1,563,111,51,278,0.37,Disputed in Escrow,Award Declared (Sec 23),Pending Environmental Clearance,Contested / Encroached,High / Cooperative,Low,1,4,1,64.62,1,335
PCL-11775,PRJ-1242,Madhya Pradesh,Gwalior,25.708331,78.48718,Renewable / Solar Park,59.14,45,0.7609,1.3142,41.0,58.0,1,0,49,0,139,0.366,Fully Disbursed,Declaration Published (Sec 19),Approved,Contested / Encroached,Moderate,Low,1,3,1,49.96,1,261
PCL-11776,PRJ-1166,Uttar Pradesh,Varanasi,28.012397,83.444557,Highway / Expressway,10.56,16,1.5152,0.66,46.0,72.0,0,48,91,31,171,0.378,Partially Disbursed,Possession Taken (Sec 38),Conditional Clearance,Full Possession,High / Cooperative,Low,1,4,5,21.99,0,7
PCL-11777,PRJ-1209,Haryana,Panipat,30.112683,77.199528,Irrigation / Water Canal,37.21,58,1.5587,0.6415,92.0,21.0,0,51,198,138,332,0.405,Partially Disbursed,Preliminary Notification (Sec 11),Conditional Clearance,Initial Stage (<30%),Moderate,Low,1,3,2,27.8,1,184
PCL-11778,PRJ-1194,Madhya Pradesh,Ujjain,24.694762,75.587979,Highway / Expressway,42.52,68,1.5992,0.6253,73.0,50.0,0,278,161,101,118,0.287,Pending Disbursal,Declaration Published (Sec 19),Pending Environmental Clearance,Contested / Encroached,High / Cooperative,Medium,2,4,1,26.25,1,198
PCL-11779,PRJ-1193,Uttar Pradesh,Prayagraj,27.630555,78.313372,Irrigation / Water Canal,39.79,39,0.9801,1.0202,95.0,48.0,0,85,106,46,321,0.333,Partially Disbursed,Award Declared (Sec 23),Approved,Full Possession,High / Cooperative,Low,1,4,5,21.73,0,29
PCL-11780,PRJ-1133,Madhya Pradesh,Jabalpur,23.823052,80.047651,Urban Metro / Transit,46.67,132,2.8284,0.3536,41.0,34.0,1,68,46,0,140,0.323,Partially Disbursed,Declaration Published (Sec 19),Approved,Partial Possession (30-70%),Moderate,Medium,2,3,3,55.19,1,303
PCL-11781,PRJ-1245,Haryana,Faridabad,29.763755,76.961291,Railway & Freight Corridor,54.11,40,0.7392,1.3527,44.0,35.0,1,272,64,4,337,0.628,Pending Disbursal,Possession Taken (Sec 38),Under Scrutiny,Partial Possession (30-70%),Hostile / Legal Injunction,High,3,1,3,77.77,1,583
PCL-11782,PRJ-1070,Rajasthan,Jaipur,25.757746,76.614886,Irrigation / Water Canal,62.22,81,1.3018,0.7681,54.0,35.0,0,340,15,0,72,0.71,Pending Disbursal,Possession Taken (Sec 38),Approved,Initial Stage (<30%),High / Cooperative,Low,1,4,2,32.37,0,12
PCL-11783,PRJ-1140,Maharashtra,Nagpur,20.034001,77.210405,Irrigation / Water Canal,5.76,26,4.5139,0.2215,85.0,77.0,1,187,156,96,164,0.605,Pending Disbursal,Possession Taken (Sec 38),Conditional Clearance,Contested / Encroached,Low / Resistant,High,3,2,1,51.63,1,492
PCL-11784,PRJ-1015,Rajasthan,Alwar,28.284134,75.675648,Renewable / Solar Park,23.06,48,2.0815,0.4804,54.0,38.0,0,0,62,2,56,0.312,Fully Disbursed,Declaration Published (Sec 19),Approved,Initial Stage (<30%),Moderate,Medium,2,3,2,21.25,0,58
PCL-11785,PRJ-1158,Haryana,Karnal,29.482255,76.216391,Urban Metro / Transit,16.85,45,2.6706,0.3744,66.0,83.0,0,83,95,35,30,0.748,Partially Disbursed,Preliminary Notification (Sec 11),Under Scrutiny,Full Possession,Moderate,Low,1,3,5,16.79,1,97
PCL-11786,PRJ-1024,Karnataka,Kalaburagi,15.347779,75.438842,Railway & Freight Corridor,16.9,2,0.1183,8.4458,84.0,65.0,0,0,121,61,91,0.288,Fully Disbursed,Award Declared (Sec 23),Conditional Clearance,Full Possession,High / Cooperative,Medium,2,4,5,10.11,0,18
PCL-11787,PRJ-1171,Maharashtra,Nashik,19.948613,75.755065,Airport Infrastructure,39.49,86,2.1778,0.4592,79.0,78.0,1,135,131,71,310,0.687,Partially Disbursed,Possession Taken (Sec 38),Resubmission Required,Initial Stage (<30%),Hostile / Legal Injunction,Very High,4,1,2,59.82,1,484
PCL-11788,PRJ-1007,Gujarat,Ahmedabad,23.548933,69.212004,Irrigation / Water Canal,54.21,60,1.1068,0.9035,68.0,78.0,1,92,179,119,217,0.563,Partially Disbursed,Award Declared (Sec 23),Under Scrutiny,Contested / Encroached,Low / Resistant,High,3,2,1,53.02,1,441
PCL-11789,PRJ-1216,Gujarat,Kutch,21.27561,71.690031,Railway & Freight Corridor,53.56,91,1.699,0.5886,78.0,71.0,0,0,58,0,175,0.379,Fully Disbursed,Preliminary Notification (Sec 11),Approved,Full Possession,Moderate,Medium,2,3,5,17.61,0,27
PCL-11790,PRJ-1230,Gujarat,Rajkot,23.333911,70.2674,Urban Metro / Transit,70.55,207,2.9341,0.3408,71.0,60.0,0,351,120,60,194,0.771,Pending Disbursal,Possession Taken (Sec 38),Under Scrutiny,Initial Stage (<30%),High / Cooperative,Medium,2,4,2,31.5,1,306
PCL-11791,PRJ-1237,Odisha,Sundargarh,21.456002,85.161344,Airport Infrastructure,33.75,124,3.6741,0.2722,59.0,83.0,1,34,125,65,69,0.338,Partially Disbursed,Award Declared (Sec 23),Conditional Clearance,Partial Possession (30-70%),Hostile / Legal Injunction,High,3,1,3,50.13,1,409
PCL-11792,PRJ-1192,Karnataka,Mysuru,12.632202,76.604092,Renewable / Solar Park,45.75,35,0.765,1.3071,89.0,55.0,0,0,126,66,140,0.535,Fully Disbursed,Declaration Published (Sec 19),Under Scrutiny,Full Possession,Moderate,Medium,2,3,5,15.7,1,165
PCL-11793,PRJ-1009,Gujarat,Kutch,21.965083,72.737974,Irrigation / Water Canal,128.12,193,1.5064,0.6638,98.0,31.0,0,0,54,0,247,0.369,Fully Disbursed,Preliminary Notification (Sec 11),Approved,Full Possession,Moderate,High,3,3,5,20.31,1,91
PCL-11794,PRJ-1199,Karnataka,Belagavi,14.392873,75.536646,Renewable / Solar Park,85.45,83,0.9713,1.0295,67.0,64.0,0,0,104,44,207,0.543,Fully Disbursed,Possession Taken (Sec 38),Conditional Clearance,Substantial Possession (>70%),Moderate,High,3,3,4,21.71,1,91
PCL-11795,PRJ-1234,Madhya Pradesh,Ujjain,23.366622,76.985652,Industrial Corridor / SEZ,5.0,2,0.4,2.4988,96.0,79.0,0,0,130,70,171,0.393,Fully Disbursed,Declaration Published (Sec 19),Pending Environmental Clearance,Full Possession,Moderate,Low,1,3,5,13.06,0,15
PCL-11796,PRJ-1183,Rajasthan,Udaipur,28.415294,74.219896,Airport Infrastructure,49.82,172,3.4524,0.2896,43.0,37.0,1,622,165,105,150,0.483,Disputed in Escrow,Possession Taken (Sec 38),Under Scrutiny,Substantial Possession (>70%),Hostile / Legal Injunction,High,3,1,4,74.57,1,554
PCL-11797,PRJ-1188,Andhra Pradesh,Krishna,14.385961,81.354148,Railway & Freight Corridor,86.71,57,0.6574,1.5212,74.0,47.0,0,304,131,71,144,0.309,Pending Disbursal,Award Declared (Sec 23),Under Scrutiny,Substantial Possession (>70%),High / Cooperative,Medium,2,4,4,28.39,1,184
PCL-11798,PRJ-1187,Andhra Pradesh,Krishna,16.85586,81.449456,Industrial Corridor / SEZ,15.34,29,1.8905,0.5289,91.0,55.0,0,177,88,28,270,0.398,Partially Disbursed,Notification Pending,Approved,Initial Stage (<30%),High / Cooperative,Medium,2,4,2,23.7,0,9
PCL-11799,PRJ-1039,Madhya Pradesh,Indore,26.083364,81.265204,Renewable / Solar Park,24.78,37,1.4931,0.6697,57.0,72.0,0,146,167,107,161,0.346,Pending Disbursal,Possession Taken (Sec 38),Under Scrutiny,Partial Possession (30-70%),High / Cooperative,Medium,2,4,3,23.44,1,185
PCL-11800,PRJ-1050,Tamil Nadu,Kanchipuram,11.547829,78.014252,Irrigation / Water Canal,62.39,98,1.5708,0.6366,72.0,17.0,0,0,189,129,275,0.332,Fully Disbursed,Preliminary Notification (Sec 11),Resubmission Required,Initial Stage (<30%),Moderate,Medium,2,3,2,27.96,1,219
PCL-11801,PRJ-1133,Madhya Pradesh,Jabalpur,25.861054,76.260103,Urban Metro / Transit,16.13,37,2.2939,0.4359,82.0,61.0,0,0,122,62,30,0.426,Fully Disbursed,Notification Pending,Pending Environmental Clearance,Substantial Possession (>70%),Moderate,Medium,2,3,4,12.38,0,26
PCL-11802,PRJ-1124,Haryana,Panipat,30.39738,77.159284,Railway & Freight Corridor,38.5,67,1.7403,0.5746,56.0,60.0,1,331,80,20,107,0.375,Pending Disbursal,Declaration Published (Sec 19),Approved,Contested / Encroached,High / Cooperative,Medium,2,4,1,55.42,1,371
PCL-11803,PRJ-1101,Andhra Pradesh,Guntur,15.147618,79.678467,Irrigation / Water Canal,27.26,42,1.5407,0.649,44.0,32.0,0,0,52,0,254,0.454,Fully Disbursed,Preliminary Notification (Sec 11),Approved,Partial Possession (30-70%),Hostile / Legal Injunction,Medium,2,1,3,38.78,1,386
PCL-11804,PRJ-1046,Maharashtra,Nashik,19.997984,73.688773,Railway & Freight Corridor,143.19,89,0.6216,1.6089,90.0,64.0,1,250,171,111,84,0.451,Pending Disbursal,Award Declared (Sec 23),Under Scrutiny,Contested / Encroached,Low / Resistant,Very High,4,2,1,51.52,1,359
PCL-11805,PRJ-1122,Gujarat,Surat,23.223006,70.393878,Industrial Corridor / SEZ,91.67,180,1.9636,0.5093,84.0,97.0,0,0,97,37,87,0.631,Fully Disbursed,Notification Pending,Approved,Substantial Possession (>70%),Moderate,Medium,2,3,4,10.51,0,44
PCL-11806,PRJ-1137,Haryana,Faridabad,29.25,76.5,Highway / Expressway,100.81,104,1.0316,0.9693,90.0,83.0,0,0,141,81,289,0.529,Fully Disbursed,Possession Taken (Sec 38),Resubmission Required,Initial Stage (<30%),Moderate,Low,1,3,2,18.29,0,0
PCL-11807,PRJ-1195,Andhra Pradesh,Visakhapatnam,17.086096,78.507089,Renewable / Solar Park,80.01,56,0.6999,1.4287,91.0,56.0,0,63,161,101,271,0.55,Partially Disbursed,Declaration Published (Sec 19),Under Scrutiny,Full Possession,Hostile / Legal Injunction,High,3,1,5,30.2,1,349
PCL-11808,PRJ-1073,Uttar Pradesh,Noida,26.469171,80.768672,Highway / Expressway,18.67,6,0.3214,3.1111,57.0,78.0,0,295,270,210,147,0.619,Pending Disbursal,Declaration Published (Sec 19),Under Scrutiny,Partial Possession (30-70%),Moderate,Medium,2,3,3,32.19,1,300
PCL-11809,PRJ-1075,Haryana,Gurugram,28.123145,75.91775,Renewable / Solar Park,59.18,58,0.9801,1.0203,59.0,75.0,1,0,145,85,168,0.225,Fully Disbursed,Award Declared (Sec 23),Under Scrutiny,Substantial Possession (>70%),Low / Resistant,Medium,2,2,4,49.5,1,330
PCL-11810,PRJ-1181,Odisha,Angul,20.829919,86.102171,Irrigation / Water Canal,33.88,47,1.3872,0.7208,34.0,19.0,1,0,111,51,122,0.323,Fully Disbursed,Possession Taken (Sec 38),Pending Environmental Clearance,Partial Possession (30-70%),Low / Resistant,Medium,2,2,3,58.38,1,373
PCL-11811,PRJ-1066,Haryana,Faridabad,28.659813,75.913612,Industrial Corridor / SEZ,26.28,36,1.3699,0.73,72.0,77.0,1,112,105,45,354,0.3,Pending Disbursal,Award Declared (Sec 23),Under Scrutiny,Initial Stage (<30%),Moderate,Low,1,3,2,54.53,1,257
PCL-11812,PRJ-1076,Maharashtra,Nashik,20.69923,79.115441,Airport Infrastructure,11.69,31,2.6518,0.3771,77.0,68.0,0,0,15,0,208,0.389,Fully Disbursed,Declaration Published (Sec 19),Approved,Substantial Possession (>70%),High / Cooperative,High,3,4,4,15.6,1,104
PCL-11813,PRJ-1245,Haryana,Faridabad,28.682376,77.363777,Railway & Freight Corridor,49.68,62,1.248,0.8013,70.0,84.0,1,221,69,9,230,0.495,Pending Disbursal,Preliminary Notification (Sec 11),Under Scrutiny,Contested / Encroached,Hostile / Legal Injunction,Very High,4,1,1,61.56,1,544
PCL-11814,PRJ-1170,Maharashtra,Pune,19.31339,79.212795,Renewable / Solar Park,47.76,49,1.026,0.9747,60.0,60.0,1,400,54,0,122,0.536,Disputed in Escrow,Declaration Published (Sec 19),Approved,Initial Stage (<30%),Low / Resistant,Low,1,2,2,64.07,1,430
PCL-11815,PRJ-1227,Rajasthan,Jodhpur,27.253223,73.29741,Railway & Freight Corridor,17.13,16,0.934,1.0706,52.0,78.0,1,82,15,0,225,0.35,Partially Disbursed,Possession Taken (Sec 38),Under Scrutiny,Substantial Possession (>70%),Hostile / Legal Injunction,Very High,4,1,4,59.86,1,515
PCL-11816,PRJ-1071,Maharashtra,Pune,20.495703,73.197393,Railway & Freight Corridor,31.9,19,0.5956,1.6789,77.0,60.0,0,0,162,102,145,0.166,Fully Disbursed,Award Declared (Sec 23),Under Scrutiny,Substantial Possession (>70%),Moderate,Low,1,3,4,17.79,0,12
PCL-11817,PRJ-1229,Odisha,Angul,21.896632,84.265032,Highway / Expressway,76.94,101,1.3127,0.7618,80.0,69.0,0,0,137,77,54,0.531,Fully Disbursed,Award Declared (Sec 23),Pending Environmental Clearance,Substantial Possession (>70%),Moderate,Low,1,3,4,12.88,0,0
PCL-11818,PRJ-1166,Uttar Pradesh,Varanasi,27.531499,81.074645,Highway / Expressway,32.37,57,1.7609,0.5679,88.0,36.0,0,96,139,79,196,0.619,Partially Disbursed,Possession Taken (Sec 38),Conditional Clearance,Partial Possession (30-70%),High / Cooperative,Medium,2,4,3,20.1,0,31
PCL-11819,PRJ-1226,Rajasthan,Alwar,24.613842,72.462274,Industrial Corridor / SEZ,26.2,25,0.9542,1.048,94.0,17.0,0,174,131,71,321,0.472,Partially Disbursed,Award Declared (Sec 23),Conditional Clearance,Full Possession,Moderate,Low,1,3,5,32.44,0,40
PCL-11820,PRJ-1253,Odisha,Jajpur,19.570349,85.552802,Urban Metro / Transit,18.26,69,3.7788,0.2646,84.0,30.0,0,135,92,32,188,0.326,Partially Disbursed,Award Declared (Sec 23),Approved,Partial Possession (30-70%),Moderate,High,3,3,3,26.55,1,293
PCL-11821,PRJ-1086,Haryana,Hisar,28.932144,76.810712,Urban Metro / Transit,24.57,89,3.6223,0.2761,76.0,67.0,1,547,130,70,458,0.398,Disputed in Escrow,Notification Pending,Pending Environmental Clearance,Contested / Encroached,Low / Resistant,Medium,2,2,1,70.6,1,457
PCL-11822,PRJ-1126,Uttar Pradesh,Lucknow,26.319956,78.275366,Renewable / Solar Park,122.59,219,1.7864,0.5598,58.0,37.0,0,138,164,104,240,0.309,Partially Disbursed,Possession Taken (Sec 38),Pending Environmental Clearance,Substantial Possession (>70%),Moderate,High,3,3,4,33.12,1,196
PCL-11823,PRJ-1205,Rajasthan,Jaipur,25.275584,75.78009,Railway & Freight Corridor,205.4,211,1.0273,0.9735,56.0,51.0,1,423,50,0,319,0.164,Disputed in Escrow,Award Declared (Sec 23),Approved,Partial Possession (30-70%),Low / Resistant,Very High,4,2,3,73.16,1,516
PCL-11824,PRJ-1042,Gujarat,Bharuch,23.769122,70.46846,Railway & Freight Corridor,25.78,31,1.2025,0.8316,77.0,28.0,0,340,153,93,261,0.164,Pending Disbursal,Award Declared (Sec 23),Under Scrutiny,Initial Stage (<30%),Moderate,High,3,3,2,39.31,1,281
PCL-11825,PRJ-1033,Karnataka,Dharwad,16.008195,75.481624,Highway / Expressway,19.97,28,1.4021,0.7132,83.0,41.0,1,151,234,174,189,0.7,Pending Disbursal,Preliminary Notification (Sec 11),Conditional Clearance,Initial Stage (<30%),Hostile / Legal Injunction,Medium,2,1,2,58.84,1,515
PCL-11826,PRJ-1172,Rajasthan,Jaipur,25.035687,74.667458,Airport Infrastructure,58.07,144,2.4798,0.4033,60.0,87.0,0,0,138,78,71,0.345,Fully Disbursed,Preliminary Notification (Sec 11),Under Scrutiny,Substantial Possession (>70%),Moderate,Low,1,3,4,15.71,0,39
PCL-11827,PRJ-1005,Gujarat,Ahmedabad,23.699193,69.26921,Industrial Corridor / SEZ,29.81,49,1.6437,0.6084,62.0,39.0,0,292,203,143,289,0.411,Pending Disbursal,Declaration Published (Sec 19),Conditional Clearance,Substantial Possession (>70%),Moderate,Medium,2,3,4,40.29,1,306
PCL-11828,PRJ-1080,Karnataka,Belagavi,13.395505,75.448502,Airport Infrastructure,53.6,101,1.8843,0.5307,98.0,76.0,0,0,15,0,96,0.583,Fully Disbursed,Notification Pending,Approved,Substantial Possession (>70%),Moderate,Low,1,3,4,10.15,0,7
PCL-11829,PRJ-1131,Gujarat,Bharuch,22.314092,72.104294,Airport Infrastructure,5.0,21,4.2,0.2381,43.0,86.0,0,0,120,60,64,0.248,Fully Disbursed,Declaration Published (Sec 19),Approved,Full Possession,Hostile / Legal Injunction,High,3,1,5,26.45,1,274
PCL-11830,PRJ-1171,Maharashtra,Nashik,20.574354,75.857255,Airport Infrastructure,47.14,115,2.4395,0.4099,57.0,88.0,1,233,78,18,106,0.768,Disputed in Escrow,Award Declared (Sec 23),Approved,Partial Possession (30-70%),Low / Resistant,High,3,2,3,55.85,1,435
PCL-11831,PRJ-1079,Haryana,Hisar,30.191991,75.627716,Irrigation / Water Canal,102.99,177,1.7186,0.5819,91.0,65.0,0,504,114,54,258,0.406,Disputed in Escrow,Declaration Published (Sec 19),Under Scrutiny,Full Possession,Moderate,High,3,3,5,33.72,1,250
PCL-11832,PRJ-1154,Maharashtra,Pune,19.859748,73.452986,Irrigation / Water Canal,67.96,100,1.4715,0.6796,90.0,58.0,0,0,124,64,248,0.497,Fully Disbursed,Declaration Published (Sec 19),Conditional Clearance,Substantial Possession (>70%),Moderate,Low,1,3,4,19.25,1,91
PCL-11833,PRJ-1183,Rajasthan,Udaipur,28.31734,75.313664,Airport Infrastructure,56.58,221,3.906,0.256,89.0,73.0,1,524,139,79,178,0.549,Disputed in Escrow,Possession Taken (Sec 38),Under Scrutiny,Contested / Encroached,Low / Resistant,High,3,2,1,59.08,1,450
PCL-11834,PRJ-1082,Rajasthan,Kota,25.74962,73.509031,Airport Infrastructure,18.64,26,1.3948,0.7169,77.0,45.0,0,0,15,0,210,0.277,Fully Disbursed,Possession Taken (Sec 38),Approved,Substantial Possession (>70%),High / Cooperative,Medium,2,4,4,17.98,0,15
PCL-11835,PRJ-1012,Uttar Pradesh,Noida,27.876044,82.532734,Railway & Freight Corridor,144.56,114,0.7886,1.2681,89.0,95.0,1,159,196,136,181,0.254,Partially Disbursed,Preliminary Notification (Sec 11),Under Scrutiny,Partial Possession (30-70%),Low / Resistant,High,3,2,3,48.52,1,304
PCL-11836,PRJ-1142,Madhya Pradesh,Gwalior,23.365315,80.128179,Industrial Corridor / SEZ,32.15,33,1.0264,0.9742,62.0,80.0,1,497,81,21,211,0.379,Disputed in Escrow,Notification Pending,Approved,Contested / Encroached,High / Cooperative,Low,1,4,1,57.51,1,294
PCL-11837,PRJ-1173,Rajasthan,Kota,26.96704,73.857626,Urban Metro / Transit,9.69,34,3.5088,0.285,49.0,59.0,0,336,32,0,53,0.348,Pending Disbursal,Preliminary Notification (Sec 11),Approved,Partial Possession (30-70%),High / Cooperative,Medium,2,4,3,30.1,1,216
PCL-11838,PRJ-1108,Madhya Pradesh,Indore,24.860047,77.007873,Industrial Corridor / SEZ,41.5,87,2.0964,0.477,93.0,55.0,0,0,156,96,257,0.293,Fully Disbursed,Possession Taken (Sec 38),Conditional Clearance,Full Possession,High / Cooperative,Medium,2,4,5,15.54,1,91
PCL-11839,PRJ-1002,Madhya Pradesh,Bhopal,25.702301,76.750042,Urban Metro / Transit,29.73,97,3.2627,0.3065,88.0,45.0,0,106,15,0,204,0.201,Partially Disbursed,Preliminary Notification (Sec 11),Approved,Substantial Possession (>70%),Low / Resistant,High,3,2,4,27.41,1,203
PCL-11840,PRJ-1064,Madhya Pradesh,Jabalpur,26.424081,79.299537,Industrial Corridor / SEZ,18.09,2,0.1106,9.0405,67.0,27.0,1,572,187,127,236,0.573,Disputed in Escrow,Award Declared (Sec 23),Under Scrutiny,Partial Possession (30-70%),Low / Resistant,High,3,2,3,70.25,1,627
PCL-11841,PRJ-1135,Gujarat,Bharuch,23.06328,71.178529,Renewable / Solar Park,29.34,20,0.6817,1.4669,52.0,73.0,1,143,19,0,165,0.511,Pending Disbursal,Declaration Published (Sec 19),Approved,Initial Stage (<30%),Low / Resistant,High,3,2,2,56.86,1,404
PCL-11842,PRJ-1049,Odisha,Angul,20.573121,84.937757,Irrigation / Water Canal,25.49,33,1.2946,0.7724,79.0,59.0,0,0,153,93,172,0.248,Fully Disbursed,Declaration Published (Sec 19),Under Scrutiny,Initial Stage (<30%),Moderate,Medium,2,3,2,18.5,1,252
PCL-11843,PRJ-1010,Madhya Pradesh,Indore,25.719555,79.364567,Irrigation / Water Canal,79.07,96,1.2141,0.8236,56.0,78.0,0,0,87,27,293,0.362,Fully Disbursed,Possession Taken (Sec 38),Approved,Substantial Possession (>70%),Moderate,Very High,4,3,4,25.74,1,211
PCL-11844,PRJ-1207,Madhya Pradesh,Gwalior,22.24497,80.089455,Industrial Corridor / SEZ,115.18,201,1.7451,0.573,81.0,39.0,0,135,15,0,261,0.499,Partially Disbursed,Declaration Published (Sec 19),Approved,Partial Possession (30-70%),Moderate,Very High,4,3,3,28.99,1,251
PCL-11845,PRJ-1155,Andhra Pradesh,Guntur,16.003774,79.522857,Irrigation / Water Canal,43.05,52,1.2079,0.8279,86.0,64.0,0,0,124,64,221,0.578,Fully Disbursed,Preliminary Notification (Sec 11),Approved,Contested / Encroached,Moderate,Low,1,3,1,18.44,0,22
PCL-11846,PRJ-1251,Rajasthan,Udaipur,27.219603,75.809158,Railway & Freight Corridor,24.25,48,1.9794,0.5052,63.0,33.0,1,264,110,50,286,0.481,Pending Disbursal,Preliminary Notification (Sec 11),Under Scrutiny,Partial Possession (30-70%),High / Cooperative,Very High,4,4,3,60.67,1,345
PCL-11847,PRJ-1207,Madhya Pradesh,Gwalior,22.21315,78.003469,Industrial Corridor / SEZ,22.48,8,0.3559,2.8096,88.0,69.0,1,105,166,106,190,0.339,Pending Disbursal,Preliminary Notification (Sec 11),Conditional Clearance,Partial Possession (30-70%),High / Cooperative,High,3,4,3,41.94,1,265
PCL-11848,PRJ-1197,Gujarat,Bharuch,22.384035,72.528542,Airport Infrastructure,119.89,259,2.1603,0.4629,53.0,76.0,0,0,32,0,221,0.522,Fully Disbursed,Notification Pending,Approved,Partial Possession (30-70%),Moderate,Low,1,3,3,23.84,1,208
PCL-11849,PRJ-1080,Karnataka,Belagavi,13.088226,77.104005,Airport Infrastructure,13.13,48,3.6558,0.2735,79.0,48.0,1,397,63,3,282,0.291,Disputed in Escrow,Possession Taken (Sec 38),Approved,Partial Possession (30-70%),Low / Resistant,High,3,2,3,67.47,1,514
PCL-11850,PRJ-1250,Andhra Pradesh,Guntur,18.449372,79.853271,Industrial Corridor / SEZ,48.03,83,1.7281,0.5787,34.0,49.0,1,322,18,0,109,0.364,Pending Disbursal,Declaration Published (Sec 19),Approved,Initial Stage (<30%),Low / Resistant,Medium,2,2,2,68.12,1,511
PCL-11851,PRJ-1110,Rajasthan,Udaipur,25.064129,73.087895,Renewable / Solar Park,84.12,63,0.7489,1.3352,43.0,56.0,1,0,148,88,266,0.362,Fully Disbursed,Possession Taken (Sec 38),Pending Environmental Clearance,Partial Possession (30-70%),High / Cooperative,Low,1,4,3,50.78,1,183
PCL-11852,PRJ-1117,Tamil Nadu,Kanchipuram,11.019525,79.688304,Highway / Expressway,7.48,14,1.8717,0.5342,69.0,71.0,0,0,117,57,266,0.347,Fully Disbursed,Preliminary Notification (Sec 11),Resubmission Required,Full Possession,Moderate,Low,1,3,5,22.82,0,56
PCL-11853,PRJ-1006,Madhya Pradesh,Bhopal,24.97245,80.900707,Industrial Corridor / SEZ,22.85,32,1.4004,0.714,91.0,38.0,0,168,169,109,306,0.129,Pending Disbursal,Possession Taken (Sec 38),Conditional Clearance,Substantial Possession (>70%),High / Cooperative,Low,1,4,4,26.38,0,54
PCL-11854,PRJ-1213,Uttar Pradesh,Agra,25.856768,81.989083,Highway / Expressway,29.37,49,1.6684,0.5994,81.0,55.0,1,159,15,0,121,0.674,Partially Disbursed,Notification Pending,Approved,Contested / Encroached,Low / Resistant,High,3,2,1,51.87,1,396
PCL-11855,PRJ-1066,Haryana,Faridabad,30.346594,77.063851,Industrial Corridor / SEZ,115.18,100,0.8682,1.1518,76.0,79.0,0,0,15,0,373,0.62,Fully Disbursed,Possession Taken (Sec 38),Approved,Full Possession,Moderate,Low,1,3,5,24.64,0,7
PCL-11856,PRJ-1076,Maharashtra,Nashik,20.494415,78.234077,Airport Infrastructure,26.41,108,4.0894,0.2445,51.0,63.0,0,229,226,166,311,0.15,Pending Disbursal,Possession Taken (Sec 38),Pending Environmental Clearance,Contested / Encroached,Moderate,Medium,2,3,1,38.32,1,319
PCL-11857,PRJ-1163,Uttar Pradesh,Agra,26.002558,83.042485,Industrial Corridor / SEZ,44.12,34,0.7706,1.2976,65.0,77.0,0,265,60,0,260,0.346,Pending Disbursal,Preliminary Notification (Sec 11),Approved,Contested / Encroached,Moderate,Low,1,3,1,33.69,1,259
PCL-11858,PRJ-1174,Odisha,Angul,19.9254,84.606409,Irrigation / Water Canal,45.1,89,1.9734,0.5067,76.0,31.0,0,0,116,56,166,0.398,Fully Disbursed,Possession Taken (Sec 38),Under Scrutiny,Partial Possession (30-70%),High / Cooperative,Medium,2,4,3,17.92,0,47
PCL-11859,PRJ-1144,Uttar Pradesh,Noida,27.980648,83.121138,Urban Metro / Transit,11.12,11,0.9892,1.0108,83.0,85.0,0,0,15,0,376,0.213,Fully Disbursed,Notification Pending,Approved,Full Possession,High / Cooperative,Medium,2,4,5,19.0,0,25
PCL-11860,PRJ-1050,Tamil Nadu,Kanchipuram,9.928393,78.423039,Irrigation / Water Canal,23.5,27,1.1489,0.8703,88.0,73.0,1,292,116,56,364,0.142,Pending Disbursal,Award Declared (Sec 23),Under Scrutiny,Initial Stage (<30%),High / Cooperative,High,3,4,2,55.75,1,302
PCL-11861,PRJ-1006,Madhya Pradesh,Bhopal,26.412092,79.282962,Industrial Corridor / SEZ,16.36,20,1.2225,0.818,83.0,88.0,0,0,59,0,344,0.363,Fully Disbursed,Notification Pending,Approved,Substantial Possession (>70%),Moderate,Low,1,3,4,21.25,0,13
PCL-11862,PRJ-1034,Haryana,Hisar,29.577621,75.902529,Urban Metro / Transit,40.47,67,1.6555,0.604,36.0,38.0,0,173,157,97,177,0.595,Partially Disbursed,Preliminary Notification (Sec 11),Under Scrutiny,Full Possession,Moderate,Low,1,3,5,36.5,1,262
PCL-11863,PRJ-1023,Maharashtra,Nagpur,18.705946,78.343505,Highway / Expressway,17.97,23,1.2799,0.7813,84.0,49.0,1,309,66,6,209,0.222,Pending Disbursal,Possession Taken (Sec 38),Approved,Initial Stage (<30%),Low / Resistant,High,3,2,2,61.34,1,415
PCL-11864,PRJ-1019,Karnataka,Kalaburagi,14.132216,77.449864,Highway / Expressway,43.96,74,1.6833,0.594,62.0,82.0,0,0,15,0,205,0.571,Fully Disbursed,Notification Pending,Approved,Substantial Possession (>70%),High / Cooperative,Medium,2,4,4,17.09,0,6
PCL-11865,PRJ-1250,Andhra Pradesh,Guntur,16.888761,79.174393,Industrial Corridor / SEZ,20.87,11,0.5271,1.8971,50.0,35.0,1,117,141,81,260,0.303,Pending Disbursal,Preliminary Notification (Sec 11),Under Scrutiny,Contested / Encroached,Hostile / Legal Injunction,High,3,1,1,67.31,1,605
PCL-11866,PRJ-1097,Tamil Nadu,Tiruchirappalli,10.900161,78.73897,Highway / Expressway,32.23,46,1.4272,0.7006,85.0,58.0,0,0,98,38,301,0.426,Fully Disbursed,Award Declared (Sec 23),Pending Environmental Clearance,Full Possession,High / Cooperative,Medium,2,4,5,18.49,1,181
PCL-11867,PRJ-1071,Maharashtra,Pune,20.314781,75.23194,Railway & Freight Corridor,28.17,20,0.71,1.4084,40.0,81.0,1,102,75,15,206,0.577,Pending Disbursal,Notification Pending,Conditional Clearance,Initial Stage (<30%),High / Cooperative,High,3,4,2,50.82,1,252
PCL-11868,PRJ-1006,Madhya Pradesh,Bhopal,22.672884,80.445471,Industrial Corridor / SEZ,56.05,78,1.3916,0.7186,49.0,38.0,1,603,64,4,192,0.388,Disputed in Escrow,Award Declared (Sec 23),Approved,Contested / Encroached,Hostile / Legal Injunction,Low,1,1,1,74.85,1,413
PCL-11869,PRJ-1186,Gujarat,Surat,22.35104,72.945714,Airport Infrastructure,83.25,203,2.4384,0.4101,72.0,55.0,0,0,163,103,247,0.652,Fully Disbursed,Declaration Published (Sec 19),Conditional Clearance,Partial Possession (30-70%),High / Cooperative,Low,1,4,3,19.36,1,97
PCL-11870,PRJ-1042,Gujarat,Bharuch,21.932349,73.042323,Railway & Freight Corridor,14.46,17,1.1757,0.8505,66.0,56.0,0,124,171,111,307,0.371,Partially Disbursed,Notification Pending,Resubmission Required,Substantial Possession (>70%),Moderate,Low,1,3,4,31.56,1,242
PCL-11871,PRJ-1007,Gujarat,Ahmedabad,23.752022,70.541049,Irrigation / Water Canal,55.08,94,1.7066,0.586,77.0,48.0,0,0,246,186,203,0.23,Fully Disbursed,Possession Taken (Sec 38),Under Scrutiny,Full Possession,High / Cooperative,Medium,2,4,5,17.41,0,62
PCL-11872,PRJ-1257,Haryana,Faridabad,29.134563,75.658269,Railway & Freight Corridor,15.79,3,0.19,5.2616,70.0,30.0,0,0,49,0,208,0.605,Fully Disbursed,Award Declared (Sec 23),Approved,Substantial Possession (>70%),High / Cooperative,Low,1,4,4,20.8,0,29
PCL-11873,PRJ-1165,Gujarat,Kutch,21.655618,71.022159,Irrigation / Water Canal,48.35,66,1.365,0.7326,95.0,67.0,0,0,193,133,341,0.691,Fully Disbursed,Possession Taken (Sec 38),Pending Environmental Clearance,Substantial Possession (>70%),Moderate,Low,1,3,4,20.84,1,181
PCL-11874,PRJ-1115,Madhya Pradesh,Jabalpur,23.414722,81.077151,Renewable / Solar Park,24.06,26,1.0806,0.9253,81.0,53.0,0,89,184,124,158,0.337,Partially Disbursed,Preliminary Notification (Sec 11),Under Scrutiny,Substantial Possession (>70%),Moderate,Medium,2,3,4,21.83,1,127
PCL-11875,PRJ-1117,Tamil Nadu,Kanchipuram,10.317714,77.86901,Highway / Expressway,27.18,35,1.2877,0.7765,29.0,62.0,1,435,126,66,177,0.294,Disputed in Escrow,Award Declared (Sec 23),Resubmission Required,Partial Possession (30-70%),Low / Resistant,Medium,2,2,3,72.14,1,401
PCL-11876,PRJ-1144,Uttar Pradesh,Noida,28.099477,82.68744,Urban Metro / Transit,61.12,201,3.2886,0.3041,42.0,68.0,1,59,24,0,344,0.346,Partially Disbursed,Notification Pending,Approved,Partial Possession (30-70%),Hostile / Legal Injunction,High,3,1,3,66.37,1,460
PCL-11877,PRJ-1149,Madhya Pradesh,Ujjain,22.763671,75.379372,Renewable / Solar Park,199.84,284,1.4211,0.7037,50.0,66.0,1,243,15,0,93,0.309,Pending Disbursal,Possession Taken (Sec 38),Approved,Substantial Possession (>70%),Hostile / Legal Injunction,Very High,4,1,4,63.12,1,429
PCL-11878,PRJ-1243,Uttar Pradesh,Noida,26.383496,82.808009,Highway / Expressway,13.24,5,0.3776,2.6475,24.0,62.0,1,174,41,0,160,0.379,Partially Disbursed,Possession Taken (Sec 38),Approved,Partial Possession (30-70%),Moderate,Medium,2,3,3,60.9,1,435
PCL-11879,PRJ-1173,Rajasthan,Kota,25.230798,76.884985,Urban Metro / Transit,52.4,72,1.374,0.7278,40.0,85.0,0,284,153,93,166,0.651,Pending Disbursal,Notification Pending,Pending Environmental Clearance,Contested / Encroached,High / Cooperative,Low,1,4,1,31.4,1,303
PCL-11880,PRJ-1094,Rajasthan,Alwar,28.107543,76.677761,Industrial Corridor / SEZ,21.75,44,2.023,0.4943,80.0,34.0,1,333,132,72,165,0.502,Pending Disbursal,Preliminary Notification (Sec 11),Under Scrutiny,Contested / Encroached,High / Cooperative,Medium,2,4,1,55.47,1,414
PCL-11881,PRJ-1225,Odisha,Sundargarh,21.099973,85.314646,Airport Infrastructure,25.0,98,3.92,0.2551,97.0,50.0,0,0,101,41,105,0.163,Fully Disbursed,Declaration Published (Sec 19),Under Scrutiny,Substantial Possession (>70%),Moderate,Low,1,3,4,13.29,0,51
PCL-11882,PRJ-1228,Rajasthan,Udaipur,24.35694,75.683415,Urban Metro / Transit,45.77,58,1.2672,0.7891,78.0,48.0,0,0,63,3,250,0.229,Fully Disbursed,Notification Pending,Approved,Full Possession,High / Cooperative,Medium,2,4,5,18.97,0,8
PCL-11883,PRJ-1209,Haryana,Panipat,29.345134,77.261912,Irrigation / Water Canal,75.09,133,1.7712,0.5646,81.0,55.0,0,213,205,145,209,0.725,Pending Disbursal,Preliminary Notification (Sec 11),Conditional Clearance,Partial Possession (30-70%),High / Cooperative,Low,1,4,3,24.89,1,224
PCL-11884,PRJ-1118,Karnataka,Kalaburagi,13.785933,75.763073,Industrial Corridor / SEZ,84.81,141,1.6625,0.6015,45.0,86.0,1,373,111,51,162,0.405,Disputed in Escrow,Notification Pending,Resubmission Required,Partial Possession (30-70%),Hostile / Legal Injunction,High,3,1,3,69.72,1,621
PCL-11885,PRJ-1002,Madhya Pradesh,Bhopal,23.804837,77.250255,Urban Metro / Transit,138.25,247,1.7866,0.5597,79.0,38.0,0,108,15,0,241,0.755,Partially Disbursed,Preliminary Notification (Sec 11),Approved,Full Possession,Moderate,Medium,2,3,5,27.63,1,160
PCL-11886,PRJ-1025,Odisha,Sundargarh,19.635816,85.082858,Highway / Expressway,40.4,67,1.6584,0.603,41.0,27.0,1,335,46,0,80,0.196,Pending Disbursal,Award Declared (Sec 23),Approved,Substantial Possession (>70%),Hostile / Legal Injunction,Low,1,1,4,72.12,1,521
PCL-11887,PRJ-1006,Madhya Pradesh,Bhopal,23.17607,77.367504,Industrial Corridor / SEZ,55.88,101,1.8074,0.5533,90.0,35.0,1,143,107,47,114,0.396,Partially Disbursed,Possession Taken (Sec 38),Conditional Clearance,Partial Possession (30-70%),Low / Resistant,High,3,2,3,51.15,1,347
PCL-11888,PRJ-1016,Tamil Nadu,Tiruchirappalli,11.180882,79.714883,Railway & Freight Corridor,45.21,99,2.1898,0.4567,85.0,92.0,0,0,58,0,319,0.592,Fully Disbursed,Declaration Published (Sec 19),Approved,Partial Possession (30-70%),Moderate,Medium,2,3,3,19.51,0,0
PCL-11889,PRJ-1128,Gujarat,Rajkot,23.62437,73.085034,Highway / Expressway,21.82,13,0.5958,1.6783,79.0,69.0,1,295,187,127,201,0.503,Pending Disbursal,Possession Taken (Sec 38),Pending Environmental Clearance,Contested / Encroached,Low / Resistant,High,3,2,1,59.46,1,445
PCL-11890,PRJ-1242,Madhya Pradesh,Gwalior,24.539785,80.021112,Renewable / Solar Park,29.43,16,0.5437,1.8393,82.0,84.0,1,308,161,101,209,0.573,Disputed in Escrow,Declaration Published (Sec 19),Conditional Clearance,Initial Stage (<30%),Low / Resistant,High,3,2,2,58.2,1,479
PCL-11891,PRJ-1058,Uttar Pradesh,Prayagraj,26.661224,81.649278,Irrigation / Water Canal,48.46,55,1.135,0.8811,71.0,58.0,0,168,162,102,151,0.368,Partially Disbursed,Notification Pending,Under Scrutiny,Substantial Possession (>70%),High / Cooperative,Low,1,4,4,22.57,1,108
PCL-11892,PRJ-1022,Gujarat,Vadodara,21.568513,71.19574,Highway / Expressway,123.11,141,1.1453,0.8731,90.0,56.0,1,30,124,64,309,0.348,Partially Disbursed,Preliminary Notification (Sec 11),Conditional Clearance,Initial Stage (<30%),Low / Resistant,Low,1,2,2,51.72,1,311
PCL-11893,PRJ-1035,Uttar Pradesh,Prayagraj,26.404386,80.911067,Irrigation / Water Canal,8.1,2,0.2469,4.048,90.0,69.0,1,387,44,0,391,0.337,Disputed in Escrow,Possession Taken (Sec 38),Approved,Initial Stage (<30%),Moderate,Medium,2,3,2,63.51,1,366
PCL-11894,PRJ-1010,Madhya Pradesh,Indore,25.481643,77.325275,Irrigation / Water Canal,54.77,63,1.1503,0.8694,75.0,55.0,0,207,26,0,232,0.111,Pending Disbursal,Possession Taken (Sec 38),Approved,Initial Stage (<30%),High / Cooperative,Medium,2,4,2,26.71,0,10
PCL-11895,PRJ-1150,Maharashtra,Thane,20.181339,79.014828,Urban Metro / Transit,12.95,48,3.7066,0.2698,87.0,25.0,0,162,130,70,170,0.67,Pending Disbursal,Declaration Published (Sec 19),Under Scrutiny,Full Possession,Moderate,Low,1,3,5,26.88,1,245
PCL-11896,PRJ-1006,Madhya Pradesh,Bhopal,23.925477,80.141974,Industrial Corridor / SEZ,74.4,135,1.8145,0.5511,82.0,54.0,1,154,105,45,294,0.43,Partially Disbursed,Preliminary Notification (Sec 11),Approved,Initial Stage (<30%),Hostile / Legal Injunction,Low,1,1,2,61.8,1,462
PCL-11897,PRJ-1236,Haryana,Faridabad,28.066722,76.243467,Irrigation / Water Canal,44.85,78,1.7391,0.575,75.0,79.0,0,157,191,131,263,0.272,Pending Disbursal,Preliminary Notification (Sec 11),Under Scrutiny,Substantial Possession (>70%),High / Cooperative,Medium,2,4,4,23.41,0,23
PCL-11898,PRJ-1080,Karnataka,Belagavi,15.243573,76.856786,Airport Infrastructure,46.61,85,1.8236,0.5483,60.0,32.0,0,227,171,111,162,0.443,Pending Disbursal,Notification Pending,Under Scrutiny,Substantial Possession (>70%),High / Cooperative,Low,1,4,4,30.2,1,223
PCL-11899,PRJ-1083,Tamil Nadu,Madurai,11.567525,77.369736,Renewable / Solar Park,187.96,255,1.3567,0.7371,63.0,75.0,0,129,146,86,113,0.273,Pending Disbursal,Possession Taken (Sec 38),Conditional Clearance,Partial Possession (30-70%),Hostile / Legal Injunction,Very High,4,1,3,30.69,1,272
PCL-11900,PRJ-1085,Andhra Pradesh,Visakhapatnam,18.33382,82.479785,Irrigation / Water Canal,138.46,177,1.2783,0.7823,31.0,55.0,1,109,15,0,219,0.566,Partially Disbursed,Declaration Published (Sec 19),Approved,Contested / Encroached,Low / Resistant,Very High,4,2,1,63.49,1,501
PCL-11901,PRJ-1211,Tamil Nadu,Coimbatore,10.088734,77.453887,Irrigation / Water Canal,83.58,125,1.4956,0.6686,66.0,54.0,0,0,42,0,64,0.308,Fully Disbursed,Notification Pending,Resubmission Required,Initial Stage (<30%),Moderate,Medium,2,3,2,17.55,0,9
PCL-11902,PRJ-1231,Andhra Pradesh,Guntur,15.086792,82.577621,Urban Metro / Transit,45.49,121,2.6599,0.3759,55.0,43.0,1,187,25,0,235,0.45,Pending Disbursal,Award Declared (Sec 23),Approved,Contested / Encroached,Low / Resistant,High,3,2,1,63.7,1,370
PCL-11903,PRJ-1237,Odisha,Sundargarh,20.899119,84.494935,Airport Infrastructure,207.97,871,4.1881,0.2388,77.0,35.0,1,247,152,92,293,0.659,Pending Disbursal,Declaration Published (Sec 19),Pending Environmental Clearance,Contested / Encroached,Low / Resistant,High,3,2,1,64.74,1,518
PCL-11904,PRJ-1081,Karnataka,Bengaluru Rural,15.555578,76.378334,Railway & Freight Corridor,54.83,79,1.4408,0.694,92.0,98.0,0,62,153,93,317,0.155,Partially Disbursed,Award Declared (Sec 23),Under Scrutiny,Initial Stage (<30%),Low / Resistant,Low,1,2,2,23.74,0,32
PCL-11905,PRJ-1026,Gujarat,Ahmedabad,22.69611,69.091729,Industrial Corridor / SEZ,26.5,17,0.6415,1.5587,72.0,28.0,0,0,66,6,185,0.095,Fully Disbursed,Declaration Published (Sec 19),Approved,Partial Possession (30-70%),High / Cooperative,Medium,2,4,3,19.74,0,11
PCL-11906,PRJ-1065,Haryana,Karnal,28.928322,76.678409,Industrial Corridor / SEZ,31.74,70,2.2054,0.4534,64.0,52.0,0,51,196,136,83,0.724,Partially Disbursed,Award Declared (Sec 23),Pending Environmental Clearance,Substantial Possession (>70%),Moderate,Low,1,3,4,20.96,1,116
PCL-11907,PRJ-1171,Maharashtra,Nashik,18.480095,74.597052,Airport Infrastructure,53.01,213,4.0181,0.2489,37.0,51.0,1,123,137,77,177,0.119,Pending Disbursal,Award Declared (Sec 23),Under Scrutiny,Contested / Encroached,Low / Resistant,Medium,2,2,1,61.69,1,416
PCL-11908,PRJ-1007,Gujarat,Ahmedabad,23.598526,71.840191,Irrigation / Water Canal,21.0,34,1.619,0.6176,68.0,62.0,0,360,113,53,146,0.328,Pending Disbursal,Award Declared (Sec 23),Approved,Partial Possession (30-70%),Moderate,Low,1,3,3,34.22,1,110
PCL-11909,PRJ-1125,Uttar Pradesh,Prayagraj,27.885818,83.249267,Highway / Expressway,10.48,10,0.9542,1.0479,80.0,50.0,0,152,125,65,206,0.418,Partially Disbursed,Preliminary Notification (Sec 11),Resubmission Required,Full Possession,High / Cooperative,Low,1,4,5,22.97,0,6
PCL-11910,PRJ-1086,Haryana,Hisar,29.085063,77.284274,Urban Metro / Transit,45.57,158,3.4672,0.2884,59.0,42.0,1,0,15,0,222,0.287,Fully Disbursed,Declaration Published (Sec 19),Approved,Initial Stage (<30%),Low / Resistant,High,3,2,2,54.82,1,261
PCL-11911,PRJ-1029,Rajasthan,Jodhpur,25.952225,76.020319,Airport Infrastructure,133.99,330,2.4629,0.406,86.0,50.0,1,340,132,72,283,0.307,Pending Disbursal,Declaration Published (Sec 19),Conditional Clearance,Contested / Encroached,Low / Resistant,Very High,4,2,1,64.89,1,409
PCL-11912,PRJ-1027,Rajasthan,Jodhpur,27.193354,72.726427,Industrial Corridor / SEZ,41.49,60,1.4461,0.6915,83.0,61.0,0,45,15,0,143,0.596,Partially Disbursed,Possession Taken (Sec 38),Approved,Substantial Possession (>70%),Moderate,Low,1,3,4,18.26,0,18
PCL-11913,PRJ-1116,Tamil Nadu,Coimbatore,11.664708,77.997909,Irrigation / Water Canal,33.2,38,1.1446,0.8737,86.0,71.0,0,183,41,0,62,0.47,Pending Disbursal,Award Declared (Sec 23),Approved,Substantial Possession (>70%),Moderate,Medium,2,3,4,19.3,0,0
PCL-11914,PRJ-1172,Rajasthan,Jaipur,26.059364,72.513908,Airport Infrastructure,42.42,155,3.6539,0.2737,74.0,55.0,1,299,15,0,157,0.49,Disputed in Escrow,Award Declared (Sec 23),Approved,Initial Stage (<30%),Hostile / Legal Injunction,High,3,1,2,64.13,1,474
PCL-11915,PRJ-1093,Tamil Nadu,Kanchipuram,12.901585,78.361612,Railway & Freight Corridor,6.65,10,1.5038,0.6649,78.0,72.0,0,0,193,133,225,0.206,Fully Disbursed,Notification Pending,Under Scrutiny,Full Possession,High / Cooperative,Low,1,4,5,15.64,0,66
PCL-11916,PRJ-1081,Karnataka,Bengaluru Rural,12.819327,75.286485,Railway & Freight Corridor,30.55,22,0.7201,1.3886,90.0,82.0,1,347,212,152,191,0.369,Disputed in Escrow,Preliminary Notification (Sec 11),Conditional Clearance,Initial Stage (<30%),Moderate,High,3,3,2,53.97,1,325
PCL-11917,PRJ-1167,Gujarat,Surat,22.599532,71.244088,Airport Infrastructure,22.53,76,3.3733,0.2964,57.0,46.0,0,0,100,40,256,0.127,Fully Disbursed,Declaration Published (Sec 19),Approved,Substantial Possession (>70%),Moderate,Very High,4,3,4,27.35,1,175
PCL-11918,PRJ-1175,Odisha,Angul,20.572503,84.242257,Renewable / Solar Park,18.01,35,1.9434,0.5146,54.0,67.0,0,0,129,69,204,0.508,Fully Disbursed,Declaration Published (Sec 19),Under Scrutiny,Partial Possession (30-70%),Moderate,Low,1,3,3,23.9,0,42
PCL-11919,PRJ-1039,Madhya Pradesh,Indore,24.630083,80.454675,Renewable / Solar Park,59.14,96,1.6233,0.616,71.0,48.0,0,0,143,83,145,0.246,Fully Disbursed,Declaration Published (Sec 19),Conditional Clearance,Full Possession,Low / Resistant,Medium,2,2,5,23.94,0,40
PCL-11920,PRJ-1036,Haryana,Gurugram,29.529529,77.211524,Highway / Expressway,54.96,47,0.8552,1.1693,71.0,61.0,1,152,77,17,291,0.473,Pending Disbursal,Possession Taken (Sec 38),Approved,Partial Possession (30-70%),Low / Resistant,Medium,2,2,3,59.36,1,353
PCL-11921,PRJ-1068,Maharashtra,Pune,20.893919,75.671309,Irrigation / Water Canal,15.34,8,0.5215,1.9173,90.0,24.0,1,218,88,28,243,0.291,Disputed in Escrow,Notification Pending,Under Scrutiny,Contested / Encroached,High / Cooperative,High,3,4,1,52.67,1,278
PCL-11922,PRJ-1122,Gujarat,Surat,21.966234,69.090736,Industrial Corridor / SEZ,119.11,207,1.7379,0.5754,84.0,48.0,1,118,77,17,168,0.631,Pending Disbursal,Award Declared (Sec 23),Under Scrutiny,Initial Stage (<30%),Hostile / Legal Injunction,High,3,1,2,55.8,1,457
PCL-11923,PRJ-1216,Gujarat,Kutch,22.777375,71.076548,Railway & Freight Corridor,25.1,17,0.6773,1.4764,60.0,48.0,0,0,83,23,140,0.571,Fully Disbursed,Notification Pending,Approved,Partial Possession (30-70%),High / Cooperative,Low,1,4,3,18.45,1,91
PCL-11924,PRJ-1146,Karnataka,Dharwad,16.299923,75.886313,Industrial Corridor / SEZ,20.14,14,0.6951,1.4385,60.0,63.0,0,358,202,142,248,0.342,Pending Disbursal,Notification Pending,Under Scrutiny,Initial Stage (<30%),High / Cooperative,Low,1,4,2,35.71,1,183
PCL-11925,PRJ-1201,Odisha,Khurda,21.256753,85.091859,Industrial Corridor / SEZ,5.95,13,2.1849,0.4577,79.0,61.0,0,120,100,40,49,0.286,Partially Disbursed,Preliminary Notification (Sec 11),Under Scrutiny,Partial Possession (30-70%),High / Cooperative,Medium,2,4,3,14.87,0,17
PCL-11926,PRJ-1024,Karnataka,Kalaburagi,17.415755,76.558674,Railway & Freight Corridor,26.96,48,1.7804,0.5617,94.0,80.0,0,71,73,13,271,0.137,Partially Disbursed,Possession Taken (Sec 38),Under Scrutiny,Substantial Possession (>70%),Hostile / Legal Injunction,Medium,2,1,4,27.53,1,200
PCL-11927,PRJ-1250,Andhra Pradesh,Guntur,14.739009,78.05871,Industrial Corridor / SEZ,27.83,55,1.9763,0.506,53.0,72.0,0,0,204,144,248,0.355,Fully Disbursed,Declaration Published (Sec 19),Under Scrutiny,Substantial Possession (>70%),Moderate,Medium,2,3,4,25.25,1,243
PCL-11928,PRJ-1239,Uttar Pradesh,Agra,26.803601,81.976619,Railway & Freight Corridor,168.52,273,1.62,0.6173,71.0,90.0,1,317,127,67,229,0.665,Pending Disbursal,Notification Pending,Conditional Clearance,Initial Stage (<30%),Moderate,Low,1,3,2,57.16,0,59
PCL-11929,PRJ-1131,Gujarat,Bharuch,22.05537,70.299845,Airport Infrastructure,39.28,122,3.1059,0.322,59.0,74.0,1,108,61,1,338,0.508,Pending Disbursal,Possession Taken (Sec 38),Approved,Initial Stage (<30%),Low / Resistant,Medium,2,2,2,60.41,1,334
PCL-11930,PRJ-1191,Haryana,Karnal,28.214107,76.616255,Highway / Expressway,10.42,15,1.4395,0.6946,84.0,69.0,1,269,209,149,171,0.477,Pending Disbursal,Notification Pending,Conditional Clearance,Contested / Encroached,High / Cooperative,High,3,4,1,48.77,1,291
PCL-11931,PRJ-1156,Haryana,Gurugram,28.647465,76.975939,Irrigation / Water Canal,7.66,30,3.9164,0.2553,64.0,67.0,1,188,56,0,175,0.357,Disputed in Escrow,Preliminary Notification (Sec 11),Approved,Initial Stage (<30%),Low / Resistant,High,3,2,2,57.29,1,469
PCL-11932,PRJ-1110,Rajasthan,Udaipur,25.106996,73.82138,Renewable / Solar Park,21.35,38,1.7799,0.5618,80.0,55.0,1,336,186,126,296,0.179,Pending Disbursal,Preliminary Notification (Sec 11),Under Scrutiny,Substantial Possession (>70%),High / Cooperative,High,3,4,4,58.41,1,264
PCL-11933,PRJ-1247,Rajasthan,Jodhpur,27.01251,71.12443,Airport Infrastructure,36.12,57,1.5781,0.6337,79.0,67.0,0,238,15,0,193,0.323,Pending Disbursal,Award Declared (Sec 23),Approved,Initial Stage (<30%),High / Cooperative,Low,1,4,2,24.52,0,12
PCL-11934,PRJ-1152,Madhya Pradesh,Ujjain,24.645358,75.250645,Urban Metro / Transit,19.51,80,4.1005,0.2439,70.0,61.0,0,83,136,76,262,0.29,Partially Disbursed,Notification Pending,Conditional Clearance,Substantial Possession (>70%),Moderate,Medium,2,3,4,26.89,1,314
PCL-11935,PRJ-1245,Haryana,Faridabad,28.374251,76.267262,Railway & Freight Corridor,138.03,169,1.2244,0.8167,90.0,42.0,0,0,196,136,304,0.283,Fully Disbursed,Declaration Published (Sec 19),Conditional Clearance,Full Possession,Moderate,Low,1,3,5,22.95,1,153
PCL-11936,PRJ-1041,Andhra Pradesh,Krishna,15.330619,79.58307,Irrigation / Water Canal,23.43,32,1.3658,0.7322,52.0,71.0,1,545,38,0,140,0.515,Disputed in Escrow,Award Declared (Sec 23),Approved,Contested / Encroached,High / Cooperative,Medium,2,4,1,57.75,1,265
PCL-11937,PRJ-1161,Andhra Pradesh,Visakhapatnam,18.407626,80.07523,Industrial Corridor / SEZ,7.39,22,2.977,0.3359,57.0,48.0,0,0,106,46,107,0.601,Fully Disbursed,Notification Pending,Conditional Clearance,Full Possession,High / Cooperative,Medium,2,4,5,17.81,1,163
PCL-11938,PRJ-1232,Maharashtra,Nagpur,20.306168,77.093753,Irrigation / Water Canal,15.58,10,0.6418,1.5578,77.0,19.0,0,236,15,0,242,0.457,Pending Disbursal,Preliminary Notification (Sec 11),Approved,Contested / Encroached,High / Cooperative,Low,1,4,1,31.47,1,237
PCL-11939,PRJ-1053,Haryana,Hisar,28.492685,75.699744,Renewable / Solar Park,16.41,22,1.3406,0.7459,60.0,80.0,0,174,215,155,444,0.252,Pending Disbursal,Notification Pending,Pending Environmental Clearance,Full Possession,High / Cooperative,Medium,2,4,5,32.15,1,150
PCL-11940,PRJ-1023,Maharashtra,Nagpur,20.10795,78.176644,Highway / Expressway,114.66,192,1.6745,0.5972,63.0,54.0,0,0,181,121,94,0.332,Fully Disbursed,Award Declared (Sec 23),Under Scrutiny,Substantial Possession (>70%),High / Cooperative,Medium,2,4,4,15.52,0,3
PCL-11941,PRJ-1196,Madhya Pradesh,Gwalior,25.568492,77.714219,Airport Infrastructure,52.98,129,2.4349,0.4107,50.0,52.0,0,234,59,0,231,0.186,Pending Disbursal,Award Declared (Sec 23),Approved,Full Possession,Moderate,Medium,2,3,5,36.83,1,247
PCL-11942,PRJ-1077,Uttar Pradesh,Kanpur,25.903611,80.988787,Railway & Freight Corridor,38.97,49,1.2574,0.7953,61.0,77.0,0,106,15,0,199,0.351,Partially Disbursed,Award Declared (Sec 23),Approved,Initial Stage (<30%),High / Cooperative,Medium,2,4,2,21.92,0,7
PCL-11943,PRJ-1017,Tamil Nadu,Madurai,11.91453,78.228803,Urban Metro / Transit,17.22,35,2.0325,0.492,67.0,46.0,0,0,166,106,373,0.296,Fully Disbursed,Declaration Published (Sec 19),Under Scrutiny,Substantial Possession (>70%),High / Cooperative,Medium,2,4,4,25.99,0,16
PCL-11944,PRJ-1233,Uttar Pradesh,Noida,28.21431,82.304963,Urban Metro / Transit,19.26,80,4.1537,0.2407,85.0,75.0,0,154,120,60,268,0.102,Pending Disbursal,Award Declared (Sec 23),Conditional Clearance,Substantial Possession (>70%),Moderate,Medium,2,3,4,25.63,0,15
PCL-11945,PRJ-1156,Haryana,Gurugram,29.793075,76.327493,Irrigation / Water Canal,156.18,216,1.383,0.7231,67.0,48.0,0,0,115,55,208,0.617,Fully Disbursed,Preliminary Notification (Sec 11),Approved,Full Possession,Moderate,Very High,4,3,5,23.35,1,333
PCL-11946,PRJ-1054,Haryana,Hisar,28.798921,77.352677,Irrigation / Water Canal,16.34,16,0.9792,1.0212,73.0,41.0,0,143,146,86,252,0.462,Partially Disbursed,Notification Pending,Under Scrutiny,Full Possession,Moderate,Low,1,3,5,30.38,1,221
PCL-11947,PRJ-1213,Uttar Pradesh,Agra,25.054636,82.072137,Highway / Expressway,19.57,30,1.533,0.6523,70.0,71.0,1,347,167,107,223,0.584,Pending Disbursal,Possession Taken (Sec 38),Under Scrutiny,Substantial Possession (>70%),Hostile / Legal Injunction,High,3,1,4,67.77,1,445
PCL-11948,PRJ-1182,Karnataka,Kalaburagi,16.288345,75.797122,Railway & Freight Corridor,5.3,2,0.3774,2.6487,53.0,58.0,0,150,15,0,266,0.691,Partially Disbursed,Notification Pending,Approved,Full Possession,Moderate,Low,1,3,5,33.49,0,59
PCL-11949,PRJ-1110,Rajasthan,Udaipur,27.824546,76.580419,Renewable / Solar Park,18.15,2,0.1102,9.0705,53.0,51.0,0,30,76,16,220,0.318,Partially Disbursed,Notification Pending,Pending Environmental Clearance,Full Possession,Moderate,Medium,2,3,5,27.53,1,136
PCL-11950,PRJ-1148,Gujarat,Ahmedabad,21.307989,72.63961,Highway / Expressway,100.24,128,1.2769,0.7831,49.0,76.0,0,0,177,117,230,0.417,Fully Disbursed,Possession Taken (Sec 38),Conditional Clearance,Substantial Possession (>70%),High / Cooperative,Low,1,4,4,21.22,0,10
PCL-11951,PRJ-1024,Karnataka,Kalaburagi,14.253646,77.511471,Railway & Freight Corridor,23.61,19,0.8047,1.2426,59.0,23.0,1,488,130,70,104,0.782,Disputed in Escrow,Possession Taken (Sec 38),Under Scrutiny,Partial Possession (30-70%),Moderate,Low,1,3,3,63.55,1,325
PCL-11952,PRJ-1116,Tamil Nadu,Coimbatore,10.89696,78.254342,Irrigation / Water Canal,39.43,54,1.3695,0.7302,84.0,41.0,0,0,15,0,163,0.597,Fully Disbursed,Notification Pending,Approved,Substantial Possession (>70%),High / Cooperative,Low,1,4,4,15.21,0,53
PCL-11953,PRJ-1140,Maharashtra,Nagpur,19.52542,76.357293,Irrigation / Water Canal,16.78,33,1.9666,0.5085,74.0,67.0,0,0,165,105,214,0.256,Fully Disbursed,Preliminary Notification (Sec 11),Pending Environmental Clearance,Substantial Possession (>70%),Moderate,High,3,3,4,20.28,1,284
PCL-11954,PRJ-1037,Karnataka,Belagavi,14.728127,77.588989,Renewable / Solar Park,58.46,95,1.625,0.6154,49.0,58.0,0,0,155,95,167,0.625,Fully Disbursed,Declaration Published (Sec 19),Conditional Clearance,Partial Possession (30-70%),High / Cooperative,Low,1,4,3,20.66,0,43
PCL-11955,PRJ-1053,Haryana,Hisar,28.315555,77.231438,Renewable / Solar Park,27.53,24,0.8718,1.147,87.0,26.0,0,322,17,0,348,0.218,Disputed in Escrow,Notification Pending,Approved,Contested / Encroached,Moderate,Medium,2,3,1,40.03,1,273
PCL-11956,PRJ-1183,Rajasthan,Udaipur,25.520425,74.542317,Airport Infrastructure,26.05,67,2.572,0.3888,36.0,58.0,0,0,147,87,142,0.486,Fully Disbursed,Notification Pending,Conditional Clearance,Contested / Encroached,Moderate,Low,1,3,1,26.08,0,43
PCL-11957,PRJ-1083,Tamil Nadu,Madurai,10.32796,80.105479,Renewable / Solar Park,21.43,24,1.1199,0.8929,67.0,76.0,0,0,110,50,268,0.361,Fully Disbursed,Preliminary Notification (Sec 11),Pending Environmental Clearance,Partial Possession (30-70%),Moderate,Medium,2,3,3,22.8,1,91
PCL-11958,PRJ-1093,Tamil Nadu,Kanchipuram,10.858071,78.303077,Railway & Freight Corridor,7.3,2,0.274,3.6482,80.0,77.0,0,146,69,9,296,0.615,Partially Disbursed,Declaration Published (Sec 19),Approved,Substantial Possession (>70%),Moderate,Medium,2,3,4,27.15,0,42
PCL-11959,PRJ-1156,Haryana,Gurugram,29.882037,76.869494,Irrigation / Water Canal,88.78,74,0.8335,1.1997,74.0,57.0,1,585,181,121,152,0.349,Disputed in Escrow,Notification Pending,Conditional Clearance,Contested / Encroached,Moderate,Medium,2,3,1,58.95,1,392
PCL-11960,PRJ-1125,Uttar Pradesh,Prayagraj,27.891018,78.878543,Highway / Expressway,11.61,9,0.7752,1.2899,69.0,85.0,1,130,81,21,280,0.356,Pending Disbursal,Declaration Published (Sec 19),Approved,Partial Possession (30-70%),Low / Resistant,High,3,2,3,56.04,1,377
PCL-11961,PRJ-1200,Rajasthan,Kota,25.987401,71.246931,Renewable / Solar Park,76.83,41,0.5336,1.8739,68.0,57.0,0,0,143,83,173,0.792,Fully Disbursed,Award Declared (Sec 23),Under Scrutiny,Full Possession,Moderate,Medium,2,3,5,20.94,1,246
PCL-11962,PRJ-1070,Rajasthan,Jaipur,25.541605,73.369889,Irrigation / Water Canal,27.18,53,1.95,0.5128,80.0,60.0,0,130,15,0,318,0.258,Partially Disbursed,Award Declared (Sec 23),Approved,Partial Possession (30-70%),High / Cooperative,Medium,2,4,3,25.27,0,30
PCL-11963,PRJ-1008,Rajasthan,Udaipur,24.497147,72.796227,Railway & Freight Corridor,55.73,102,1.8303,0.5464,91.0,22.0,1,486,52,0,136,0.471,Disputed in Escrow,Declaration Published (Sec 19),Approved,Substantial Possession (>70%),High / Cooperative,Medium,2,4,4,54.7,1,288
PCL-11964,PRJ-1203,Rajasthan,Jaipur,25.799144,75.459443,Irrigation / Water Canal,93.51,169,1.8073,0.5533,83.0,36.0,0,114,177,117,229,0.215,Partially Disbursed,Preliminary Notification (Sec 11),Under Scrutiny,Full Possession,High / Cooperative,High,3,4,5,23.07,0,36
PCL-11965,PRJ-1042,Gujarat,Bharuch,23.322938,72.553598,Railway & Freight Corridor,16.14,8,0.4957,2.0172,85.0,46.0,0,0,15,0,117,0.746,Fully Disbursed,Possession Taken (Sec 38),Approved,Substantial Possession (>70%),High / Cooperative,High,3,4,4,12.79,1,181
PCL-11966,PRJ-1133,Madhya Pradesh,Jabalpur,25.516238,81.244834,Urban Metro / Transit,54.66,187,3.4211,0.2923,72.0,48.0,0,90,82,22,293,0.393,Pending Disbursal,Preliminary Notification (Sec 11),Under Scrutiny,Substantial Possession (>70%),High / Cooperative,High,3,4,4,25.49,1,185
PCL-11967,PRJ-1099,Haryana,Hisar,29.324054,76.125615,Highway / Expressway,90.9,191,2.1012,0.4759,54.0,91.0,0,173,150,90,239,0.638,Partially Disbursed,Possession Taken (Sec 38),Under Scrutiny,Full Possession,Low / Resistant,Very High,4,2,5,33.67,1,394
PCL-11968,PRJ-1038,Madhya Pradesh,Bhopal,22.31999,79.307987,Irrigation / Water Canal,16.05,16,0.9969,1.0031,36.0,40.0,0,215,108,48,273,0.498,Pending Disbursal,Possession Taken (Sec 38),Pending Environmental Clearance,Contested / Encroached,Hostile / Legal Injunction,Medium,2,1,1,49.12,1,407
PCL-11969,PRJ-1215,Uttar Pradesh,Agra,25.288705,78.797916,Irrigation / Water Canal,9.26,17,1.8359,0.5447,73.0,42.0,1,135,137,77,159,0.375,Partially Disbursed,Declaration Published (Sec 19),Conditional Clearance,Initial Stage (<30%),Low / Resistant,High,3,2,2,55.21,1,423
PCL-11970,PRJ-1063,Uttar Pradesh,Varanasi,26.684354,78.390905,Railway & Freight Corridor,9.47,15,1.5839,0.6313,36.0,62.0,1,97,162,102,207,0.347,Partially Disbursed,Preliminary Notification (Sec 11),Under Scrutiny,Partial Possession (30-70%),Moderate,Very High,4,3,3,57.1,1,419
PCL-11971,PRJ-1260,Uttar Pradesh,Noida,25.693532,82.980529,Airport Infrastructure,38.11,126,3.3062,0.3025,97.0,71.0,0,0,15,0,208,0.287,Fully Disbursed,Declaration Published (Sec 19),Approved,Partial Possession (30-70%),Moderate,Low,1,3,3,15.05,0,10
PCL-11972,PRJ-1117,Tamil Nadu,Kanchipuram,11.789203,80.080284,Highway / Expressway,11.17,2,0.1791,5.5822,44.0,43.0,0,322,63,3,203,0.193,Pending Disbursal,Preliminary Notification (Sec 11),Approved,Contested / Encroached,High / Cooperative,High,3,4,1,37.75,1,246
PCL-11973,PRJ-1165,Gujarat,Kutch,23.502413,69.77783,Irrigation / Water Canal,18.2,17,0.9341,1.0705,68.0,95.0,0,0,51,0,249,0.186,Fully Disbursed,Notification Pending,Approved,Initial Stage (<30%),Moderate,Low,1,3,2,19.99,0,38
PCL-11974,PRJ-1220,Tamil Nadu,Coimbatore,12.156929,79.311903,Airport Infrastructure,51.05,138,2.7032,0.3699,85.0,63.0,1,203,38,0,262,0.584,Pending Disbursal,Declaration Published (Sec 19),Approved,Partial Possession (30-70%),Hostile / Legal Injunction,Low,1,1,3,61.12,1,412
PCL-11975,PRJ-1013,Haryana,Karnal,28.819139,76.499396,Renewable / Solar Park,21.71,15,0.6909,1.4472,81.0,43.0,0,44,135,75,123,0.628,Partially Disbursed,Possession Taken (Sec 38),Under Scrutiny,Full Possession,Moderate,Low,1,3,5,19.67,1,166
PCL-11976,PRJ-1027,Rajasthan,Jodhpur,24.805614,73.152352,Industrial Corridor / SEZ,5.0,9,1.8,0.5555,81.0,38.0,0,0,189,129,316,0.264,Fully Disbursed,Declaration Published (Sec 19),Under Scrutiny,Full Possession,Moderate,Low,1,3,5,25.6,1,158
PCL-11977,PRJ-1204,Gujarat,Bharuch,22.196282,69.148944,Irrigation / Water Canal,22.42,3,0.1338,7.4708,62.0,65.0,0,0,15,0,127,0.407,Fully Disbursed,Notification Pending,Approved,Partial Possession (30-70%),High / Cooperative,Low,1,4,3,15.86,0,35
PCL-11978,PRJ-1251,Rajasthan,Udaipur,26.110991,72.391533,Railway & Freight Corridor,56.02,80,1.4281,0.7002,78.0,33.0,1,340,74,14,152,0.472,Pending Disbursal,Notification Pending,Approved,Partial Possession (30-70%),Low / Resistant,High,3,2,3,63.27,1,411
PCL-11979,PRJ-1075,Haryana,Gurugram,28.661654,76.407734,Renewable / Solar Park,24.04,32,1.3311,0.7512,81.0,55.0,0,0,15,0,287,0.44,Fully Disbursed,Possession Taken (Sec 38),Approved,Partial Possession (30-70%),High / Cooperative,Low,1,4,3,19.06,0,27
PCL-11980,PRJ-1182,Karnataka,Kalaburagi,14.47543,76.639395,Railway & Freight Corridor,40.88,85,2.0793,0.4809,55.0,60.0,0,0,35,0,192,0.291,Fully Disbursed,Declaration Published (Sec 19),Approved,Full Possession,High / Cooperative,Low,1,4,5,20.2,1,91
PCL-11981,PRJ-1204,Gujarat,Bharuch,23.823098,69.191123,Irrigation / Water Canal,29.89,56,1.8735,0.5337,39.0,68.0,1,161,169,109,359,0.651,Pending Disbursal,Notification Pending,Under Scrutiny,Contested / Encroached,Low / Resistant,Medium,2,2,1,67.98,1,407
PCL-11982,PRJ-1088,Uttar Pradesh,Prayagraj,27.767861,78.262303,Airport Infrastructure,32.58,87,2.6703,0.3745,96.0,44.0,1,207,111,51,280,0.25,Pending Disbursal,Possession Taken (Sec 38),Resubmission Required,Contested / Encroached,Moderate,Medium,2,3,1,54.16,1,191
PCL-11983,PRJ-1095,Rajasthan,Jaipur,24.061745,71.839033,Irrigation / Water Canal,51.66,44,0.8517,1.1741,90.0,68.0,0,94,82,22,300,0.229,Partially Disbursed,Preliminary Notification (Sec 11),Approved,Partial Possession (30-70%),High / Cooperative,Medium,2,4,3,20.31,0,39
PCL-11984,PRJ-1108,Madhya Pradesh,Indore,24.818615,77.137982,Industrial Corridor / SEZ,36.5,40,1.0959,0.9125,70.0,64.0,0,34,149,89,247,0.115,Partially Disbursed,Preliminary Notification (Sec 11),Resubmission Required,Initial Stage (<30%),High / Cooperative,Medium,2,4,2,20.26,1,91
PCL-11985,PRJ-1059,Madhya Pradesh,Jabalpur,24.771151,79.457268,Highway / Expressway,39.54,71,1.7956,0.5569,92.0,38.0,0,0,19,0,132,0.264,Fully Disbursed,Preliminary Notification (Sec 11),Approved,Substantial Possession (>70%),High / Cooperative,Medium,2,4,4,12.75,0,45
PCL-11986,PRJ-1124,Haryana,Panipat,28.823373,75.841727,Railway & Freight Corridor,28.88,46,1.5928,0.6278,40.0,77.0,1,162,27,0,126,0.365,Pending Disbursal,Award Declared (Sec 23),Approved,Initial Stage (<30%),Low / Resistant,Low,1,2,2,58.18,1,329
PCL-11987,PRJ-1223,Andhra Pradesh,Guntur,17.427088,78.743574,Industrial Corridor / SEZ,24.16,33,1.3659,0.7321,86.0,48.0,0,86,38,0,239,0.59,Partially Disbursed,Preliminary Notification (Sec 11),Approved,Initial Stage (<30%),Moderate,Low,1,3,2,24.25,1,142
PCL-11988,PRJ-1198,Maharashtra,Thane,20.47483,76.065971,Renewable / Solar Park,15.67,44,2.8079,0.3561,70.0,77.0,1,219,170,110,219,0.633,Pending Disbursal,Preliminary Notification (Sec 11),Pending Environmental Clearance,Partial Possession (30-70%),High / Cooperative,Low,1,4,3,50.51,1,267
PCL-11989,PRJ-1238,Andhra Pradesh,Nellore,14.06885,81.410294,Railway & Freight Corridor,60.63,51,0.8412,1.1888,83.0,61.0,1,138,40,0,183,0.448,Pending Disbursal,Possession Taken (Sec 38),Approved,Substantial Possession (>70%),Moderate,High,3,3,4,48.58,1,362
PCL-11990,PRJ-1088,Uttar Pradesh,Prayagraj,26.803463,81.216282,Airport Infrastructure,19.3,37,1.9171,0.5216,93.0,57.0,0,134,154,94,267,0.552,Partially Disbursed,Notification Pending,Under Scrutiny,Partial Possession (30-70%),High / Cooperative,Low,1,4,3,21.22,1,118
PCL-11991,PRJ-1100,Rajasthan,Udaipur,24.587544,75.985098,Railway & Freight Corridor,26.78,49,1.8297,0.5465,63.0,46.0,0,0,151,91,79,0.211,Fully Disbursed,Notification Pending,Pending Environmental Clearance,Full Possession,Moderate,Medium,2,3,5,19.51,0,0
PCL-11992,PRJ-1099,Haryana,Hisar,30.411855,76.781051,Highway / Expressway,71.46,128,1.7912,0.5583,42.0,72.0,1,615,94,34,287,0.111,Disputed in Escrow,Award Declared (Sec 23),Under Scrutiny,Partial Possession (30-70%),Hostile / Legal Injunction,Low,1,1,3,76.41,1,531
PCL-11993,PRJ-1102,Odisha,Cuttack,21.099117,84.176152,Highway / Expressway,94.95,74,0.7794,1.2831,88.0,90.0,0,0,124,64,246,0.569,Fully Disbursed,Notification Pending,Under Scrutiny,Partial Possession (30-70%),High / Cooperative,Low,1,4,3,12.62,0,2
PCL-11994,PRJ-1091,Odisha,Cuttack,20.594851,84.646832,Urban Metro / Transit,64.77,267,4.1223,0.2426,79.0,59.0,0,0,188,128,278,0.799,Fully Disbursed,Award Declared (Sec 23),Conditional Clearance,Substantial Possession (>70%),Moderate,Medium,2,3,4,22.48,0,33
PCL-11995,PRJ-1242,Madhya Pradesh,Gwalior,22.568025,78.528839,Renewable / Solar Park,44.75,25,0.5587,1.7899,56.0,91.0,1,86,79,19,162,0.239,Partially Disbursed,Award Declared (Sec 23),Resubmission Required,Partial Possession (30-70%),Hostile / Legal Injunction,High,3,1,3,55.56,1,424
PCL-11996,PRJ-1187,Andhra Pradesh,Krishna,16.673532,78.937129,Industrial Corridor / SEZ,33.99,45,1.3239,0.7553,94.0,35.0,1,135,123,63,228,0.488,Pending Disbursal,Preliminary Notification (Sec 11),Under Scrutiny,Contested / Encroached,Low / Resistant,High,3,2,1,54.3,1,564
PCL-11997,PRJ-1115,Madhya Pradesh,Jabalpur,22.130614,77.004881,Renewable / Solar Park,55.71,64,1.1488,0.8705,30.0,59.0,0,0,67,7,224,0.565,Fully Disbursed,Preliminary Notification (Sec 11),Approved,Substantial Possession (>70%),High / Cooperative,Medium,2,4,4,26.5,1,158
PCL-11998,PRJ-1183,Rajasthan,Udaipur,28.309111,74.415597,Airport Infrastructure,33.79,149,4.4096,0.2268,56.0,26.0,0,72,73,13,227,0.412,Partially Disbursed,Declaration Published (Sec 19),Approved,Full Possession,Moderate,Low,1,3,5,31.42,1,151
PCL-11999,PRJ-1193,Uttar Pradesh,Prayagraj,25.256679,82.993232,Irrigation / Water Canal,37.4,44,1.1765,0.85,52.0,63.0,1,505,139,79,255,0.478,Disputed in Escrow,Notification Pending,Pending Environmental Clearance,Initial Stage (<30%),Moderate,Medium,2,3,2,66.61,1,364
PCL-12000,PRJ-1004,Maharashtra,Nagpur,20.041891,78.942363,Irrigation / Water Canal,6.83,5,0.7321,1.3657,72.0,62.0,1,472,145,85,263,0.403,Disputed in Escrow,Notification Pending,Conditional Clearance,Initial Stage (<30%),Low / Resistant,High,3,2,2,66.76,1,608
PCL-12001,PRJ-1065,Haryana,Karnal,29.169702,76.753462,Industrial Corridor / SEZ,15.01,28,1.8654,0.5361,58.0,71.0,0,202,207,147,240,0.511,Pending Disbursal,Declaration Published (Sec 19),Under Scrutiny,Initial Stage (<30%),Low / Resistant,Medium,2,2,2,36.1,1,372
PCL-12002,PRJ-1181,Odisha,Angul,21.844539,84.442941,Irrigation / Water Canal,76.75,73,0.9511,1.0514,56.0,53.0,0,161,96,36,164,0.519,Partially Disbursed,Preliminary Notification (Sec 11),Under Scrutiny,Partial Possession (30-70%),Low / Resistant,Medium,2,2,3,33.77,1,274
PCL-12003,PRJ-1240,Madhya Pradesh,Gwalior,23.792073,76.603361,Urban Metro / Transit,38.56,140,3.6307,0.2754,70.0,47.0,1,180,160,100,137,0.354,Partially Disbursed,Award Declared (Sec 23),Under Scrutiny,Contested / Encroached,High / Cooperative,High,3,4,1,48.83,1,163
PCL-12004,PRJ-1153,Tamil Nadu,Salem,12.208235,78.019162,Renewable / Solar Park,107.45,168,1.5635,0.6396,75.0,48.0,0,0,205,145,283,0.291,Fully Disbursed,Preliminary Notification (Sec 11),Under Scrutiny,Substantial Possession (>70%),Moderate,High,3,3,4,24.56,1,277
PCL-12005,PRJ-1070,Rajasthan,Jaipur,25.746646,75.599991,Irrigation / Water Canal,64.49,80,1.2405,0.8061,68.0,37.0,0,0,124,64,200,0.755,Fully Disbursed,Notification Pending,Approved,Substantial Possession (>70%),High / Cooperative,Medium,2,4,4,20.2,0,40
PCL-12006,PRJ-1128,Gujarat,Rajkot,22.038559,71.919941,Highway / Expressway,37.46,36,0.961,1.0405,52.0,88.0,0,175,95,35,358,0.329,Partially Disbursed,Preliminary Notification (Sec 11),Under Scrutiny,Substantial Possession (>70%),Low / Resistant,High,3,2,4,38.92,1,229
PCL-12007,PRJ-1187,Andhra Pradesh,Krishna,16.277639,79.589706,Industrial Corridor / SEZ,22.82,27,1.1832,0.8452,64.0,47.0,0,171,51,0,224,0.151,Partially Disbursed,Preliminary Notification (Sec 11),Approved,Substantial Possession (>70%),Moderate,Low,1,3,4,31.68,0,4
PCL-12008,PRJ-1112,Odisha,Jajpur,22.126555,85.878414,Irrigation / Water Canal,93.03,101,1.0857,0.9211,74.0,19.0,0,55,165,105,200,0.317,Partially Disbursed,Possession Taken (Sec 38),Under Scrutiny,Substantial Possession (>70%),Moderate,Very High,4,3,4,26.81,1,197
PCL-12009,PRJ-1099,Haryana,Hisar,28.809127,75.598527,Highway / Expressway,10.95,25,2.2831,0.438,65.0,80.0,0,0,43,0,313,0.746,Fully Disbursed,Declaration Published (Sec 19),Approved,Partial Possession (30-70%),Moderate,Medium,2,3,3,24.49,1,283
PCL-12010,PRJ-1007,Gujarat,Ahmedabad,21.735259,69.881998,Irrigation / Water Canal,98.38,146,1.484,0.6738,95.0,59.0,0,41,49,0,58,0.496,Partially Disbursed,Declaration Published (Sec 19),Approved,Partial Possession (30-70%),High / Cooperative,Medium,2,4,3,8.96,0,16
PCL-12011,PRJ-1202,Andhra Pradesh,Guntur,15.436268,78.827248,Renewable / Solar Park,155.54,141,0.9065,1.1031,64.0,52.0,0,0,15,0,30,0.243,Fully Disbursed,Possession Taken (Sec 38),Approved,Substantial Possession (>70%),Moderate,Medium,2,3,4,16.88,1,91
PCL-12012,PRJ-1066,Haryana,Faridabad,28.639601,76.465936,Industrial Corridor / SEZ,44.07,40,0.9076,1.1017,77.0,44.0,0,121,93,33,173,0.513,Partially Disbursed,Award Declared (Sec 23),Approved,Partial Possession (30-70%),Moderate,Medium,2,3,3,25.41,0,25
PCL-12013,PRJ-1077,Uttar Pradesh,Kanpur,25.174943,80.269796,Railway & Freight Corridor,89.32,124,1.3883,0.7203,75.0,52.0,0,274,15,0,335,0.559,Pending Disbursal,Notification Pending,Approved,Initial Stage (<30%),High / Cooperative,Low,1,4,2,33.62,0,33
PCL-12014,PRJ-1056,Tamil Nadu,Coimbatore,11.423442,77.822773,Airport Infrastructure,47.06,156,3.3149,0.3017,62.0,71.0,0,33,37,0,389,0.831,Partially Disbursed,Possession Taken (Sec 38),Approved,Substantial Possession (>70%),Moderate,Low,1,3,4,30.19,1,141
PCL-12015,PRJ-1079,Haryana,Hisar,28.455264,75.833912,Irrigation / Water Canal,7.95,20,2.5157,0.3975,43.0,49.0,1,241,108,48,191,0.08,Pending Disbursal,Award Declared (Sec 23),Approved,Initial Stage (<30%),Low / Resistant,Medium,2,2,2,66.07,1,367
PCL-12016,PRJ-1132,Tamil Nadu,Tiruchirappalli,10.811326,78.05391,Highway / Expressway,68.28,138,2.0211,0.4948,27.0,75.0,0,0,37,0,81,0.314,Fully Disbursed,Award Declared (Sec 23),Approved,Substantial Possession (>70%),High / Cooperative,Medium,2,4,4,20.14,0,22
PCL-12017,PRJ-1160,Rajasthan,Kota,28.110901,72.326686,Railway & Freight Corridor,103.5,165,1.5942,0.6273,49.0,59.0,1,211,145,85,149,0.22,Disputed in Escrow,Award Declared (Sec 23),Under Scrutiny,Partial Possession (30-70%),Hostile / Legal Injunction,High,3,1,3,64.81,1,503
PCL-12018,PRJ-1126,Uttar Pradesh,Lucknow,26.411045,80.08596,Renewable / Solar Park,29.41,43,1.4621,0.6839,75.0,53.0,0,98,171,111,159,0.295,Pending Disbursal,Declaration Published (Sec 19),Pending Environmental Clearance,Full Possession,High / Cooperative,High,3,4,5,19.69,1,256
PCL-12019,PRJ-1228,Rajasthan,Udaipur,25.697909,73.039236,Urban Metro / Transit,12.06,24,1.99,0.5025,67.0,81.0,1,326,95,35,339,0.513,Pending Disbursal,Preliminary Notification (Sec 11),Pending Environmental Clearance,Substantial Possession (>70%),Moderate,Low,1,3,4,63.36,1,407
PCL-12020,PRJ-1056,Tamil Nadu,Coimbatore,10.136988,77.223032,Airport Infrastructure,34.01,107,3.1461,0.3178,79.0,87.0,1,333,168,108,184,0.64,Pending Disbursal,Declaration Published (Sec 19),Pending Environmental Clearance,Partial Possession (30-70%),High / Cooperative,Low,1,4,3,51.08,1,223
PCL-12021,PRJ-1100,Rajasthan,Udaipur,27.067815,75.503964,Railway & Freight Corridor,86.21,147,1.7051,0.5865,68.0,39.0,0,70,136,76,401,0.154,Partially Disbursed,Notification Pending,Pending Environmental Clearance,Partial Possession (30-70%),Moderate,Medium,2,3,3,34.13,1,219
PCL-12022,PRJ-1058,Uttar Pradesh,Prayagraj,25.058311,79.870745,Irrigation / Water Canal,19.43,18,0.9264,1.0794,81.0,44.0,0,154,121,61,137,0.08,Pending Disbursal,Declaration Published (Sec 19),Under Scrutiny,Partial Possession (30-70%),High / Cooperative,Low,1,4,3,20.87,0,12
PCL-12023,PRJ-1233,Uttar Pradesh,Noida,27.699973,79.754005,Urban Metro / Transit,112.67,368,3.2662,0.3062,25.0,47.0,1,175,105,45,172,0.669,Pending Disbursal,Notification Pending,Pending Environmental Clearance,Substantial Possession (>70%),Low / Resistant,Medium,2,2,4,66.44,1,433
PCL-12024,PRJ-1014,Gujarat,Surat,23.833959,73.365743,Irrigation / Water Canal,109.9,114,1.0373,0.964,67.0,78.0,0,0,74,14,193,0.721,Fully Disbursed,Possession Taken (Sec 38),Approved,Substantial Possession (>70%),Low / Resistant,Very High,4,2,4,23.54,1,227
PCL-12025,PRJ-1139,Maharashtra,Nagpur,19.474102,73.134102,Highway / Expressway,29.68,28,0.9434,1.06,67.0,81.0,1,315,82,22,239,0.294,Disputed in Escrow,Possession Taken (Sec 38),Approved,Initial Stage (<30%),Hostile / Legal Injunction,High,3,1,2,66.66,1,491
PCL-12026,PRJ-1091,Odisha,Cuttack,20.490647,84.637301,Urban Metro / Transit,16.1,46,2.8571,0.35,59.0,48.0,0,33,15,0,205,0.587,Partially Disbursed,Possession Taken (Sec 38),Approved,Partial Possession (30-70%),High / Cooperative,Medium,2,4,3,22.44,0,14
PCL-12027,PRJ-1246,Andhra Pradesh,Nellore,16.109652,81.849637,Highway / Expressway,45.07,32,0.71,1.4084,83.0,52.0,0,146,129,69,44,0.228,Partially Disbursed,Declaration Published (Sec 19),Under Scrutiny,Full Possession,High / Cooperative,Medium,2,4,5,15.85,0,73
PCL-12028,PRJ-1070,Rajasthan,Jaipur,26.305658,76.884533,Irrigation / Water Canal,21.38,19,0.8887,1.1252,87.0,61.0,0,0,15,0,170,0.574,Fully Disbursed,Preliminary Notification (Sec 11),Approved,Full Possession,High / Cooperative,Medium,2,4,5,12.88,1,96
PCL-12029,PRJ-1218,Haryana,Hisar,28.129861,76.285666,Highway / Expressway,57.68,95,1.647,0.6072,63.0,69.0,0,132,15,0,238,0.295,Partially Disbursed,Possession Taken (Sec 38),Approved,Substantial Possession (>70%),High / Cooperative,Medium,2,4,4,24.85,0,45
PCL-12030,PRJ-1033,Karnataka,Dharwad,13.257292,76.414427,Highway / Expressway,65.63,57,0.8685,1.1514,75.0,91.0,0,0,134,74,218,0.254,Fully Disbursed,Notification Pending,Under Scrutiny,Full Possession,High / Cooperative,Low,1,4,5,14.08,0,0
PCL-12031,PRJ-1139,Maharashtra,Nagpur,18.291297,75.603021,Highway / Expressway,65.43,48,0.7336,1.3631,85.0,29.0,0,172,197,137,68,0.184,Partially Disbursed,Preliminary Notification (Sec 11),Under Scrutiny,Full Possession,High / Cooperative,Medium,2,4,5,19.72,0,34
PCL-12032,PRJ-1205,Rajasthan,Jaipur,26.187955,76.350631,Railway & Freight Corridor,50.65,56,1.1056,0.9044,45.0,79.0,0,331,61,1,231,0.583,Pending Disbursal,Award Declared (Sec 23),Approved,Partial Possession (30-70%),High / Cooperative,Low,1,4,3,35.37,1,242
PCL-12033,PRJ-1191,Haryana,Karnal,29.806823,76.684495,Highway / Expressway,82.33,102,1.2389,0.8071,89.0,62.0,0,113,23,0,226,0.419,Partially Disbursed,Preliminary Notification (Sec 11),Approved,Initial Stage (<30%),Low / Resistant,Low,1,2,2,26.62,1,201
PCL-12034,PRJ-1001,Gujarat,Ahmedabad,21.198601,71.11352,Irrigation / Water Canal,50.34,83,1.6488,0.6065,59.0,76.0,1,125,15,0,278,0.264,Partially Disbursed,Preliminary Notification (Sec 11),Approved,Initial Stage (<30%),Moderate,Medium,2,3,2,54.91,1,258
PCL-12035,PRJ-1118,Karnataka,Kalaburagi,15.996315,76.526876,Industrial Corridor / SEZ,11.72,2,0.1706,5.8571,50.0,57.0,0,276,105,45,415,0.261,Pending Disbursal,Notification Pending,Conditional Clearance,Initial Stage (<30%),Moderate,Low,1,3,2,44.39,1,268
PCL-12036,PRJ-1171,Maharashtra,Nashik,19.906011,78.606199,Airport Infrastructure,60.36,149,2.4685,0.4051,58.0,86.0,0,0,42,0,33,0.333,Fully Disbursed,Declaration Published (Sec 19),Approved,Substantial Possession (>70%),Moderate,Medium,2,3,4,14.79,0,46
PCL-12037,PRJ-1133,Madhya Pradesh,Jabalpur,24.993376,76.110886,Urban Metro / Transit,29.55,61,2.0643,0.4844,52.0,72.0,0,0,16,0,149,0.665,Fully Disbursed,Award Declared (Sec 23),Approved,Partial Possession (30-70%),High / Cooperative,Medium,2,4,3,17.99,0,25
PCL-12038,PRJ-1188,Andhra Pradesh,Krishna,14.458829,82.450549,Railway & Freight Corridor,10.27,3,0.2921,3.4222,65.0,44.0,0,0,228,168,170,0.356,Fully Disbursed,Possession Taken (Sec 38),Conditional Clearance,Partial Possession (30-70%),Moderate,Medium,2,3,3,22.72,1,99
PCL-12039,PRJ-1230,Gujarat,Rajkot,22.150029,69.556934,Urban Metro / Transit,22.94,66,2.8771,0.3476,74.0,59.0,0,0,150,90,93,0.534,Fully Disbursed,Possession Taken (Sec 38),Conditional Clearance,Partial Possession (30-70%),Low / Resistant,Medium,2,2,3,20.29,1,208
PCL-12040,PRJ-1024,Karnataka,Kalaburagi,16.469699,76.217088,Railway & Freight Corridor,11.78,10,0.8489,1.1779,66.0,48.0,0,38,67,7,56,0.793,Partially Disbursed,Notification Pending,Approved,Initial Stage (<30%),Moderate,Medium,2,3,2,19.41,1,188
PCL-12041,PRJ-1088,Uttar Pradesh,Prayagraj,26.013021,78.293717,Airport Infrastructure,17.32,34,1.963,0.5094,65.0,28.0,0,141,15,0,295,0.181,Partially Disbursed,Declaration Published (Sec 19),Approved,Substantial Possession (>70%),High / Cooperative,Low,1,4,4,31.06,1,150
PCL-12042,PRJ-1226,Rajasthan,Alwar,27.291205,71.694754,Industrial Corridor / SEZ,9.36,11,1.1752,0.8508,84.0,52.0,0,48,15,0,141,0.443,Partially Disbursed,Notification Pending,Approved,Partial Possession (30-70%),Low / Resistant,Low,1,2,3,22.76,0,23
PCL-12043,PRJ-1165,Gujarat,Kutch,22.779717,72.651428,Irrigation / Water Canal,76.35,67,0.8775,1.1395,49.0,55.0,0,43,189,129,267,0.493,Partially Disbursed,Possession Taken (Sec 38),Conditional Clearance,Full Possession,Moderate,Medium,2,3,5,30.23,1,270
PCL-12044,PRJ-1005,Gujarat,Ahmedabad,23.594995,69.225486,Industrial Corridor / SEZ,44.09,27,0.6124,1.6329,84.0,61.0,0,156,15,0,169,0.228,Partially Disbursed,Declaration Published (Sec 19),Approved,Initial Stage (<30%),High / Cooperative,Medium,2,4,2,19.85,0,0
PCL-12045,PRJ-1248,Karnataka,Kalaburagi,17.064804,76.303795,Irrigation / Water Canal,23.89,35,1.465,0.6826,61.0,45.0,0,330,129,69,152,0.644,Pending Disbursal,Award Declared (Sec 23),Under Scrutiny,Initial Stage (<30%),Low / Resistant,Medium,2,2,2,40.06,1,385
PCL-12046,PRJ-1151,Karnataka,Bengaluru Rural,13.405074,75.343301,Renewable / Solar Park,54.03,52,0.9624,1.039,51.0,72.0,0,76,85,25,419,0.58,Partially Disbursed,Preliminary Notification (Sec 11),Approved,Full Possession,Moderate,Low,1,3,5,34.47,1,263
PCL-12047,PRJ-1025,Odisha,Sundargarh,21.652548,84.97917,Highway / Expressway,74.27,54,0.7271,1.3753,30.0,56.0,1,399,149,89,235,0.422,Disputed in Escrow,Notification Pending,Pending Environmental Clearance,Initial Stage (<30%),Moderate,High,3,3,2,70.96,1,489
PCL-12048,PRJ-1237,Odisha,Sundargarh,21.995842,84.942736,Airport Infrastructure,5.41,7,1.2939,0.7727,80.0,54.0,0,210,70,10,278,0.105,Pending Disbursal,Award Declared (Sec 23),Approved,Contested / Encroached,Low / Resistant,Medium,2,2,1,35.16,0,32
PCL-12049,PRJ-1070,Rajasthan,Jaipur,27.226992,74.479343,Irrigation / Water Canal,26.3,31,1.1787,0.8484,50.0,56.0,0,141,119,59,116,0.398,Partially Disbursed,Declaration Published (Sec 19),Under Scrutiny,Full Possession,Hostile / Legal Injunction,Low,1,1,5,35.79,0,17
PCL-12050,PRJ-1107,Rajasthan,Udaipur,25.155139,76.335294,Urban Metro / Transit,39.21,112,2.8564,0.3501,80.0,79.0,0,236,172,112,251,0.613,Pending Disbursal,Award Declared (Sec 23),Under Scrutiny,Partial Possession (30-70%),High / Cooperative,Low,1,4,3,25.21,0,23
PCL-12051,PRJ-1209,Haryana,Panipat,28.335188,77.235465,Irrigation / Water Canal,78.0,146,1.8718,0.5342,54.0,48.0,0,0,86,26,333,0.454,Fully Disbursed,Declaration Published (Sec 19),Pending Environmental Clearance,Full Possession,Moderate,Medium,2,3,5,30.64,0,23
PCL-12052,PRJ-1239,Uttar Pradesh,Agra,25.145958,80.311982,Railway & Freight Corridor,107.85,152,1.4094,0.7095,59.0,82.0,0,0,39,0,271,0.53,Fully Disbursed,Preliminary Notification (Sec 11),Approved,Full Possession,Hostile / Legal Injunction,High,3,1,5,31.41,1,389
PCL-12053,PRJ-1128,Gujarat,Rajkot,21.203287,72.732785,Highway / Expressway,41.07,82,1.9966,0.5008,94.0,77.0,0,155,165,105,146,0.414,Partially Disbursed,Preliminary Notification (Sec 11),Under Scrutiny,Substantial Possession (>70%),Low / Resistant,Low,1,2,4,22.84,1,131
PCL-12054,PRJ-1181,Odisha,Angul,20.637762,86.376259,Irrigation / Water Canal,83.16,144,1.7316,0.5775,76.0,62.0,0,155,131,71,230,0.359,Partially Disbursed,Notification Pending,Conditional Clearance,Substantial Possession (>70%),Moderate,Low,1,3,4,27.34,1,221
PCL-12055,PRJ-1025,Odisha,Sundargarh,21.906044,85.17373,Highway / Expressway,10.81,9,0.8326,1.201,30.0,27.0,0,0,28,0,321,0.192,Fully Disbursed,Possession Taken (Sec 38),Approved,Substantial Possession (>70%),Moderate,High,3,3,4,37.09,1,211
PCL-12056,PRJ-1041,Andhra Pradesh,Krishna,16.350695,78.190739,Irrigation / Water Canal,53.18,73,1.3727,0.7285,61.0,80.0,0,0,137,77,228,0.693,Fully Disbursed,Declaration Published (Sec 19),Pending Environmental Clearance,Substantial Possession (>70%),Moderate,Medium,2,3,4,22.1,1,92
PCL-12057,PRJ-1022,Gujarat,Vadodara,23.692863,70.440835,Highway / Expressway,10.29,18,1.7493,0.5716,77.0,33.0,0,109,185,125,122,0.491,Partially Disbursed,Declaration Published (Sec 19),Under Scrutiny,Initial Stage (<30%),Moderate,Low,1,3,2,24.1,0,32
PCL-12058,PRJ-1147,Andhra Pradesh,Nellore,16.025633,78.226416,Renewable / Solar Park,39.03,38,0.9736,1.0271,82.0,38.0,0,0,212,152,202,0.185,Fully Disbursed,Notification Pending,Under Scrutiny,Initial Stage (<30%),Moderate,Low,1,3,2,21.13,1,141
PCL-12059,PRJ-1086,Haryana,Hisar,28.55306,75.85275,Urban Metro / Transit,83.43,135,1.6181,0.618,71.0,61.0,1,244,178,118,306,0.373,Disputed in Escrow,Possession Taken (Sec 38),Pending Environmental Clearance,Contested / Encroached,Hostile / Legal Injunction,High,3,1,1,67.45,1,492
PCL-12060,PRJ-1174,Odisha,Angul,20.033997,84.438868,Irrigation / Water Canal,62.45,70,1.1209,0.8921,49.0,62.0,0,0,55,0,362,0.415,Fully Disbursed,Possession Taken (Sec 38),Approved,Full Possession,High / Cooperative,Medium,2,4,5,27.58,1,160
PCL-12061,PRJ-1041,Andhra Pradesh,Krishna,18.258987,78.08554,Irrigation / Water Canal,28.75,23,0.8,1.2499,44.0,27.0,1,278,15,0,209,0.35,Pending Disbursal,Possession Taken (Sec 38),Approved,Contested / Encroached,Hostile / Legal Injunction,Medium,2,1,1,74.01,1,438
PCL-12062,PRJ-1067,Odisha,Sundargarh,21.782824,86.348698,Airport Infrastructure,75.16,197,2.6211,0.3815,91.0,55.0,1,263,87,27,263,0.167,Pending Disbursal,Notification Pending,Approved,Initial Stage (<30%),Low / Resistant,High,3,2,2,59.47,1,362
PCL-12063,PRJ-1065,Haryana,Karnal,29.912278,75.96919,Industrial Corridor / SEZ,35.53,37,1.0414,0.9602,47.0,53.0,0,319,45,0,274,0.426,Pending Disbursal,Preliminary Notification (Sec 11),Approved,Substantial Possession (>70%),Moderate,High,3,3,4,42.43,1,342
PCL-12064,PRJ-1079,Haryana,Hisar,29.25,76.5,Irrigation / Water Canal,19.12,20,1.046,0.956,70.0,75.0,0,0,186,126,135,0.306,Fully Disbursed,Notification Pending,Conditional Clearance,Initial Stage (<30%),Moderate,Medium,2,3,2,17.31,0,18
PCL-12065,PRJ-1151,Karnataka,Bengaluru Rural,13.06088,75.879821,Renewable / Solar Park,108.31,209,1.9296,0.5182,89.0,69.0,1,236,94,34,313,0.492,Pending Disbursal,Possession Taken (Sec 38),Pending Environmental Clearance,Initial Stage (<30%),Hostile / Legal Injunction,High,3,1,2,62.99,1,519
PCL-12066,PRJ-1176,Uttar Pradesh,Noida,26.342386,78.10486,Renewable / Solar Park,42.23,75,1.776,0.5631,53.0,10.0,0,140,180,120,65,0.526,Partially Disbursed,Possession Taken (Sec 38),Conditional Clearance,Full Possession,Moderate,Low,1,3,5,30.34,1,209
PCL-12067,PRJ-1037,Karnataka,Belagavi,17.277729,75.071711,Renewable / Solar Park,30.42,53,1.7423,0.574,47.0,68.0,0,0,200,140,250,0.254,Fully Disbursed,Preliminary Notification (Sec 11),Under Scrutiny,Substantial Possession (>70%),Moderate,Low,1,3,4,26.92,1,91
PCL-12068,PRJ-1135,Gujarat,Bharuch,23.776049,71.613808,Renewable / Solar Park,22.55,32,1.4191,0.7047,85.0,40.0,1,0,77,17,141,0.28,Fully Disbursed,Possession Taken (Sec 38),Approved,Initial Stage (<30%),Hostile / Legal Injunction,High,3,1,2,50.54,1,386
PCL-12069,PRJ-1066,Haryana,Faridabad,30.315731,75.639677,Industrial Corridor / SEZ,77.1,133,1.725,0.5797,59.0,65.0,0,0,98,38,324,0.338,Fully Disbursed,Notification Pending,Under Scrutiny,Initial Stage (<30%),Moderate,Low,1,3,2,27.6,0,33
PCL-12070,PRJ-1127,Andhra Pradesh,Kurnool,15.615756,80.743647,Urban Metro / Transit,27.24,55,2.0191,0.4953,71.0,30.0,0,0,105,45,184,0.634,Fully Disbursed,Preliminary Notification (Sec 11),Pending Environmental Clearance,Substantial Possession (>70%),Low / Resistant,High,3,2,4,27.2,1,288
PCL-12071,PRJ-1102,Odisha,Cuttack,20.397801,85.287637,Highway / Expressway,20.24,24,1.1858,0.8433,84.0,65.0,0,111,120,60,257,0.429,Partially Disbursed,Possession Taken (Sec 38),Approved,Substantial Possession (>70%),High / Cooperative,Medium,2,4,4,20.9,0,8
PCL-12072,PRJ-1152,Madhya Pradesh,Ujjain,23.605194,78.215679,Urban Metro / Transit,64.48,200,3.1017,0.3224,95.0,83.0,1,345,134,74,213,0.507,Disputed in Escrow,Declaration Published (Sec 19),Under Scrutiny,Partial Possession (30-70%),Moderate,High,3,3,3,53.62,1,333
PCL-12073,PRJ-1227,Rajasthan,Jodhpur,24.554825,74.082282,Railway & Freight Corridor,56.28,95,1.688,0.5924,71.0,69.0,1,118,174,114,151,0.784,Partially Disbursed,Declaration Published (Sec 19),Under Scrutiny,Substantial Possession (>70%),Moderate,Very High,4,3,4,48.16,1,394
PCL-12074,PRJ-1188,Andhra Pradesh,Krishna,14.681014,82.62184,Railway & Freight Corridor,49.46,73,1.4759,0.6775,53.0,59.0,1,128,176,116,302,0.595,Pending Disbursal,Possession Taken (Sec 38),Under Scrutiny,Substantial Possession (>70%),Low / Resistant,High,3,2,4,62.59,1,504
PCL-12075,PRJ-1095,Rajasthan,Jaipur,24.457138,75.960161,Irrigation / Water Canal,41.22,42,1.0189,0.9814,59.0,61.0,0,110,142,82,282,0.365,Pending Disbursal,Declaration Published (Sec 19),Under Scrutiny,Substantial Possession (>70%),High / Cooperative,Low,1,4,4,27.2,0,34
PCL-12076,PRJ-1104,Haryana,Karnal,28.11173,76.938237,Irrigation / Water Canal,35.09,51,1.4534,0.688,63.0,46.0,0,0,38,0,134,0.722,Fully Disbursed,Declaration Published (Sec 19),Approved,Initial Stage (<30%),High / Cooperative,Low,1,4,2,17.83,0,23
PCL-12077,PRJ-1146,Karnataka,Dharwad,16.852461,75.464339,Industrial Corridor / SEZ,23.7,25,1.0549,0.948,59.0,67.0,0,0,161,101,113,0.302,Fully Disbursed,Preliminary Notification (Sec 11),Under Scrutiny,Full Possession,High / Cooperative,Low,1,4,5,15.74,0,32
PCL-12078,PRJ-1020,Madhya Pradesh,Indore,23.641469,80.3649,Renewable / Solar Park,36.54,43,1.1768,0.8497,59.0,48.0,0,102,207,147,275,0.702,Partially Disbursed,Possession Taken (Sec 38),Under Scrutiny,Full Possession,High / Cooperative,Medium,2,4,5,27.9,1,267
PCL-12079,PRJ-1122,Gujarat,Surat,23.672289,70.479637,Industrial Corridor / SEZ,47.82,50,1.0456,0.9564,70.0,53.0,1,238,111,51,398,0.43,Disputed in Escrow,Declaration Published (Sec 19),Conditional Clearance,Contested / Encroached,Low / Resistant,Low,1,2,1,67.91,1,388
PCL-12080,PRJ-1258,Odisha,Cuttack,21.396136,85.327077,Industrial Corridor / SEZ,41.07,28,0.6818,1.4667,71.0,63.0,0,0,74,14,160,0.309,Fully Disbursed,Possession Taken (Sec 38),Approved,Substantial Possession (>70%),Moderate,Medium,2,3,4,19.25,1,192
PCL-12081,PRJ-1123,Odisha,Angul,20.304921,84.39674,Highway / Expressway,61.98,114,1.8393,0.5437,64.0,44.0,0,194,48,0,177,0.466,Pending Disbursal,Notification Pending,Approved,Full Possession,Moderate,Low,1,3,5,31.16,1,192
PCL-12082,PRJ-1157,Odisha,Angul,21.007257,84.489455,Railway & Freight Corridor,60.08,82,1.3648,0.7327,52.0,63.0,0,178,202,142,168,0.355,Partially Disbursed,Possession Taken (Sec 38),Under Scrutiny,Full Possession,Moderate,Medium,2,3,5,30.67,1,345
PCL-12083,PRJ-1056,Tamil Nadu,Coimbatore,11.848741,79.743465,Airport Infrastructure,56.16,85,1.5135,0.6607,78.0,43.0,0,0,175,115,262,0.322,Fully Disbursed,Notification Pending,Conditional Clearance,Partial Possession (30-70%),Moderate,Low,1,3,3,23.68,1,162
PCL-12084,PRJ-1078,Tamil Nadu,Salem,10.343916,78.386218,Airport Infrastructure,28.39,118,4.1564,0.2406,56.0,14.0,0,125,15,0,248,0.16,Pending Disbursal,Possession Taken (Sec 38),Approved,Initial Stage (<30%),High / Cooperative,Medium,2,4,2,31.84,1,129
PCL-12085,PRJ-1048,Madhya Pradesh,Gwalior,24.770875,80.732282,Highway / Expressway,21.47,35,1.6302,0.6134,64.0,48.0,0,0,139,79,232,0.173,Fully Disbursed,Declaration Published (Sec 19),Conditional Clearance,Partial Possession (30-70%),High / Cooperative,Medium,2,4,3,21.1,1,187
PCL-12086,PRJ-1128,Gujarat,Rajkot,21.840049,72.565657,Highway / Expressway,60.82,105,1.7264,0.5792,79.0,41.0,1,423,108,48,250,0.274,Disputed in Escrow,Possession Taken (Sec 38),Approved,Contested / Encroached,Low / Resistant,Medium,2,2,1,66.97,1,461
PCL-12087,PRJ-1079,Haryana,Hisar,28.909454,77.18336,Irrigation / Water Canal,27.24,32,1.1747,0.8512,84.0,52.0,0,0,108,48,396,0.588,Fully Disbursed,Possession Taken (Sec 38),Approved,Full Possession,Moderate,Low,1,3,5,26.6,1,184
PCL-12088,PRJ-1040,Tamil Nadu,Madurai,9.865595,80.064501,Industrial Corridor / SEZ,23.25,31,1.3333,0.75,58.0,66.0,0,142,162,102,162,0.522,Partially Disbursed,Preliminary Notification (Sec 11),Resubmission Required,Partial Possession (30-70%),High / Cooperative,Very High,4,4,3,23.71,1,209
PCL-12089,PRJ-1106,Madhya Pradesh,Jabalpur,22.315879,77.603199,Highway / Expressway,17.66,13,0.7361,1.3584,57.0,62.0,0,293,93,33,278,0.203,Pending Disbursal,Possession Taken (Sec 38),Under Scrutiny,Partial Possession (30-70%),Moderate,Low,1,3,3,38.62,1,187
PCL-12090,PRJ-1127,Andhra Pradesh,Kurnool,15.01008,80.309941,Urban Metro / Transit,18.32,31,1.6921,0.5909,78.0,83.0,0,0,133,73,125,0.639,Fully Disbursed,Preliminary Notification (Sec 11),Under Scrutiny,Initial Stage (<30%),Moderate,Low,1,3,2,14.54,1,261
PCL-12091,PRJ-1216,Gujarat,Kutch,21.623912,69.853465,Railway & Freight Corridor,24.92,25,1.0032,0.9968,80.0,61.0,1,578,29,0,151,0.3,Disputed in Escrow,Possession Taken (Sec 38),Approved,Contested / Encroached,Low / Resistant,High,3,2,1,61.06,1,371
PCL-12092,PRJ-1099,Haryana,Hisar,29.545323,76.787072,Highway / Expressway,47.53,41,0.8626,1.1592,85.0,60.0,0,66,107,47,286,0.59,Partially Disbursed,Notification Pending,Pending Environmental Clearance,Full Possession,Moderate,Low,1,3,5,24.19,0,12
PCL-12093,PRJ-1073,Uttar Pradesh,Noida,27.382049,81.022212,Highway / Expressway,14.4,7,0.4861,2.0568,49.0,69.0,0,0,188,128,252,0.134,Fully Disbursed,Preliminary Notification (Sec 11),Pending Environmental Clearance,Initial Stage (<30%),High / Cooperative,Low,1,4,2,22.75,0,43
PCL-12094,PRJ-1160,Rajasthan,Kota,26.335273,72.02405,Railway & Freight Corridor,23.18,38,1.6393,0.61,79.0,46.0,0,155,15,0,193,0.496,Partially Disbursed,Declaration Published (Sec 19),Approved,Substantial Possession (>70%),Moderate,Medium,2,3,4,26.96,1,203
PCL-12095,PRJ-1124,Haryana,Panipat,29.326534,75.611829,Railway & Freight Corridor,13.03,27,2.0721,0.4826,65.0,64.0,0,0,164,104,218,0.302,Fully Disbursed,Award Declared (Sec 23),Under Scrutiny,Partial Possession (30-70%),High / Cooperative,Medium,2,4,3,18.77,0,48
PCL-12096,PRJ-1202,Andhra Pradesh,Guntur,15.065908,81.806947,Renewable / Solar Park,12.63,7,0.5542,1.804,91.0,39.0,0,316,15,0,388,0.181,Pending Disbursal,Possession Taken (Sec 38),Approved,Substantial Possession (>70%),High / Cooperative,Medium,2,4,4,35.44,1,215
PCL-12097,PRJ-1053,Haryana,Hisar,28.31618,77.02488,Renewable / Solar Park,40.87,51,1.2479,0.8014,60.0,45.0,0,84,138,78,421,0.086,Partially Disbursed,Possession Taken (Sec 38),Pending Environmental Clearance,Full Possession,High / Cooperative,Low,1,4,5,31.95,0,17
PCL-12098,PRJ-1158,Haryana,Karnal,28.978105,75.608991,Urban Metro / Transit,85.72,179,2.0882,0.4789,85.0,80.0,0,0,197,137,208,0.195,Fully Disbursed,Preliminary Notification (Sec 11),Conditional Clearance,Full Possession,High / Cooperative,High,3,4,5,12.8,0,29
PCL-12099,PRJ-1139,Maharashtra,Nagpur,19.149343,75.294059,Highway / Expressway,24.73,23,0.93,1.0752,15.0,34.0,1,220,207,147,168,0.728,Pending Disbursal,Declaration Published (Sec 19),Under Scrutiny,Substantial Possession (>70%),Low / Resistant,Medium,2,2,4,71.44,1,535
PCL-12100,PRJ-1149,Madhya Pradesh,Ujjain,25.910054,79.380615,Renewable / Solar Park,26.4,42,1.5909,0.6286,76.0,44.0,0,0,164,104,299,0.438,Fully Disbursed,Possession Taken (Sec 38),Conditional Clearance,Full Possession,Hostile / Legal Injunction,Low,1,1,5,32.86,1,296
PCL-12101,PRJ-1045,Uttar Pradesh,Prayagraj,25.365234,83.208518,Renewable / Solar Park,39.55,77,1.9469,0.5136,66.0,40.0,0,0,69,9,270,0.401,Fully Disbursed,Notification Pending,Approved,Substantial Possession (>70%),High / Cooperative,Low,1,4,4,22.92,0,5
PCL-12102,PRJ-1051,Andhra Pradesh,Kurnool,16.917185,81.611214,Renewable / Solar Park,47.4,74,1.5612,0.6405,61.0,63.0,0,166,159,99,285,0.38,Partially Disbursed,Award Declared (Sec 23),Under Scrutiny,Initial Stage (<30%),Moderate,Medium,2,3,2,32.76,0,47
PCL-12103,PRJ-1231,Andhra Pradesh,Guntur,14.144495,81.920968,Urban Metro / Transit,19.55,44,2.2506,0.4443,24.0,64.0,1,274,152,92,285,0.385,Pending Disbursal,Preliminary Notification (Sec 11),Under Scrutiny,Substantial Possession (>70%),Low / Resistant,Low,1,2,4,73.25,1,458
PCL-12104,PRJ-1133,Madhya Pradesh,Jabalpur,25.816983,79.873149,Urban Metro / Transit,6.16,30,4.8701,0.2053,62.0,67.0,0,78,126,66,192,0.169,Partially Disbursed,Possession Taken (Sec 38),Conditional Clearance,Full Possession,Moderate,Low,1,3,5,25.06,0,0
PCL-12105,PRJ-1089,Andhra Pradesh,Krishna,17.616072,82.596968,Highway / Expressway,141.07,153,1.0846,0.922,71.0,68.0,0,0,123,63,232,0.424,Fully Disbursed,Declaration Published (Sec 19),Under Scrutiny,Substantial Possession (>70%),Moderate,High,3,3,4,21.45,1,187
PCL-12106,PRJ-1199,Karnataka,Belagavi,14.645959,75.60377,Renewable / Solar Park,7.58,2,0.2639,3.7881,73.0,77.0,0,271,111,51,78,0.542,Pending Disbursal,Possession Taken (Sec 38),Approved,Partial Possession (30-70%),Moderate,Low,1,3,3,25.51,1,218
PCL-12107,PRJ-1007,Gujarat,Ahmedabad,21.375513,73.304112,Irrigation / Water Canal,67.13,103,1.5343,0.6517,55.0,51.0,0,144,86,26,230,0.08,Partially Disbursed,Declaration Published (Sec 19),Approved,Substantial Possession (>70%),Hostile / Legal Injunction,Very High,4,1,4,39.69,1,367
PCL-12108,PRJ-1146,Karnataka,Dharwad,15.965877,75.570558,Industrial Corridor / SEZ,52.36,38,0.7257,1.3779,93.0,85.0,0,0,206,146,139,0.465,Fully Disbursed,Declaration Published (Sec 19),Conditional Clearance,Substantial Possession (>70%),High / Cooperative,Low,1,4,4,8.11,0,8
PCL-12109,PRJ-1250,Andhra Pradesh,Guntur,17.2111,81.415573,Industrial Corridor / SEZ,27.02,37,1.3694,0.7303,37.0,33.0,1,142,160,100,97,0.21,Pending Disbursal,Declaration Published (Sec 19),Under Scrutiny,Initial Stage (<30%),High / Cooperative,Low,1,4,2,53.77,1,205
PCL-12110,PRJ-1208,Rajasthan,Alwar,28.238971,75.402235,Industrial Corridor / SEZ,21.57,16,0.7418,1.348,45.0,65.0,1,334,77,17,247,0.492,Disputed in Escrow,Notification Pending,Approved,Initial Stage (<30%),Hostile / Legal Injunction,High,3,1,2,73.74,1,572
PCL-12111,PRJ-1126,Uttar Pradesh,Lucknow,26.115489,79.943265,Renewable / Solar Park,22.9,16,0.6987,1.4312,65.0,79.0,1,337,208,148,271,0.382,Pending Disbursal,Declaration Published (Sec 19),Under Scrutiny,Contested / Encroached,Hostile / Legal Injunction,Very High,4,1,1,69.36,1,498
PCL-12112,PRJ-1208,Rajasthan,Alwar,26.947114,74.435292,Industrial Corridor / SEZ,21.62,23,1.0638,0.94,36.0,66.0,1,373,190,130,103,0.38,Disputed in Escrow,Award Declared (Sec 23),Under Scrutiny,Contested / Encroached,High / Cooperative,Medium,2,4,1,60.06,1,402
PCL-12113,PRJ-1175,Odisha,Angul,20.895897,84.400716,Renewable / Solar Park,49.15,73,1.4852,0.6733,69.0,40.0,0,109,101,41,410,0.345,Pending Disbursal,Notification Pending,Conditional Clearance,Full Possession,Hostile / Legal Injunction,Very High,4,1,5,42.93,1,513
PCL-12114,PRJ-1250,Andhra Pradesh,Guntur,17.251974,78.642024,Industrial Corridor / SEZ,58.0,117,2.0172,0.4957,89.0,59.0,0,0,65,5,224,0.245,Fully Disbursed,Preliminary Notification (Sec 11),Resubmission Required,Contested / Encroached,High / Cooperative,Low,1,4,1,14.7,0,4
PCL-12115,PRJ-1235,Gujarat,Rajkot,22.103398,70.385097,Urban Metro / Transit,27.4,99,3.6131,0.2768,92.0,78.0,1,574,143,83,175,0.386,Disputed in Escrow,Notification Pending,Pending Environmental Clearance,Contested / Encroached,Low / Resistant,Low,1,2,1,57.86,1,357
PCL-12116,PRJ-1095,Rajasthan,Jaipur,25.111172,76.949934,Irrigation / Water Canal,21.07,19,0.9018,1.1089,58.0,63.0,0,147,15,0,271,0.353,Partially Disbursed,Preliminary Notification (Sec 11),Approved,Substantial Possession (>70%),Low / Resistant,Very High,4,2,4,35.8,1,357
PCL-12117,PRJ-1175,Odisha,Angul,20.179851,84.952703,Renewable / Solar Park,36.11,35,0.9693,1.0317,70.0,54.0,0,173,84,24,279,0.344,Pending Disbursal,Declaration Published (Sec 19),Approved,Substantial Possession (>70%),Moderate,Low,1,3,4,31.92,1,178
PCL-12118,PRJ-1208,Rajasthan,Alwar,25.862513,71.165219,Industrial Corridor / SEZ,37.55,50,1.3316,0.751,56.0,64.0,0,604,111,51,252,0.257,Disputed in Escrow,Notification Pending,Under Scrutiny,Partial Possession (30-70%),Moderate,Medium,2,3,3,40.6,1,194
PCL-12119,PRJ-1069,Andhra Pradesh,Krishna,18.340402,81.815826,Industrial Corridor / SEZ,14.05,2,0.1423,7.0215,44.0,32.0,1,0,132,72,187,0.507,Fully Disbursed,Notification Pending,Conditional Clearance,Full Possession,Low / Resistant,Low,1,2,5,57.51,1,397
PCL-12120,PRJ-1126,Uttar Pradesh,Lucknow,26.707222,82.244245,Renewable / Solar Park,23.45,26,1.1087,0.9019,49.0,72.0,0,141,15,0,274,0.223,Partially Disbursed,Notification Pending,Approved,Full Possession,Moderate,Medium,2,3,5,32.82,0,43
PCL-12121,PRJ-1018,Maharashtra,Aurangabad,19.704853,78.741533,Renewable / Solar Park,37.28,32,0.8584,1.165,66.0,27.0,0,141,148,88,95,0.332,Partially Disbursed,Possession Taken (Sec 38),Conditional Clearance,Substantial Possession (>70%),High / Cooperative,Low,1,4,4,23.46,0,28
PCL-12122,PRJ-1091,Odisha,Cuttack,21.150796,84.988556,Urban Metro / Transit,6.82,29,4.2522,0.2352,60.0,64.0,1,252,31,0,161,0.23,Pending Disbursal,Possession Taken (Sec 38),Approved,Initial Stage (<30%),Low / Resistant,High,3,2,2,60.49,1,398
PCL-12123,PRJ-1083,Tamil Nadu,Madurai,11.257293,78.434921,Renewable / Solar Park,22.06,18,0.816,1.2255,74.0,84.0,1,200,144,84,248,0.304,Disputed in Escrow,Declaration Published (Sec 19),Approved,Contested / Encroached,Moderate,Medium,2,3,1,53.07,1,270
PCL-12124,PRJ-1224,Gujarat,Vadodara,23.877409,70.797688,Industrial Corridor / SEZ,95.3,186,1.9517,0.5124,56.0,51.0,0,0,15,0,30,0.218,Fully Disbursed,Award Declared (Sec 23),Approved,Initial Stage (<30%),High / Cooperative,Medium,2,4,2,14.82,0,18
PCL-12125,PRJ-1227,Rajasthan,Jodhpur,25.029794,71.109644,Railway & Freight Corridor,24.93,25,1.0028,0.9972,78.0,77.0,1,312,104,44,240,0.564,Disputed in Escrow,Preliminary Notification (Sec 11),Conditional Clearance,Partial Possession (30-70%),Hostile / Legal Injunction,High,3,1,3,64.77,1,449
PCL-12126,PRJ-1176,Uttar Pradesh,Noida,25.548569,78.851822,Renewable / Solar Park,9.43,11,1.1665,0.8572,98.0,80.0,0,81,117,57,312,0.758,Partially Disbursed,Possession Taken (Sec 38),Conditional Clearance,Substantial Possession (>70%),High / Cooperative,Medium,2,4,4,17.43,0,29
PCL-12127,PRJ-1032,Madhya Pradesh,Ujjain,25.218536,77.34223,Railway & Freight Corridor,34.62,68,1.9642,0.5091,96.0,64.0,0,83,20,0,185,0.502,Partially Disbursed,Declaration Published (Sec 19),Approved,Substantial Possession (>70%),Moderate,Low,1,3,4,18.5,1,217
PCL-12128,PRJ-1133,Madhya Pradesh,Jabalpur,22.619881,78.459857,Urban Metro / Transit,49.69,127,2.5558,0.3913,75.0,45.0,0,0,131,71,144,0.723,Fully Disbursed,Declaration Published (Sec 19),Pending Environmental Clearance,Partial Possession (30-70%),Moderate,Medium,2,3,3,19.65,0,1
PCL-12129,PRJ-1255,Haryana,Hisar,29.668007,75.903853,Highway / Expressway,11.31,21,1.8568,0.5385,59.0,58.0,0,43,205,145,278,0.128,Partially Disbursed,Preliminary Notification (Sec 11),Under Scrutiny,Substantial Possession (>70%),High / Cooperative,Low,1,4,4,24.59,0,6
PCL-12130,PRJ-1107,Rajasthan,Udaipur,25.154327,76.337079,Urban Metro / Transit,78.94,153,1.9382,0.5159,88.0,17.0,1,280,69,9,194,0.624,Disputed in Escrow,Preliminary Notification (Sec 11),Under Scrutiny,Initial Stage (<30%),Moderate,High,3,3,2,58.23,1,400
PCL-12131,PRJ-1144,Uttar Pradesh,Noida,26.298257,81.476934,Urban Metro / Transit,13.56,77,5.6785,0.1761,68.0,57.0,0,33,120,60,164,0.655,Partially Disbursed,Award Declared (Sec 23),Under Scrutiny,Substantial Possession (>70%),Moderate,Low,1,3,4,21.96,0,34
PCL-12132,PRJ-1191,Haryana,Karnal,29.856579,76.855458,Highway / Expressway,14.78,9,0.6089,1.642,83.0,81.0,1,0,48,0,156,0.49,Fully Disbursed,Possession Taken (Sec 38),Approved,Contested / Encroached,Low / Resistant,High,3,2,1,43.65,1,376
PCL-12133,PRJ-1155,Andhra Pradesh,Guntur,17.252788,81.436688,Irrigation / Water Canal,30.78,28,0.9097,1.0992,89.0,46.0,0,70,96,36,265,0.244,Partially Disbursed,Possession Taken (Sec 38),Approved,Full Possession,Moderate,Medium,2,3,5,24.16,0,9
PCL-12134,PRJ-1231,Andhra Pradesh,Guntur,14.922164,82.801638,Urban Metro / Transit,28.45,124,4.3585,0.2294,72.0,40.0,0,0,123,63,186,0.568,Fully Disbursed,Declaration Published (Sec 19),Under Scrutiny,Substantial Possession (>70%),Moderate,Medium,2,3,4,22.33,1,251
PCL-12135,PRJ-1114,Odisha,Sundargarh,21.118399,85.706745,Highway / Expressway,16.48,16,0.9709,1.0299,72.0,52.0,1,84,91,31,324,0.307,Partially Disbursed,Preliminary Notification (Sec 11),Under Scrutiny,Full Possession,Low / Resistant,High,3,2,5,58.5,1,347
PCL-12136,PRJ-1192,Karnataka,Mysuru,16.262049,77.18768,Renewable / Solar Park,108.82,133,1.2222,0.8182,53.0,48.0,1,195,15,0,161,0.509,Disputed in Escrow,Declaration Published (Sec 19),Approved,Partial Possession (30-70%),High / Cooperative,Low,1,4,3,53.65,1,244
PCL-12137,PRJ-1208,Rajasthan,Alwar,26.856744,75.577738,Industrial Corridor / SEZ,12.87,13,1.0101,0.9899,74.0,73.0,0,106,126,66,169,0.404,Partially Disbursed,Notification Pending,Under Scrutiny,Substantial Possession (>70%),Hostile / Legal Injunction,Medium,2,1,4,29.84,1,329
PCL-12138,PRJ-1184,Haryana,Faridabad,29.787982,75.719151,Airport Infrastructure,48.11,176,3.6583,0.2734,92.0,40.0,0,285,32,0,153,0.436,Pending Disbursal,Declaration Published (Sec 19),Approved,Partial Possession (30-70%),High / Cooperative,Medium,2,4,3,25.05,0,36
PCL-12139,PRJ-1227,Rajasthan,Jodhpur,25.347808,74.42929,Railway & Freight Corridor,41.5,85,2.0482,0.4882,70.0,31.0,0,237,15,0,188,0.23,Pending Disbursal,Preliminary Notification (Sec 11),Approved,Initial Stage (<30%),Moderate,Low,1,3,2,33.44,1,128
PCL-12140,PRJ-1147,Andhra Pradesh,Nellore,15.874936,80.183851,Renewable / Solar Park,118.01,166,1.4067,0.7109,41.0,87.0,1,106,50,0,234,0.552,Pending Disbursal,Preliminary Notification (Sec 11),Approved,Contested / Encroached,High / Cooperative,High,3,4,1,51.23,1,276
PCL-12141,PRJ-1075,Haryana,Gurugram,29.817123,77.345325,Renewable / Solar Park,31.78,59,1.8565,0.5386,52.0,54.0,0,269,154,94,206,0.785,Pending Disbursal,Possession Taken (Sec 38),Under Scrutiny,Initial Stage (<30%),High / Cooperative,Medium,2,4,2,32.98,1,267
PCL-12142,PRJ-1096,Karnataka,Mysuru,13.383058,76.885084,Renewable / Solar Park,32.58,51,1.5654,0.6388,79.0,41.0,0,308,25,0,296,0.591,Pending Disbursal,Possession Taken (Sec 38),Approved,Substantial Possession (>70%),High / Cooperative,Medium,2,4,4,33.86,1,217
PCL-12143,PRJ-1155,Andhra Pradesh,Guntur,16.464348,80.160878,Irrigation / Water Canal,25.82,34,1.3168,0.7594,76.0,34.0,0,168,81,21,315,0.709,Pending Disbursal,Possession Taken (Sec 38),Approved,Initial Stage (<30%),Moderate,Medium,2,3,2,33.87,1,193
PCL-12144,PRJ-1102,Odisha,Cuttack,21.277631,85.438065,Highway / Expressway,10.01,22,2.1978,0.455,54.0,53.0,0,0,150,90,178,0.404,Fully Disbursed,Preliminary Notification (Sec 11),Conditional Clearance,Substantial Possession (>70%),High / Cooperative,Medium,2,4,4,20.58,1,190
PCL-12145,PRJ-1050,Tamil Nadu,Kanchipuram,12.672754,77.957171,Irrigation / Water Canal,17.79,39,2.1922,0.4561,65.0,61.0,0,33,45,0,257,0.477,Partially Disbursed,Award Declared (Sec 23),Approved,Substantial Possession (>70%),Moderate,Medium,2,3,4,25.64,1,198
PCL-12146,PRJ-1140,Maharashtra,Nagpur,19.263554,79.202743,Irrigation / Water Canal,17.8,27,1.5169,0.6592,47.0,26.0,0,209,37,0,227,0.08,Pending Disbursal,Notification Pending,Approved,Initial Stage (<30%),High / Cooperative,Low,1,4,2,35.1,1,92
PCL-12147,PRJ-1167,Gujarat,Surat,21.429227,73.200893,Airport Infrastructure,31.07,43,1.384,0.7225,60.0,83.0,0,0,98,38,35,0.417,Fully Disbursed,Declaration Published (Sec 19),Approved,Partial Possession (30-70%),High / Cooperative,Low,1,4,3,11.01,0,0
PCL-12148,PRJ-1047,Karnataka,Dharwad,15.457734,77.501562,Renewable / Solar Park,18.09,25,1.382,0.7236,91.0,87.0,0,0,163,103,349,0.276,Fully Disbursed,Preliminary Notification (Sec 11),Under Scrutiny,Substantial Possession (>70%),High / Cooperative,Low,1,4,4,16.19,0,56
PCL-12149,PRJ-1021,Karnataka,Belagavi,14.48585,76.940101,Industrial Corridor / SEZ,80.57,63,0.7819,1.2789,91.0,60.0,0,129,45,0,58,0.363,Partially Disbursed,Award Declared (Sec 23),Approved,Substantial Possession (>70%),Moderate,Low,1,3,4,17.03,0,52
PCL-12150,PRJ-1114,Odisha,Sundargarh,20.325243,86.412137,Highway / Expressway,50.62,57,1.126,0.8881,79.0,75.0,0,0,174,114,42,0.737,Fully Disbursed,Preliminary Notification (Sec 11),Under Scrutiny,Substantial Possession (>70%),Moderate,Medium,2,3,4,12.02,0,24
PCL-12151,PRJ-1033,Karnataka,Dharwad,12.575034,76.296885,Highway / Expressway,6.89,15,2.1771,0.4593,66.0,48.0,1,243,198,138,139,0.291,Pending Disbursal,Notification Pending,Conditional Clearance,Partial Possession (30-70%),Moderate,High,3,3,3,55.95,1,320
PCL-12152,PRJ-1226,Rajasthan,Alwar,25.265301,73.588844,Industrial Corridor / SEZ,15.17,30,1.9776,0.5056,58.0,55.0,1,75,142,82,239,0.505,Partially Disbursed,Preliminary Notification (Sec 11),Conditional Clearance,Full Possession,Moderate,Low,1,3,5,53.69,1,303
PCL-12153,PRJ-1208,Rajasthan,Alwar,27.124511,76.826303,Industrial Corridor / SEZ,31.03,43,1.3858,0.7216,51.0,60.0,0,0,126,66,249,0.316,Fully Disbursed,Notification Pending,Pending Environmental Clearance,Full Possession,Moderate,Medium,2,3,5,26.89,1,268
PCL-12154,PRJ-1161,Andhra Pradesh,Visakhapatnam,16.342989,79.135893,Industrial Corridor / SEZ,43.41,45,1.0366,0.9646,59.0,74.0,0,30,123,63,396,0.368,Partially Disbursed,Preliminary Notification (Sec 11),Conditional Clearance,Substantial Possession (>70%),Moderate,Low,1,3,4,30.63,1,200
PCL-12155,PRJ-1001,Gujarat,Ahmedabad,23.272618,69.164013,Irrigation / Water Canal,297.25,434,1.4601,0.6849,81.0,42.0,1,0,116,56,186,0.469,Fully Disbursed,Preliminary Notification (Sec 11),Approved,Contested / Encroached,Low / Resistant,Very High,4,2,1,49.08,1,398
PCL-12156,PRJ-1049,Odisha,Angul,22.054082,84.300135,Irrigation / Water Canal,126.67,143,1.1289,0.8858,65.0,25.0,0,0,96,36,158,0.387,Fully Disbursed,Award Declared (Sec 23),Under Scrutiny,Partial Possession (30-70%),Moderate,Low,1,3,3,24.18,1,130
PCL-12157,PRJ-1206,Haryana,Faridabad,29.551134,76.925644,Irrigation / Water Canal,155.6,112,0.7198,1.3893,87.0,82.0,1,595,15,0,30,0.408,Disputed in Escrow,Notification Pending,Approved,Contested / Encroached,High / Cooperative,Medium,2,4,1,45.53,1,269
PCL-12158,PRJ-1257,Haryana,Faridabad,29.089439,76.804502,Railway & Freight Corridor,57.06,46,0.8062,1.2404,75.0,47.0,0,194,147,87,162,0.476,Pending Disbursal,Declaration Published (Sec 19),Conditional Clearance,Initial Stage (<30%),High / Cooperative,Low,1,4,2,24.35,0,0
PCL-12159,PRJ-1188,Andhra Pradesh,Krishna,14.125999,82.550204,Railway & Freight Corridor,45.28,72,1.5901,0.6289,81.0,72.0,0,0,95,35,151,0.63,Fully Disbursed,Declaration Published (Sec 19),Approved,Full Possession,High / Cooperative,Medium,2,4,5,12.26,0,42
PCL-12160,PRJ-1070,Rajasthan,Jaipur,24.235202,76.192048,Irrigation / Water Canal,39.13,74,1.8911,0.5288,59.0,34.0,1,289,118,58,159,0.217,Disputed in Escrow,Possession Taken (Sec 38),Pending Environmental Clearance,Substantial Possession (>70%),High / Cooperative,High,3,4,4,57.64,1,353
PCL-12161,PRJ-1179,Gujarat,Vadodara,22.167535,72.201931,Airport Infrastructure,10.71,27,2.521,0.3967,87.0,92.0,1,272,121,61,171,0.08,Disputed in Escrow,Possession Taken (Sec 38),Conditional Clearance,Contested / Encroached,High / Cooperative,Low,1,4,1,45.99,0,15
PCL-12162,PRJ-1118,Karnataka,Kalaburagi,17.042565,77.732967,Industrial Corridor / SEZ,166.74,230,1.3794,0.725,63.0,60.0,1,137,103,43,434,0.579,Pending Disbursal,Declaration Published (Sec 19),Approved,Initial Stage (<30%),Hostile / Legal Injunction,Very High,4,1,2,68.28,1,649
PCL-12163,PRJ-1033,Karnataka,Dharwad,15.206008,77.427496,Highway / Expressway,17.62,29,1.6459,0.6076,68.0,74.0,0,0,186,126,53,0.251,Fully Disbursed,Notification Pending,Conditional Clearance,Initial Stage (<30%),Moderate,Low,1,3,2,14.74,1,91
PCL-12164,PRJ-1094,Rajasthan,Alwar,25.478003,74.493927,Industrial Corridor / SEZ,29.14,48,1.6472,0.6071,90.0,62.0,0,0,87,27,324,0.734,Fully Disbursed,Declaration Published (Sec 19),Approved,Partial Possession (30-70%),Low / Resistant,High,3,2,3,25.45,1,296
PCL-12165,PRJ-1221,Tamil Nadu,Salem,11.436903,79.181324,Industrial Corridor / SEZ,134.42,212,1.5771,0.6341,36.0,32.0,1,540,176,116,206,0.193,Disputed in Escrow,Possession Taken (Sec 38),Under Scrutiny,Initial Stage (<30%),Hostile / Legal Injunction,Very High,4,1,2,78.58,1,670
PCL-12166,PRJ-1148,Gujarat,Ahmedabad,22.092,70.562632,Highway / Expressway,14.39,5,0.3475,2.8774,76.0,72.0,0,0,15,0,268,0.684,Fully Disbursed,Notification Pending,Approved,Partial Possession (30-70%),High / Cooperative,Low,1,4,3,17.65,0,38
PCL-12167,PRJ-1007,Gujarat,Ahmedabad,21.784201,72.337465,Irrigation / Water Canal,216.61,378,1.7451,0.573,73.0,63.0,1,435,96,36,293,0.311,Disputed in Escrow,Preliminary Notification (Sec 11),Approved,Contested / Encroached,Hostile / Legal Injunction,Very High,4,1,1,71.34,1,571
PCL-12168,PRJ-1121,Haryana,Panipat,28.70562,76.621454,Irrigation / Water Canal,130.4,135,1.0353,0.9659,72.0,43.0,0,0,128,68,151,0.261,Fully Disbursed,Award Declared (Sec 23),Conditional Clearance,Initial Stage (<30%),High / Cooperative,Medium,2,4,2,16.96,1,112
PCL-12169,PRJ-1234,Madhya Pradesh,Ujjain,23.204013,77.599598,Industrial Corridor / SEZ,45.64,58,1.2708,0.7869,65.0,55.0,0,110,38,0,264,0.373,Pending Disbursal,Possession Taken (Sec 38),Approved,Substantial Possession (>70%),Moderate,Low,1,3,4,29.67,1,113
PCL-12170,PRJ-1009,Gujarat,Kutch,21.892032,70.629982,Irrigation / Water Canal,13.57,29,2.1371,0.4679,91.0,54.0,0,0,69,9,190,0.633,Fully Disbursed,Declaration Published (Sec 19),Under Scrutiny,Substantial Possession (>70%),Moderate,Very High,4,3,4,17.28,1,277
PCL-12171,PRJ-1208,Rajasthan,Alwar,27.362097,74.618436,Industrial Corridor / SEZ,72.11,142,1.9692,0.5078,86.0,47.0,1,326,44,0,205,0.15,Disputed in Escrow,Possession Taken (Sec 38),Approved,Contested / Encroached,Moderate,High,3,3,1,57.93,1,443
PCL-12172,PRJ-1151,Karnataka,Bengaluru Rural,15.844251,75.75104,Renewable / Solar Park,64.63,95,1.4699,0.6803,55.0,65.0,0,288,163,103,280,0.65,Pending Disbursal,Declaration Published (Sec 19),Under Scrutiny,Partial Possession (30-70%),High / Cooperative,Medium,2,4,3,34.84,1,288
PCL-12173,PRJ-1200,Rajasthan,Kota,25.752563,75.585495,Renewable / Solar Park,86.95,107,1.2306,0.8126,79.0,67.0,0,99,196,136,91,0.32,Partially Disbursed,Possession Taken (Sec 38),Pending Environmental Clearance,Substantial Possession (>70%),Moderate,Medium,2,3,4,18.73,0,40
PCL-12174,PRJ-1212,Karnataka,Dharwad,14.917273,74.697113,Highway / Expressway,166.58,193,1.1586,0.8631,88.0,61.0,1,331,103,43,209,0.588,Disputed in Escrow,Preliminary Notification (Sec 11),Approved,Contested / Encroached,Hostile / Legal Injunction,High,3,1,1,63.99,1,573
PCL-12175,PRJ-1068,Maharashtra,Pune,18.648217,77.63751,Irrigation / Water Canal,20.98,10,0.4766,2.0978,40.0,57.0,1,129,81,21,299,0.355,Partially Disbursed,Preliminary Notification (Sec 11),Approved,Partial Possession (30-70%),Moderate,Low,1,3,3,61.56,1,340
PCL-12176,PRJ-1159,Maharashtra,Nagpur,19.79059,78.672849,Renewable / Solar Park,48.16,69,1.4327,0.698,50.0,37.0,1,184,224,164,235,0.121,Disputed in Escrow,Award Declared (Sec 23),Pending Environmental Clearance,Contested / Encroached,Low / Resistant,Low,1,2,1,65.17,1,356
PCL-12177,PRJ-1045,Uttar Pradesh,Prayagraj,25.690621,78.692746,Renewable / Solar Park,89.53,80,0.8936,1.1191,89.0,57.0,0,207,130,70,159,0.323,Pending Disbursal,Award Declared (Sec 23),Under Scrutiny,Partial Possession (30-70%),High / Cooperative,High,3,4,3,20.97,1,273
PCL-12178,PRJ-1064,Madhya Pradesh,Jabalpur,22.079166,75.595263,Industrial Corridor / SEZ,19.52,8,0.4098,2.4397,92.0,33.0,1,551,102,42,128,0.436,Disputed in Escrow,Preliminary Notification (Sec 11),Conditional Clearance,Partial Possession (30-70%),Moderate,High,3,3,3,56.85,1,424
PCL-12179,PRJ-1144,Uttar Pradesh,Noida,27.981207,82.410206,Urban Metro / Transit,7.89,29,3.6755,0.2721,57.0,29.0,1,619,140,80,205,0.571,Disputed in Escrow,Declaration Published (Sec 19),Under Scrutiny,Initial Stage (<30%),Low / Resistant,High,3,2,2,70.89,1,624
PCL-12180,PRJ-1078,Tamil Nadu,Salem,11.893194,77.991584,Airport Infrastructure,9.46,45,4.7569,0.2102,52.0,46.0,0,0,15,0,134,0.669,Fully Disbursed,Preliminary Notification (Sec 11),Approved,Substantial Possession (>70%),High / Cooperative,Low,1,4,4,20.02,0,30
PCL-12181,PRJ-1042,Gujarat,Bharuch,22.50652,71.923832,Railway & Freight Corridor,64.08,111,1.7322,0.5773,56.0,59.0,1,299,157,97,149,0.428,Pending Disbursal,Award Declared (Sec 23),Resubmission Required,Initial Stage (<30%),Low / Resistant,High,3,2,2,63.28,1,494
PCL-12182,PRJ-1223,Andhra Pradesh,Guntur,17.617381,81.378485,Industrial Corridor / SEZ,135.8,156,1.1487,0.8705,67.0,80.0,1,623,53,0,277,0.469,Disputed in Escrow,Declaration Published (Sec 19),Approved,Contested / Encroached,Hostile / Legal Injunction,High,3,1,1,70.24,1,449
PCL-12183,PRJ-1074,Gujarat,Kutch,21.616723,72.38166,Irrigation / Water Canal,20.81,35,1.6819,0.5946,75.0,84.0,0,0,40,0,233,0.47,Fully Disbursed,Award Declared (Sec 23),Approved,Full Possession,High / Cooperative,Medium,2,4,5,15.34,0,0
PCL-12184,PRJ-1096,Karnataka,Mysuru,15.262339,75.60958,Renewable / Solar Park,15.7,23,1.465,0.6826,84.0,80.0,0,160,52,0,357,0.441,Partially Disbursed,Possession Taken (Sec 38),Approved,Contested / Encroached,High / Cooperative,Low,1,4,1,25.16,0,39
PCL-12185,PRJ-1195,Andhra Pradesh,Visakhapatnam,18.076359,81.522097,Renewable / Solar Park,14.17,10,0.7057,1.4169,46.0,83.0,1,603,83,23,222,0.62,Disputed in Escrow,Notification Pending,Approved,Contested / Encroached,Low / Resistant,Medium,2,2,1,68.32,1,512
PCL-12186,PRJ-1161,Andhra Pradesh,Visakhapatnam,14.963472,81.40167,Industrial Corridor / SEZ,22.21,54,2.4313,0.4113,52.0,70.0,0,0,121,61,38,0.529,Fully Disbursed,Award Declared (Sec 23),Conditional Clearance,Partial Possession (30-70%),High / Cooperative,Medium,2,4,3,14.03,0,15
PCL-12187,PRJ-1049,Odisha,Angul,21.257334,84.14306,Irrigation / Water Canal,11.62,15,1.2909,0.7746,85.0,23.0,1,292,164,104,250,0.155,Disputed in Escrow,Preliminary Notification (Sec 11),Under Scrutiny,Substantial Possession (>70%),Low / Resistant,Medium,2,2,4,64.58,1,395
PCL-12188,PRJ-1042,Gujarat,Bharuch,21.854353,70.309086,Railway & Freight Corridor,21.49,18,0.8376,1.1938,96.0,55.0,0,0,16,0,238,0.583,Fully Disbursed,Possession Taken (Sec 38),Approved,Initial Stage (<30%),Low / Resistant,High,3,2,2,21.72,1,266
PCL-12189,PRJ-1246,Andhra Pradesh,Nellore,14.475413,78.650161,Highway / Expressway,88.81,158,1.7791,0.5621,39.0,35.0,0,145,207,147,222,0.556,Partially Disbursed,Declaration Published (Sec 19),Under Scrutiny,Partial Possession (30-70%),Hostile / Legal Injunction,Medium,2,1,3,44.23,1,416
PCL-12190,PRJ-1024,Karnataka,Kalaburagi,16.206927,77.083835,Railway & Freight Corridor,11.67,10,0.8569,1.1669,50.0,48.0,0,168,107,47,194,0.428,Partially Disbursed,Award Declared (Sec 23),Conditional Clearance,Partial Possession (30-70%),Moderate,Low,1,3,3,33.13,1,304
PCL-12191,PRJ-1260,Uttar Pradesh,Noida,25.363889,83.085994,Airport Infrastructure,33.97,87,2.5611,0.3905,75.0,49.0,0,149,176,116,408,0.366,Pending Disbursal,Award Declared (Sec 23),Under Scrutiny,Full Possession,Moderate,Low,1,3,5,34.97,1,239
PCL-12192,PRJ-1224,Gujarat,Vadodara,23.885129,70.016198,Industrial Corridor / SEZ,34.39,13,0.378,2.6452,48.0,26.0,1,289,70,10,83,0.258,Disputed in Escrow,Preliminary Notification (Sec 11),Approved,Substantial Possession (>70%),Low / Resistant,High,3,2,4,65.29,1,532
PCL-12193,PRJ-1165,Gujarat,Kutch,21.815712,69.230212,Irrigation / Water Canal,28.08,37,1.3177,0.7589,84.0,69.0,0,554,46,0,164,0.143,Disputed in Escrow,Notification Pending,Approved,Partial Possession (30-70%),High / Cooperative,Low,1,4,3,27.45,1,174
PCL-12194,PRJ-1255,Haryana,Hisar,28.664012,76.422181,Highway / Expressway,16.37,20,1.2217,0.8185,95.0,31.0,0,0,72,12,145,0.5,Fully Disbursed,Preliminary Notification (Sec 11),Approved,Initial Stage (<30%),Low / Resistant,Medium,2,2,2,20.84,1,224
PCL-12195,PRJ-1072,Gujarat,Kutch,21.519957,73.416869,Railway & Freight Corridor,19.57,45,2.2994,0.4349,64.0,72.0,0,62,218,158,234,0.192,Partially Disbursed,Preliminary Notification (Sec 11),Under Scrutiny,Initial Stage (<30%),Low / Resistant,Low,1,2,2,28.82,0,31
PCL-12196,PRJ-1258,Odisha,Cuttack,20.629879,86.637644,Industrial Corridor / SEZ,31.47,23,0.7309,1.3682,87.0,54.0,0,0,165,105,212,0.195,Fully Disbursed,Declaration Published (Sec 19),Under Scrutiny,Full Possession,High / Cooperative,Medium,2,4,5,15.15,1,91
PCL-12197,PRJ-1154,Maharashtra,Pune,20.143575,75.35498,Irrigation / Water Canal,81.87,125,1.5268,0.655,56.0,64.0,1,0,46,0,296,0.331,Fully Disbursed,Possession Taken (Sec 38),Approved,Contested / Encroached,Low / Resistant,High,3,2,1,56.0,1,314
PCL-12198,PRJ-1181,Odisha,Angul,22.120196,84.305152,Irrigation / Water Canal,176.8,156,0.8824,1.1333,85.0,74.0,0,100,179,119,207,0.689,Partially Disbursed,Notification Pending,Pending Environmental Clearance,Substantial Possession (>70%),Moderate,High,3,3,4,21.22,1,217
PCL-12199,PRJ-1159,Maharashtra,Nagpur,20.896196,78.15936,Renewable / Solar Park,41.29,39,0.9445,1.0587,75.0,22.0,1,563,125,65,376,0.397,Disputed in Escrow,Declaration Published (Sec 19),Under Scrutiny,Initial Stage (<30%),High / Cooperative,Low,1,4,2,66.9,1,373
PCL-12200,PRJ-1010,Madhya Pradesh,Indore,23.400491,79.596057,Irrigation / Water Canal,21.9,49,2.2374,0.4469,35.0,27.0,0,0,153,93,163,0.155,Fully Disbursed,Possession Taken (Sec 38),Conditional Clearance,Substantial Possession (>70%),Moderate,High,3,3,4,30.16,1,308
PCL-12201,PRJ-1191,Haryana,Karnal,29.424519,76.040217,Highway / Expressway,19.43,2,0.1029,9.7101,70.0,48.0,0,0,39,0,187,0.593,Fully Disbursed,Possession Taken (Sec 38),Approved,Partial Possession (30-70%),Moderate,Low,1,3,3,21.96,1,152
PCL-12202,PRJ-1255,Haryana,Hisar,28.475439,76.309523,Highway / Expressway,32.49,42,1.2927,0.7736,41.0,78.0,1,307,56,0,251,0.323,Pending Disbursal,Preliminary Notification (Sec 11),Approved,Contested / Encroached,Low / Resistant,Medium,2,2,1,68.53,1,363
PCL-12203,PRJ-1132,Tamil Nadu,Tiruchirappalli,12.944627,77.276219,Highway / Expressway,114.58,126,1.0997,0.9094,99.0,66.0,1,242,71,11,305,0.349,Pending Disbursal,Declaration Published (Sec 19),Approved,Initial Stage (<30%),Hostile / Legal Injunction,High,3,1,2,61.23,1,365
PCL-12204,PRJ-1103,Madhya Pradesh,Bhopal,24.724345,75.133111,Irrigation / Water Canal,196.2,350,1.7839,0.5606,78.0,92.0,0,0,21,0,74,0.408,Fully Disbursed,Preliminary Notification (Sec 11),Approved,Substantial Possession (>70%),High / Cooperative,Very High,4,4,4,7.97,1,130
PCL-12205,PRJ-1001,Gujarat,Ahmedabad,21.942671,69.857086,Irrigation / Water Canal,7.98,6,0.7519,1.3298,87.0,69.0,1,179,41,0,184,0.372,Partially Disbursed,Notification Pending,Approved,Full Possession,Low / Resistant,Very High,4,2,5,52.46,1,347
PCL-12206,PRJ-1050,Tamil Nadu,Kanchipuram,12.270775,78.241868,Irrigation / Water Canal,67.02,114,1.701,0.5879,75.0,47.0,1,0,118,58,315,0.468,Fully Disbursed,Notification Pending,Under Scrutiny,Substantial Possession (>70%),Hostile / Legal Injunction,High,3,1,4,58.36,1,412
PCL-12207,PRJ-1247,Rajasthan,Jodhpur,25.036356,74.952735,Airport Infrastructure,26.89,35,1.3016,0.7683,77.0,55.0,1,378,41,0,195,0.488,Disputed in Escrow,Possession Taken (Sec 38),Approved,Full Possession,Low / Resistant,Medium,2,2,5,63.91,1,411
PCL-12208,PRJ-1061,Rajasthan,Kota,24.24824,72.11923,Renewable / Solar Park,100.54,89,0.8852,1.1297,66.0,52.0,0,0,183,123,201,0.317,Fully Disbursed,Notification Pending,Conditional Clearance,Substantial Possession (>70%),High / Cooperative,Low,1,4,4,19.14,0,28
PCL-12209,PRJ-1137,Haryana,Faridabad,30.236812,76.728855,Highway / Expressway,63.15,86,1.3618,0.7343,70.0,40.0,0,317,42,0,70,0.498,Pending Disbursal,Notification Pending,Approved,Contested / Encroached,Moderate,Medium,2,3,1,31.4,1,218
PCL-12210,PRJ-1004,Maharashtra,Nagpur,18.39378,77.410259,Irrigation / Water Canal,95.96,107,1.115,0.8968,57.0,77.0,0,76,115,55,209,0.654,Partially Disbursed,Possession Taken (Sec 38),Approved,Initial Stage (<30%),Moderate,Medium,2,3,2,25.61,1,296
PCL-12211,PRJ-1175,Odisha,Angul,20.606382,85.539927,Renewable / Solar Park,27.39,40,1.4604,0.6847,69.0,44.0,0,0,41,0,135,0.522,Fully Disbursed,Notification Pending,Approved,Substantial Possession (>70%),Moderate,Medium,2,3,4,20.61,1,163
PCL-12212,PRJ-1194,Madhya Pradesh,Ujjain,26.389764,78.114636,Highway / Expressway,56.84,95,1.6714,0.5983,67.0,44.0,0,189,57,0,370,0.498,Pending Disbursal,Possession Taken (Sec 38),Approved,Initial Stage (<30%),Low / Resistant,High,3,2,2,41.34,1,303
PCL-12213,PRJ-1077,Uttar Pradesh,Kanpur,26.716008,82.584148,Railway & Freight Corridor,41.41,59,1.4248,0.7019,75.0,58.0,1,225,146,86,347,0.352,Pending Disbursal,Award Declared (Sec 23),Under Scrutiny,Initial Stage (<30%),Low / Resistant,High,3,2,2,63.96,1,461
PCL-12214,PRJ-1136,Rajasthan,Jaipur,28.328767,75.443031,Irrigation / Water Canal,6.64,13,1.9578,0.5107,88.0,44.0,1,644,181,121,142,0.662,Disputed in Escrow,Award Declared (Sec 23),Pending Environmental Clearance,Initial Stage (<30%),Hostile / Legal Injunction,High,3,1,2,64.58,1,625
PCL-12215,PRJ-1067,Odisha,Sundargarh,20.208288,86.141563,Airport Infrastructure,29.29,61,2.0826,0.4802,84.0,33.0,1,527,117,57,341,0.491,Disputed in Escrow,Notification Pending,Under Scrutiny,Partial Possession (30-70%),Moderate,Medium,2,3,3,66.44,1,395
PCL-12216,PRJ-1133,Madhya Pradesh,Jabalpur,23.514171,75.222708,Urban Metro / Transit,24.0,78,3.25,0.3077,83.0,39.0,0,0,225,165,60,0.708,Fully Disbursed,Possession Taken (Sec 38),Under Scrutiny,Substantial Possession (>70%),Moderate,High,3,3,4,15.5,1,272
PCL-12217,PRJ-1102,Odisha,Cuttack,21.446433,85.054058,Highway / Expressway,6.77,20,2.9542,0.3385,77.0,79.0,1,284,182,122,308,0.445,Pending Disbursal,Award Declared (Sec 23),Resubmission Required,Initial Stage (<30%),Moderate,Low,1,3,2,58.67,1,345
PCL-12218,PRJ-1015,Rajasthan,Alwar,26.138762,73.755729,Renewable / Solar Park,92.77,60,0.6468,1.5461,66.0,56.0,1,377,91,31,209,0.286,Disputed in Escrow,Declaration Published (Sec 19),Approved,Contested / Encroached,Moderate,High,3,3,1,62.79,1,480
PCL-12219,PRJ-1053,Haryana,Hisar,28.160135,76.95238,Renewable / Solar Park,261.99,226,0.8626,1.1592,55.0,62.0,0,140,90,30,90,0.535,Partially Disbursed,Declaration Published (Sec 19),Approved,Full Possession,Moderate,High,3,3,5,25.68,1,260
PCL-12220,PRJ-1219,Haryana,Panipat,28.689547,77.418554,Airport Infrastructure,86.35,327,3.7869,0.2641,26.0,81.0,1,64,80,20,155,0.435,Partially Disbursed,Possession Taken (Sec 38),Approved,Contested / Encroached,Hostile / Legal Injunction,Very High,4,1,1,61.39,1,565
PCL-12221,PRJ-1136,Rajasthan,Jaipur,24.540421,74.558348,Irrigation / Water Canal,53.45,93,1.7399,0.5747,60.0,61.0,0,117,24,0,248,0.524,Pending Disbursal,Preliminary Notification (Sec 11),Approved,Substantial Possession (>70%),Moderate,Medium,2,3,4,29.76,1,208
PCL-12222,PRJ-1248,Karnataka,Kalaburagi,16.490551,74.90256,Irrigation / Water Canal,12.89,26,2.0171,0.4958,65.0,59.0,0,0,180,120,267,0.552,Fully Disbursed,Possession Taken (Sec 38),Under Scrutiny,Substantial Possession (>70%),High / Cooperative,Low,1,4,4,21.11,1,150
PCL-12223,PRJ-1121,Haryana,Panipat,30.121301,75.591283,Irrigation / Water Canal,15.4,11,0.7143,1.3999,93.0,67.0,0,99,96,36,258,0.618,Partially Disbursed,Possession Taken (Sec 38),Under Scrutiny,Full Possession,Low / Resistant,Low,1,2,5,25.94,1,135
PCL-12224,PRJ-1177,Andhra Pradesh,Krishna,16.992198,81.815817,Irrigation / Water Canal,54.34,76,1.3986,0.715,60.0,43.0,0,165,29,0,183,0.54,Partially Disbursed,Possession Taken (Sec 38),Approved,Partial Possession (30-70%),High / Cooperative,Medium,2,4,3,27.34,1,193
PCL-12225,PRJ-1062,Rajasthan,Jaipur,28.192335,74.588314,Irrigation / Water Canal,87.68,88,1.0036,0.9964,78.0,58.0,0,62,172,112,287,0.49,Partially Disbursed,Declaration Published (Sec 19),Under Scrutiny,Full Possession,Low / Resistant,Medium,2,2,5,29.41,1,217
PCL-12226,PRJ-1153,Tamil Nadu,Salem,12.813842,77.367608,Renewable / Solar Park,20.61,27,1.31,0.7633,95.0,54.0,0,318,60,0,315,0.407,Pending Disbursal,Preliminary Notification (Sec 11),Approved,Initial Stage (<30%),Low / Resistant,Low,1,2,2,37.98,1,219
PCL-12227,PRJ-1034,Haryana,Hisar,29.870387,76.74314,Urban Metro / Transit,26.08,99,3.796,0.2634,48.0,73.0,0,226,154,94,262,0.263,Pending Disbursal,Preliminary Notification (Sec 11),Under Scrutiny,Contested / Encroached,Moderate,High,3,3,1,35.96,1,243
PCL-12228,PRJ-1155,Andhra Pradesh,Guntur,15.992017,81.63068,Irrigation / Water Canal,15.61,11,0.7047,1.419,82.0,30.0,0,269,80,20,235,0.363,Pending Disbursal,Possession Taken (Sec 38),Approved,Contested / Encroached,High / Cooperative,Low,1,4,1,30.47,1,124
PCL-12229,PRJ-1146,Karnataka,Dharwad,15.93149,74.573164,Industrial Corridor / SEZ,94.17,109,1.1575,0.8639,48.0,70.0,0,0,15,0,253,0.608,Fully Disbursed,Preliminary Notification (Sec 11),Approved,Initial Stage (<30%),High / Cooperative,Low,1,4,2,22.89,0,39
PCL-12230,PRJ-1126,Uttar Pradesh,Lucknow,27.742326,82.293725,Renewable / Solar Park,45.91,92,2.0039,0.499,70.0,31.0,1,355,169,109,182,0.643,Pending Disbursal,Award Declared (Sec 23),Conditional Clearance,Initial Stage (<30%),Moderate,Low,1,3,2,63.06,1,414
PCL-12231,PRJ-1134,Tamil Nadu,Kanchipuram,12.929081,79.805148,Irrigation / Water Canal,31.85,36,1.1303,0.8847,86.0,82.0,0,36,137,77,114,0.308,Partially Disbursed,Declaration Published (Sec 19),Resubmission Required,Contested / Encroached,Low / Resistant,Medium,2,2,1,17.85,1,99
PCL-12232,PRJ-1191,Haryana,Karnal,29.095713,77.155009,Highway / Expressway,73.26,112,1.5288,0.6541,70.0,66.0,0,0,87,27,195,0.337,Fully Disbursed,Award Declared (Sec 23),Approved,Partial Possession (30-70%),Moderate,Low,1,3,3,20.46,0,7
PCL-12233,PRJ-1067,Odisha,Sundargarh,21.128334,85.664915,Airport Infrastructure,32.17,104,3.2328,0.3093,74.0,64.0,0,174,101,41,284,0.548,Pending Disbursal,Declaration Published (Sec 19),Approved,Initial Stage (<30%),High / Cooperative,Medium,2,4,2,26.6,1,96
PCL-12234,PRJ-1002,Madhya Pradesh,Bhopal,26.355275,75.23785,Urban Metro / Transit,6.21,36,5.7971,0.1725,40.0,59.0,1,210,132,72,207,0.136,Disputed in Escrow,Declaration Published (Sec 19),Under Scrutiny,Partial Possession (30-70%),Hostile / Legal Injunction,Medium,2,1,3,68.74,1,436
PCL-12235,PRJ-1061,Rajasthan,Kota,24.692266,76.800635,Renewable / Solar Park,55.61,79,1.4206,0.7039,66.0,53.0,0,0,55,0,211,0.428,Fully Disbursed,Award Declared (Sec 23),Approved,Full Possession,Moderate,Low,1,3,5,23.16,0,11
PCL-12236,PRJ-1020,Madhya Pradesh,Indore,25.385479,79.484354,Renewable / Solar Park,38.03,59,1.5514,0.6446,57.0,53.0,1,153,134,74,130,0.341,Pending Disbursal,Preliminary Notification (Sec 11),Under Scrutiny,Contested / Encroached,Moderate,Medium,2,3,1,53.21,1,297
PCL-12237,PRJ-1153,Tamil Nadu,Salem,11.354335,79.247331,Renewable / Solar Park,16.89,3,0.1776,5.6281,86.0,53.0,0,82,194,134,169,0.539,Partially Disbursed,Notification Pending,Conditional Clearance,Initial Stage (<30%),High / Cooperative,Medium,2,4,2,17.21,1,152
PCL-12238,PRJ-1169,Tamil Nadu,Salem,11.719488,78.064994,Urban Metro / Transit,35.6,110,3.0899,0.3236,69.0,73.0,1,186,159,99,252,0.178,Pending Disbursal,Notification Pending,Pending Environmental Clearance,Partial Possession (30-70%),Low / Resistant,Low,1,2,3,58.49,1,366
PCL-12239,PRJ-1068,Maharashtra,Pune,19.751956,78.60567,Irrigation / Water Canal,32.7,30,0.9174,1.09,89.0,93.0,1,304,144,84,150,0.26,Pending Disbursal,Notification Pending,Conditional Clearance,Initial Stage (<30%),Low / Resistant,Low,1,2,2,53.52,1,280
PCL-12240,PRJ-1174,Odisha,Angul,21.088546,84.707932,Irrigation / Water Canal,12.8,23,1.7969,0.5565,74.0,63.0,0,258,21,0,257,0.086,Pending Disbursal,Award Declared (Sec 23),Approved,Initial Stage (<30%),High / Cooperative,Low,1,4,2,29.14,0,12
PCL-12241,PRJ-1174,Odisha,Angul,19.588722,85.96324,Irrigation / Water Canal,156.27,163,1.0431,0.9587,75.0,38.0,1,346,167,107,190,0.528,Disputed in Escrow,Preliminary Notification (Sec 11),Under Scrutiny,Substantial Possession (>70%),Low / Resistant,High,3,2,4,65.04,1,444
PCL-12242,PRJ-1209,Haryana,Panipat,29.758429,75.628035,Irrigation / Water Canal,30.72,62,2.0182,0.4955,91.0,32.0,1,357,154,94,200,0.59,Disputed in Escrow,Award Declared (Sec 23),Under Scrutiny,Contested / Encroached,Low / Resistant,Low,1,2,1,63.27,1,460
PCL-12243,PRJ-1189,Haryana,Gurugram,30.116263,76.515777,Highway / Expressway,28.66,26,0.9072,1.1023,78.0,28.0,0,0,184,124,252,0.378,Fully Disbursed,Possession Taken (Sec 38),Conditional Clearance,Full Possession,Moderate,Low,1,3,5,24.8,0,39
PCL-12244,PRJ-1255,Haryana,Hisar,30.291052,76.065868,Highway / Expressway,73.41,114,1.5529,0.6439,40.0,60.0,0,0,15,0,30,0.587,Fully Disbursed,Notification Pending,Approved,Initial Stage (<30%),Moderate,Low,1,3,2,20.88,0,28
PCL-12245,PRJ-1128,Gujarat,Rajkot,22.44933,71.117724,Highway / Expressway,85.47,52,0.6084,1.6436,59.0,31.0,0,235,170,110,30,0.316,Pending Disbursal,Notification Pending,Conditional Clearance,Initial Stage (<30%),Moderate,Medium,2,3,2,29.63,1,204
PCL-12246,PRJ-1136,Rajasthan,Jaipur,28.106901,76.038166,Irrigation / Water Canal,74.28,52,0.7001,1.4284,50.0,81.0,0,155,15,0,187,0.324,Partially Disbursed,Preliminary Notification (Sec 11),Approved,Substantial Possession (>70%),High / Cooperative,Medium,2,4,4,25.28,1,91
PCL-12247,PRJ-1016,Tamil Nadu,Tiruchirappalli,12.712439,79.457222,Railway & Freight Corridor,77.03,99,1.2852,0.7781,91.0,45.0,1,169,130,70,140,0.289,Pending Disbursal,Declaration Published (Sec 19),Under Scrutiny,Initial Stage (<30%),Moderate,Low,1,3,2,48.25,1,192
PCL-12248,PRJ-1033,Karnataka,Dharwad,17.165378,77.164515,Highway / Expressway,34.97,71,2.0303,0.4925,73.0,46.0,1,506,116,56,275,0.559,Disputed in Escrow,Preliminary Notification (Sec 11),Approved,Partial Possession (30-70%),High / Cooperative,Medium,2,4,3,61.11,1,385
PCL-12249,PRJ-1124,Haryana,Panipat,29.946734,76.221065,Railway & Freight Corridor,42.43,63,1.4848,0.6735,64.0,71.0,0,152,151,91,213,0.85,Pending Disbursal,Possession Taken (Sec 38),Resubmission Required,Initial Stage (<30%),Moderate,Low,1,3,2,28.08,1,239
PCL-12250,PRJ-1248,Karnataka,Kalaburagi,15.976842,77.304058,Irrigation / Water Canal,136.21,169,1.2407,0.806,77.0,85.0,1,93,118,58,222,0.255,Pending Disbursal,Award Declared (Sec 23),Resubmission Required,Contested / Encroached,Low / Resistant,High,3,2,1,50.75,1,247
PCL-12251,PRJ-1027,Rajasthan,Jodhpur,25.342294,71.5188,Industrial Corridor / SEZ,16.33,3,0.1837,5.4415,71.0,56.0,1,227,130,70,285,0.725,Disputed in Escrow,Notification Pending,Under Scrutiny,Partial Possession (30-70%),Low / Resistant,High,3,2,3,62.72,1,470
PCL-12252,PRJ-1197,Gujarat,Bharuch,23.622784,72.47512,Airport Infrastructure,18.38,50,2.7203,0.3676,91.0,69.0,1,358,154,94,309,0.241,Pending Disbursal,Notification Pending,Resubmission Required,Contested / Encroached,Hostile / Legal Injunction,Very High,4,1,1,67.45,1,500
PCL-12253,PRJ-1180,Uttar Pradesh,Agra,27.247181,78.181996,Industrial Corridor / SEZ,6.22,2,0.3215,3.1084,96.0,57.0,0,53,57,0,385,0.295,Partially Disbursed,Preliminary Notification (Sec 11),Approved,Full Possession,Moderate,Medium,2,3,5,25.47,1,91
PCL-12254,PRJ-1208,Rajasthan,Alwar,25.304156,71.244572,Industrial Corridor / SEZ,30.13,38,1.2612,0.7929,67.0,60.0,0,311,164,104,321,0.167,Pending Disbursal,Declaration Published (Sec 19),Under Scrutiny,Full Possession,Moderate,Medium,2,3,5,39.17,0,12
PCL-12255,PRJ-1121,Haryana,Panipat,29.354024,76.758935,Irrigation / Water Canal,91.5,141,1.541,0.6489,83.0,58.0,1,198,15,0,248,0.187,Pending Disbursal,Notification Pending,Approved,Contested / Encroached,Hostile / Legal Injunction,High,3,1,1,61.29,1,468
PCL-12256,PRJ-1212,Karnataka,Dharwad,16.337332,75.933286,Highway / Expressway,19.38,17,0.8772,1.1399,87.0,63.0,1,458,27,0,165,0.216,Disputed in Escrow,Declaration Published (Sec 19),Approved,Initial Stage (<30%),Hostile / Legal Injunction,High,3,1,2,63.74,1,408
PCL-12257,PRJ-1208,Rajasthan,Alwar,25.963845,73.886334,Industrial Corridor / SEZ,18.28,8,0.4376,2.2847,74.0,62.0,0,0,15,0,293,0.455,Fully Disbursed,Notification Pending,Approved,Partial Possession (30-70%),Moderate,High,3,3,3,23.74,1,210
PCL-12258,PRJ-1223,Andhra Pradesh,Guntur,15.838446,80.217482,Industrial Corridor / SEZ,13.24,28,2.1148,0.4728,35.0,64.0,0,107,162,102,122,0.392,Partially Disbursed,Award Declared (Sec 23),Under Scrutiny,Full Possession,High / Cooperative,Low,1,4,5,25.57,1,137
PCL-12259,PRJ-1229,Odisha,Angul,21.275754,84.87608,Highway / Expressway,42.01,61,1.452,0.6887,64.0,48.0,0,115,83,23,252,0.652,Partially Disbursed,Declaration Published (Sec 19),Approved,Full Possession,Moderate,Medium,2,3,5,30.33,1,280
PCL-12260,PRJ-1207,Madhya Pradesh,Gwalior,23.418191,75.972705,Industrial Corridor / SEZ,63.89,93,1.4556,0.687,44.0,24.0,1,568,100,40,370,0.425,Disputed in Escrow,Preliminary Notification (Sec 11),Conditional Clearance,Contested / Encroached,Moderate,Low,1,3,1,76.43,1,396
PCL-12261,PRJ-1138,Haryana,Gurugram,29.887614,76.669385,Renewable / Solar Park,44.02,48,1.0904,0.9171,69.0,89.0,1,518,15,0,196,0.334,Disputed in Escrow,Notification Pending,Approved,Substantial Possession (>70%),Moderate,Medium,2,3,4,58.4,1,398
PCL-12262,PRJ-1070,Rajasthan,Jaipur,25.221675,74.355091,Irrigation / Water Canal,46.49,36,0.7744,1.2914,91.0,68.0,1,228,208,148,187,0.751,Pending Disbursal,Preliminary Notification (Sec 11),Resubmission Required,Initial Stage (<30%),Moderate,High,3,3,2,50.13,1,409
PCL-12263,PRJ-1252,Maharashtra,Solapur,20.717761,77.573802,Renewable / Solar Park,67.32,134,1.9905,0.5024,75.0,73.0,1,583,37,0,222,0.429,Disputed in Escrow,Award Declared (Sec 23),Approved,Partial Possession (30-70%),Low / Resistant,Very High,4,2,3,63.52,1,416
PCL-12264,PRJ-1231,Andhra Pradesh,Guntur,16.965406,81.243458,Urban Metro / Transit,47.02,164,3.4879,0.2867,85.0,42.0,0,173,15,0,251,0.642,Partially Disbursed,Preliminary Notification (Sec 11),Approved,Substantial Possession (>70%),Moderate,Very High,4,3,4,29.07,1,264
PCL-12265,PRJ-1203,Rajasthan,Jaipur,26.853686,73.875967,Irrigation / Water Canal,69.34,89,1.2835,0.7791,71.0,80.0,1,648,58,0,226,0.701,Disputed in Escrow,Declaration Published (Sec 19),Approved,Full Possession,Low / Resistant,Medium,2,2,5,63.77,1,412
PCL-12266,PRJ-1223,Andhra Pradesh,Guntur,15.612579,82.375771,Industrial Corridor / SEZ,43.38,77,1.775,0.5634,69.0,51.0,0,441,27,0,181,0.481,Disputed in Escrow,Possession Taken (Sec 38),Approved,Initial Stage (<30%),High / Cooperative,Low,1,4,2,32.89,1,147
PCL-12267,PRJ-1189,Haryana,Gurugram,28.379491,76.024165,Highway / Expressway,62.91,58,0.922,1.0846,70.0,82.0,0,35,53,0,194,0.548,Partially Disbursed,Award Declared (Sec 23),Approved,Substantial Possession (>70%),Moderate,Medium,2,3,4,20.26,1,124
PCL-12268,PRJ-1164,Haryana,Karnal,28.169189,75.716422,Urban Metro / Transit,91.62,195,2.1284,0.4698,79.0,54.0,0,151,15,0,149,0.549,Partially Disbursed,Possession Taken (Sec 38),Approved,Contested / Encroached,High / Cooperative,Medium,2,4,1,20.59,1,115
PCL-12269,PRJ-1251,Rajasthan,Udaipur,27.00512,75.131851,Railway & Freight Corridor,8.83,9,1.0193,0.981,88.0,35.0,0,0,188,128,189,0.658,Fully Disbursed,Preliminary Notification (Sec 11),Pending Environmental Clearance,Partial Possession (30-70%),High / Cooperative,Low,1,4,3,15.99,1,216
PCL-12270,PRJ-1252,Maharashtra,Solapur,18.175332,75.377234,Renewable / Solar Park,26.23,30,1.1437,0.8743,63.0,86.0,0,241,133,73,132,0.448,Pending Disbursal,Notification Pending,Conditional Clearance,Partial Possession (30-70%),High / Cooperative,Low,1,4,3,23.65,1,191
PCL-12271,PRJ-1068,Maharashtra,Pune,19.421936,77.551059,Irrigation / Water Canal,65.07,72,1.1065,0.9037,54.0,46.0,0,0,163,103,271,0.472,Fully Disbursed,Award Declared (Sec 23),Pending Environmental Clearance,Substantial Possession (>70%),High / Cooperative,Medium,2,4,4,24.76,1,177
PCL-12272,PRJ-1160,Rajasthan,Kota,28.195576,71.086811,Railway & Freight Corridor,43.8,65,1.484,0.6738,62.0,94.0,0,0,15,0,349,0.33,Fully Disbursed,Possession Taken (Sec 38),Approved,Substantial Possession (>70%),Moderate,Medium,2,3,4,25.04,1,112
PCL-12273,PRJ-1072,Gujarat,Kutch,21.365331,71.468943,Railway & Freight Corridor,27.77,23,0.8282,1.2073,45.0,84.0,0,0,63,3,136,0.612,Fully Disbursed,Possession Taken (Sec 38),Approved,Partial Possession (30-70%),Low / Resistant,Low,1,2,3,25.2,1,217
PCL-12274,PRJ-1126,Uttar Pradesh,Lucknow,25.331128,78.731798,Renewable / Solar Park,17.23,8,0.4643,2.1535,41.0,81.0,1,112,87,27,322,0.08,Pending Disbursal,Declaration Published (Sec 19),Approved,Partial Possession (30-70%),Moderate,High,3,3,3,59.13,1,352
PCL-12275,PRJ-1183,Rajasthan,Udaipur,25.544911,71.180807,Airport Infrastructure,41.18,157,3.8125,0.2623,78.0,47.0,0,0,125,65,259,0.355,Fully Disbursed,Declaration Published (Sec 19),Pending Environmental Clearance,Partial Possession (30-70%),High / Cooperative,Medium,2,4,3,19.41,0,9
PCL-12276,PRJ-1030,Rajasthan,Udaipur,24.683483,75.321737,Industrial Corridor / SEZ,27.15,33,1.2155,0.8227,48.0,68.0,0,313,152,92,176,0.662,Pending Disbursal,Notification Pending,Under Scrutiny,Partial Possession (30-70%),Low / Resistant,Low,1,2,3,40.56,1,379
PCL-12277,PRJ-1237,Odisha,Sundargarh,22.038025,86.136024,Airport Infrastructure,42.57,179,4.2048,0.2378,86.0,70.0,0,81,135,75,135,0.23,Partially Disbursed,Declaration Published (Sec 19),Resubmission Required,Substantial Possession (>70%),Moderate,Low,1,3,4,17.94,0,37
PCL-12278,PRJ-1118,Karnataka,Kalaburagi,16.275179,77.490939,Industrial Corridor / SEZ,89.63,65,0.7252,1.3789,77.0,91.0,1,253,175,115,285,0.39,Pending Disbursal,Preliminary Notification (Sec 11),Pending Environmental Clearance,Partial Possession (30-70%),Moderate,High,3,3,3,55.33,1,386
PCL-12279,PRJ-1029,Rajasthan,Jodhpur,27.994092,74.481922,Airport Infrastructure,102.24,196,1.9171,0.5216,78.0,59.0,1,75,138,78,89,0.507,Partially Disbursed,Possession Taken (Sec 38),Under Scrutiny,Partial Possession (30-70%),Low / Resistant,Very High,4,2,3,47.42,1,386
PCL-12280,PRJ-1170,Maharashtra,Pune,20.193725,76.720637,Renewable / Solar Park,12.54,2,0.1595,6.2669,48.0,66.0,0,255,126,66,48,0.29,Pending Disbursal,Award Declared (Sec 23),Under Scrutiny,Full Possession,High / Cooperative,Low,1,4,5,26.08,0,0
PCL-12281,PRJ-1114,Odisha,Sundargarh,20.04494,85.106647,Highway / Expressway,31.13,28,0.8995,1.1117,74.0,64.0,1,110,187,127,135,0.426,Partially Disbursed,Possession Taken (Sec 38),Conditional Clearance,Partial Possession (30-70%),Hostile / Legal Injunction,Low,1,1,3,54.63,1,342
PCL-12282,PRJ-1028,Gujarat,Ahmedabad,21.058405,72.65638,Irrigation / Water Canal,38.71,79,2.0408,0.49,82.0,82.0,0,144,159,99,169,0.255,Partially Disbursed,Preliminary Notification (Sec 11),Under Scrutiny,Full Possession,Moderate,Low,1,3,5,21.41,0,27
PCL-12283,PRJ-1006,Madhya Pradesh,Bhopal,25.695199,79.828822,Industrial Corridor / SEZ,36.72,44,1.1983,0.8345,76.0,45.0,0,176,222,162,145,0.501,Pending Disbursal,Notification Pending,Pending Environmental Clearance,Partial Possession (30-70%),High / Cooperative,Low,1,4,3,22.97,1,176
PCL-12284,PRJ-1241,Madhya Pradesh,Gwalior,22.457152,79.15844,Railway & Freight Corridor,73.79,133,1.8024,0.5548,36.0,22.0,1,281,90,30,255,0.297,Pending Disbursal,Preliminary Notification (Sec 11),Approved,Substantial Possession (>70%),Low / Resistant,Medium,2,2,4,74.21,1,428
PCL-12285,PRJ-1123,Odisha,Angul,19.629369,85.943901,Highway / Expressway,14.98,32,2.1362,0.4681,73.0,41.0,0,126,93,33,252,0.197,Partially Disbursed,Notification Pending,Conditional Clearance,Full Possession,Moderate,Medium,2,3,5,29.68,0,17
PCL-12286,PRJ-1109,Andhra Pradesh,Kurnool,18.428112,79.891385,Renewable / Solar Park,91.13,127,1.3936,0.7176,91.0,69.0,0,41,49,0,211,0.544,Partially Disbursed,Possession Taken (Sec 38),Approved,Partial Possession (30-70%),Moderate,Low,1,3,3,18.25,0,57
PCL-12287,PRJ-1182,Karnataka,Kalaburagi,16.60737,77.683174,Railway & Freight Corridor,34.66,39,1.1252,0.8887,78.0,75.0,0,127,15,0,332,0.611,Partially Disbursed,Award Declared (Sec 23),Approved,Full Possession,Moderate,Low,1,3,5,28.32,1,154
PCL-12288,PRJ-1165,Gujarat,Kutch,22.283598,71.921233,Irrigation / Water Canal,13.64,33,2.4194,0.4133,67.0,79.0,0,0,181,121,275,0.542,Fully Disbursed,Declaration Published (Sec 19),Resubmission Required,Partial Possession (30-70%),Moderate,Medium,2,3,3,22.76,0,0
PCL-12289,PRJ-1034,Haryana,Hisar,28.341075,76.378609,Urban Metro / Transit,5.0,26,5.2,0.1923,76.0,62.0,0,202,199,139,76,0.257,Pending Disbursal,Possession Taken (Sec 38),Conditional Clearance,Initial Stage (<30%),High / Cooperative,Low,1,4,2,19.75,1,91
PCL-12290,PRJ-1002,Madhya Pradesh,Bhopal,25.634159,75.480356,Urban Metro / Transit,10.9,13,1.1927,0.8384,77.0,79.0,0,73,56,0,210,0.729,Partially Disbursed,Notification Pending,Approved,Initial Stage (<30%),High / Cooperative,Low,1,4,2,17.58,0,16
PCL-12291,PRJ-1237,Odisha,Sundargarh,20.758842,85.375558,Airport Infrastructure,21.19,63,2.9731,0.3363,40.0,77.0,0,0,190,130,175,0.415,Fully Disbursed,Possession Taken (Sec 38),Under Scrutiny,Initial Stage (<30%),Moderate,Low,1,3,2,24.61,1,159
PCL-12292,PRJ-1172,Rajasthan,Jaipur,25.927931,74.920624,Airport Infrastructure,43.35,148,3.4141,0.2929,74.0,43.0,1,193,115,55,227,0.442,Pending Disbursal,Award Declared (Sec 23),Resubmission Required,Partial Possession (30-70%),Moderate,High,3,3,3,56.09,1,352
PCL-12293,PRJ-1058,Uttar Pradesh,Prayagraj,28.417663,82.464151,Irrigation / Water Canal,42.24,26,0.6155,1.6246,88.0,47.0,0,278,19,0,256,0.422,Pending Disbursal,Possession Taken (Sec 38),Approved,Contested / Encroached,Moderate,Medium,2,3,1,32.47,0,21
PCL-12294,PRJ-1236,Haryana,Faridabad,29.962993,76.938153,Irrigation / Water Canal,29.27,57,1.9474,0.5135,86.0,16.0,1,307,111,51,218,0.162,Pending Disbursal,Possession Taken (Sec 38),Conditional Clearance,Contested / Encroached,High / Cooperative,Medium,2,4,1,56.99,1,273
PCL-12295,PRJ-1243,Uttar Pradesh,Noida,25.693065,80.973235,Highway / Expressway,9.43,13,1.3786,0.7253,95.0,56.0,0,102,135,75,247,0.253,Partially Disbursed,Possession Taken (Sec 38),Under Scrutiny,Full Possession,High / Cooperative,Medium,2,4,5,18.85,0,59
PCL-12296,PRJ-1171,Maharashtra,Nashik,19.948356,75.014128,Airport Infrastructure,14.41,46,3.1922,0.3133,78.0,77.0,0,75,65,5,159,0.438,Partially Disbursed,Award Declared (Sec 23),Approved,Full Possession,Moderate,Medium,2,3,5,19.49,1,110
PCL-12297,PRJ-1195,Andhra Pradesh,Visakhapatnam,17.975059,80.13635,Renewable / Solar Park,45.28,62,1.3693,0.7303,83.0,88.0,1,137,225,165,53,0.503,Partially Disbursed,Notification Pending,Under Scrutiny,Partial Possession (30-70%),Moderate,Low,1,3,3,40.97,1,371
PCL-12298,PRJ-1040,Tamil Nadu,Madurai,10.384073,78.77085,Industrial Corridor / SEZ,20.01,37,1.8491,0.5408,82.0,62.0,0,152,39,0,166,0.434,Partially Disbursed,Award Declared (Sec 23),Approved,Full Possession,Moderate,Low,1,3,5,23.62,1,140
PCL-12299,PRJ-1088,Uttar Pradesh,Prayagraj,25.231095,81.280404,Airport Infrastructure,65.68,128,1.9488,0.5131,82.0,62.0,0,0,103,43,223,0.358,Fully Disbursed,Declaration Published (Sec 19),Under Scrutiny,Substantial Possession (>70%),High / Cooperative,Medium,2,4,4,15.76,0,30
PCL-12300,PRJ-1149,Madhya Pradesh,Ujjain,25.332438,75.832211,Renewable / Solar Park,23.71,20,0.8435,1.1854,86.0,33.0,1,142,157,97,167,0.237,Partially Disbursed,Possession Taken (Sec 38),Under Scrutiny,Partial Possession (30-70%),Hostile / Legal Injunction,Very High,4,1,3,57.85,1,414
PCL-12301,PRJ-1142,Madhya Pradesh,Gwalior,25.066904,80.241143,Industrial Corridor / SEZ,49.67,63,1.2684,0.7884,91.0,76.0,1,336,164,104,148,0.425,Pending Disbursal,Possession Taken (Sec 38),Conditional Clearance,Contested / Encroached,Low / Resistant,High,3,2,1,56.06,1,411
PCL-12302,PRJ-1105,Rajasthan,Kota,24.376322,71.790681,Highway / Expressway,57.84,74,1.2794,0.7816,63.0,37.0,0,49,137,77,96,0.269,Partially Disbursed,Preliminary Notification (Sec 11),Under Scrutiny,Substantial Possession (>70%),High / Cooperative,Low,1,4,4,19.31,1,133
PCL-12303,PRJ-1073,Uttar Pradesh,Noida,28.109767,80.530907,Highway / Expressway,22.12,9,0.4069,2.4575,62.0,46.0,0,0,117,57,150,0.517,Fully Disbursed,Award Declared (Sec 23),Under Scrutiny,Substantial Possession (>70%),High / Cooperative,Low,1,4,4,18.63,0,33
PCL-12304,PRJ-1132,Tamil Nadu,Tiruchirappalli,10.220069,78.837516,Highway / Expressway,27.67,23,0.8312,1.203,75.0,45.0,0,0,161,101,157,0.275,Fully Disbursed,Notification Pending,Under Scrutiny,Full Possession,Moderate,Medium,2,3,5,20.14,1,152
PCL-12305,PRJ-1140,Maharashtra,Nagpur,18.710705,78.955528,Irrigation / Water Canal,74.01,104,1.4052,0.7116,86.0,62.0,1,188,15,0,71,0.298,Disputed in Escrow,Award Declared (Sec 23),Approved,Initial Stage (<30%),Moderate,Low,1,3,2,45.74,1,230
PCL-12306,PRJ-1243,Uttar Pradesh,Noida,25.935505,79.091938,Highway / Expressway,40.17,58,1.4439,0.6926,56.0,50.0,0,0,104,44,240,0.439,Fully Disbursed,Notification Pending,Conditional Clearance,Substantial Possession (>70%),High / Cooperative,Medium,2,4,4,22.8,0,42
PCL-12307,PRJ-1059,Madhya Pradesh,Jabalpur,22.992163,76.045991,Highway / Expressway,33.01,52,1.5753,0.6348,80.0,63.0,0,197,15,0,122,0.266,Pending Disbursal,Notification Pending,Approved,Substantial Possession (>70%),High / Cooperative,Medium,2,4,4,20.37,0,0
PCL-12308,PRJ-1167,Gujarat,Surat,23.128255,69.215368,Airport Infrastructure,172.98,340,1.9655,0.5088,51.0,53.0,0,300,151,91,130,0.565,Pending Disbursal,Award Declared (Sec 23),Conditional Clearance,Contested / Encroached,Moderate,High,3,3,1,35.45,1,311
PCL-12309,PRJ-1172,Rajasthan,Jaipur,28.047803,72.724611,Airport Infrastructure,10.27,47,4.5764,0.2185,76.0,58.0,1,94,183,123,103,0.475,Partially Disbursed,Possession Taken (Sec 38),Under Scrutiny,Initial Stage (<30%),High / Cooperative,Low,1,4,2,41.73,1,216
PCL-12310,PRJ-1146,Karnataka,Dharwad,12.569434,77.226907,Industrial Corridor / SEZ,22.88,18,0.7867,1.271,58.0,47.0,0,0,116,56,193,0.408,Fully Disbursed,Preliminary Notification (Sec 11),Pending Environmental Clearance,Partial Possession (30-70%),Moderate,Medium,2,3,3,24.69,0,34
PCL-12311,PRJ-1133,Madhya Pradesh,Jabalpur,24.128051,75.367359,Urban Metro / Transit,48.86,157,3.2133,0.3112,77.0,69.0,1,129,75,15,238,0.406,Pending Disbursal,Preliminary Notification (Sec 11),Approved,Contested / Encroached,Low / Resistant,High,3,2,1,54.43,1,358
PCL-12312,PRJ-1201,Odisha,Khurda,20.043703,84.410346,Industrial Corridor / SEZ,31.85,28,0.8791,1.1375,74.0,80.0,1,264,151,91,240,0.149,Disputed in Escrow,Award Declared (Sec 23),Under Scrutiny,Initial Stage (<30%),High / Cooperative,High,3,4,2,52.05,1,241
PCL-12313,PRJ-1197,Gujarat,Bharuch,22.542326,73.033963,Airport Infrastructure,50.62,132,2.6077,0.3835,74.0,67.0,0,261,50,0,180,0.621,Pending Disbursal,Award Declared (Sec 23),Approved,Partial Possession (30-70%),Moderate,Low,1,3,3,29.73,1,131
PCL-12314,PRJ-1201,Odisha,Khurda,20.485107,86.219771,Industrial Corridor / SEZ,86.57,67,0.7739,1.2921,64.0,56.0,0,0,156,96,252,0.357,Fully Disbursed,Possession Taken (Sec 38),Under Scrutiny,Initial Stage (<30%),Low / Resistant,Low,1,2,2,28.55,1,224
PCL-12315,PRJ-1225,Odisha,Sundargarh,21.231672,84.317041,Airport Infrastructure,21.08,53,2.5142,0.3977,82.0,76.0,1,245,39,0,186,0.545,Pending Disbursal,Notification Pending,Approved,Substantial Possession (>70%),High / Cooperative,Medium,2,4,4,48.04,1,243
PCL-12316,PRJ-1053,Haryana,Hisar,29.610984,75.854062,Renewable / Solar Park,32.68,48,1.4688,0.6808,72.0,60.0,0,0,76,16,258,0.427,Fully Disbursed,Preliminary Notification (Sec 11),Approved,Substantial Possession (>70%),Moderate,Medium,2,3,4,23.02,1,191
PCL-12317,PRJ-1098,Rajasthan,Jaipur,26.604146,72.728608,Urban Metro / Transit,28.71,59,2.055,0.4866,96.0,41.0,0,0,56,0,211,0.235,Fully Disbursed,Preliminary Notification (Sec 11),Approved,Full Possession,High / Cooperative,Low,1,4,5,14.61,1,91
PCL-12318,PRJ-1027,Rajasthan,Jodhpur,26.774831,74.035924,Industrial Corridor / SEZ,133.83,138,1.0312,0.9698,68.0,62.0,0,290,95,35,101,0.363,Pending Disbursal,Possession Taken (Sec 38),Approved,Partial Possession (30-70%),Moderate,Low,1,3,3,29.66,1,254
PCL-12319,PRJ-1076,Maharashtra,Nashik,19.393718,79.062772,Airport Infrastructure,76.63,236,3.0797,0.3247,85.0,90.0,0,0,199,139,404,0.588,Fully Disbursed,Notification Pending,Resubmission Required,Initial Stage (<30%),High / Cooperative,Medium,2,4,2,19.0,1,170
PCL-12320,PRJ-1064,Madhya Pradesh,Jabalpur,26.433034,81.236646,Industrial Corridor / SEZ,85.24,78,0.9151,1.0928,84.0,62.0,0,140,16,0,146,0.394,Pending Disbursal,Declaration Published (Sec 19),Approved,Full Possession,High / Cooperative,Low,1,4,5,18.23,1,91
PCL-12321,PRJ-1207,Madhya Pradesh,Gwalior,25.696814,78.46517,Industrial Corridor / SEZ,59.93,49,0.8176,1.223,68.0,84.0,0,96,47,0,154,0.372,Pending Disbursal,Declaration Published (Sec 19),Approved,Partial Possession (30-70%),Moderate,Very High,4,3,3,21.47,1,243
PCL-12322,PRJ-1129,Maharashtra,Thane,19.194154,79.083085,Urban Metro / Transit,96.45,281,2.9134,0.3432,76.0,63.0,0,0,15,0,241,0.475,Fully Disbursed,Declaration Published (Sec 19),Approved,Initial Stage (<30%),High / Cooperative,Low,1,4,2,17.54,0,39
PCL-12323,PRJ-1082,Rajasthan,Kota,25.113663,73.55108,Airport Infrastructure,129.77,486,3.7451,0.267,65.0,43.0,1,496,176,116,160,0.297,Disputed in Escrow,Declaration Published (Sec 19),Under Scrutiny,Initial Stage (<30%),Low / Resistant,Very High,4,2,2,66.2,1,411
PCL-12324,PRJ-1253,Odisha,Jajpur,21.213458,86.506808,Urban Metro / Transit,49.77,148,2.9737,0.3363,81.0,76.0,1,345,115,55,147,0.229,Pending Disbursal,Possession Taken (Sec 38),Pending Environmental Clearance,Substantial Possession (>70%),High / Cooperative,Medium,2,4,4,50.89,1,331
PCL-12325,PRJ-1174,Odisha,Angul,20.014043,84.838704,Irrigation / Water Canal,179.94,285,1.5839,0.6314,51.0,19.0,0,279,68,8,171,0.113,Pending Disbursal,Preliminary Notification (Sec 11),Approved,Initial Stage (<30%),Moderate,Low,1,3,2,39.53,0,46
PCL-12326,PRJ-1253,Odisha,Jajpur,22.062976,84.44053,Urban Metro / Transit,6.04,23,3.8079,0.2626,62.0,53.0,1,238,15,0,249,0.165,Pending Disbursal,Preliminary Notification (Sec 11),Approved,Contested / Encroached,High / Cooperative,High,3,4,1,56.42,0,41
PCL-12327,PRJ-1107,Rajasthan,Udaipur,26.661522,73.913837,Urban Metro / Transit,34.27,127,3.7059,0.2698,92.0,78.0,1,171,128,68,212,0.668,Partially Disbursed,Award Declared (Sec 23),Under Scrutiny,Partial Possession (30-70%),Hostile / Legal Injunction,High,3,1,3,55.03,1,554
PCL-12328,PRJ-1087,Tamil Nadu,Kanchipuram,12.253121,78.634997,Irrigation / Water Canal,8.69,26,2.9919,0.3342,73.0,69.0,0,0,108,48,207,0.468,Fully Disbursed,Possession Taken (Sec 38),Under Scrutiny,Substantial Possession (>70%),High / Cooperative,Medium,2,4,4,16.26,1,123
PCL-12329,PRJ-1021,Karnataka,Belagavi,13.893566,76.632283,Industrial Corridor / SEZ,15.75,11,0.6984,1.4317,71.0,21.0,1,124,38,0,308,0.678,Partially Disbursed,Notification Pending,Approved,Contested / Encroached,Low / Resistant,High,3,2,1,62.85,1,546
PCL-12330,PRJ-1096,Karnataka,Mysuru,15.854864,76.632562,Renewable / Solar Park,127.62,137,1.0735,0.9315,65.0,64.0,1,0,109,49,144,0.391,Fully Disbursed,Possession Taken (Sec 38),Resubmission Required,Contested / Encroached,High / Cooperative,Low,1,4,1,41.0,1,194
PCL-12331,PRJ-1004,Maharashtra,Nagpur,20.147321,76.580103,Irrigation / Water Canal,34.83,51,1.4643,0.6829,69.0,73.0,0,132,94,34,167,0.524,Partially Disbursed,Declaration Published (Sec 19),Conditional Clearance,Substantial Possession (>70%),High / Cooperative,Low,1,4,4,20.59,0,7
PCL-12332,PRJ-1213,Uttar Pradesh,Agra,25.475836,78.431741,Highway / Expressway,64.52,87,1.3484,0.7416,97.0,59.0,0,0,137,77,219,0.614,Fully Disbursed,Award Declared (Sec 23),Under Scrutiny,Partial Possession (30-70%),High / Cooperative,Low,1,4,3,12.91,0,16
PCL-12333,PRJ-1190,Madhya Pradesh,Jabalpur,24.613876,77.20454,Highway / Expressway,65.63,69,1.0513,0.9511,47.0,64.0,1,124,40,0,215,0.449,Pending Disbursal,Award Declared (Sec 23),Approved,Initial Stage (<30%),Moderate,High,3,3,2,56.11,1,392
PCL-12334,PRJ-1182,Karnataka,Kalaburagi,13.087696,76.942508,Railway & Freight Corridor,26.41,55,2.0825,0.4802,68.0,57.0,0,0,95,35,297,0.66,Fully Disbursed,Declaration Published (Sec 19),Resubmission Required,Partial Possession (30-70%),Moderate,Low,1,3,3,25.59,1,209
PCL-12335,PRJ-1183,Rajasthan,Udaipur,27.280192,71.107917,Airport Infrastructure,11.77,46,3.9082,0.2559,61.0,42.0,0,66,76,16,129,0.498,Partially Disbursed,Declaration Published (Sec 19),Approved,Full Possession,High / Cooperative,Medium,2,4,5,21.15,0,0
PCL-12336,PRJ-1258,Odisha,Cuttack,21.5958,85.308529,Industrial Corridor / SEZ,12.47,11,0.8821,1.1335,76.0,38.0,0,178,133,73,198,0.576,Pending Disbursal,Declaration Published (Sec 19),Under Scrutiny,Substantial Possession (>70%),Moderate,Low,1,3,4,29.49,1,212
PCL-12337,PRJ-1042,Gujarat,Bharuch,22.32991,72.952109,Railway & Freight Corridor,48.31,77,1.5939,0.6274,91.0,70.0,1,108,140,80,250,0.655,Partially Disbursed,Possession Taken (Sec 38),Conditional Clearance,Contested / Encroached,Low / Resistant,High,3,2,1,51.11,1,323
PCL-12338,PRJ-1072,Gujarat,Kutch,23.817231,69.578023,Railway & Freight Corridor,74.95,150,2.0013,0.4997,77.0,60.0,0,0,125,65,248,0.122,Fully Disbursed,Possession Taken (Sec 38),Pending Environmental Clearance,Full Possession,High / Cooperative,Medium,2,4,5,17.9,1,91
PCL-12339,PRJ-1106,Madhya Pradesh,Jabalpur,23.099864,81.373358,Highway / Expressway,36.2,76,2.0994,0.4763,56.0,56.0,1,140,136,76,263,0.661,Partially Disbursed,Award Declared (Sec 23),Conditional Clearance,Initial Stage (<30%),Low / Resistant,Very High,4,2,2,61.32,1,505
PCL-12340,PRJ-1014,Gujarat,Surat,21.127578,72.631772,Irrigation / Water Canal,26.23,42,1.6012,0.6245,85.0,34.0,0,0,149,89,30,0.336,Fully Disbursed,Award Declared (Sec 23),Conditional Clearance,Partial Possession (30-70%),High / Cooperative,Medium,2,4,3,10.72,0,22
PCL-12341,PRJ-1067,Odisha,Sundargarh,19.726078,84.463278,Airport Infrastructure,58.35,96,1.6452,0.6078,78.0,33.0,0,0,155,95,347,0.562,Fully Disbursed,Award Declared (Sec 23),Resubmission Required,Full Possession,Moderate,Low,1,3,5,27.86,0,19
PCL-12342,PRJ-1241,Madhya Pradesh,Gwalior,24.395019,79.155789,Railway & Freight Corridor,50.79,75,1.4767,0.6772,76.0,70.0,0,32,149,89,177,0.519,Partially Disbursed,Declaration Published (Sec 19),Under Scrutiny,Initial Stage (<30%),High / Cooperative,Low,1,4,2,15.75,1,204
PCL-12343,PRJ-1254,Andhra Pradesh,Krishna,15.175576,81.59876,Highway / Expressway,14.77,17,1.151,0.8688,86.0,81.0,0,100,111,51,209,0.763,Pending Disbursal,Award Declared (Sec 23),Conditional Clearance,Full Possession,High / Cooperative,Low,1,4,5,16.65,1,91
PCL-12344,PRJ-1103,Madhya Pradesh,Bhopal,22.586618,77.20186,Irrigation / Water Canal,42.5,43,1.0118,0.9883,41.0,18.0,1,569,79,19,165,0.68,Disputed in Escrow,Declaration Published (Sec 19),Under Scrutiny,Substantial Possession (>70%),Low / Resistant,Medium,2,2,4,73.69,1,536
PCL-12345,PRJ-1183,Rajasthan,Udaipur,25.912358,76.127689,Airport Infrastructure,27.36,99,3.6184,0.2764,60.0,30.0,0,163,133,73,175,0.238,Partially Disbursed,Notification Pending,Pending Environmental Clearance,Substantial Possession (>70%),High / Cooperative,Low,1,4,4,28.26,0,24
PCL-12346,PRJ-1233,Uttar Pradesh,Noida,26.719762,80.621053,Urban Metro / Transit,9.59,21,2.1898,0.4566,79.0,33.0,0,49,179,119,154,0.454,Partially Disbursed,Declaration Published (Sec 19),Conditional Clearance,Substantial Possession (>70%),High / Cooperative,Medium,2,4,4,18.69,1,92
PCL-12347,PRJ-1115,Madhya Pradesh,Jabalpur,24.754786,79.166628,Renewable / Solar Park,16.08,23,1.4303,0.6991,61.0,21.0,0,0,113,53,182,0.489,Fully Disbursed,Preliminary Notification (Sec 11),Under Scrutiny,Full Possession,Moderate,Low,1,3,5,26.28,0,8
PCL-12348,PRJ-1210,Rajasthan,Jaipur,26.25,74.0,Airport Infrastructure,21.93,41,1.8696,0.5349,83.0,30.0,0,0,150,90,137,0.51,Fully Disbursed,Notification Pending,Under Scrutiny,Partial Possession (30-70%),High / Cooperative,Medium,2,4,3,15.54,1,121
PCL-12349,PRJ-1207,Madhya Pradesh,Gwalior,25.476982,79.708652,Industrial Corridor / SEZ,5.0,4,0.8,1.2497,87.0,21.0,0,111,92,32,351,0.08,Partially Disbursed,Notification Pending,Approved,Full Possession,Moderate,Medium,2,3,5,31.97,1,218
PCL-12350,PRJ-1167,Gujarat,Surat,21.741435,70.77171,Airport Infrastructure,84.46,157,1.8589,0.538,84.0,79.0,1,90,17,0,145,0.681,Partially Disbursed,Notification Pending,Approved,Substantial Possession (>70%),Moderate,High,3,3,4,43.19,1,353
PCL-12351,PRJ-1211,Tamil Nadu,Coimbatore,10.324873,78.023442,Irrigation / Water Canal,13.44,13,0.9673,1.0338,80.0,67.0,0,49,97,37,227,0.513,Partially Disbursed,Award Declared (Sec 23),Approved,Substantial Possession (>70%),High / Cooperative,Medium,2,4,4,17.83,0,39
PCL-12352,PRJ-1029,Rajasthan,Jodhpur,26.25,74.0,Airport Infrastructure,27.91,86,3.0813,0.3245,84.0,73.0,0,0,101,41,339,0.665,Fully Disbursed,Award Declared (Sec 23),Pending Environmental Clearance,Partial Possession (30-70%),High / Cooperative,Low,1,4,3,18.61,0,41
PCL-12353,PRJ-1212,Karnataka,Dharwad,14.784559,76.78534,Highway / Expressway,32.85,33,1.0046,0.9954,60.0,75.0,0,159,194,134,167,0.532,Pending Disbursal,Preliminary Notification (Sec 11),Conditional Clearance,Full Possession,Hostile / Legal Injunction,Medium,2,1,5,34.55,1,333
PCL-12354,PRJ-1005,Gujarat,Ahmedabad,23.734144,69.145322,Industrial Corridor / SEZ,11.59,17,1.4668,0.6817,76.0,76.0,1,74,30,0,215,0.146,Partially Disbursed,Award Declared (Sec 23),Approved,Initial Stage (<30%),Moderate,Low,1,3,2,47.05,1,235
PCL-12355,PRJ-1008,Rajasthan,Udaipur,27.977021,72.698983,Railway & Freight Corridor,29.4,38,1.2925,0.7737,95.0,53.0,0,0,28,0,256,0.481,Fully Disbursed,Possession Taken (Sec 38),Approved,Substantial Possession (>70%),Moderate,Low,1,3,4,19.05,0,0
PCL-12356,PRJ-1222,Uttar Pradesh,Kanpur,25.478682,79.62866,Industrial Corridor / SEZ,66.65,116,1.7404,0.5746,86.0,84.0,1,330,32,0,280,0.37,Pending Disbursal,Preliminary Notification (Sec 11),Approved,Full Possession,High / Cooperative,Very High,4,4,5,53.46,1,334
PCL-12357,PRJ-1008,Rajasthan,Udaipur,25.066094,71.976478,Railway & Freight Corridor,66.17,92,1.3904,0.7192,94.0,72.0,0,37,32,0,232,0.491,Partially Disbursed,Possession Taken (Sec 38),Approved,Full Possession,High / Cooperative,Low,1,4,5,14.22,0,15
PCL-12358,PRJ-1248,Karnataka,Kalaburagi,15.770616,75.370375,Irrigation / Water Canal,93.45,154,1.6479,0.6068,57.0,30.0,1,88,114,54,242,0.425,Partially Disbursed,Notification Pending,Resubmission Required,Contested / Encroached,Low / Resistant,High,3,2,1,60.79,1,455
PCL-12359,PRJ-1257,Haryana,Faridabad,30.290397,76.63949,Railway & Freight Corridor,74.25,65,0.8754,1.1423,60.0,50.0,1,360,46,0,86,0.336,Pending Disbursal,Preliminary Notification (Sec 11),Approved,Contested / Encroached,Moderate,High,3,3,1,59.77,1,266
PCL-12360,PRJ-1219,Haryana,Panipat,29.892729,76.097983,Airport Infrastructure,121.18,221,1.8237,0.5483,76.0,67.0,0,0,72,12,293,0.29,Fully Disbursed,Award Declared (Sec 23),Approved,Partial Possession (30-70%),High / Cooperative,Low,1,4,3,19.09,0,19
PCL-12361,PRJ-1189,Haryana,Gurugram,29.477226,77.25532,Highway / Expressway,13.34,27,2.024,0.4941,90.0,35.0,0,80,23,0,142,0.423,Partially Disbursed,Declaration Published (Sec 19),Approved,Substantial Possession (>70%),High / Cooperative,Low,1,4,4,17.11,0,17
PCL-12362,PRJ-1170,Maharashtra,Pune,18.658956,73.933663,Renewable / Solar Park,39.17,41,1.0467,0.9553,53.0,89.0,0,222,170,110,280,0.682,Pending Disbursal,Preliminary Notification (Sec 11),Under Scrutiny,Substantial Possession (>70%),High / Cooperative,Medium,2,4,4,30.12,0,43
PCL-12363,PRJ-1071,Maharashtra,Pune,18.130527,73.124114,Railway & Freight Corridor,158.33,113,0.7137,1.4011,42.0,29.0,1,364,20,0,337,0.193,Disputed in Escrow,Declaration Published (Sec 19),Approved,Contested / Encroached,Low / Resistant,Medium,2,2,1,78.8,1,471
PCL-12364,PRJ-1084,Andhra Pradesh,Guntur,16.895607,80.126775,Irrigation / Water Canal,52.09,110,2.1117,0.4735,82.0,46.0,0,0,151,91,199,0.549,Fully Disbursed,Declaration Published (Sec 19),Under Scrutiny,Partial Possession (30-70%),Low / Resistant,Medium,2,2,3,23.96,1,291
PCL-12365,PRJ-1064,Madhya Pradesh,Jabalpur,25.713085,75.745474,Industrial Corridor / SEZ,18.6,19,1.0215,0.9789,88.0,38.0,0,0,95,35,257,0.388,Fully Disbursed,Declaration Published (Sec 19),Approved,Partial Possession (30-70%),Moderate,Medium,2,3,3,21.99,0,15
PCL-12366,PRJ-1169,Tamil Nadu,Salem,10.619584,78.409624,Urban Metro / Transit,13.31,64,4.8084,0.208,69.0,62.0,1,278,95,35,204,0.813,Pending Disbursal,Preliminary Notification (Sec 11),Under Scrutiny,Partial Possession (30-70%),Low / Resistant,High,3,2,3,61.57,1,445
PCL-12367,PRJ-1160,Rajasthan,Kota,28.306943,72.129537,Railway & Freight Corridor,105.03,86,0.8188,1.2213,89.0,89.0,0,351,108,48,312,0.38,Pending Disbursal,Preliminary Notification (Sec 11),Under Scrutiny,Contested / Encroached,Moderate,Low,1,3,1,33.17,0,24
PCL-12368,PRJ-1088,Uttar Pradesh,Prayagraj,26.777144,78.213403,Airport Infrastructure,59.7,93,1.5578,0.6419,60.0,59.0,0,160,153,93,371,0.461,Partially Disbursed,Preliminary Notification (Sec 11),Under Scrutiny,Initial Stage (<30%),Moderate,High,3,3,2,36.34,1,237
PCL-12369,PRJ-1109,Andhra Pradesh,Kurnool,15.637134,81.912977,Renewable / Solar Park,25.44,42,1.6509,0.6057,83.0,62.0,1,432,121,61,188,0.341,Disputed in Escrow,Possession Taken (Sec 38),Under Scrutiny,Partial Possession (30-70%),Moderate,High,3,3,3,58.0,1,364
PCL-12370,PRJ-1136,Rajasthan,Jaipur,27.545024,72.497164,Irrigation / Water Canal,52.61,54,1.0264,0.9742,82.0,76.0,0,0,146,86,449,0.526,Fully Disbursed,Notification Pending,Pending Environmental Clearance,Initial Stage (<30%),High / Cooperative,Low,1,4,2,21.0,0,18
PCL-12371,PRJ-1223,Andhra Pradesh,Guntur,14.603986,81.684406,Industrial Corridor / SEZ,31.67,43,1.3578,0.7365,61.0,45.0,1,270,102,42,178,0.607,Pending Disbursal,Award Declared (Sec 23),Under Scrutiny,Partial Possession (30-70%),Hostile / Legal Injunction,High,3,1,3,67.32,1,557
PCL-12372,PRJ-1072,Gujarat,Kutch,21.401722,72.948193,Railway & Freight Corridor,15.12,8,0.5291,1.8898,37.0,49.0,1,554,146,86,177,0.252,Disputed in Escrow,Declaration Published (Sec 19),Under Scrutiny,Full Possession,Hostile / Legal Injunction,Medium,2,1,5,75.59,1,525
PCL-12373,PRJ-1031,Maharashtra,Aurangabad,19.713164,79.396511,Irrigation / Water Canal,14.36,30,2.0891,0.4787,63.0,62.0,0,0,41,0,210,0.725,Fully Disbursed,Preliminary Notification (Sec 11),Approved,Full Possession,High / Cooperative,High,3,4,5,19.08,0,39
PCL-12374,PRJ-1185,Madhya Pradesh,Bhopal,24.991087,80.763637,Renewable / Solar Park,31.63,35,1.1065,0.9037,46.0,37.0,0,85,15,0,274,0.675,Partially Disbursed,Declaration Published (Sec 19),Approved,Substantial Possession (>70%),High / Cooperative,Medium,2,4,4,30.87,1,175
PCL-12375,PRJ-1153,Tamil Nadu,Salem,10.388186,79.017326,Renewable / Solar Park,7.07,15,2.1216,0.4713,83.0,65.0,0,176,107,47,412,0.779,Partially Disbursed,Award Declared (Sec 23),Approved,Initial Stage (<30%),Low / Resistant,Medium,2,2,2,36.63,1,326
PCL-12376,PRJ-1256,Tamil Nadu,Coimbatore,11.25,78.6,Industrial Corridor / SEZ,105.2,125,1.1882,0.8416,84.0,55.0,1,638,153,93,214,0.49,Disputed in Escrow,Award Declared (Sec 23),Conditional Clearance,Partial Possession (30-70%),Low / Resistant,Low,1,2,3,63.23,1,467
PCL-12377,PRJ-1260,Uttar Pradesh,Noida,28.027878,78.985824,Airport Infrastructure,81.3,290,3.567,0.2803,74.0,67.0,0,66,200,140,241,0.3,Partially Disbursed,Possession Taken (Sec 38),Conditional Clearance,Substantial Possession (>70%),Low / Resistant,High,3,2,4,27.75,1,332
PCL-12378,PRJ-1144,Uttar Pradesh,Noida,28.117599,78.921568,Urban Metro / Transit,38.43,119,3.0965,0.3229,73.0,22.0,0,56,93,33,176,0.398,Partially Disbursed,Possession Taken (Sec 38),Approved,Partial Possession (30-70%),Low / Resistant,Low,1,2,3,29.6,1,224
PCL-12379,PRJ-1142,Madhya Pradesh,Gwalior,26.355374,76.830256,Industrial Corridor / SEZ,66.32,120,1.8094,0.5527,90.0,85.0,1,208,15,0,132,0.474,Pending Disbursal,Notification Pending,Approved,Substantial Possession (>70%),High / Cooperative,Low,1,4,4,42.0,1,227
PCL-12380,PRJ-1070,Rajasthan,Jaipur,27.162338,75.797476,Irrigation / Water Canal,20.33,32,1.574,0.6353,77.0,60.0,0,0,142,82,312,0.282,Fully Disbursed,Award Declared (Sec 23),Under Scrutiny,Full Possession,High / Cooperative,Medium,2,4,5,20.3,0,0
PCL-12381,PRJ-1070,Rajasthan,Jaipur,25.996355,76.544391,Irrigation / Water Canal,146.91,187,1.2729,0.7856,66.0,51.0,1,97,102,42,307,0.359,Partially Disbursed,Declaration Published (Sec 19),Pending Environmental Clearance,Partial Possession (30-70%),Moderate,High,3,3,3,55.95,1,366
PCL-12382,PRJ-1100,Rajasthan,Udaipur,27.268199,71.835843,Railway & Freight Corridor,11.51,2,0.1738,5.7521,80.0,12.0,1,130,15,0,199,0.674,Pending Disbursal,Award Declared (Sec 23),Approved,Full Possession,Low / Resistant,Very High,4,2,5,58.1,1,447
PCL-12383,PRJ-1251,Rajasthan,Udaipur,25.990499,72.024291,Railway & Freight Corridor,42.32,47,1.1106,0.9004,64.0,83.0,0,128,183,123,190,0.469,Partially Disbursed,Notification Pending,Under Scrutiny,Substantial Possession (>70%),Low / Resistant,High,3,2,4,28.79,1,330
PCL-12384,PRJ-1111,Karnataka,Kalaburagi,16.835473,74.768506,Industrial Corridor / SEZ,40.61,91,2.2408,0.4463,65.0,19.0,1,173,122,62,178,0.166,Partially Disbursed,Notification Pending,Under Scrutiny,Substantial Possession (>70%),High / Cooperative,Medium,2,4,4,53.88,1,269
PCL-12385,PRJ-1186,Gujarat,Surat,21.200045,71.789866,Airport Infrastructure,24.57,93,3.7851,0.2642,60.0,80.0,0,0,174,114,161,0.327,Fully Disbursed,Declaration Published (Sec 19),Under Scrutiny,Contested / Encroached,Moderate,Medium,2,3,1,19.79,0,7
PCL-12386,PRJ-1044,Madhya Pradesh,Jabalpur,25.315138,78.360043,Urban Metro / Transit,16.47,22,1.3358,0.7486,47.0,77.0,0,125,166,106,184,0.352,Partially Disbursed,Notification Pending,Under Scrutiny,Initial Stage (<30%),Moderate,Very High,4,3,2,28.69,1,260
PCL-12387,PRJ-1077,Uttar Pradesh,Kanpur,26.450715,81.917382,Railway & Freight Corridor,20.7,16,0.7729,1.2937,79.0,83.0,1,424,97,37,189,0.714,Disputed in Escrow,Preliminary Notification (Sec 11),Pending Environmental Clearance,Contested / Encroached,High / Cooperative,Low,1,4,1,52.99,1,258
PCL-12388,PRJ-1143,Gujarat,Rajkot,22.056792,70.129368,Irrigation / Water Canal,22.11,43,1.9448,0.5142,74.0,42.0,0,0,38,0,423,0.126,Fully Disbursed,Declaration Published (Sec 19),Approved,Full Possession,Moderate,Medium,2,3,5,29.75,0,4
PCL-12389,PRJ-1238,Andhra Pradesh,Nellore,18.212735,78.61344,Railway & Freight Corridor,78.14,75,0.9598,1.0419,40.0,28.0,1,0,178,118,249,0.324,Fully Disbursed,Notification Pending,Under Scrutiny,Substantial Possession (>70%),High / Cooperative,High,3,4,4,53.54,1,408
PCL-12390,PRJ-1145,Tamil Nadu,Tiruchirappalli,12.742461,78.491057,Urban Metro / Transit,35.69,59,1.6531,0.6049,68.0,90.0,1,36,15,0,165,0.441,Partially Disbursed,Preliminary Notification (Sec 11),Approved,Initial Stage (<30%),Low / Resistant,Very High,4,2,2,47.57,1,367
PCL-12391,PRJ-1179,Gujarat,Vadodara,22.545456,72.488028,Airport Infrastructure,26.51,66,2.4896,0.4017,34.0,82.0,0,177,93,33,184,0.53,Partially Disbursed,Preliminary Notification (Sec 11),Approved,Full Possession,Moderate,Medium,2,3,5,32.92,1,159
PCL-12392,PRJ-1225,Odisha,Sundargarh,20.007536,84.719891,Airport Infrastructure,5.0,15,3.0,0.3333,78.0,79.0,0,116,139,79,237,0.505,Partially Disbursed,Preliminary Notification (Sec 11),Under Scrutiny,Full Possession,High / Cooperative,Low,1,4,5,20.15,0,21
PCL-12393,PRJ-1158,Haryana,Karnal,29.953752,77.295831,Urban Metro / Transit,83.66,288,3.4425,0.2905,64.0,66.0,0,96,69,9,181,0.482,Partially Disbursed,Possession Taken (Sec 38),Approved,Substantial Possession (>70%),Moderate,Medium,2,3,4,25.08,1,199
PCL-12394,PRJ-1100,Rajasthan,Udaipur,28.137894,74.618167,Railway & Freight Corridor,287.32,263,0.9154,1.0925,48.0,41.0,1,546,63,3,319,0.578,Disputed in Escrow,Possession Taken (Sec 38),Approved,Contested / Encroached,Moderate,High,3,3,1,72.01,1,514
PCL-12395,PRJ-1215,Uttar Pradesh,Agra,26.966375,82.02319,Irrigation / Water Canal,28.46,45,1.5812,0.6324,70.0,70.0,0,0,244,184,314,0.512,Fully Disbursed,Award Declared (Sec 23),Under Scrutiny,Initial Stage (<30%),Moderate,Medium,2,3,2,24.52,1,219
PCL-12396,PRJ-1224,Gujarat,Vadodara,22.377418,69.715439,Industrial Corridor / SEZ,14.13,23,1.6277,0.6143,52.0,38.0,1,410,194,134,225,0.42,Disputed in Escrow,Notification Pending,Under Scrutiny,Partial Possession (30-70%),Low / Resistant,High,3,2,3,71.74,1,501
PCL-12397,PRJ-1027,Rajasthan,Jodhpur,24.368909,71.994635,Industrial Corridor / SEZ,49.97,78,1.5609,0.6406,70.0,33.0,0,0,186,126,305,0.423,Fully Disbursed,Notification Pending,Under Scrutiny,Full Possession,High / Cooperative,High,3,4,5,24.14,0,55
PCL-12398,PRJ-1127,Andhra Pradesh,Kurnool,18.390891,80.198845,Urban Metro / Transit,96.26,141,1.4648,0.6827,70.0,90.0,0,129,37,0,160,0.46,Partially Disbursed,Award Declared (Sec 23),Approved,Substantial Possession (>70%),High / Cooperative,Medium,2,4,4,18.3,0,11
PCL-12399,PRJ-1092,Haryana,Karnal,30.415801,77.259877,Renewable / Solar Park,5.56,12,2.1583,0.4633,59.0,61.0,0,86,173,113,223,0.583,Partially Disbursed,Declaration Published (Sec 19),Under Scrutiny,Full Possession,High / Cooperative,Low,1,4,5,24.0,0,40
PCL-12400,PRJ-1255,Haryana,Hisar,28.332744,76.241991,Highway / Expressway,29.86,60,2.0094,0.4977,46.0,18.0,1,36,202,142,311,0.394,Partially Disbursed,Notification Pending,Conditional Clearance,Initial Stage (<30%),Hostile / Legal Injunction,Very High,4,1,2,68.39,1,553
PCL-12401,PRJ-1179,Gujarat,Vadodara,23.334248,69.556611,Airport Infrastructure,19.19,42,2.1886,0.4569,78.0,45.0,0,0,220,160,277,0.543,Fully Disbursed,Preliminary Notification (Sec 11),Under Scrutiny,Partial Possession (30-70%),High / Cooperative,Medium,2,4,3,20.29,0,49
PCL-12402,PRJ-1171,Maharashtra,Nashik,20.708933,78.241665,Airport Infrastructure,13.53,36,2.6608,0.3758,90.0,48.0,0,0,103,43,170,0.639,Fully Disbursed,Award Declared (Sec 23),Approved,Initial Stage (<30%),High / Cooperative,Medium,2,4,2,13.57,0,41
PCL-12403,PRJ-1174,Odisha,Angul,21.251013,84.387527,Irrigation / Water Canal,38.49,35,0.9093,1.0997,72.0,70.0,1,488,156,96,126,0.278,Disputed in Escrow,Possession Taken (Sec 38),Pending Environmental Clearance,Contested / Encroached,Low / Resistant,Medium,2,2,1,60.82,1,410
PCL-12404,PRJ-1015,Rajasthan,Alwar,27.290015,75.777482,Renewable / Solar Park,6.06,3,0.495,2.0193,69.0,58.0,0,212,110,50,265,0.592,Pending Disbursal,Declaration Published (Sec 19),Pending Environmental Clearance,Full Possession,High / Cooperative,Low,1,4,5,29.05,1,136
PCL-12405,PRJ-1041,Andhra Pradesh,Krishna,17.260116,81.286333,Irrigation / Water Canal,25.76,51,1.9798,0.5051,80.0,78.0,0,0,15,0,139,0.216,Fully Disbursed,Possession Taken (Sec 38),Approved,Initial Stage (<30%),Moderate,High,3,3,2,15.16,0,36
PCL-12406,PRJ-1041,Andhra Pradesh,Krishna,18.0388,82.420972,Irrigation / Water Canal,9.61,10,1.0406,0.9609,78.0,76.0,1,281,89,29,119,0.275,Pending Disbursal,Notification Pending,Approved,Substantial Possession (>70%),Hostile / Legal Injunction,High,3,1,4,59.06,1,397
PCL-12407,PRJ-1256,Tamil Nadu,Coimbatore,10.595861,77.899567,Industrial Corridor / SEZ,38.49,54,1.403,0.7128,94.0,78.0,1,158,56,0,381,0.672,Partially Disbursed,Notification Pending,Under Scrutiny,Partial Possession (30-70%),High / Cooperative,Medium,2,4,3,49.18,1,186
PCL-12408,PRJ-1089,Andhra Pradesh,Krishna,14.411494,78.839063,Highway / Expressway,53.14,43,0.8092,1.2358,76.0,60.0,0,70,73,13,215,0.269,Partially Disbursed,Preliminary Notification (Sec 11),Approved,Partial Possession (30-70%),Low / Resistant,Low,1,2,3,27.24,1,233
PCL-12409,PRJ-1063,Uttar Pradesh,Varanasi,25.769514,83.287132,Railway & Freight Corridor,102.4,158,1.543,0.6481,50.0,47.0,0,0,15,0,296,0.4,Fully Disbursed,Award Declared (Sec 23),Approved,Initial Stage (<30%),Moderate,Low,1,3,2,30.15,1,91
PCL-12410,PRJ-1187,Andhra Pradesh,Krishna,17.70221,81.317094,Industrial Corridor / SEZ,73.33,48,0.6546,1.5277,66.0,96.0,1,0,42,0,169,0.178,Fully Disbursed,Award Declared (Sec 23),Approved,Initial Stage (<30%),Low / Resistant,Very High,4,2,2,46.04,1,212
PCL-12411,PRJ-1044,Madhya Pradesh,Jabalpur,25.97455,77.621964,Urban Metro / Transit,32.61,119,3.6492,0.274,48.0,66.0,0,320,114,54,214,0.271,Pending Disbursal,Possession Taken (Sec 38),Pending Environmental Clearance,Contested / Encroached,High / Cooperative,Low,1,4,1,34.98,0,40
PCL-12412,PRJ-1198,Maharashtra,Thane,19.212525,74.660931,Renewable / Solar Park,56.64,109,1.9244,0.5196,68.0,94.0,1,355,196,136,82,0.255,Disputed in Escrow,Declaration Published (Sec 19),Under Scrutiny,Partial Possession (30-70%),High / Cooperative,Low,1,4,3,49.66,0,66
PCL-12413,PRJ-1037,Karnataka,Belagavi,14.955956,74.748474,Renewable / Solar Park,11.96,23,1.9231,0.52,76.0,70.0,1,339,193,133,180,0.366,Pending Disbursal,Declaration Published (Sec 19),Under Scrutiny,Partial Possession (30-70%),High / Cooperative,Medium,2,4,3,53.48,1,288
PCL-12414,PRJ-1221,Tamil Nadu,Salem,9.811817,79.219478,Industrial Corridor / SEZ,5.0,2,0.4,2.4988,83.0,64.0,1,419,88,28,57,0.596,Disputed in Escrow,Declaration Published (Sec 19),Under Scrutiny,Partial Possession (30-70%),Low / Resistant,Low,1,2,3,56.64,1,423
PCL-12415,PRJ-1195,Andhra Pradesh,Visakhapatnam,17.571788,78.734494,Renewable / Solar Park,53.05,63,1.1876,0.8421,26.0,42.0,1,52,104,44,286,0.558,Partially Disbursed,Award Declared (Sec 23),Approved,Substantial Possession (>70%),Moderate,Very High,4,3,4,62.21,1,416
PCL-12416,PRJ-1123,Odisha,Angul,20.178718,84.103509,Highway / Expressway,71.2,53,0.7444,1.3434,34.0,44.0,1,385,24,0,218,0.609,Disputed in Escrow,Award Declared (Sec 23),Approved,Initial Stage (<30%),Hostile / Legal Injunction,High,3,1,2,78.23,1,662
PCL-12417,PRJ-1191,Haryana,Karnal,28.370231,76.100144,Highway / Expressway,67.01,57,0.8506,1.1756,97.0,93.0,0,0,247,187,308,0.285,Fully Disbursed,Possession Taken (Sec 38),Pending Environmental Clearance,Full Possession,High / Cooperative,Medium,2,4,5,12.85,0,6
PCL-12418,PRJ-1109,Andhra Pradesh,Kurnool,15.446477,82.643551,Renewable / Solar Park,67.49,130,1.9262,0.5191,70.0,36.0,0,52,86,26,388,0.443,Partially Disbursed,Declaration Published (Sec 19),Approved,Initial Stage (<30%),Moderate,High,3,3,2,32.84,0,50
PCL-12419,PRJ-1222,Uttar Pradesh,Kanpur,28.359481,79.386191,Industrial Corridor / SEZ,27.78,46,1.6559,0.6039,82.0,61.0,1,365,148,88,256,0.607,Pending Disbursal,Possession Taken (Sec 38),Under Scrutiny,Substantial Possession (>70%),Low / Resistant,High,3,2,4,64.6,1,491
PCL-12420,PRJ-1168,Haryana,Panipat,30.316922,76.285442,Airport Infrastructure,26.72,43,1.6093,0.6214,33.0,81.0,1,140,34,0,169,0.742,Partially Disbursed,Declaration Published (Sec 19),Approved,Partial Possession (30-70%),Low / Resistant,Low,1,2,3,59.89,1,354
PCL-12421,PRJ-1216,Gujarat,Kutch,23.090676,69.789731,Railway & Freight Corridor,15.95,23,1.442,0.6934,68.0,52.0,1,164,211,151,30,0.219,Partially Disbursed,Award Declared (Sec 23),Conditional Clearance,Initial Stage (<30%),Low / Resistant,High,3,2,2,51.56,1,504
PCL-12422,PRJ-1247,Rajasthan,Jodhpur,26.534193,75.996898,Airport Infrastructure,26.35,108,4.0987,0.244,65.0,41.0,1,598,177,117,257,0.263,Disputed in Escrow,Possession Taken (Sec 38),Conditional Clearance,Initial Stage (<30%),Moderate,Low,1,3,2,66.29,1,327
PCL-12423,PRJ-1161,Andhra Pradesh,Visakhapatnam,17.816671,81.681909,Industrial Corridor / SEZ,11.76,12,1.0204,0.9799,91.0,84.0,0,55,15,0,318,0.171,Partially Disbursed,Declaration Published (Sec 19),Approved,Initial Stage (<30%),Moderate,High,3,3,2,21.34,0,23
PCL-12424,PRJ-1039,Madhya Pradesh,Indore,24.567377,79.107034,Renewable / Solar Park,23.32,35,1.5009,0.6663,63.0,62.0,0,228,141,81,203,0.318,Pending Disbursal,Possession Taken (Sec 38),Under Scrutiny,Substantial Possession (>70%),High / Cooperative,Medium,2,4,4,28.18,1,155
PCL-12425,PRJ-1209,Haryana,Panipat,28.570959,77.054782,Irrigation / Water Canal,34.94,45,1.2879,0.7764,91.0,82.0,0,0,108,48,338,0.473,Fully Disbursed,Declaration Published (Sec 19),Approved,Full Possession,Moderate,Very High,4,3,5,20.03,0,20
PCL-12426,PRJ-1047,Karnataka,Dharwad,17.226607,74.596379,Renewable / Solar Park,69.1,57,0.8249,1.2123,84.0,62.0,0,102,131,71,418,0.431,Partially Disbursed,Preliminary Notification (Sec 11),Under Scrutiny,Initial Stage (<30%),High / Cooperative,Medium,2,4,2,26.19,1,148
PCL-12427,PRJ-1153,Tamil Nadu,Salem,10.19473,79.989005,Renewable / Solar Park,18.14,12,0.6615,1.5115,74.0,60.0,0,93,84,24,258,0.347,Partially Disbursed,Declaration Published (Sec 19),Under Scrutiny,Initial Stage (<30%),High / Cooperative,Low,1,4,2,22.7,0,17
PCL-12428,PRJ-1239,Uttar Pradesh,Agra,25.133108,79.48099,Railway & Freight Corridor,132.48,78,0.5888,1.6984,71.0,30.0,1,329,51,0,262,0.417,Pending Disbursal,Possession Taken (Sec 38),Approved,Initial Stage (<30%),Moderate,High,3,3,2,64.9,1,431
PCL-12429,PRJ-1124,Haryana,Panipat,30.302886,75.795515,Railway & Freight Corridor,25.61,60,2.3428,0.4268,69.0,69.0,0,0,37,0,314,0.666,Fully Disbursed,Award Declared (Sec 23),Approved,Full Possession,Moderate,Medium,2,3,5,24.83,1,169
PCL-12430,PRJ-1116,Tamil Nadu,Coimbatore,10.697681,78.010952,Irrigation / Water Canal,152.87,273,1.7858,0.56,94.0,86.0,1,309,31,0,341,0.51,Pending Disbursal,Preliminary Notification (Sec 11),Approved,Initial Stage (<30%),Low / Resistant,Medium,2,2,2,60.59,1,335
PCL-12431,PRJ-1066,Haryana,Faridabad,29.50732,75.890541,Industrial Corridor / SEZ,56.06,102,1.8195,0.5496,76.0,58.0,1,230,165,105,152,0.267,Disputed in Escrow,Declaration Published (Sec 19),Pending Environmental Clearance,Contested / Encroached,Hostile / Legal Injunction,High,3,1,1,60.4,1,457
PCL-12432,PRJ-1026,Gujarat,Ahmedabad,22.316326,71.129219,Industrial Corridor / SEZ,22.21,43,1.9361,0.5165,39.0,43.0,0,103,158,98,179,0.422,Partially Disbursed,Possession Taken (Sec 38),Under Scrutiny,Full Possession,Low / Resistant,Medium,2,2,5,36.35,1,349
PCL-12433,PRJ-1068,Maharashtra,Pune,19.798761,76.913507,Irrigation / Water Canal,42.77,33,0.7716,1.296,71.0,46.0,0,0,23,0,227,0.341,Fully Disbursed,Possession Taken (Sec 38),Approved,Full Possession,High / Cooperative,Medium,2,4,5,19.71,0,25
PCL-12434,PRJ-1186,Gujarat,Surat,21.963669,71.989013,Airport Infrastructure,93.54,156,1.6677,0.5996,94.0,92.0,0,0,222,162,221,0.383,Fully Disbursed,Declaration Published (Sec 19),Resubmission Required,Full Possession,High / Cooperative,Medium,2,4,5,10.29,0,32
PCL-12435,PRJ-1167,Gujarat,Surat,22.784316,69.251776,Airport Infrastructure,15.64,47,3.0051,0.3328,95.0,50.0,1,98,42,0,264,0.385,Partially Disbursed,Award Declared (Sec 23),Approved,Contested / Encroached,Moderate,High,3,3,1,48.68,1,403
PCL-12436,PRJ-1215,Uttar Pradesh,Agra,27.050014,79.415566,Irrigation / Water Canal,34.84,36,1.0333,0.9678,78.0,42.0,1,68,181,121,135,0.286,Partially Disbursed,Declaration Published (Sec 19),Pending Environmental Clearance,Contested / Encroached,Hostile / Legal Injunction,High,3,1,1,54.31,1,342
PCL-12437,PRJ-1164,Haryana,Karnal,28.427305,76.516363,Urban Metro / Transit,68.27,266,3.8963,0.2567,69.0,40.0,1,336,15,0,293,0.257,Pending Disbursal,Preliminary Notification (Sec 11),Approved,Contested / Encroached,Hostile / Legal Injunction,High,3,1,1,73.25,1,655
PCL-12438,PRJ-1191,Haryana,Karnal,28.573314,75.577103,Highway / Expressway,23.97,41,1.7105,0.5846,70.0,40.0,1,355,104,44,232,0.179,Disputed in Escrow,Notification Pending,Conditional Clearance,Partial Possession (30-70%),Low / Resistant,High,3,2,3,67.79,1,460
PCL-12439,PRJ-1229,Odisha,Angul,21.850243,84.815953,Highway / Expressway,38.52,62,1.6096,0.6213,78.0,67.0,0,0,200,140,240,0.127,Fully Disbursed,Possession Taken (Sec 38),Under Scrutiny,Full Possession,High / Cooperative,Medium,2,4,5,16.7,0,16
PCL-12440,PRJ-1216,Gujarat,Kutch,22.899395,70.018965,Railway & Freight Corridor,20.5,36,1.7561,0.5694,59.0,63.0,0,135,24,0,219,0.498,Partially Disbursed,Notification Pending,Approved,Partial Possession (30-70%),Moderate,High,3,3,3,29.41,1,244
PCL-12441,PRJ-1211,Tamil Nadu,Coimbatore,12.04848,78.08198,Irrigation / Water Canal,10.23,7,0.6843,1.4612,81.0,44.0,0,0,73,13,253,0.734,Fully Disbursed,Notification Pending,Approved,Partial Possession (30-70%),High / Cooperative,Medium,2,4,3,18.89,0,57
PCL-12442,PRJ-1256,Tamil Nadu,Coimbatore,10.896003,79.14132,Industrial Corridor / SEZ,5.0,2,0.4,2.4988,79.0,48.0,0,0,45,0,135,0.382,Fully Disbursed,Possession Taken (Sec 38),Approved,Partial Possession (30-70%),Moderate,High,3,3,3,18.21,1,167
PCL-12443,PRJ-1118,Karnataka,Kalaburagi,16.006162,75.982651,Industrial Corridor / SEZ,22.35,11,0.4922,2.0316,47.0,77.0,0,65,115,55,146,0.546,Partially Disbursed,Preliminary Notification (Sec 11),Approved,Full Possession,Moderate,Low,1,3,5,24.8,0,24
PCL-12444,PRJ-1066,Haryana,Faridabad,28.832562,76.94147,Industrial Corridor / SEZ,37.92,38,1.0021,0.9979,88.0,51.0,0,146,59,0,264,0.414,Partially Disbursed,Declaration Published (Sec 19),Approved,Substantial Possession (>70%),Moderate,Medium,2,3,4,26.95,1,208
PCL-12445,PRJ-1074,Gujarat,Kutch,23.76357,70.400294,Irrigation / Water Canal,28.83,19,0.659,1.5173,82.0,60.0,0,0,15,0,390,0.552,Fully Disbursed,Possession Taken (Sec 38),Approved,Substantial Possession (>70%),High / Cooperative,Medium,2,4,4,22.22,1,91
PCL-12446,PRJ-1103,Madhya Pradesh,Bhopal,23.641496,79.89614,Irrigation / Water Canal,20.75,29,1.3976,0.7155,39.0,47.0,1,279,71,11,272,0.41,Pending Disbursal,Preliminary Notification (Sec 11),Approved,Contested / Encroached,Moderate,Very High,4,3,1,67.92,1,412
PCL-12447,PRJ-1157,Odisha,Angul,21.026191,86.473979,Railway & Freight Corridor,237.7,336,1.4135,0.7074,75.0,43.0,0,114,160,100,187,0.226,Partially Disbursed,Declaration Published (Sec 19),Under Scrutiny,Initial Stage (<30%),Moderate,Low,1,3,2,26.15,0,24
PCL-12448,PRJ-1151,Karnataka,Bengaluru Rural,16.232469,75.839198,Renewable / Solar Park,50.28,96,1.9093,0.5237,81.0,28.0,1,107,15,0,212,0.316,Partially Disbursed,Possession Taken (Sec 38),Approved,Partial Possession (30-70%),Low / Resistant,Low,1,2,3,55.85,1,267
PCL-12449,PRJ-1114,Odisha,Sundargarh,20.671717,85.897566,Highway / Expressway,20.44,19,0.9295,1.0757,56.0,65.0,1,171,139,79,286,0.438,Pending Disbursal,Award Declared (Sec 23),Pending Environmental Clearance,Full Possession,Low / Resistant,Very High,4,2,5,62.55,1,432
PCL-12450,PRJ-1172,Rajasthan,Jaipur,27.513371,73.570325,Airport Infrastructure,11.25,44,3.9111,0.2557,68.0,86.0,1,287,15,0,306,0.553,Disputed in Escrow,Declaration Published (Sec 19),Approved,Contested / Encroached,Moderate,High,3,3,1,59.82,1,287
PCL-12451,PRJ-1156,Haryana,Gurugram,29.772816,77.225741,Irrigation / Water Canal,154.07,275,1.7849,0.5603,73.0,36.0,1,552,168,108,236,0.544,Disputed in Escrow,Award Declared (Sec 23),Under Scrutiny,Substantial Possession (>70%),Low / Resistant,Very High,4,2,4,68.15,1,600
PCL-12452,PRJ-1129,Maharashtra,Thane,20.588192,79.310102,Urban Metro / Transit,28.86,89,3.0839,0.3243,93.0,25.0,0,0,101,41,310,0.758,Fully Disbursed,Possession Taken (Sec 38),Approved,Full Possession,High / Cooperative,Low,1,4,5,20.52,1,158
PCL-12453,PRJ-1087,Tamil Nadu,Kanchipuram,11.257322,78.751582,Irrigation / Water Canal,9.71,16,1.6478,0.6068,82.0,66.0,0,176,131,71,363,0.251,Pending Disbursal,Award Declared (Sec 23),Resubmission Required,Substantial Possession (>70%),Moderate,Medium,2,3,4,31.6,0,46
PCL-12454,PRJ-1010,Madhya Pradesh,Indore,25.367211,79.403157,Irrigation / Water Canal,24.73,44,1.7792,0.562,60.0,62.0,1,308,135,75,203,0.552,Pending Disbursal,Notification Pending,Conditional Clearance,Partial Possession (30-70%),Low / Resistant,Medium,2,2,3,64.57,1,486
PCL-12455,PRJ-1154,Maharashtra,Pune,18.841911,78.490604,Irrigation / Water Canal,11.36,18,1.5845,0.6311,83.0,58.0,0,169,15,0,324,0.299,Partially Disbursed,Preliminary Notification (Sec 11),Approved,Substantial Possession (>70%),Moderate,Low,1,3,4,30.45,1,130
PCL-12456,PRJ-1035,Uttar Pradesh,Prayagraj,27.785303,81.535167,Irrigation / Water Canal,47.42,75,1.5816,0.6323,81.0,55.0,0,171,45,0,277,0.135,Partially Disbursed,Preliminary Notification (Sec 11),Approved,Partial Possession (30-70%),Low / Resistant,Low,1,2,3,33.21,1,143
PCL-12457,PRJ-1015,Rajasthan,Alwar,24.387827,72.318862,Renewable / Solar Park,77.11,97,1.2579,0.7949,54.0,68.0,0,0,32,0,204,0.536,Fully Disbursed,Preliminary Notification (Sec 11),Approved,Full Possession,High / Cooperative,Medium,2,4,5,20.05,0,0
PCL-12458,PRJ-1203,Rajasthan,Jaipur,26.853503,75.095826,Irrigation / Water Canal,11.74,12,1.0221,0.9783,88.0,40.0,0,0,48,0,76,0.361,Fully Disbursed,Possession Taken (Sec 38),Approved,Full Possession,High / Cooperative,Low,1,4,5,11.25,0,41
PCL-12459,PRJ-1248,Karnataka,Kalaburagi,13.467759,77.21798,Irrigation / Water Canal,10.93,2,0.183,5.4623,49.0,70.0,0,0,213,153,173,0.463,Fully Disbursed,Possession Taken (Sec 38),Under Scrutiny,Full Possession,High / Cooperative,Low,1,4,5,19.69,0,58
PCL-12460,PRJ-1008,Rajasthan,Udaipur,24.084331,71.083649,Railway & Freight Corridor,78.14,65,0.8318,1.2021,51.0,50.0,0,282,156,96,164,0.231,Pending Disbursal,Award Declared (Sec 23),Conditional Clearance,Contested / Encroached,Hostile / Legal Injunction,Medium,2,1,1,43.79,1,386
PCL-12461,PRJ-1151,Karnataka,Bengaluru Rural,16.714686,76.244717,Renewable / Solar Park,26.12,22,0.8423,1.1872,73.0,75.0,0,125,24,0,30,0.578,Partially Disbursed,Preliminary Notification (Sec 11),Approved,Partial Possession (30-70%),Low / Resistant,Low,1,2,3,21.66,1,196
PCL-12462,PRJ-1059,Madhya Pradesh,Jabalpur,24.096863,79.058679,Highway / Expressway,81.04,147,1.8139,0.5513,90.0,37.0,1,77,180,120,153,0.534,Partially Disbursed,Preliminary Notification (Sec 11),Conditional Clearance,Substantial Possession (>70%),High / Cooperative,Medium,2,4,4,42.2,1,280
PCL-12463,PRJ-1005,Gujarat,Ahmedabad,23.547038,71.44939,Industrial Corridor / SEZ,63.35,97,1.5312,0.6531,71.0,42.0,0,0,15,0,211,0.444,Fully Disbursed,Declaration Published (Sec 19),Approved,Substantial Possession (>70%),Moderate,Low,1,3,4,23.26,0,61
PCL-12464,PRJ-1110,Rajasthan,Udaipur,24.832973,75.167575,Renewable / Solar Park,29.26,51,1.743,0.5737,50.0,43.0,0,128,146,86,368,0.378,Partially Disbursed,Declaration Published (Sec 19),Approved,Partial Possession (30-70%),Moderate,Low,1,3,3,38.51,1,261
PCL-12465,PRJ-1113,Andhra Pradesh,Visakhapatnam,14.541494,80.1896,Airport Infrastructure,44.48,140,3.1475,0.3177,86.0,65.0,0,72,90,30,147,0.125,Partially Disbursed,Possession Taken (Sec 38),Under Scrutiny,Full Possession,High / Cooperative,Medium,2,4,5,14.77,0,45
PCL-12466,PRJ-1229,Odisha,Angul,20.864395,84.354937,Highway / Expressway,97.61,119,1.2191,0.8202,81.0,67.0,1,159,26,0,273,0.841,Pending Disbursal,Notification Pending,Approved,Partial Possession (30-70%),Low / Resistant,High,3,2,3,56.37,1,471
PCL-12467,PRJ-1260,Uttar Pradesh,Noida,26.399722,79.435584,Airport Infrastructure,19.31,42,2.175,0.4598,79.0,51.0,0,0,29,0,114,0.385,Fully Disbursed,Notification Pending,Approved,Substantial Possession (>70%),Moderate,Medium,2,3,4,17.12,0,9
PCL-12468,PRJ-1107,Rajasthan,Udaipur,26.869152,71.18662,Urban Metro / Transit,10.83,51,4.7091,0.2123,90.0,42.0,1,128,189,129,407,0.343,Pending Disbursal,Preliminary Notification (Sec 11),Under Scrutiny,Full Possession,Moderate,Low,1,3,5,56.81,1,300
PCL-12469,PRJ-1133,Madhya Pradesh,Jabalpur,24.257923,76.098427,Urban Metro / Transit,17.19,49,2.8505,0.3508,67.0,56.0,1,218,151,91,201,0.365,Pending Disbursal,Possession Taken (Sec 38),Under Scrutiny,Initial Stage (<30%),Moderate,High,3,3,2,56.25,1,410
PCL-12470,PRJ-1117,Tamil Nadu,Kanchipuram,12.937042,79.066276,Highway / Expressway,7.23,4,0.5533,1.807,77.0,39.0,0,112,113,53,157,0.318,Partially Disbursed,Award Declared (Sec 23),Conditional Clearance,Full Possession,Moderate,Medium,2,3,5,24.94,1,206
PCL-12471,PRJ-1086,Haryana,Hisar,29.14095,76.680392,Urban Metro / Transit,52.21,134,2.5666,0.3896,68.0,51.0,1,0,218,158,197,0.551,Fully Disbursed,Notification Pending,Pending Environmental Clearance,Substantial Possession (>70%),High / Cooperative,High,3,4,4,43.69,1,270
PCL-12472,PRJ-1081,Karnataka,Bengaluru Rural,12.859734,75.168488,Railway & Freight Corridor,17.69,13,0.7349,1.3607,65.0,42.0,1,40,51,0,276,0.593,Partially Disbursed,Award Declared (Sec 23),Approved,Partial Possession (30-70%),Hostile / Legal Injunction,High,3,1,3,61.04,1,467
PCL-12473,PRJ-1241,Madhya Pradesh,Gwalior,24.857362,80.374296,Railway & Freight Corridor,37.31,58,1.5545,0.6433,89.0,64.0,0,0,15,0,235,0.626,Fully Disbursed,Possession Taken (Sec 38),Approved,Substantial Possession (>70%),High / Cooperative,Medium,2,4,4,14.61,0,32
PCL-12474,PRJ-1224,Gujarat,Vadodara,23.695842,71.497063,Industrial Corridor / SEZ,19.2,36,1.875,0.5333,46.0,77.0,0,95,49,0,182,0.45,Partially Disbursed,Preliminary Notification (Sec 11),Approved,Partial Possession (30-70%),High / Cooperative,Medium,2,4,3,23.83,1,91
PCL-12475,PRJ-1153,Tamil Nadu,Salem,11.396284,77.298775,Renewable / Solar Park,24.81,28,1.1286,0.886,55.0,41.0,1,231,115,55,219,0.487,Disputed in Escrow,Award Declared (Sec 23),Conditional Clearance,Partial Possession (30-70%),Low / Resistant,Very High,4,2,3,65.11,1,511
PCL-12476,PRJ-1206,Haryana,Faridabad,29.165333,76.340576,Irrigation / Water Canal,48.67,38,0.7808,1.2808,53.0,64.0,0,54,61,1,114,0.258,Partially Disbursed,Possession Taken (Sec 38),Approved,Full Possession,High / Cooperative,High,3,4,5,19.49,1,98
PCL-12477,PRJ-1170,Maharashtra,Pune,18.267794,78.806779,Renewable / Solar Park,19.42,34,1.7508,0.5712,65.0,88.0,0,0,187,127,55,0.484,Fully Disbursed,Declaration Published (Sec 19),Under Scrutiny,Full Possession,Moderate,Medium,2,3,5,14.01,0,22
PCL-12478,PRJ-1157,Odisha,Angul,20.725502,86.409734,Railway & Freight Corridor,23.59,15,0.6359,1.5726,74.0,75.0,0,0,156,96,132,0.297,Fully Disbursed,Notification Pending,Pending Environmental Clearance,Substantial Possession (>70%),High / Cooperative,Medium,2,4,4,12.65,0,41
PCL-12479,PRJ-1138,Haryana,Gurugram,29.25,76.5,Renewable / Solar Park,9.2,20,2.1739,0.46,73.0,62.0,0,73,146,86,196,0.496,Partially Disbursed,Notification Pending,Under Scrutiny,Initial Stage (<30%),Moderate,Medium,2,3,2,23.3,1,142
PCL-12480,PRJ-1242,Madhya Pradesh,Gwalior,25.973696,79.062902,Renewable / Solar Park,22.68,11,0.485,2.0616,32.0,29.0,0,0,83,23,166,0.439,Fully Disbursed,Notification Pending,Approved,Substantial Possession (>70%),High / Cooperative,High,3,4,4,26.92,1,233
PCL-12481,PRJ-1158,Haryana,Karnal,29.887898,76.093745,Urban Metro / Transit,5.0,7,1.4,0.7142,93.0,59.0,0,0,116,56,234,0.3,Fully Disbursed,Possession Taken (Sec 38),Conditional Clearance,Full Possession,High / Cooperative,Low,1,4,5,14.27,0,31
PCL-12482,PRJ-1040,Tamil Nadu,Madurai,11.43045,78.763857,Industrial Corridor / SEZ,66.79,104,1.5571,0.6422,89.0,44.0,0,0,151,91,322,0.289,Fully Disbursed,Declaration Published (Sec 19),Conditional Clearance,Initial Stage (<30%),Moderate,Medium,2,3,2,23.62,0,36
PCL-12483,PRJ-1081,Karnataka,Bengaluru Rural,12.826952,74.883954,Railway & Freight Corridor,38.25,47,1.2288,0.8138,58.0,47.0,0,64,98,38,142,0.485,Partially Disbursed,Preliminary Notification (Sec 11),Approved,Partial Possession (30-70%),Moderate,Low,1,3,3,25.41,1,158
PCL-12484,PRJ-1176,Uttar Pradesh,Noida,25.651979,82.7678,Renewable / Solar Park,265.86,249,0.9366,1.0677,97.0,73.0,0,0,87,27,46,0.593,Fully Disbursed,Declaration Published (Sec 19),Approved,Substantial Possession (>70%),Low / Resistant,Medium,2,2,4,12.52,1,195
PCL-12485,PRJ-1137,Haryana,Faridabad,28.923135,77.068504,Highway / Expressway,62.85,42,0.6683,1.4964,91.0,88.0,1,238,126,66,186,0.512,Pending Disbursal,Declaration Published (Sec 19),Approved,Substantial Possession (>70%),Low / Resistant,High,3,2,4,52.26,1,384
PCL-12486,PRJ-1136,Rajasthan,Jaipur,25.339322,74.399012,Irrigation / Water Canal,63.2,77,1.2184,0.8208,81.0,54.0,1,243,95,35,273,0.519,Pending Disbursal,Declaration Published (Sec 19),Pending Environmental Clearance,Contested / Encroached,Moderate,Low,1,3,1,57.37,1,363
PCL-12487,PRJ-1259,Andhra Pradesh,Visakhapatnam,14.532507,79.848729,Urban Metro / Transit,5.0,13,2.6,0.3846,87.0,51.0,0,74,115,55,241,0.443,Partially Disbursed,Award Declared (Sec 23),Under Scrutiny,Full Possession,Hostile / Legal Injunction,Low,1,1,5,30.83,1,256
PCL-12488,PRJ-1257,Haryana,Faridabad,30.427673,75.879706,Railway & Freight Corridor,34.83,42,1.2059,0.8293,71.0,69.0,0,156,206,146,181,0.366,Partially Disbursed,Award Declared (Sec 23),Conditional Clearance,Substantial Possession (>70%),High / Cooperative,Low,1,4,4,22.1,1,185
PCL-12489,PRJ-1002,Madhya Pradesh,Bhopal,22.319083,77.07294,Urban Metro / Transit,32.35,55,1.7002,0.5882,38.0,80.0,1,232,156,96,336,0.445,Pending Disbursal,Possession Taken (Sec 38),Pending Environmental Clearance,Substantial Possession (>70%),Hostile / Legal Injunction,Medium,2,1,4,72.78,1,502
PCL-12490,PRJ-1121,Haryana,Panipat,28.16692,77.369935,Irrigation / Water Canal,21.53,51,2.3688,0.4221,69.0,53.0,0,193,54,0,210,0.145,Disputed in Escrow,Notification Pending,Approved,Full Possession,High / Cooperative,Medium,2,4,5,26.71,0,24
PCL-12491,PRJ-1123,Odisha,Angul,21.481245,85.494696,Highway / Expressway,7.46,2,0.2681,3.7281,88.0,20.0,1,598,134,74,187,0.663,Disputed in Escrow,Preliminary Notification (Sec 11),Pending Environmental Clearance,Initial Stage (<30%),Hostile / Legal Injunction,Very High,4,1,2,68.66,1,586
PCL-12492,PRJ-1200,Rajasthan,Kota,24.55262,71.206261,Renewable / Solar Park,32.01,56,1.7495,0.5716,85.0,50.0,0,142,124,64,302,0.618,Pending Disbursal,Declaration Published (Sec 19),Conditional Clearance,Partial Possession (30-70%),High / Cooperative,Medium,2,4,3,25.16,1,121
PCL-12493,PRJ-1019,Karnataka,Kalaburagi,14.440212,74.578653,Highway / Expressway,11.97,2,0.1671,5.982,49.0,89.0,0,0,143,83,127,0.269,Fully Disbursed,Preliminary Notification (Sec 11),Pending Environmental Clearance,Full Possession,Moderate,High,3,3,5,19.81,1,133
PCL-12494,PRJ-1098,Rajasthan,Jaipur,24.408145,71.31019,Urban Metro / Transit,55.02,223,4.0531,0.2467,50.0,32.0,0,0,206,146,159,0.493,Fully Disbursed,Notification Pending,Under Scrutiny,Partial Possession (30-70%),Moderate,Very High,4,3,3,26.51,0,16
PCL-12495,PRJ-1117,Tamil Nadu,Kanchipuram,11.722164,77.399742,Highway / Expressway,115.47,108,0.9353,1.0692,85.0,50.0,1,460,31,0,383,0.45,Disputed in Escrow,Award Declared (Sec 23),Approved,Full Possession,Low / Resistant,Medium,2,2,5,69.86,1,346
PCL-12496,PRJ-1195,Andhra Pradesh,Visakhapatnam,16.768701,82.040628,Renewable / Solar Park,30.52,52,1.7038,0.5869,85.0,33.0,1,511,83,23,250,0.696,Disputed in Escrow,Preliminary Notification (Sec 11),Approved,Partial Possession (30-70%),Low / Resistant,Medium,2,2,3,66.57,1,563
PCL-12497,PRJ-1008,Rajasthan,Udaipur,26.87321,72.364744,Railway & Freight Corridor,18.61,25,1.3434,0.7444,89.0,45.0,0,0,174,114,213,0.69,Fully Disbursed,Award Declared (Sec 23),Under Scrutiny,Full Possession,Moderate,Low,1,3,5,19.44,0,32
PCL-12498,PRJ-1140,Maharashtra,Nagpur,19.375176,75.121479,Irrigation / Water Canal,21.0,39,1.8571,0.5384,82.0,73.0,0,158,124,64,410,0.349,Partially Disbursed,Declaration Published (Sec 19),Under Scrutiny,Full Possession,Low / Resistant,Medium,2,2,5,35.29,1,230
PCL-12499,PRJ-1245,Haryana,Faridabad,29.429476,76.804147,Railway & Freight Corridor,231.36,325,1.4047,0.7119,59.0,69.0,1,330,166,106,64,0.732,Pending Disbursal,Award Declared (Sec 23),Conditional Clearance,Substantial Possession (>70%),Hostile / Legal Injunction,High,3,1,4,63.51,1,568
PCL-12500,PRJ-1112,Odisha,Jajpur,21.123635,86.020361,Irrigation / Water Canal,95.65,133,1.3905,0.7192,26.0,49.0,0,0,91,31,58,0.427,Fully Disbursed,Preliminary Notification (Sec 11),Resubmission Required,Full Possession,Low / Resistant,Low,1,2,5,29.57,0,39
