project_type,state,district,land_area_acres,affected_families,ownership_complexity,documentation_completeness,legal_dispute,compensation_status,approval_status,rehabilitation_status,possession_status,stakeholder_responsiveness,administrative_processing_days,historical_delay_rate,is_delayed,delay_duration_days
Water Resources,Bihar,Patna,38.58,22,0.23,0.98,0,0.91,0.79,0.82,0.72,0.52,205,0.3,0,0
Industrial Corridors,Odisha,Cuttack,34.26,61,0.35,0.34,0,0.84,0.21,0.96,0.14,0.46,71,0.24,1,174
Railways,West Bengal,Murshidabad,11.92,22,0.3,0.74,1,0.23,0.8,0.59,0.24,0.36,210,0.57,1,353
Water Resources,Tamil Nadu,Madurai,70.73,45,0.89,0.89,0,1.0,0.53,0.58,0.94,0.83,175,0.34,0,0
Railways,Bihar,Gaya,8.44,17,0.73,0.65,0,0.7,0.87,0.93,0.35,0.79,126,0.48,0,0
Highways,Rajasthan,Kota,47.91,101,0.37,0.7,1,0.56,0.29,0.82,0.31,0.49,62,0.47,0,0
Industrial Corridors,Gujarat,Vadodara,54.19,75,0.75,0.52,0,0.96,0.71,0.79,0.13,0.33,141,0.13,1,265
Industrial Corridors,Bihar,Darbhanga,27.77,52,0.12,0.73,0,0.84,0.81,0.81,0.68,0.91,168,0.08,0,0
Water Resources,West Bengal,North 24 Parganas,43.94,74,0.55,0.51,1,0.72,0.28,0.54,0.51,0.44,91,0.55,1,248
Highways,Tamil Nadu,Tiruchirappalli,26.53,57,0.31,0.57,0,0.85,0.84,0.14,0.19,0.78,121,0.34,0,0
Water Resources,Odisha,Sundargarh,44.36,45,0.2,0.28,0,0.45,0.96,0.28,0.62,0.55,103,0.54,1,162
Industrial Corridors,West Bengal,Hooghly,73.28,113,0.85,0.21,1,0.72,0.65,0.68,0.52,0.79,140,0.23,1,291
Industrial Corridors,West Bengal,Hooghly,17.57,24,0.27,0.24,0,0.27,0.81,0.46,0.56,0.56,111,0.57,0,0
Solar Parks,Gujarat,Surat,56.78,91,0.8,0.35,0,0.99,0.58,0.65,0.95,0.89,257,0.55,1,218
Water Resources,Karnataka,Belagavi,128.24,200,0.45,0.56,1,0.63,0.64,0.6,0.08,0.8,198,0.28,1,226
Solar Parks,Tamil Nadu,Madurai,40.92,62,0.11,0.22,0,0.83,0.11,0.49,0.87,0.4,110,0.3,1,172
Highways,Uttar Pradesh,Agra,22.14,63,0.72,0.32,0,0.47,0.57,0.31,0.81,0.52,116,0.26,0,0
Mining,West Bengal,Hooghly,202.47,224,0.61,0.81,1,0.78,0.62,0.75,0.42,0.28,93,0.07,1,204
Railways,Karnataka,Bengaluru Urban,35.55,53,0.39,0.79,1,0.45,0.7,0.92,0.84,0.88,153,0.46,0,0
Solar Parks,Uttar Pradesh,Kanpur,39.85,74,0.34,0.82,0,0.63,0.25,0.79,0.63,0.25,239,0.21,1,208
Railways,Tamil Nadu,Coimbatore,40.52,82,0.16,0.92,0,0.8,0.32,0.21,0.85,0.21,213,0.58,1,249
Urban Infrastructure,Maharashtra,Nashik,47.38,74,0.9,0.29,1,0.2,0.78,0.58,0.59,0.57,168,0.59,1,257
Highways,Rajasthan,Jaipur,25.25,31,0.52,0.33,0,0.42,0.25,0.85,0.24,0.65,146,0.48,1,193
Mining,Karnataka,Ballari,38.55,70,0.17,0.46,0,0.59,0.47,0.63,0.57,0.37,184,0.16,0,0
Urban Infrastructure,Madhya Pradesh,Gwalior,70.93,119,0.84,0.91,1,0.4,0.33,0.5,0.21,0.63,172,0.1,1,289
Urban Infrastructure,Maharashtra,Pune,24.56,22,0.34,0.8,0,0.38,0.59,0.36,0.18,0.87,179,0.54,0,0
Industrial Corridors,Rajasthan,Jodhpur,23.67,59,0.27,0.45,0,0.35,0.99,0.4,0.64,0.67,168,0.59,1,183
Urban Infrastructure,Gujarat,Rajkot,26.22,71,0.34,0.27,1,0.31,0.87,0.32,0.9,0.54,180,0.26,1,221
Highways,Bihar,Darbhanga,13.76,21,0.58,0.68,1,0.86,0.34,0.28,0.58,0.31,96,0.26,0,0
Solar Parks,Odisha,Cuttack,19.18,42,0.16,0.4,1,0.93,0.43,0.63,0.77,0.33,154,0.28,1,212
Highways,Madhya Pradesh,Ujjain,18.56,48,0.51,0.61,1,0.73,0.93,0.56,0.2,0.56,170,0.55,1,256
Solar Parks,Gujarat,Ahmedabad,33.1,61,0.86,0.93,1,0.13,0.91,0.76,0.64,0.55,140,0.47,1,247
Urban Infrastructure,Tamil Nadu,Kanchipuram,64.65,96,0.26,0.65,0,0.81,0.24,0.38,0.71,0.59,103,0.12,0,0
Urban Infrastructure,Gujarat,Rajkot,105.95,81,0.38,0.92,1,0.58,0.85,0.51,0.09,0.58,160,0.43,1,281
Mining,Bihar,Muzaffarpur,34.67,42,0.44,0.51,0,0.78,0.37,0.71,0.14,0.46,346,0.06,0,0
Solar Parks,Tamil Nadu,Tiruchirappalli,47.71,71,0.6,0.69,0,0.49,0.59,0.97,0.75,0.72,122,0.48,0,0
Urban Infrastructure,Madhya Pradesh,Bhopal,40.23,80,0.88,0.9,0,0.14,0.1,0.41,0.45,0.36,153,0.51,1,215
Industrial Corridors,Bihar,Bhagalpur,6.2,17,0.44,0.66,0,0.71,1.0,0.37,0.42,0.84,216,0.54,0,0
Railways,Uttar Pradesh,Varanasi,13.22,23,0.16,0.68,0,0.5,0.78,0.5,0.88,0.35,239,0.43,1,193
Mining,Odisha,Cuttack,60.89,38,0.4,0.76,1,0.89,0.32,0.75,0.94,0.51,133,0.16,0,0
Highways,Madhya Pradesh,Jabalpur,65.81,97,0.26,0.89,1,0.76,0.72,0.97,0.74,0.36,203,0.53,0,0
Mining,Uttar Pradesh,Kanpur,64.62,35,0.65,0.27,1,0.42,0.36,0.58,0.76,0.66,195,0.59,1,244
Railways,Rajasthan,Udaipur,28.72,23,0.12,0.46,0,0.75,0.18,0.83,0.24,0.56,137,0.43,0,0
Solar Parks,Madhya Pradesh,Jabalpur,6.71,25,0.35,0.51,0,0.55,0.48,0.52,0.22,0.48,188,0.22,0,0
Highways,Rajasthan,Jaipur,14.54,32,0.56,0.91,0,0.28,0.65,0.14,0.93,0.56,152,0.16,1,149
Highways,Tamil Nadu,Kanchipuram,16.44,33,0.34,0.95,0,0.48,0.18,0.9,0.68,0.52,131,0.19,0,0
Solar Parks,Uttar Pradesh,Gorakhpur,54.76,41,0.57,0.29,0,0.3,0.57,0.36,0.67,0.84,237,0.06,0,0
Water Resources,Odisha,Sundargarh,24.88,63,0.2,0.29,1,0.1,0.56,0.22,0.31,0.29,189,0.06,1,282
Water Resources,Bihar,Bhagalpur,128.04,76,0.9,0.93,1,0.32,0.67,1.0,0.85,0.79,84,0.23,0,0
Mining,West Bengal,Hooghly,107.14,112,0.35,0.43,0,0.29,0.32,0.41,0.09,0.69,154,0.6,0,0
Urban Infrastructure,Gujarat,Ahmedabad,126.34,234,0.88,0.39,1,0.1,0.12,0.22,0.3,0.46,136,0.42,1,306
Water Resources,Maharashtra,Thane,15.91,22,0.38,0.23,1,0.81,0.39,0.38,0.21,0.89,150,0.28,1,326
Mining,Odisha,Jharsuguda,49.04,58,0.76,0.41,0,0.17,0.46,0.56,0.69,0.33,183,0.06,0,0
Water Resources,Uttar Pradesh,Gorakhpur,22.6,32,0.31,0.74,0,0.5,0.67,0.18,0.69,0.43,173,0.64,0,0
Railways,West Bengal,Paschim Bardhaman,43.05,89,0.67,0.53,1,0.48,0.94,0.42,0.53,0.48,224,0.32,0,0
Industrial Corridors,Odisha,Angul,17.38,29,0.38,0.6,0,0.26,0.28,0.7,0.05,0.69,214,0.64,1,201
Urban Infrastructure,Uttar Pradesh,Kanpur,88.32,158,0.53,0.92,0,0.97,0.72,0.92,0.84,0.91,105,0.48,1,142
Mining,Karnataka,Belagavi,17.65,20,0.67,0.29,0,0.64,0.19,0.46,0.91,0.65,155,0.08,0,0
Industrial Corridors,Karnataka,Belagavi,6.97,35,0.6,0.26,1,0.83,0.27,0.61,0.23,0.84,72,0.57,1,273
Industrial Corridors,Rajasthan,Bhilwara,168.51,256,0.59,0.86,0,0.55,0.56,0.67,0.81,0.88,115,0.37,0,0
Water Resources,Odisha,Cuttack,47.18,99,0.16,0.8,0,0.75,0.74,0.16,0.93,0.55,65,0.32,0,0
Solar Parks,Karnataka,Mysuru,14.08,27,0.31,0.41,1,0.97,0.87,0.41,0.34,0.55,89,0.5,1,204
Railways,Uttar Pradesh,Kanpur,29.08,66,0.59,0.45,1,0.41,0.77,0.72,0.22,0.39,223,0.51,1,280
Railways,Rajasthan,Udaipur,20.87,39,0.12,0.44,0,0.55,0.11,0.76,0.93,0.65,193,0.53,0,0
Railways,Uttar Pradesh,Kanpur,33.27,52,0.31,0.71,0,0.56,0.72,0.42,0.1,0.29,187,0.51,1,225
Urban Infrastructure,Rajasthan,Jodhpur,62.94,55,0.29,0.25,0,0.99,0.84,0.11,0.3,0.68,212,0.43,0,0
Highways,Odisha,Bhubaneswar,55.51,88,0.31,0.58,0,0.31,0.57,0.11,0.72,0.87,187,0.46,0,0
Urban Infrastructure,West Bengal,Paschim Bardhaman,40.57,43,0.56,0.3,0,0.71,0.97,0.58,0.61,0.77,156,0.57,1,188
Mining,Bihar,Muzaffarpur,33.25,51,0.59,0.84,0,0.22,0.1,0.6,0.67,0.69,133,0.46,0,0
Industrial Corridors,Madhya Pradesh,Ujjain,78.49,52,0.87,0.5,0,0.93,0.84,0.6,0.69,0.83,236,0.11,0,0
Industrial Corridors,West Bengal,Murshidabad,7.1,27,0.43,0.61,0,0.63,0.4,0.75,0.67,0.75,218,0.44,0,0
Highways,Tamil Nadu,Coimbatore,18.19,35,0.89,0.22,0,0.87,0.69,0.93,0.36,0.6,150,0.15,0,0
Mining,Uttar Pradesh,Gorakhpur,15.14,48,0.65,0.25,0,0.91,0.72,0.99,0.33,0.59,194,0.06,1,201
Highways,Tamil Nadu,Coimbatore,74.07,125,0.88,0.73,0,0.6,0.38,0.73,0.44,0.28,34,0.18,1,214
Industrial Corridors,West Bengal,Murshidabad,18.33,41,0.81,0.8,1,0.71,1.0,0.56,0.78,0.53,196,0.14,1,197
Water Resources,Rajasthan,Bhilwara,11.84,26,0.68,0.75,1,0.73,0.19,0.23,0.89,0.59,137,0.11,0,0
Urban Infrastructure,Madhya Pradesh,Bhopal,51.39,86,0.4,0.77,0,0.51,0.24,0.45,0.46,0.55,282,0.18,0,0
Railways,Madhya Pradesh,Gwalior,16.01,49,0.3,0.28,0,0.49,0.9,0.62,0.13,0.78,211,0.39,1,275
Industrial Corridors,Maharashtra,Aurangabad,25.01,38,0.29,0.74,0,0.27,0.21,1.0,0.89,0.32,71,0.14,0,0
Solar Parks,Madhya Pradesh,Jabalpur,222.5,347,0.91,0.34,0,0.45,0.44,0.21,0.12,0.8,127,0.22,1,224
Railways,Bihar,Bhagalpur,62.16,113,0.91,0.28,0,0.99,0.76,0.81,0.19,0.76,162,0.56,0,0
Industrial Corridors,Madhya Pradesh,Bhopal,27.97,74,0.72,0.79,0,0.34,0.81,1.0,0.83,0.88,158,0.58,1,164
Urban Infrastructure,West Bengal,Hooghly,30.06,20,0.85,0.89,1,0.79,0.96,0.82,0.55,0.48,156,0.25,0,0
Highways,Maharashtra,Pune,68.44,49,0.88,0.76,0,0.15,0.81,0.79,0.37,0.33,204,0.59,0,0
Water Resources,West Bengal,North 24 Parganas,56.28,68,0.53,0.83,0,0.52,0.86,0.33,0.89,0.77,135,0.4,0,0
Water Resources,West Bengal,Murshidabad,35.18,68,0.63,0.97,0,0.15,0.95,0.1,0.91,0.64,156,0.19,0,0
Railways,Gujarat,Kutch,35.98,25,0.46,0.31,0,0.53,0.6,0.3,0.35,0.73,228,0.5,1,195
Urban Infrastructure,Maharashtra,Nashik,10.14,27,0.46,0.95,0,0.12,0.41,0.81,0.83,0.95,229,0.6,1,146
Water Resources,West Bengal,Hooghly,8.57,40,0.13,0.67,0,0.65,0.79,0.2,0.66,0.35,203,0.45,0,0
Water Resources,Gujarat,Ahmedabad,28.75,56,0.47,0.83,1,0.63,0.25,0.37,0.3,0.51,144,0.17,0,0
Mining,Gujarat,Kutch,19.95,35,0.67,0.71,1,0.82,0.16,0.61,0.9,0.34,128,0.1,1,292
Solar Parks,Maharashtra,Thane,52.92,80,0.46,0.64,0,0.62,0.81,0.62,0.11,0.85,158,0.19,0,0
Railways,Tamil Nadu,Tiruchirappalli,38.77,70,0.84,0.75,1,0.93,0.96,0.59,0.34,0.21,161,0.25,1,235
Highways,Rajasthan,Bhilwara,17.85,29,0.38,0.45,0,0.8,0.5,0.98,0.41,0.3,158,0.25,0,0
Water Resources,Bihar,Patna,37.73,20,0.21,0.92,1,0.22,0.25,0.11,0.67,0.39,185,0.35,0,0
Mining,Rajasthan,Jaipur,23.7,62,0.79,0.29,1,0.34,0.55,0.54,0.08,0.78,176,0.35,1,259
Urban Infrastructure,Madhya Pradesh,Ujjain,173.0,232,0.67,0.45,1,0.12,0.45,0.55,0.85,0.67,174,0.33,1,236
Water Resources,Bihar,Gaya,45.11,40,0.31,0.22,0,0.45,0.44,0.36,0.64,0.49,138,0.26,0,0
Solar Parks,Madhya Pradesh,Ujjain,9.5,32,0.56,0.41,1,0.56,0.67,0.57,0.3,0.32,106,0.11,1,288
Highways,West Bengal,Murshidabad,142.08,125,0.44,0.37,0,0.95,0.26,0.71,0.64,0.44,191,0.3,1,162
Urban Infrastructure,Uttar Pradesh,Kanpur,19.96,24,0.9,0.24,1,0.57,0.44,0.71,0.53,0.76,162,0.64,1,253
Urban Infrastructure,Maharashtra,Nashik,15.18,37,0.62,0.58,0,0.8,0.88,0.18,0.35,0.49,178,0.44,0,0
Railways,Bihar,Muzaffarpur,184.0,175,0.23,0.57,0,0.34,0.76,0.82,0.08,0.55,179,0.31,0,0
Water Resources,Bihar,Gaya,43.67,47,0.53,0.26,0,0.24,0.15,0.94,0.55,0.66,68,0.1,1,171
Railways,West Bengal,Paschim Bardhaman,58.01,105,0.83,0.4,1,0.83,0.56,0.21,0.12,0.88,237,0.18,1,319
Highways,Tamil Nadu,Tiruchirappalli,59.53,44,0.67,0.94,0,0.32,0.18,0.47,0.78,0.39,134,0.39,1,195
Water Resources,Gujarat,Vadodara,28.08,64,0.82,0.29,1,0.88,0.96,0.56,0.13,0.54,221,0.35,0,0
Industrial Corridors,West Bengal,Paschim Bardhaman,20.95,48,0.31,0.44,1,0.25,0.32,0.22,0.44,0.43,179,0.06,1,257
Water Resources,Karnataka,Bengaluru Urban,23.87,23,0.86,0.23,0,0.87,0.94,0.55,0.44,0.55,111,0.1,0,0
Industrial Corridors,Gujarat,Kutch,119.95,68,0.74,0.32,1,0.8,0.85,0.29,0.55,0.72,128,0.26,1,232
Urban Infrastructure,Maharashtra,Thane,38.98,56,0.72,0.75,0,0.65,0.6,0.94,0.09,0.56,128,0.13,0,0
Railways,Gujarat,Kutch,94.66,142,0.39,0.49,0,0.87,0.4,0.5,0.23,0.83,131,0.62,0,0
Solar Parks,Tamil Nadu,Salem,31.15,37,0.85,0.55,1,0.4,0.87,1.0,0.23,0.61,80,0.07,1,209
Water Resources,Gujarat,Vadodara,18.1,40,0.64,0.32,1,0.25,0.24,0.14,0.59,0.49,124,0.63,1,274
Solar Parks,Maharashtra,Thane,10.45,41,0.82,0.73,0,0.24,0.26,0.21,0.29,0.79,203,0.44,0,0
Water Resources,Tamil Nadu,Madurai,55.61,24,0.41,0.79,0,0.34,0.3,0.5,0.18,0.52,208,0.29,1,182
Urban Infrastructure,Rajasthan,Jaipur,128.42,212,0.22,0.34,0,0.5,0.64,0.89,0.07,0.59,129,0.37,0,0
Railways,Bihar,Bhagalpur,16.3,23,0.38,0.24,0,0.89,0.38,0.6,0.81,0.95,75,0.3,0,0
Highways,Bihar,Darbhanga,49.93,53,0.49,0.26,1,0.18,0.99,0.76,0.92,0.79,188,0.39,1,232
Highways,Madhya Pradesh,Jabalpur,11.02,11,0.55,0.71,1,0.92,0.28,0.48,0.68,0.84,111,0.14,0,0
Highways,Rajasthan,Bhilwara,21.23,33,0.53,0.31,1,0.93,0.83,0.14,0.42,0.64,114,0.12,1,236
Water Resources,Rajasthan,Jodhpur,41.03,71,0.56,0.59,1,0.75,0.19,0.68,0.16,0.46,147,0.37,1,241
Water Resources,Gujarat,Vadodara,8.31,6,0.82,0.32,1,0.91,0.42,0.67,0.48,0.94,143,0.09,1,209
Solar Parks,Bihar,Bhagalpur,32.64,42,0.24,0.33,0,0.79,0.32,0.16,0.46,0.38,124,0.23,0,0
Railways,Maharashtra,Nashik,16.96,27,0.37,0.2,0,0.58,0.98,0.25,0.43,0.85,128,0.61,0,0
Water Resources,Odisha,Angul,53.72,57,0.86,0.45,0,0.64,0.12,0.53,0.39,0.88,137,0.58,1,300
Railways,Odisha,Jharsuguda,29.01,37,0.58,0.27,1,0.67,0.75,0.5,0.5,0.81,127,0.55,1,317
Solar Parks,Tamil Nadu,Madurai,70.21,120,0.6,0.51,0,0.21,0.32,0.78,0.12,0.29,130,0.35,1,222
Water Resources,Bihar,Bhagalpur,26.48,39,0.51,0.67,0,0.27,0.83,0.45,0.08,0.84,146,0.07,1,209
Highways,Bihar,Gaya,11.14,25,0.57,0.49,0,0.57,0.38,0.7,0.11,0.7,175,0.12,1,219
Highways,Odisha,Jharsuguda,10.08,34,0.27,0.75,0,0.2,0.27,0.73,0.23,0.71,171,0.6,0,0
Urban Infrastructure,Bihar,Gaya,7.19,13,0.56,0.78,0,0.97,0.72,0.68,0.3,0.79,135,0.55,0,0
Industrial Corridors,Gujarat,Vadodara,54.95,58,0.95,0.74,1,0.56,0.33,0.64,0.2,0.57,145,0.28,1,256
Mining,Karnataka,Dakshina Kannada,256.26,256,0.58,0.93,1,0.44,0.54,0.83,0.28,0.4,220,0.49,1,420
Industrial Corridors,Uttar Pradesh,Gorakhpur,46.91,58,0.14,0.39,0,0.24,0.22,0.69,0.22,0.63,204,0.56,1,224
Water Resources,Rajasthan,Kota,126.17,104,0.78,0.35,0,0.47,0.75,0.85,0.19,0.28,184,0.42,1,210
Railways,Madhya Pradesh,Ujjain,82.01,172,0.44,0.68,0,0.37,0.47,0.67,0.31,0.71,80,0.56,0,0
Water Resources,Tamil Nadu,Kanchipuram,21.87,52,0.23,0.66,0,0.18,0.23,0.24,0.41,0.56,164,0.2,1,227
Railways,Karnataka,Dakshina Kannada,91.13,94,0.83,0.6,0,0.97,0.77,0.38,0.72,0.58,129,0.33,1,181
Railways,Odisha,Cuttack,22.58,52,0.27,0.2,0,0.34,0.19,0.4,0.91,0.34,116,0.4,1,224
Industrial Corridors,Rajasthan,Udaipur,22.94,35,0.88,0.63,1,0.72,0.62,0.18,0.88,0.23,143,0.43,1,263
Mining,Bihar,Muzaffarpur,28.03,71,0.48,0.93,0,0.18,0.65,0.72,0.48,0.66,207,0.64,0,0
Urban Infrastructure,Madhya Pradesh,Ujjain,29.11,42,0.73,0.46,1,0.92,0.94,0.64,0.47,0.69,199,0.56,0,0
Industrial Corridors,Bihar,Gaya,56.21,29,0.56,0.95,0,0.63,0.24,0.63,0.16,0.57,132,0.08,1,190
Mining,Maharashtra,Nashik,19.36,16,0.32,0.48,1,0.69,0.69,0.53,0.92,0.77,163,0.15,1,203
Highways,Maharashtra,Aurangabad,67.44,112,0.67,0.31,1,0.8,0.44,0.59,0.73,0.62,141,0.44,1,256
Highways,Madhya Pradesh,Gwalior,66.67,77,0.91,0.51,0,0.65,0.46,0.11,0.81,0.84,149,0.19,1,256
Railways,Madhya Pradesh,Ujjain,43.57,85,0.75,0.59,0,0.16,0.55,0.19,0.26,0.42,204,0.15,0,0
Solar Parks,Odisha,Bhubaneswar,156.29,72,0.61,0.69,1,0.49,0.31,0.72,0.41,0.38,157,0.45,1,259
Water Resources,Madhya Pradesh,Gwalior,92.75,74,0.94,0.59,0,0.34,0.52,0.34,0.14,0.4,80,0.37,1,229
Water Resources,Gujarat,Kutch,77.93,53,0.33,0.62,0,0.54,0.72,0.2,0.9,0.22,166,0.53,1,182
Railways,Bihar,Patna,34.92,47,0.15,0.22,1,0.46,0.51,0.4,0.31,0.88,241,0.24,0,0
Solar Parks,Karnataka,Ballari,43.88,46,0.13,0.4,0,0.84,0.14,0.33,0.59,0.95,128,0.25,1,155
Mining,West Bengal,North 24 Parganas,50.35,34,0.7,0.44,0,0.32,0.33,0.13,0.19,0.81,229,0.14,1,232
Highways,Madhya Pradesh,Bhopal,33.47,53,0.81,0.97,1,0.28,0.42,0.47,0.77,0.51,187,0.44,1,326
Water Resources,Tamil Nadu,Salem,24.52,52,0.64,0.43,0,0.96,0.42,0.12,0.22,0.47,212,0.48,1,203
Industrial Corridors,Maharashtra,Pune,4.83,10,0.87,0.9,0,0.95,0.17,0.1,0.78,0.78,199,0.13,1,151
Solar Parks,Gujarat,Vadodara,58.8,62,0.69,0.44,0,0.99,0.5,0.81,0.41,0.58,168,0.2,1,164
Mining,Rajasthan,Udaipur,76.18,120,0.42,0.27,0,0.61,0.72,0.38,0.57,0.9,132,0.14,0,0
Highways,West Bengal,Paschim Bardhaman,13.08,26,0.25,0.39,1,0.2,0.14,0.61,0.29,0.41,167,0.5,1,258
Industrial Corridors,Karnataka,Ballari,53.74,41,0.89,0.41,1,0.89,0.78,0.37,0.84,0.44,170,0.18,1,216
Solar Parks,West Bengal,Hooghly,20.63,33,0.19,0.96,0,0.23,0.96,0.94,0.73,0.95,203,0.14,0,0
Railways,Madhya Pradesh,Gwalior,24.7,50,0.56,0.73,0,0.24,0.11,0.76,0.37,0.93,58,0.09,0,0
Railways,Odisha,Sundargarh,94.5,151,0.37,0.93,1,0.27,0.27,0.43,0.58,0.86,95,0.55,1,266
Railways,Maharashtra,Thane,14.99,30,0.33,0.85,0,0.69,0.59,0.29,0.17,0.5,170,0.12,0,0
Water Resources,Maharashtra,Nashik,14.97,24,0.65,0.65,0,0.2,0.3,0.22,0.19,0.83,174,0.07,0,0
Mining,Rajasthan,Jaipur,140.31,258,0.3,0.73,1,0.8,0.79,0.79,0.53,0.41,120,0.09,1,187
Railways,Odisha,Bhubaneswar,29.48,54,0.88,0.69,1,0.15,0.38,0.51,0.63,0.39,176,0.27,1,258
Water Resources,Bihar,Muzaffarpur,89.77,129,0.45,0.72,0,0.2,0.36,0.31,0.55,0.61,190,0.41,1,201
Urban Infrastructure,Uttar Pradesh,Lucknow,9.22,42,0.68,0.41,0,0.49,0.1,0.93,0.55,0.85,151,0.29,1,207
Water Resources,Gujarat,Vadodara,9.83,39,0.72,0.52,0,0.44,0.34,0.45,0.72,0.27,224,0.32,1,219
Highways,Maharashtra,Nagpur,15.95,42,0.68,0.66,0,0.99,0.3,0.59,0.86,0.62,232,0.6,0,0
Water Resources,Tamil Nadu,Kanchipuram,22.53,39,0.87,0.23,1,0.97,0.41,0.87,0.4,0.66,165,0.51,0,0
Mining,Maharashtra,Nashik,10.78,26,0.3,0.58,0,0.27,0.23,0.85,0.53,0.63,197,0.25,0,0
Industrial Corridors,West Bengal,Murshidabad,44.5,37,0.17,0.87,1,0.95,0.64,0.67,0.85,0.36,83,0.14,0,0
Water Resources,Maharashtra,Nashik,46.88,96,0.15,0.58,0,0.72,0.31,0.9,0.47,0.25,208,0.5,0,0
Railways,Maharashtra,Nagpur,16.14,56,0.85,0.63,0,0.47,0.85,0.96,0.45,0.87,225,0.39,0,0
Highways,Uttar Pradesh,Agra,17.2,40,0.93,0.36,0,0.77,0.36,0.94,0.74,0.63,114,0.63,0,0
Solar Parks,Uttar Pradesh,Kanpur,19.12,20,0.36,0.82,0,0.91,0.29,0.41,0.84,0.78,187,0.6,0,0
Railways,Karnataka,Ballari,13.04,13,0.69,0.48,1,0.26,0.15,0.46,0.71,0.47,75,0.39,1,259
Highways,Bihar,Darbhanga,3.27,19,0.11,0.95,0,0.28,0.77,0.32,0.14,0.23,124,0.09,0,0
Urban Infrastructure,Tamil Nadu,Madurai,30.94,44,0.26,0.98,0,0.47,0.56,0.85,0.47,0.39,136,0.07,1,150
Solar Parks,Maharashtra,Pune,23.47,39,0.69,0.91,1,0.25,0.2,0.21,0.24,0.26,93,0.55,1,273
Urban Infrastructure,Maharashtra,Thane,25.47,61,0.16,0.27,1,0.42,0.3,0.42,0.34,0.26,149,0.47,1,265
Industrial Corridors,Gujarat,Kutch,14.74,31,0.5,0.46,0,0.68,1.0,0.11,0.47,0.36,146,0.39,1,234
Highways,Uttar Pradesh,Lucknow,63.33,44,0.66,0.94,0,0.83,0.83,0.64,0.25,0.68,187,0.46,1,173
Urban Infrastructure,Tamil Nadu,Kanchipuram,230.51,281,0.75,0.83,1,0.37,0.41,0.69,0.51,0.81,91,0.37,0,0
Industrial Corridors,Rajasthan,Jaipur,16.99,24,0.49,0.91,1,0.35,0.59,0.32,0.63,0.82,188,0.4,0,0
Highways,Karnataka,Bengaluru Urban,101.47,191,0.64,0.65,0,0.8,0.47,0.76,0.84,0.9,124,0.19,0,0
Highways,Bihar,Muzaffarpur,44.4,52,0.56,0.57,1,0.44,0.13,0.44,0.24,0.69,102,0.32,1,296
Urban Infrastructure,Odisha,Bhubaneswar,34.07,26,0.14,0.28,0,0.84,0.8,0.38,0.33,0.21,151,0.06,1,185
Highways,Bihar,Muzaffarpur,25.15,37,0.73,0.85,0,0.99,0.75,0.96,0.42,0.48,193,0.45,0,0
Railways,West Bengal,Murshidabad,30.98,19,0.25,0.78,0,0.98,0.47,0.63,0.25,0.28,138,0.25,0,0
Highways,Maharashtra,Aurangabad,83.07,109,0.13,0.25,0,0.7,0.86,0.33,0.35,0.78,183,0.44,1,226
Mining,Karnataka,Dakshina Kannada,13.32,30,0.48,0.36,0,0.44,0.58,0.98,0.85,0.29,172,0.61,0,0
Industrial Corridors,West Bengal,Paschim Bardhaman,26.58,53,0.84,0.63,0,0.16,0.16,0.45,0.17,0.28,301,0.4,0,0
Highways,Tamil Nadu,Tiruchirappalli,89.95,104,0.23,0.73,1,0.76,0.33,0.68,0.45,0.22,145,0.25,1,242
Mining,Odisha,Bhubaneswar,72.75,29,0.11,0.31,0,0.98,0.52,0.75,0.33,0.92,152,0.17,1,177
Highways,Uttar Pradesh,Kanpur,13.49,29,0.19,0.39,1,0.16,0.19,0.48,0.12,0.79,209,0.2,1,328
Highways,Karnataka,Mysuru,28.61,38,0.41,0.35,0,0.11,0.61,0.58,0.14,0.45,157,0.64,1,208
Urban Infrastructure,Karnataka,Mysuru,59.29,95,0.59,0.37,0,0.85,0.21,0.32,0.76,0.48,171,0.42,1,210
Railways,Maharashtra,Aurangabad,56.3,108,0.26,0.92,1,0.19,0.28,0.52,0.82,0.24,80,0.31,1,226
Industrial Corridors,Madhya Pradesh,Gwalior,72.25,63,0.78,0.76,0,0.17,0.9,0.38,0.72,0.32,154,0.19,0,0
Railways,Karnataka,Mysuru,45.03,48,0.74,0.77,1,0.92,1.0,0.59,0.54,0.43,128,0.51,1,199
Solar Parks,Gujarat,Ahmedabad,51.5,44,0.69,0.82,0,0.17,0.6,0.7,0.75,0.49,138,0.28,1,252
Urban Infrastructure,Odisha,Bhubaneswar,43.56,45,0.51,0.48,1,0.2,0.66,0.65,0.19,0.66,171,0.23,1,237
Urban Infrastructure,Odisha,Jharsuguda,117.19,146,0.41,0.8,0,0.61,0.82,0.8,0.75,0.46,157,0.18,0,0
Railways,Gujarat,Vadodara,23.63,45,0.42,0.96,0,0.78,0.73,0.14,0.43,0.92,194,0.16,0,0
Water Resources,Rajasthan,Udaipur,34.42,63,0.53,0.74,1,0.46,0.26,0.17,0.73,0.46,202,0.21,1,437
Urban Infrastructure,Gujarat,Surat,14.7,25,0.17,0.53,0,0.48,0.47,0.28,0.25,0.91,152,0.43,1,205
Railways,Gujarat,Surat,12.56,19,0.68,0.76,1,0.67,0.58,0.99,0.8,0.75,173,0.19,0,0
Urban Infrastructure,Odisha,Jharsuguda,42.95,97,0.4,0.9,0,0.55,0.42,0.82,0.56,0.87,68,0.09,0,0
Highways,Bihar,Muzaffarpur,18.55,29,0.29,0.3,0,0.12,0.26,0.93,0.06,0.73,174,0.27,0,0
Railways,Odisha,Jharsuguda,31.62,41,0.34,0.41,0,0.2,0.76,0.34,0.52,0.63,207,0.4,1,178
Railways,Madhya Pradesh,Gwalior,120.81,226,0.25,0.92,1,0.62,0.28,0.62,0.33,0.58,119,0.09,0,0
Mining,Maharashtra,Pune,115.35,184,0.87,0.94,0,0.81,0.33,0.6,0.1,0.42,193,0.32,0,0
Urban Infrastructure,West Bengal,Murshidabad,196.22,280,0.24,0.58,1,0.79,0.36,0.61,0.45,0.42,139,0.08,1,241
Urban Infrastructure,Bihar,Patna,122.75,88,0.85,0.49,0,0.77,0.25,0.75,0.33,0.37,134,0.51,1,199
Railways,Uttar Pradesh,Gorakhpur,226.43,237,0.59,0.42,0,0.79,0.86,0.45,0.23,0.49,224,0.57,1,254
Highways,West Bengal,Murshidabad,46.96,46,0.84,0.59,0,0.14,0.65,0.71,0.36,0.3,158,0.63,1,221
Highways,Maharashtra,Aurangabad,16.08,23,0.5,0.93,0,0.91,0.85,0.81,0.21,0.49,199,0.46,0,0
Industrial Corridors,Madhya Pradesh,Gwalior,14.88,23,0.89,0.32,1,0.9,0.54,0.36,0.32,0.83,72,0.43,1,282
Highways,Madhya Pradesh,Indore,101.2,158,0.28,0.53,0,0.58,0.57,0.95,0.15,0.85,132,0.47,0,0
Urban Infrastructure,Uttar Pradesh,Lucknow,34.51,70,0.57,0.91,1,0.32,0.65,0.57,0.13,0.68,192,0.56,1,240
Water Resources,Bihar,Bhagalpur,36.63,49,0.21,0.47,1,0.63,0.43,0.76,0.87,0.39,165,0.53,1,209
Mining,Rajasthan,Udaipur,21.34,20,0.48,0.8,0,0.6,0.55,0.76,0.86,0.38,151,0.31,1,192
Railways,Gujarat,Surat,23.49,13,0.58,0.5,0,0.3,0.59,0.61,0.8,0.41,187,0.44,1,176
Solar Parks,Bihar,Patna,45.02,93,0.61,0.83,1,0.64,0.96,0.39,0.26,0.58,122,0.15,1,226
Mining,Rajasthan,Jodhpur,14.24,28,0.41,0.97,0,0.82,0.89,0.7,0.7,0.93,214,0.47,0,0
Water Resources,Madhya Pradesh,Gwalior,40.68,72,0.16,0.5,1,0.83,0.22,0.18,0.58,0.28,150,0.49,1,256
Solar Parks,Odisha,Bhubaneswar,110.93,110,0.66,0.86,1,0.15,0.14,0.98,0.1,0.58,123,0.53,1,270
Mining,Maharashtra,Nashik,6.01,18,0.52,0.97,1,0.28,0.71,0.27,0.86,0.71,126,0.54,0,0
Highways,Uttar Pradesh,Kanpur,9.65,33,0.22,0.97,0,0.7,0.14,0.35,0.95,0.38,156,0.31,0,0
Urban Infrastructure,Maharashtra,Thane,56.85,84,0.9,0.54,0,0.87,0.15,0.96,0.69,0.93,140,0.59,0,0
Water Resources,Tamil Nadu,Tiruchirappalli,98.61,134,0.91,0.58,0,0.57,0.24,0.27,0.26,0.46,183,0.64,0,0
Solar Parks,Tamil Nadu,Tiruchirappalli,22.38,42,0.83,0.44,1,0.74,0.42,0.25,0.55,0.9,157,0.64,1,294
Water Resources,Bihar,Gaya,6.7,30,0.82,0.44,0,0.12,0.49,0.82,0.15,0.65,143,0.4,1,231
Mining,Madhya Pradesh,Ujjain,104.12,62,0.18,0.58,0,0.65,0.57,0.33,0.32,0.2,175,0.39,0,0
Urban Infrastructure,Madhya Pradesh,Ujjain,17.31,20,0.94,0.36,0,0.97,0.99,0.19,0.7,0.43,136,0.32,1,207
Water Resources,Gujarat,Vadodara,24.8,11,0.44,0.75,0,0.69,0.45,0.3,0.32,0.22,182,0.23,0,0
Solar Parks,Gujarat,Vadodara,42.74,84,0.24,0.62,0,0.93,0.32,0.9,0.18,0.49,174,0.25,0,0
Railways,Gujarat,Surat,19.43,33,0.79,0.9,0,0.61,0.62,0.35,0.06,0.9,172,0.18,0,0
Mining,Odisha,Jharsuguda,16.43,32,0.29,0.83,0,0.86,0.29,0.73,0.57,0.78,143,0.62,0,0
Railways,West Bengal,Paschim Bardhaman,16.67,21,0.55,0.45,0,0.21,0.95,0.46,0.92,0.67,131,0.42,0,0
Highways,Karnataka,Mysuru,146.4,70,0.21,0.59,0,0.21,0.33,0.34,0.49,0.6,196,0.61,0,0
Railways,West Bengal,Hooghly,83.74,69,0.5,0.79,0,0.21,0.99,0.23,0.24,0.48,187,0.28,1,200
Railways,Maharashtra,Thane,52.44,90,0.57,0.35,1,0.54,0.48,0.97,0.47,0.36,114,0.23,1,226
Industrial Corridors,West Bengal,Paschim Bardhaman,5.76,21,0.48,0.22,0,0.4,0.83,0.57,0.59,0.25,140,0.13,0,0
Mining,Odisha,Sundargarh,52.59,79,0.16,0.86,0,0.75,0.68,0.2,0.77,0.34,220,0.23,0,0
Highways,Maharashtra,Nagpur,50.37,83,0.51,0.31,1,0.91,0.94,0.28,0.46,0.46,204,0.58,0,0
Railways,West Bengal,Murshidabad,11.91,25,0.5,0.89,1,0.66,0.66,0.47,0.21,0.59,107,0.4,0,0
Urban Infrastructure,Odisha,Cuttack,40.73,49,0.32,0.91,0,0.29,0.62,0.59,0.22,0.35,160,0.32,1,237
Solar Parks,Karnataka,Mysuru,76.8,94,0.88,0.56,0,0.94,0.69,0.26,0.86,0.93,178,0.39,0,0
Railways,West Bengal,Howrah,52.22,89,0.46,0.83,1,0.58,0.81,0.35,0.26,0.26,204,0.59,0,0
Highways,Odisha,Bhubaneswar,19.22,20,0.83,0.48,1,0.75,0.91,0.81,0.71,0.27,165,0.17,1,227
Railways,Gujarat,Kutch,33.47,66,0.19,0.87,0,0.9,0.34,0.48,0.29,0.71,181,0.63,0,0
Solar Parks,Madhya Pradesh,Ujjain,59.4,82,0.37,0.84,1,0.99,0.28,0.1,0.7,0.77,201,0.45,1,213
Highways,Gujarat,Ahmedabad,34.73,76,0.25,0.26,1,0.56,0.13,0.15,0.12,0.93,207,0.56,1,281
Mining,Madhya Pradesh,Indore,90.33,53,0.45,0.65,0,0.83,0.43,0.5,0.24,0.6,151,0.37,0,0
Highways,Uttar Pradesh,Lucknow,45.45,49,0.19,0.7,0,0.61,0.86,0.15,0.42,0.32,162,0.19,0,0
Mining,Uttar Pradesh,Gorakhpur,60.48,96,0.47,0.2,1,0.54,0.16,0.26,0.51,0.9,125,0.39,1,284
Highways,Uttar Pradesh,Gorakhpur,63.89,105,0.4,0.96,1,0.58,0.58,0.76,0.37,0.94,147,0.09,1,187
Water Resources,Karnataka,Dakshina Kannada,14.11,36,0.29,0.52,0,0.54,0.73,0.53,0.57,0.89,141,0.56,0,0
Solar Parks,Gujarat,Vadodara,34.47,47,0.65,0.6,1,0.48,0.85,0.53,0.34,0.85,151,0.44,0,0
Solar Parks,Madhya Pradesh,Ujjain,25.38,66,0.91,0.35,1,0.75,0.63,0.64,0.66,0.26,155,0.22,1,231
Highways,Odisha,Bhubaneswar,76.33,39,0.28,0.68,0,0.32,0.27,0.81,0.51,0.84,196,0.21,1,158
Water Resources,Maharashtra,Pune,47.97,80,0.71,0.83,1,0.65,0.97,0.24,0.68,0.91,175,0.59,0,0
Railways,Odisha,Jharsuguda,28.49,46,0.73,0.66,1,0.74,0.19,0.26,0.44,0.61,102,0.55,1,280
Solar Parks,Maharashtra,Pune,11.88,25,0.52,0.81,0,0.9,0.79,0.21,0.84,0.78,184,0.51,1,220
Mining,Tamil Nadu,Coimbatore,9.23,23,0.86,0.77,1,0.4,0.18,0.94,0.39,0.7,135,0.3,1,316
Mining,Odisha,Sundargarh,42.45,69,0.92,0.39,1,0.87,0.23,0.62,0.33,0.42,110,0.57,1,268
Urban Infrastructure,West Bengal,Hooghly,18.66,20,0.41,0.54,0,0.95,0.91,0.18,0.55,0.64,108,0.2,1,152
Industrial Corridors,West Bengal,Hooghly,56.42,28,0.65,0.32,0,0.68,0.78,0.3,0.51,0.87,167,0.06,0,0
Water Resources,Bihar,Bhagalpur,8.89,33,0.66,0.23,0,0.79,0.43,0.75,0.52,0.57,207,0.31,1,194
Industrial Corridors,Gujarat,Surat,118.43,141,0.44,0.25,1,0.47,0.67,0.13,0.77,0.64,150,0.6,1,314
Industrial Corridors,Maharashtra,Nagpur,56.32,113,0.37,0.94,0,0.96,0.51,0.75,0.58,0.6,202,0.39,0,0
Mining,Maharashtra,Thane,35.85,75,0.89,0.97,1,0.7,0.16,0.92,0.85,0.41,163,0.19,0,0
Urban Infrastructure,Gujarat,Rajkot,127.29,76,0.77,0.27,0,0.38,0.75,0.15,0.61,0.68,62,0.44,0,0
Industrial Corridors,Karnataka,Dakshina Kannada,70.72,52,0.2,0.46,1,0.46,0.79,0.27,0.07,0.58,187,0.5,1,241
Industrial Corridors,Bihar,Bhagalpur,22.65,20,0.2,0.29,1,0.66,0.89,0.1,0.83,0.37,135,0.38,1,239
Highways,Karnataka,Dakshina Kannada,35.24,32,0.88,0.85,1,0.31,0.59,0.2,0.81,0.87,123,0.56,1,235
Highways,Karnataka,Belagavi,6.88,9,0.17,0.59,1,0.78,0.71,0.66,0.09,0.91,187,0.41,1,206
Highways,Karnataka,Mysuru,77.58,96,0.69,0.68,0,0.3,0.49,0.14,0.16,0.24,166,0.11,1,211
Railways,Gujarat,Rajkot,26.13,47,0.29,0.62,0,0.63,0.39,0.48,0.55,0.67,156,0.54,0,0
Industrial Corridors,Karnataka,Mysuru,6.81,9,0.13,0.75,0,0.73,0.47,0.55,0.09,0.51,164,0.14,0,0
Railways,West Bengal,Paschim Bardhaman,12.87,15,0.15,0.45,1,0.87,0.92,0.92,0.42,0.59,121,0.58,0,0
Urban Infrastructure,Uttar Pradesh,Varanasi,66.47,75,0.42,0.31,0,0.76,0.25,0.53,0.93,0.48,239,0.36,0,0
Water Resources,Tamil Nadu,Madurai,120.43,145,0.17,0.21,0,0.82,0.32,0.23,0.21,0.56,167,0.49,1,266
Mining,Maharashtra,Pune,33.66,37,0.61,0.55,0,0.92,0.65,0.36,0.24,0.44,167,0.63,1,212
Industrial Corridors,Maharashtra,Thane,15.09,45,0.65,0.91,1,0.64,0.2,0.7,0.66,0.29,156,0.31,1,244
Mining,Tamil Nadu,Kanchipuram,10.63,30,0.42,0.44,1,0.86,0.9,0.2,0.09,0.43,87,0.33,1,315
Water Resources,Gujarat,Ahmedabad,102.69,93,0.73,0.35,0,0.31,0.14,0.31,0.79,0.7,129,0.55,1,212
Highways,Odisha,Jharsuguda,47.45,90,0.52,0.92,0,0.83,0.78,1.0,0.23,0.24,104,0.12,0,0
Industrial Corridors,Gujarat,Surat,25.43,16,0.47,0.28,0,0.3,0.44,0.1,0.53,0.49,100,0.07,1,191
Solar Parks,Maharashtra,Aurangabad,21.02,42,0.45,0.24,1,0.94,0.15,0.24,0.27,0.23,90,0.41,1,336
Railways,Maharashtra,Nagpur,56.68,65,0.47,0.89,1,0.4,0.86,0.86,0.64,0.47,131,0.15,0,0
Railways,Tamil Nadu,Coimbatore,55.45,31,0.92,0.75,1,0.25,0.68,0.19,0.58,0.27,160,0.2,1,270
Industrial Corridors,Karnataka,Bengaluru Urban,16.16,21,0.68,0.53,0,0.23,0.11,0.13,0.9,0.45,96,0.64,0,0
Water Resources,Gujarat,Surat,13.28,34,0.37,0.79,0,0.27,0.34,0.21,0.45,0.83,191,0.44,0,0
Highways,Madhya Pradesh,Indore,13.82,19,0.72,0.78,1,0.5,0.42,0.72,0.84,0.66,173,0.56,1,288
Railways,Tamil Nadu,Tiruchirappalli,22.77,42,0.38,0.23,0,0.57,0.39,0.99,0.57,0.71,149,0.59,1,178
Highways,West Bengal,Hooghly,19.07,47,0.21,0.73,0,0.92,0.55,0.63,0.87,0.58,257,0.12,0,0
Urban Infrastructure,Maharashtra,Pune,120.84,138,0.5,0.7,1,0.44,0.57,0.21,0.31,0.89,149,0.61,0,0
Mining,Tamil Nadu,Tiruchirappalli,22.13,46,0.74,0.95,1,0.3,0.46,0.27,0.54,0.61,195,0.57,1,244
Water Resources,Gujarat,Rajkot,12.19,35,0.42,0.95,0,0.77,0.4,0.58,0.4,0.28,169,0.08,0,0
Solar Parks,Maharashtra,Nashik,12.75,26,0.84,0.49,1,0.22,0.55,0.74,0.11,0.9,224,0.64,1,259
Mining,Odisha,Jharsuguda,28.58,43,0.43,0.66,0,0.9,0.13,0.7,0.57,0.3,208,0.32,0,0
Mining,Tamil Nadu,Kanchipuram,7.71,17,0.4,0.31,0,0.47,0.68,0.62,0.76,0.95,146,0.63,0,0
Urban Infrastructure,Bihar,Muzaffarpur,31.56,31,0.95,0.25,1,0.65,0.65,0.99,0.55,0.53,148,0.54,1,273
Railways,Maharashtra,Nashik,11.37,18,0.51,0.54,1,0.27,0.35,0.28,0.3,0.26,99,0.31,1,314
Solar Parks,Gujarat,Ahmedabad,83.67,60,0.78,0.74,1,0.23,0.26,0.26,0.29,0.85,165,0.36,1,262
Railways,Uttar Pradesh,Kanpur,36.35,60,0.78,0.64,1,0.82,0.17,0.87,0.26,0.27,189,0.22,1,286
Industrial Corridors,Madhya Pradesh,Bhopal,180.7,245,0.89,0.54,0,0.49,0.63,0.36,0.93,0.33,157,0.34,1,185
Mining,Rajasthan,Kota,27.59,57,0.17,0.84,0,0.99,0.61,0.4,0.41,0.51,223,0.11,0,0
Industrial Corridors,Karnataka,Ballari,2.7,26,0.33,0.82,0,0.57,0.58,0.59,0.34,0.71,166,0.6,1,162
Highways,Rajasthan,Kota,106.29,70,0.75,0.77,0,0.86,0.99,0.44,0.43,0.29,216,0.48,1,187
Mining,Gujarat,Surat,49.48,64,0.58,0.26,0,0.98,0.58,0.36,0.15,0.67,152,0.53,0,0
Railways,West Bengal,Howrah,56.01,99,0.58,0.82,0,0.35,0.75,0.93,0.23,0.79,107,0.37,0,0
Mining,West Bengal,Murshidabad,14.85,29,0.24,0.92,0,0.82,0.2,0.22,0.51,0.29,131,0.13,0,0
Highways,Uttar Pradesh,Kanpur,32.0,56,0.34,0.25,0,0.12,0.37,0.46,0.77,0.69,158,0.37,1,199
Urban Infrastructure,Karnataka,Bengaluru Urban,38.44,51,0.54,0.51,0,0.71,0.35,0.1,0.84,0.92,126,0.25,0,0
Industrial Corridors,Bihar,Bhagalpur,27.38,22,0.34,0.97,1,0.77,0.62,0.83,0.83,0.93,85,0.06,0,0
Industrial Corridors,Uttar Pradesh,Kanpur,8.27,26,0.28,0.67,0,0.53,0.4,0.25,0.9,0.32,69,0.42,1,158
Railways,Rajasthan,Bhilwara,303.37,213,0.17,0.6,0,0.25,0.68,0.8,0.16,0.77,205,0.56,1,230
Mining,Uttar Pradesh,Lucknow,64.63,125,0.23,0.34,0,0.66,0.72,0.23,0.09,0.83,177,0.48,1,258
Railways,Rajasthan,Jodhpur,46.36,60,0.75,0.64,0,0.91,0.13,0.48,0.15,0.87,172,0.18,0,0
Urban Infrastructure,Maharashtra,Nagpur,94.74,108,0.71,0.54,0,0.94,0.68,0.76,0.59,0.44,167,0.54,0,0
Mining,West Bengal,Murshidabad,55.44,78,0.14,0.3,0,0.77,0.21,0.34,0.55,0.4,135,0.24,0,0
Mining,Maharashtra,Pune,19.26,50,0.27,0.56,0,0.34,0.52,0.38,0.65,0.24,195,0.18,1,178
Railways,Madhya Pradesh,Gwalior,90.0,101,0.58,0.33,0,0.88,0.75,0.7,0.38,0.5,81,0.63,1,197
Railways,Karnataka,Belagavi,65.48,38,0.37,0.77,0,0.9,0.73,0.27,0.4,0.29,66,0.06,1,149
Highways,Bihar,Patna,19.86,37,0.8,0.96,0,0.43,0.37,0.96,0.54,0.79,150,0.15,0,0
Water Resources,Rajasthan,Jodhpur,62.3,65,0.77,0.57,0,0.26,0.35,0.27,0.12,0.31,165,0.33,0,0
Water Resources,Bihar,Darbhanga,27.32,65,0.86,0.69,1,0.89,0.5,0.77,0.77,0.81,120,0.15,1,224
Urban Infrastructure,Rajasthan,Bhilwara,39.13,23,0.58,0.54,1,0.9,0.27,0.82,0.88,0.28,88,0.15,1,450
Water Resources,Gujarat,Vadodara,53.5,73,0.4,0.31,0,0.19,0.98,0.44,0.4,0.56,186,0.43,1,192
Highways,Uttar Pradesh,Gorakhpur,98.97,63,0.62,0.96,1,0.97,0.41,0.24,0.72,0.49,141,0.54,1,302
Industrial Corridors,Madhya Pradesh,Ujjain,19.75,51,0.18,0.3,0,0.58,0.93,0.25,0.54,0.65,191,0.45,0,0
Mining,West Bengal,North 24 Parganas,44.34,45,0.11,0.29,0,0.99,0.92,0.99,0.26,0.59,218,0.11,0,0
Railways,Rajasthan,Kota,166.1,135,0.11,0.56,1,0.5,0.43,0.75,0.11,0.65,87,0.59,0,0
Mining,Bihar,Muzaffarpur,28.77,74,0.45,0.71,0,0.58,0.33,0.51,0.27,0.2,169,0.6,1,212
Mining,Madhya Pradesh,Indore,38.75,60,0.29,0.48,0,0.34,0.79,0.33,0.59,0.3,171,0.22,0,0
Solar Parks,Odisha,Cuttack,165.9,294,0.23,0.35,1,0.91,0.31,0.12,0.09,0.59,193,0.38,1,261
Industrial Corridors,Odisha,Jharsuguda,55.15,48,0.62,0.84,1,0.5,0.57,0.7,0.8,0.37,135,0.34,0,0
Solar Parks,Maharashtra,Pune,10.18,15,0.95,0.48,1,0.83,0.2,0.96,0.92,0.26,162,0.45,0,0
Water Resources,West Bengal,Murshidabad,17.52,46,0.25,0.35,0,0.17,0.45,0.2,0.13,0.36,193,0.64,0,0
Mining,Gujarat,Rajkot,57.49,100,0.56,0.48,0,0.81,0.17,0.78,0.27,0.78,179,0.64,0,0
Railways,Bihar,Muzaffarpur,46.45,52,0.2,0.37,1,0.54,0.36,0.24,0.66,0.61,230,0.36,1,239
Mining,Uttar Pradesh,Kanpur,37.72,81,0.89,0.61,0,0.1,0.7,0.81,0.78,0.34,120,0.11,1,178
Industrial Corridors,Uttar Pradesh,Agra,186.6,235,0.35,0.72,1,0.3,0.99,0.43,0.36,0.21,169,0.25,1,234
Solar Parks,Bihar,Darbhanga,20.21,44,0.85,0.82,1,0.27,0.33,0.74,0.51,0.47,156,0.3,0,0
Railways,Karnataka,Mysuru,31.2,37,0.34,0.38,0,0.78,0.53,0.93,0.85,0.47,150,0.37,1,171
Mining,Gujarat,Ahmedabad,6.89,29,0.79,0.33,1,0.53,0.5,0.66,0.4,0.75,186,0.63,0,0
Urban Infrastructure,Madhya Pradesh,Ujjain,83.81,160,0.28,0.22,0,0.24,0.27,0.93,0.12,0.89,165,0.21,0,0
Industrial Corridors,Rajasthan,Kota,17.48,41,0.35,0.38,1,0.33,0.65,0.31,0.95,0.48,112,0.37,1,229
Industrial Corridors,Karnataka,Bengaluru Urban,77.15,87,0.26,0.22,0,0.55,0.75,0.98,0.21,0.72,202,0.22,1,286
Urban Infrastructure,Rajasthan,Udaipur,70.93,49,0.32,0.47,0,0.12,0.23,0.89,0.09,0.68,186,0.6,1,282
Mining,Rajasthan,Jodhpur,216.87,128,0.81,0.31,0,0.48,0.78,0.2,0.42,0.52,226,0.64,1,222
Industrial Corridors,Karnataka,Belagavi,55.67,71,0.64,0.65,0,0.71,0.73,0.47,0.16,0.25,192,0.57,0,0
Railways,Maharashtra,Thane,24.91,18,0.44,0.5,1,0.57,0.28,0.93,0.93,0.56,150,0.25,1,244
Mining,Odisha,Jharsuguda,47.6,55,0.93,0.27,0,0.64,0.68,0.17,0.39,0.47,150,0.22,1,218
Mining,Rajasthan,Kota,18.04,28,0.5,0.51,1,0.39,0.45,0.51,0.79,0.61,206,0.31,1,244
Solar Parks,Karnataka,Bengaluru Urban,42.75,76,0.92,0.36,0,0.26,0.71,0.75,0.21,0.29,125,0.5,0,0
Industrial Corridors,Karnataka,Dakshina Kannada,28.2,17,0.27,0.73,0,0.83,0.55,0.13,0.17,0.74,119,0.06,0,0
Industrial Corridors,Tamil Nadu,Coimbatore,31.3,37,0.87,0.48,1,0.92,0.14,0.78,0.63,0.79,169,0.65,1,231
Urban Infrastructure,Maharashtra,Aurangabad,16.14,41,0.11,0.31,1,0.56,0.81,0.43,0.87,0.49,92,0.58,0,0
Solar Parks,West Bengal,Murshidabad,42.11,62,0.56,0.47,0,0.37,0.6,0.32,0.15,0.33,175,0.06,1,220
Water Resources,Tamil Nadu,Salem,64.03,65,0.46,0.38,0,0.56,0.75,0.62,0.58,0.67,181,0.28,1,168
Solar Parks,Tamil Nadu,Coimbatore,8.83,26,0.55,0.82,1,0.89,0.21,0.59,0.13,0.92,148,0.46,0,0
Industrial Corridors,Bihar,Patna,19.09,25,0.57,0.97,1,0.72,0.75,0.89,0.78,0.73,223,0.19,1,317
Mining,Odisha,Jharsuguda,37.88,67,0.43,0.22,0,0.87,0.47,0.71,0.87,0.29,210,0.14,1,197
Solar Parks,Karnataka,Belagavi,5.06,14,0.95,0.74,0,0.4,0.82,0.48,0.62,0.5,124,0.43,1,296
Urban Infrastructure,Odisha,Jharsuguda,133.25,244,0.93,0.41,0,0.74,0.64,0.69,0.67,0.89,189,0.59,1,220
Solar Parks,Gujarat,Rajkot,18.75,28,0.92,0.25,1,0.69,0.42,0.78,0.1,0.68,204,0.62,1,261
Urban Infrastructure,Bihar,Darbhanga,15.64,27,0.93,0.21,0,0.61,0.28,0.94,0.12,0.31,163,0.06,1,288
Water Resources,West Bengal,Murshidabad,28.05,44,0.77,0.89,1,0.58,0.83,0.73,0.21,0.74,140,0.57,1,217
Solar Parks,Odisha,Angul,36.96,36,0.94,0.48,1,0.6,0.6,0.59,0.3,0.47,110,0.39,1,319
Urban Infrastructure,Uttar Pradesh,Varanasi,18.08,33,0.86,0.98,0,0.86,0.99,0.44,0.73,0.57,134,0.19,0,0
Solar Parks,Rajasthan,Jaipur,72.55,63,0.45,0.55,0,0.92,0.44,0.9,0.44,0.51,111,0.42,0,0
Water Resources,Gujarat,Rajkot,45.59,70,0.77,0.35,0,0.2,0.72,0.81,0.12,0.74,201,0.65,1,213
Solar Parks,Maharashtra,Nagpur,16.95,26,0.88,0.81,0,0.61,0.66,0.17,0.82,0.36,148,0.22,1,227
Railways,West Bengal,Howrah,21.8,52,0.71,0.92,0,0.93,0.67,0.73,0.94,0.49,183,0.22,0,0
Urban Infrastructure,Gujarat,Rajkot,9.84,26,0.46,0.84,0,0.22,0.76,0.58,0.46,0.76,216,0.47,0,0
Water Resources,Rajasthan,Kota,12.15,29,0.16,0.78,0,0.47,0.23,0.19,0.51,0.73,169,0.08,0,0
Urban Infrastructure,Bihar,Bhagalpur,45.15,81,0.79,0.46,1,0.18,0.59,0.61,0.12,0.35,212,0.54,1,355
Urban Infrastructure,Rajasthan,Bhilwara,17.09,26,0.91,0.25,1,0.2,0.56,0.27,0.39,0.46,144,0.44,1,307
Highways,Tamil Nadu,Salem,140.25,133,0.41,0.36,1,0.91,0.41,0.74,0.38,0.21,177,0.55,1,255
Water Resources,Rajasthan,Jaipur,35.05,30,0.23,0.55,0,0.5,0.49,0.35,0.92,0.6,169,0.19,0,0
Solar Parks,Tamil Nadu,Salem,11.22,42,0.38,0.95,0,0.72,0.57,0.24,0.64,0.41,128,0.56,0,0
Urban Infrastructure,Bihar,Darbhanga,13.27,15,0.6,0.76,0,0.23,0.39,0.17,0.75,0.21,146,0.32,1,258
Industrial Corridors,Madhya Pradesh,Gwalior,76.89,119,0.37,0.85,0,0.12,0.36,0.54,0.17,0.52,223,0.13,1,213
Highways,Tamil Nadu,Madurai,31.15,31,0.62,0.42,0,0.9,0.76,0.28,0.43,0.9,144,0.59,1,166
Railways,Maharashtra,Nashik,73.23,91,0.92,0.73,1,0.62,0.16,0.87,0.22,0.89,85,0.47,0,0
Urban Infrastructure,Rajasthan,Bhilwara,24.7,30,0.67,0.87,0,0.12,0.38,0.1,0.82,0.48,144,0.15,0,0
Urban Infrastructure,Rajasthan,Jaipur,21.15,57,0.41,0.57,1,0.99,0.69,0.86,0.19,0.54,126,0.2,1,231
Highways,Maharashtra,Pune,81.09,150,0.9,0.54,0,0.54,0.29,0.57,0.44,0.38,180,0.21,0,0
Solar Parks,Uttar Pradesh,Varanasi,16.66,29,0.58,0.76,0,0.53,0.62,0.93,0.1,0.25,187,0.63,1,189
Industrial Corridors,Karnataka,Dakshina Kannada,48.97,77,0.21,0.64,1,0.66,0.37,0.28,0.62,0.72,176,0.58,0,0
Railways,Madhya Pradesh,Gwalior,27.95,53,0.52,0.97,0,0.11,0.86,0.19,0.48,0.8,141,0.26,1,180
Urban Infrastructure,West Bengal,Murshidabad,66.89,92,0.66,0.53,0,0.61,0.41,0.66,0.5,0.86,162,0.33,0,0
Solar Parks,Tamil Nadu,Coimbatore,141.85,160,0.81,0.34,0,0.67,0.31,0.74,0.14,0.9,145,0.22,0,0
Water Resources,Maharashtra,Aurangabad,24.2,51,0.9,0.57,0,0.37,0.58,0.44,0.51,0.89,94,0.5,0,0
Industrial Corridors,Bihar,Darbhanga,21.38,39,0.37,0.38,0,0.75,0.22,0.11,0.56,0.22,154,0.15,1,211
Water Resources,Tamil Nadu,Coimbatore,56.41,50,0.23,0.64,1,0.44,0.82,0.47,0.92,0.93,278,0.25,1,208
Industrial Corridors,Karnataka,Bengaluru Urban,13.93,16,0.16,0.3,0,0.75,0.71,0.31,0.08,0.48,113,0.41,1,195
Railways,Bihar,Bhagalpur,120.68,137,0.73,0.94,0,0.23,0.79,0.41,0.88,0.86,76,0.58,1,190
Mining,Gujarat,Surat,105.3,77,0.78,0.87,1,0.92,0.46,0.56,0.48,0.53,224,0.43,1,219
Industrial Corridors,Rajasthan,Udaipur,14.89,22,0.45,0.32,0,0.89,0.85,0.73,0.24,0.52,180,0.61,0,0
Mining,Gujarat,Ahmedabad,9.33,6,0.44,0.33,0,0.24,0.54,0.97,0.65,0.21,173,0.61,1,187
Water Resources,Tamil Nadu,Madurai,13.09,21,0.91,0.6,0,0.94,0.19,0.23,0.52,0.24,143,0.48,1,243
Industrial Corridors,Karnataka,Bengaluru Urban,13.25,26,0.88,0.8,1,0.6,0.3,0.71,0.25,0.7,170,0.22,1,271
Railways,Madhya Pradesh,Gwalior,62.89,75,0.3,0.37,0,0.73,0.74,0.31,0.61,0.9,162,0.46,1,153
Highways,Tamil Nadu,Salem,114.36,173,0.76,0.25,1,0.86,0.91,0.3,0.48,0.37,218,0.17,1,430
Railways,Maharashtra,Aurangabad,62.31,89,0.63,0.63,0,0.18,0.19,0.67,0.67,0.27,201,0.25,1,189
Railways,Odisha,Bhubaneswar,27.41,52,0.23,0.74,0,0.25,0.88,0.8,0.67,0.36,187,0.5,0,0
Highways,Tamil Nadu,Kanchipuram,43.55,65,0.4,0.39,1,0.36,0.82,0.98,0.48,0.36,129,0.56,0,0
Highways,Rajasthan,Kota,16.51,7,0.25,0.78,0,0.53,0.42,0.79,0.4,0.42,170,0.3,0,0
Solar Parks,Rajasthan,Jodhpur,79.66,81,0.35,0.94,0,0.41,0.72,0.24,0.11,0.27,132,0.36,0,0
Industrial Corridors,Tamil Nadu,Salem,46.79,24,0.62,0.31,1,0.56,0.27,0.3,0.49,0.38,215,0.28,1,287
Water Resources,Bihar,Gaya,61.47,115,0.42,0.6,1,0.27,0.83,0.79,0.27,0.89,127,0.34,1,213
Solar Parks,Odisha,Jharsuguda,18.5,37,0.43,0.24,0,0.71,0.69,0.57,0.1,0.87,153,0.36,0,0
Highways,Maharashtra,Thane,28.94,39,0.56,0.36,0,0.15,0.49,0.37,0.35,0.44,111,0.47,1,246
Mining,Tamil Nadu,Salem,59.15,56,0.17,0.27,0,0.43,0.88,0.52,0.13,0.95,137,0.5,0,0
Water Resources,Bihar,Patna,105.09,186,0.73,0.52,0,0.26,0.23,0.92,0.57,0.42,137,0.64,0,0
Mining,Rajasthan,Kota,20.36,34,0.44,0.84,0,0.76,0.86,0.78,0.5,0.74,153,0.31,0,0
Railways,Rajasthan,Jodhpur,61.83,119,0.51,0.65,0,0.9,0.12,0.51,0.76,0.68,119,0.1,0,0
Urban Infrastructure,Karnataka,Ballari,18.73,13,0.93,0.37,1,0.17,0.78,0.98,0.29,0.25,214,0.46,1,362
Railways,Tamil Nadu,Madurai,180.14,102,0.39,0.23,1,0.81,0.62,0.82,0.38,0.46,151,0.35,1,238
Railways,Odisha,Angul,23.76,19,0.65,0.63,1,0.91,0.73,0.11,0.67,0.91,135,0.55,0,0
Urban Infrastructure,Uttar Pradesh,Varanasi,55.41,101,0.43,0.3,1,0.98,0.47,0.2,0.94,0.24,194,0.14,1,239
Industrial Corridors,Odisha,Bhubaneswar,37.81,69,0.86,0.47,1,0.62,0.88,0.6,0.86,0.33,257,0.44,1,243
Highways,Rajasthan,Jaipur,266.2,128,0.82,0.6,0,0.39,0.38,0.41,0.52,0.93,141,0.33,0,0
Mining,Rajasthan,Jodhpur,39.8,20,0.31,0.9,0,0.39,0.35,0.83,0.66,0.23,148,0.3,0,0
Railways,Gujarat,Kutch,21.93,39,0.69,0.26,1,0.44,0.37,0.91,0.53,0.53,126,0.39,1,244
Urban Infrastructure,Rajasthan,Bhilwara,55.24,31,0.16,0.72,0,0.65,0.8,0.32,0.44,0.89,189,0.46,0,0
Solar Parks,Maharashtra,Pune,54.26,51,0.92,0.21,0,0.54,0.55,0.79,0.59,0.91,202,0.56,0,0
Railways,West Bengal,North 24 Parganas,29.2,26,0.4,0.69,1,0.69,0.58,0.58,0.4,0.93,157,0.19,1,287
Mining,Tamil Nadu,Coimbatore,13.79,16,0.81,0.63,1,0.14,0.85,0.45,0.3,0.56,140,0.23,1,241
Highways,Odisha,Cuttack,21.71,20,0.37,0.83,0,0.2,0.85,0.81,0.69,0.26,184,0.38,0,0
Railways,West Bengal,North 24 Parganas,67.03,44,0.64,0.61,1,0.98,0.25,0.61,0.83,0.78,193,0.26,0,0
Railways,Bihar,Bhagalpur,8.18,14,0.94,0.48,0,1.0,0.59,0.67,0.31,0.73,229,0.39,1,179
Industrial Corridors,Uttar Pradesh,Kanpur,27.16,62,0.85,0.39,1,0.77,0.21,0.16,0.69,0.63,133,0.17,1,237
Urban Infrastructure,Maharashtra,Aurangabad,73.4,72,0.24,0.27,1,0.33,0.88,0.63,0.44,0.87,198,0.23,0,0
Solar Parks,Odisha,Cuttack,30.73,45,0.57,0.62,1,0.96,0.85,0.37,0.32,0.88,164,0.24,1,209
Solar Parks,West Bengal,Murshidabad,188.48,84,0.4,0.89,0,0.29,0.86,0.54,0.61,0.71,81,0.65,0,0
Water Resources,Uttar Pradesh,Agra,8.2,34,0.47,0.6,1,0.76,0.73,0.3,0.9,0.28,228,0.56,0,0
Highways,Gujarat,Vadodara,15.35,34,0.38,0.78,0,0.2,0.52,0.65,0.37,0.27,173,0.55,0,0
Water Resources,Maharashtra,Pune,5.2,15,0.39,0.43,1,0.68,0.46,0.23,0.73,0.51,187,0.36,1,235
Mining,Maharashtra,Nashik,163.2,89,0.56,0.55,0,0.78,0.46,0.21,0.33,0.42,202,0.33,0,0
Highways,Gujarat,Ahmedabad,15.55,52,0.26,0.45,0,0.87,0.16,0.27,0.77,0.3,186,0.09,1,236
Railways,Tamil Nadu,Kanchipuram,6.76,7,0.56,0.29,0,0.76,0.95,0.84,0.73,0.66,116,0.17,0,0
Railways,Gujarat,Kutch,20.3,18,0.34,0.53,0,0.93,0.51,0.13,0.74,0.71,190,0.59,0,0
Solar Parks,Maharashtra,Nashik,10.87,32,0.35,0.8,0,0.57,0.94,0.76,0.95,0.72,182,0.37,0,0
Mining,Maharashtra,Thane,20.41,52,0.73,0.51,0,0.71,0.89,0.15,0.18,0.33,84,0.64,0,0
Urban Infrastructure,West Bengal,Howrah,34.23,30,0.13,0.71,0,0.43,0.85,0.63,0.4,0.43,234,0.41,0,0
Mining,Rajasthan,Bhilwara,63.05,110,0.42,0.79,1,0.11,0.63,0.8,0.62,0.35,143,0.28,1,297
Railways,Uttar Pradesh,Lucknow,28.8,52,0.45,0.45,0,0.78,0.19,0.31,0.58,0.65,204,0.21,0,0
Urban Infrastructure,Gujarat,Kutch,33.79,41,0.51,0.82,0,0.88,0.39,0.28,0.75,0.63,144,0.6,0,0
Mining,Uttar Pradesh,Varanasi,20.8,64,0.67,0.46,1,0.26,0.64,0.36,0.09,0.58,136,0.27,1,294
Mining,Gujarat,Surat,9.88,28,0.41,0.4,0,0.13,0.11,0.73,0.68,0.42,156,0.14,1,397
Urban Infrastructure,Bihar,Bhagalpur,7.56,18,0.28,0.37,0,0.25,0.14,0.33,0.71,0.38,255,0.22,0,0
Railways,Maharashtra,Aurangabad,24.74,25,0.85,0.36,0,0.91,0.71,0.55,0.1,0.87,250,0.44,1,261
Mining,Rajasthan,Kota,35.44,55,0.93,0.77,0,0.37,0.9,0.22,0.53,0.24,135,0.13,1,177
Urban Infrastructure,West Bengal,Hooghly,23.32,42,0.12,0.89,0,0.31,0.87,0.52,0.27,0.69,216,0.1,1,149
Industrial Corridors,Rajasthan,Jodhpur,7.79,17,0.56,0.38,0,0.11,0.25,0.66,0.77,0.21,161,0.32,0,0
Industrial Corridors,Rajasthan,Kota,38.9,62,0.39,0.27,1,0.37,0.92,0.16,0.09,0.35,250,0.1,1,300
Railways,Rajasthan,Jodhpur,121.93,67,0.34,0.44,0,0.74,0.73,0.83,0.18,0.42,211,0.29,0,0
Urban Infrastructure,Uttar Pradesh,Lucknow,30.21,48,0.39,0.71,0,0.96,0.74,0.94,0.14,0.86,172,0.24,0,0
Industrial Corridors,Gujarat,Kutch,20.83,30,0.64,0.49,0,0.38,0.37,0.27,0.11,0.3,163,0.28,1,264
Urban Infrastructure,Madhya Pradesh,Gwalior,31.55,67,0.26,0.63,1,0.32,0.74,0.78,0.59,0.9,187,0.34,0,0
Mining,Bihar,Gaya,13.69,44,0.88,0.78,1,0.9,0.74,0.38,0.83,0.81,181,0.16,1,209
Railways,Odisha,Bhubaneswar,13.0,42,0.5,0.52,0,0.87,0.64,0.71,0.51,0.71,110,0.32,0,0
Industrial Corridors,Rajasthan,Kota,47.52,94,0.38,0.98,1,0.4,0.42,0.38,0.24,0.51,169,0.27,1,301
Water Resources,Tamil Nadu,Kanchipuram,73.13,64,0.75,0.43,0,0.16,0.83,0.88,0.36,0.88,130,0.53,0,0
Mining,Uttar Pradesh,Lucknow,29.44,32,0.11,0.96,1,0.99,0.94,0.41,0.37,0.6,136,0.47,0,0
Water Resources,West Bengal,Howrah,6.83,13,0.47,0.36,1,0.71,0.88,0.86,0.46,0.48,210,0.57,1,420
Water Resources,Odisha,Sundargarh,43.93,71,0.4,0.29,0,0.93,0.32,0.79,0.43,0.64,169,0.45,1,189
Highways,Madhya Pradesh,Gwalior,173.11,71,0.39,0.79,1,0.41,0.5,0.28,0.65,0.37,139,0.12,1,212
Highways,Tamil Nadu,Coimbatore,27.25,64,0.39,0.75,0,0.68,0.41,0.24,0.36,0.4,105,0.35,1,167
Railways,Madhya Pradesh,Indore,28.72,39,0.13,0.83,0,0.71,0.74,0.8,0.65,0.89,125,0.5,0,0
Industrial Corridors,Odisha,Sundargarh,16.48,24,0.23,0.47,0,0.89,0.85,0.45,0.54,0.8,157,0.56,1,163
Industrial Corridors,Rajasthan,Jaipur,48.67,31,0.22,0.93,0,0.99,0.29,0.95,0.09,0.59,235,0.16,0,0
Industrial Corridors,Tamil Nadu,Coimbatore,19.36,48,0.94,0.29,0,0.2,0.95,0.95,0.88,0.51,112,0.18,0,0
Urban Infrastructure,Madhya Pradesh,Jabalpur,74.98,51,0.12,0.22,0,0.67,0.71,0.72,0.21,0.81,173,0.57,0,0
Mining,West Bengal,Murshidabad,19.57,26,0.24,0.43,1,0.4,0.3,0.55,0.46,0.63,178,0.34,1,229
Industrial Corridors,Gujarat,Vadodara,43.53,45,0.93,0.82,1,0.83,0.43,0.28,0.9,0.51,215,0.32,1,227
Mining,Maharashtra,Nashik,31.91,53,0.63,0.72,0,0.78,0.19,0.89,0.27,0.59,165,0.35,1,202
Railways,Gujarat,Kutch,114.9,102,0.48,0.54,0,0.9,0.64,0.17,0.07,0.37,178,0.15,1,196
Water Resources,Odisha,Angul,45.95,72,0.17,0.4,0,0.41,0.25,0.43,0.49,0.35,213,0.43,0,0
Industrial Corridors,Uttar Pradesh,Agra,100.44,79,0.67,0.25,1,0.27,0.72,0.39,0.25,0.94,125,0.53,1,291
Railways,Maharashtra,Thane,36.12,55,0.22,0.46,0,0.12,0.76,0.96,0.57,0.93,195,0.55,0,0
Industrial Corridors,Bihar,Muzaffarpur,28.89,28,0.67,0.56,0,0.33,0.53,0.21,0.79,0.52,97,0.07,0,0
Highways,West Bengal,Howrah,32.12,48,0.93,0.74,0,0.43,0.18,0.9,0.51,0.59,162,0.48,0,0
Solar Parks,Bihar,Patna,17.87,22,0.55,0.7,1,0.95,0.65,0.51,0.63,0.82,149,0.1,0,0
Railways,Tamil Nadu,Kanchipuram,50.67,37,0.28,0.94,1,0.54,0.43,0.14,0.65,0.74,127,0.63,1,295
Industrial Corridors,Maharashtra,Thane,19.06,38,0.63,0.28,1,0.6,0.95,0.76,0.79,0.27,203,0.34,1,220
Solar Parks,Bihar,Bhagalpur,36.23,80,0.54,0.46,1,0.89,0.56,0.19,0.67,0.48,206,0.52,1,291
Railways,Bihar,Patna,65.64,127,0.55,0.58,0,0.9,0.17,0.31,0.93,0.39,208,0.42,0,0
Urban Infrastructure,Madhya Pradesh,Indore,117.55,195,0.51,0.72,1,0.58,0.67,0.82,0.46,0.94,177,0.62,1,223
Industrial Corridors,Gujarat,Surat,37.72,38,0.67,0.59,0,0.2,0.8,0.24,0.1,0.76,104,0.63,0,0
Urban Infrastructure,Madhya Pradesh,Bhopal,65.95,70,0.59,0.91,0,0.34,0.24,0.39,0.4,0.24,145,0.22,0,0
Highways,Maharashtra,Pune,59.95,79,0.94,0.67,1,0.51,0.5,0.42,0.81,0.88,205,0.34,1,271
Industrial Corridors,Maharashtra,Nagpur,24.39,36,0.8,0.23,0,0.78,0.77,0.63,0.17,0.9,204,0.35,0,0
Water Resources,Odisha,Angul,178.8,335,0.32,0.29,0,0.74,0.12,0.81,0.71,0.45,213,0.16,0,0
Highways,Madhya Pradesh,Gwalior,20.88,22,0.72,0.79,0,0.68,0.13,0.31,0.53,0.68,174,0.59,1,241
Solar Parks,Karnataka,Ballari,35.62,84,0.28,0.76,1,0.89,0.71,0.29,0.86,0.71,151,0.26,0,0
Railways,Gujarat,Ahmedabad,105.98,117,0.76,0.32,1,0.82,0.75,0.3,0.71,0.75,71,0.1,1,227
Mining,Maharashtra,Nashik,103.91,180,0.23,0.25,1,0.98,0.86,0.44,0.64,0.72,198,0.14,1,201
Highways,Odisha,Jharsuguda,33.5,14,0.5,0.65,1,0.9,0.46,0.58,0.85,0.62,155,0.36,0,0
Mining,Madhya Pradesh,Bhopal,73.14,135,0.77,0.7,1,0.28,0.45,0.11,0.87,0.92,103,0.58,1,255
Mining,Gujarat,Vadodara,27.68,37,0.34,0.31,0,0.15,0.6,0.8,0.4,0.58,194,0.43,1,210
Railways,Madhya Pradesh,Bhopal,22.4,39,0.81,0.57,1,0.47,0.78,0.93,0.89,0.28,223,0.18,1,208
Solar Parks,Bihar,Darbhanga,12.55,33,0.65,0.44,0,0.66,0.68,0.86,0.1,0.26,199,0.23,0,0
Railways,Odisha,Sundargarh,59.09,52,0.44,0.93,0,0.68,0.39,0.13,0.74,0.21,190,0.64,1,181
Industrial Corridors,Gujarat,Kutch,64.29,83,0.46,0.37,0,0.34,0.41,0.57,0.35,0.52,202,0.08,1,204
Highways,Rajasthan,Bhilwara,21.02,28,0.89,0.77,1,0.87,0.79,0.83,0.49,0.4,37,0.65,1,369
Mining,Tamil Nadu,Coimbatore,41.04,49,0.29,0.6,1,0.4,0.58,0.41,0.8,0.87,237,0.59,1,213
Railways,Tamil Nadu,Coimbatore,276.11,307,0.69,0.21,0,0.93,0.19,0.91,0.62,0.85,124,0.46,1,214
Railways,Gujarat,Kutch,82.88,88,0.7,0.6,1,0.52,0.24,0.9,0.46,0.83,128,0.62,1,234
Railways,Madhya Pradesh,Jabalpur,16.1,19,0.88,0.28,0,0.11,0.87,0.23,0.2,0.85,138,0.14,1,220
Highways,Odisha,Angul,73.79,113,0.71,0.71,0,0.25,1.0,0.54,0.9,0.42,143,0.62,1,181
Solar Parks,Tamil Nadu,Salem,16.16,35,0.6,0.64,0,0.19,0.4,0.12,0.35,0.52,227,0.18,0,0
Water Resources,Odisha,Angul,3.27,3,0.87,0.21,0,0.14,0.45,0.35,0.14,0.43,184,0.38,1,233
Railways,Tamil Nadu,Madurai,32.58,72,0.8,0.36,1,0.74,0.24,0.83,0.56,0.26,129,0.34,1,253
Highways,Bihar,Bhagalpur,115.65,184,0.71,0.81,0,0.27,0.31,0.98,0.42,0.89,136,0.36,1,235
Mining,Madhya Pradesh,Indore,101.29,132,0.13,0.42,1,0.85,0.48,0.92,0.58,0.66,272,0.21,1,285
Industrial Corridors,Bihar,Patna,44.78,72,0.42,0.59,0,0.34,0.36,0.14,0.26,0.3,175,0.52,0,0
Water Resources,Tamil Nadu,Madurai,21.47,44,0.64,0.44,1,0.13,0.73,0.93,0.39,0.35,140,0.5,1,250
Urban Infrastructure,Rajasthan,Bhilwara,48.87,77,0.54,0.92,0,0.84,0.58,0.84,0.93,0.54,87,0.62,0,0
Water Resources,Rajasthan,Jodhpur,26.7,54,0.37,0.62,1,0.52,0.84,0.88,0.89,0.24,84,0.35,1,238
Water Resources,Bihar,Muzaffarpur,21.96,17,0.22,0.74,0,0.64,0.75,0.92,0.83,0.4,109,0.38,0,0
Highways,Rajasthan,Kota,77.45,116,0.57,0.27,0,0.4,0.22,0.54,0.75,0.73,164,0.59,0,0
Urban Infrastructure,Tamil Nadu,Salem,21.74,37,0.34,0.23,0,0.14,0.21,0.29,0.19,0.89,209,0.6,0,0
Railways,Gujarat,Ahmedabad,81.6,27,0.3,0.4,1,0.43,0.91,0.12,0.47,0.9,187,0.44,1,224
Railways,Bihar,Bhagalpur,20.62,46,0.44,0.44,0,0.57,0.84,0.12,0.71,0.59,212,0.54,1,214
Water Resources,Uttar Pradesh,Kanpur,171.88,231,0.77,0.74,1,0.11,0.52,0.68,0.29,0.43,185,0.35,1,288
Highways,Madhya Pradesh,Gwalior,8.91,10,0.51,0.64,0,0.62,0.22,0.4,0.08,0.89,104,0.28,0,0
Urban Infrastructure,Rajasthan,Udaipur,15.4,18,0.28,0.49,0,0.9,0.91,0.55,0.43,0.79,179,0.57,0,0
Railways,Rajasthan,Jodhpur,29.24,73,0.2,0.71,0,0.3,0.31,0.22,0.43,0.64,181,0.52,1,187
Mining,Maharashtra,Pune,6.77,12,0.52,0.33,1,0.93,0.13,0.98,0.11,0.83,154,0.2,1,261
Solar Parks,Karnataka,Ballari,4.23,21,0.78,0.25,0,0.19,0.93,0.22,0.34,0.54,146,0.08,0,0
Solar Parks,Bihar,Muzaffarpur,6.82,30,0.65,0.87,0,0.84,0.83,0.5,0.88,0.28,153,0.39,1,163
Railways,West Bengal,Murshidabad,26.21,31,0.3,0.64,0,0.86,0.72,0.5,0.28,0.9,90,0.55,0,0
Urban Infrastructure,Rajasthan,Jaipur,26.75,20,0.47,0.71,0,0.33,0.13,0.11,0.56,0.6,100,0.2,1,241
Industrial Corridors,Madhya Pradesh,Bhopal,43.22,62,0.83,0.44,0,0.96,0.58,0.7,0.49,0.72,274,0.51,1,174
Railways,Uttar Pradesh,Kanpur,28.29,62,0.25,0.49,0,0.47,0.69,0.58,0.83,0.49,103,0.3,0,0
Industrial Corridors,Rajasthan,Jodhpur,42.08,41,0.55,0.26,1,0.23,0.78,0.55,0.64,0.3,80,0.25,1,307
Industrial Corridors,Uttar Pradesh,Varanasi,23.1,45,0.4,0.87,0,0.63,0.52,0.84,0.19,0.4,127,0.15,0,0
Urban Infrastructure,Tamil Nadu,Salem,58.67,62,0.21,0.66,0,1.0,0.96,0.32,0.18,0.23,180,0.61,0,0
Industrial Corridors,Tamil Nadu,Salem,53.27,40,0.14,0.27,0,0.91,0.32,0.87,0.55,0.27,185,0.19,0,0
Mining,Karnataka,Belagavi,25.5,71,0.57,0.83,0,0.35,0.16,0.88,0.09,0.35,113,0.22,1,197
Urban Infrastructure,Gujarat,Kutch,50.72,76,0.12,0.55,0,0.62,0.4,0.84,0.4,0.62,164,0.25,0,0
Railways,West Bengal,Howrah,28.43,33,0.19,0.8,0,0.2,0.7,0.41,0.41,0.94,135,0.22,0,0
Water Resources,Maharashtra,Aurangabad,9.8,41,0.4,0.21,0,0.52,0.76,0.25,0.23,0.83,168,0.15,1,264
Mining,Karnataka,Mysuru,68.28,121,0.14,0.22,1,0.57,0.76,0.53,0.32,0.26,146,0.26,1,240
Highways,Odisha,Jharsuguda,16.03,44,0.44,0.33,1,0.38,0.2,0.33,0.35,0.83,128,0.33,0,0
Solar Parks,Maharashtra,Nashik,67.7,43,0.21,0.36,0,0.54,0.9,0.15,0.06,0.6,130,0.38,0,0
Railways,Bihar,Muzaffarpur,42.92,58,0.4,0.8,1,0.93,0.35,0.35,0.78,0.7,61,0.14,1,199
Railways,Madhya Pradesh,Ujjain,30.95,38,0.77,0.75,1,0.55,0.29,0.52,0.91,0.3,150,0.52,1,279
Railways,Odisha,Sundargarh,7.38,31,0.63,0.68,0,0.85,0.65,0.2,0.31,0.5,156,0.24,1,196
Mining,Odisha,Sundargarh,113.5,159,0.48,0.89,1,0.39,0.29,0.95,0.15,0.86,96,0.6,0,0
Highways,Karnataka,Dakshina Kannada,24.77,47,0.18,0.39,1,0.97,0.56,0.69,0.91,0.52,144,0.25,0,0
Water Resources,Gujarat,Surat,55.02,65,0.63,0.91,1,0.18,0.47,0.22,0.72,0.3,148,0.57,1,415
Urban Infrastructure,Karnataka,Ballari,30.23,42,0.24,0.91,0,0.63,0.31,0.83,0.85,0.43,76,0.26,1,123
Highways,Bihar,Patna,26.65,23,0.17,0.54,1,0.81,0.36,0.94,0.37,0.37,125,0.35,1,243
Mining,Rajasthan,Udaipur,38.64,78,0.66,0.27,0,0.83,0.48,0.34,0.49,0.72,123,0.27,0,0
Railways,Rajasthan,Jaipur,33.83,42,0.88,0.77,1,0.28,0.41,0.23,0.89,0.88,168,0.28,1,228
Solar Parks,Gujarat,Vadodara,26.75,16,0.49,0.46,0,0.46,0.44,0.39,0.46,0.75,216,0.42,0,0
Railways,Bihar,Bhagalpur,31.68,71,0.13,0.82,0,0.66,0.76,0.85,0.65,0.83,162,0.47,0,0
Urban Infrastructure,Gujarat,Surat,46.6,69,0.85,0.33,0,0.38,0.25,0.26,0.68,0.8,212,0.57,1,207
Industrial Corridors,Uttar Pradesh,Gorakhpur,49.32,80,0.16,0.62,0,0.69,0.66,0.8,0.8,0.21,149,0.39,0,0
Solar Parks,Rajasthan,Kota,34.28,36,0.84,0.6,0,0.44,0.71,0.74,0.93,0.29,176,0.18,0,0
Railways,Odisha,Jharsuguda,54.42,82,0.43,0.28,0,0.42,0.82,0.69,0.35,0.52,163,0.64,1,206
Water Resources,West Bengal,Murshidabad,23.59,26,0.41,0.48,0,0.2,0.86,0.49,0.27,0.28,268,0.46,1,209
Solar Parks,Madhya Pradesh,Bhopal,196.35,296,0.56,0.27,0,0.14,0.24,0.43,0.12,0.75,153,0.27,1,333
Industrial Corridors,Bihar,Bhagalpur,108.69,50,0.91,0.56,1,0.85,0.22,0.18,0.82,0.25,195,0.63,1,278
Highways,Maharashtra,Aurangabad,60.94,80,0.86,0.86,0,0.54,0.65,0.42,0.31,0.51,169,0.63,1,196
Mining,Gujarat,Rajkot,7.01,26,0.5,0.41,0,0.61,0.78,0.64,0.09,0.49,210,0.1,0,0
Railways,Madhya Pradesh,Gwalior,53.78,76,0.69,0.8,1,0.43,0.35,0.91,0.83,0.61,188,0.06,1,203
Urban Infrastructure,Maharashtra,Nagpur,25.3,50,0.59,0.34,0,0.22,0.57,0.85,0.51,0.67,175,0.08,1,178
Highways,Madhya Pradesh,Jabalpur,15.14,33,0.69,0.73,0,0.5,0.8,0.13,0.8,0.91,108,0.46,0,0
Railways,West Bengal,Murshidabad,24.79,30,0.8,0.91,0,0.31,0.79,0.22,0.55,0.4,112,0.48,0,0
Highways,Maharashtra,Nagpur,16.54,32,0.13,0.45,0,0.85,0.69,0.86,0.33,0.7,132,0.48,0,0
Urban Infrastructure,Karnataka,Ballari,49.67,80,0.38,0.9,1,0.99,0.17,0.95,0.17,0.23,146,0.43,1,235
Railways,Tamil Nadu,Coimbatore,120.64,235,0.92,0.59,1,0.9,0.15,0.15,0.44,0.2,165,0.22,1,309
Industrial Corridors,Karnataka,Belagavi,64.12,115,0.91,0.45,1,0.58,0.45,0.73,0.07,0.22,132,0.15,1,302
Industrial Corridors,Rajasthan,Bhilwara,301.88,340,0.11,0.9,1,0.67,0.12,0.43,0.59,0.54,71,0.61,1,207
Urban Infrastructure,Tamil Nadu,Madurai,9.56,26,0.27,0.22,0,0.95,0.91,0.43,0.43,0.62,206,0.6,1,164
Solar Parks,Karnataka,Bengaluru Urban,22.09,36,0.94,0.22,0,0.58,0.12,0.68,0.18,0.2,180,0.2,1,229
Urban Infrastructure,Tamil Nadu,Tiruchirappalli,15.57,22,0.52,0.67,1,0.67,0.13,0.83,0.53,0.5,162,0.15,1,244
Solar Parks,Tamil Nadu,Madurai,88.54,67,0.59,0.82,1,0.67,0.25,0.35,0.77,0.23,216,0.28,1,312
Railways,Odisha,Cuttack,27.76,14,0.24,0.79,1,0.74,0.66,0.73,0.93,0.69,123,0.08,1,167
Solar Parks,Gujarat,Kutch,38.54,83,0.86,0.26,0,0.68,0.59,0.67,0.52,0.67,154,0.15,0,0
Railways,Gujarat,Kutch,54.98,64,0.3,0.94,0,0.7,0.69,0.57,0.17,0.79,167,0.28,0,0
Railways,Odisha,Sundargarh,10.34,27,0.26,0.75,1,0.75,0.9,0.64,0.78,0.61,141,0.19,1,265
Water Resources,Madhya Pradesh,Gwalior,20.14,37,0.29,0.94,0,0.83,0.51,0.12,0.68,0.67,124,0.49,0,0
Mining,Uttar Pradesh,Lucknow,73.54,96,0.88,0.46,1,0.46,0.14,0.1,0.91,0.41,199,0.59,1,284
Railways,Madhya Pradesh,Jabalpur,21.36,38,0.7,0.74,0,0.77,0.79,0.6,0.53,0.26,172,0.6,1,171
Solar Parks,Maharashtra,Nagpur,8.41,25,0.75,0.87,1,0.19,0.83,0.57,0.37,0.75,188,0.41,1,239
Mining,Maharashtra,Nashik,16.09,28,0.42,0.5,0,0.89,0.14,0.16,0.92,0.66,122,0.47,0,0
Mining,Tamil Nadu,Kanchipuram,26.34,41,0.87,0.95,0,0.36,0.32,0.54,0.53,0.9,197,0.35,1,198
Railways,Karnataka,Bengaluru Urban,37.84,41,0.77,0.41,0,0.46,0.79,0.78,0.06,0.94,131,0.14,1,198
Urban Infrastructure,Karnataka,Dakshina Kannada,31.29,36,0.74,0.45,1,0.82,0.44,0.59,0.48,0.84,171,0.43,1,276
Urban Infrastructure,Gujarat,Ahmedabad,20.26,39,0.93,0.92,1,0.67,0.53,0.57,0.05,0.94,249,0.26,0,0
Industrial Corridors,Bihar,Muzaffarpur,70.21,127,0.41,0.96,0,0.38,0.84,0.75,0.71,0.69,198,0.05,0,0
Mining,Madhya Pradesh,Gwalior,29.87,31,0.62,0.42,1,0.3,0.19,0.25,0.56,0.27,175,0.39,0,0
Railways,Rajasthan,Kota,39.15,54,0.87,0.31,0,0.96,0.71,0.51,0.15,0.27,220,0.17,1,191
Water Resources,West Bengal,Murshidabad,21.14,57,0.77,0.79,1,0.18,0.29,0.23,0.78,0.81,134,0.58,1,301
Urban Infrastructure,Karnataka,Belagavi,110.74,199,0.58,0.93,0,0.1,0.16,0.57,0.53,0.38,182,0.61,1,215
Water Resources,West Bengal,Howrah,24.21,42,0.16,0.67,0,0.71,0.7,0.63,0.15,0.25,122,0.15,0,0
Railways,Tamil Nadu,Kanchipuram,35.15,58,0.65,0.69,0,0.65,0.21,0.21,0.19,0.55,143,0.07,1,187
Railways,West Bengal,Howrah,75.79,66,0.55,0.8,0,0.76,0.77,0.17,0.79,0.44,231,0.05,0,0
Mining,Rajasthan,Jodhpur,41.43,74,0.26,0.32,0,0.76,0.28,0.25,0.37,0.64,172,0.6,1,190
Water Resources,Odisha,Jharsuguda,40.61,63,0.85,0.96,0,0.88,0.14,0.63,0.79,0.65,223,0.14,1,166
Industrial Corridors,Rajasthan,Jodhpur,6.83,34,0.39,0.48,0,0.93,0.19,0.27,0.11,0.71,155,0.31,0,0
Mining,West Bengal,Murshidabad,57.08,29,0.43,0.69,1,0.8,0.86,0.35,0.27,0.63,214,0.08,1,215
Highways,Rajasthan,Kota,34.62,44,0.67,0.57,0,0.31,0.43,0.73,0.74,0.49,162,0.27,1,173
Water Resources,Uttar Pradesh,Gorakhpur,51.07,60,0.52,0.57,1,0.52,0.37,0.32,0.63,0.22,166,0.52,1,285
Urban Infrastructure,Tamil Nadu,Salem,38.34,64,0.18,0.75,0,0.68,0.54,0.46,0.33,0.88,161,0.29,1,174
Urban Infrastructure,Madhya Pradesh,Ujjain,21.17,24,0.43,0.98,1,0.59,0.67,0.94,0.89,0.45,176,0.52,0,0
Urban Infrastructure,Odisha,Bhubaneswar,67.72,110,0.18,0.71,0,0.24,0.13,0.84,0.24,0.58,148,0.46,0,0
Solar Parks,Karnataka,Mysuru,38.8,78,0.26,0.82,0,0.63,0.91,0.33,0.81,0.62,97,0.36,0,0
Railways,Maharashtra,Thane,11.8,15,0.11,0.22,0,0.9,0.96,0.64,0.68,0.44,158,0.49,0,0
Mining,Madhya Pradesh,Indore,94.33,69,0.25,0.83,0,0.48,0.48,0.7,0.16,0.43,165,0.58,1,169
Urban Infrastructure,Maharashtra,Nagpur,10.54,34,0.38,0.43,1,0.7,0.47,0.91,0.55,0.4,233,0.53,0,0
Highways,Tamil Nadu,Kanchipuram,68.08,68,0.56,0.3,0,0.65,0.89,0.59,0.89,0.38,58,0.47,1,170
Urban Infrastructure,Odisha,Sundargarh,108.8,66,0.88,0.29,0,0.44,0.49,0.61,0.61,0.22,232,0.47,0,0
Industrial Corridors,Gujarat,Surat,13.67,28,0.56,0.73,0,0.61,0.87,0.9,0.53,0.92,207,0.15,0,0
Railways,Karnataka,Dakshina Kannada,30.02,49,0.7,0.98,0,0.29,0.13,0.15,0.38,0.65,190,0.62,0,0
Water Resources,Uttar Pradesh,Agra,27.86,31,0.4,0.72,0,0.59,0.54,0.67,0.76,0.28,166,0.17,0,0
Railways,Gujarat,Rajkot,28.88,60,0.74,0.4,1,0.82,0.96,0.47,0.87,0.64,114,0.26,1,199
Water Resources,Tamil Nadu,Coimbatore,143.19,134,0.63,0.36,0,0.78,0.33,0.92,0.73,0.37,247,0.36,1,311
Water Resources,Madhya Pradesh,Jabalpur,13.79,23,0.49,0.61,1,0.42,0.34,0.96,0.7,0.43,215,0.13,0,0
Mining,Uttar Pradesh,Kanpur,25.91,31,0.26,0.25,0,0.2,0.67,0.25,0.22,0.8,171,0.41,0,0
Solar Parks,Rajasthan,Jaipur,110.24,219,0.36,0.51,0,0.82,0.93,0.35,0.8,0.86,172,0.16,0,0
Water Resources,West Bengal,North 24 Parganas,25.58,43,0.63,0.72,1,0.34,0.28,0.35,0.09,0.72,155,0.6,1,266
Water Resources,Uttar Pradesh,Gorakhpur,15.66,20,0.46,0.95,0,0.15,0.93,0.19,0.73,0.9,186,0.58,0,0
Mining,Tamil Nadu,Coimbatore,40.87,52,0.86,0.53,1,0.5,0.7,0.53,0.24,0.88,158,0.38,0,0
Urban Infrastructure,Bihar,Patna,63.09,101,0.3,0.36,1,0.77,0.99,0.56,0.49,0.61,173,0.32,1,208
Industrial Corridors,West Bengal,North 24 Parganas,24.18,49,0.16,0.84,0,0.83,0.76,0.62,0.68,0.88,179,0.11,0,0
Highways,Maharashtra,Nagpur,51.6,44,0.6,0.78,0,0.98,0.7,0.7,0.73,0.61,269,0.54,0,0
Mining,Karnataka,Dakshina Kannada,11.01,22,0.85,0.87,1,0.27,0.83,0.16,0.85,0.28,119,0.28,1,227
Solar Parks,Maharashtra,Pune,11.51,33,0.41,0.37,0,0.36,0.26,0.66,0.3,0.82,167,0.2,1,176
Mining,Uttar Pradesh,Gorakhpur,23.29,39,0.65,0.52,0,0.65,0.95,0.92,0.25,0.3,215,0.65,0,0
Railways,Maharashtra,Thane,53.09,42,0.3,0.97,1,0.83,0.25,0.51,0.95,0.44,197,0.45,1,212
Urban Infrastructure,Tamil Nadu,Tiruchirappalli,60.9,47,0.57,0.32,0,0.31,0.12,0.2,0.24,0.48,190,0.09,1,229
Urban Infrastructure,Rajasthan,Udaipur,12.86,32,0.77,0.72,1,0.47,0.73,0.18,0.65,0.81,295,0.53,1,278
Water Resources,Madhya Pradesh,Jabalpur,59.12,91,0.84,0.39,0,0.47,0.27,0.35,0.91,0.26,208,0.5,1,241
Urban Infrastructure,Karnataka,Dakshina Kannada,37.83,57,0.19,0.59,1,0.8,0.78,0.78,0.86,0.53,131,0.29,0,0
Urban Infrastructure,Maharashtra,Nashik,16.39,12,0.4,0.82,0,0.32,0.82,0.33,0.45,0.53,126,0.12,0,0
Urban Infrastructure,Maharashtra,Thane,11.39,16,0.64,0.58,1,0.97,0.31,0.83,0.62,0.64,158,0.35,0,0
Urban Infrastructure,Uttar Pradesh,Varanasi,39.8,52,0.13,0.83,1,0.56,0.18,0.84,0.53,0.47,140,0.51,1,282
Highways,Madhya Pradesh,Jabalpur,92.91,62,0.69,0.53,0,0.35,0.55,0.51,0.36,0.63,163,0.1,1,207
Solar Parks,Gujarat,Vadodara,34.07,29,0.55,0.98,1,0.36,0.9,0.37,0.18,0.94,175,0.15,1,210
Water Resources,Maharashtra,Aurangabad,15.67,43,0.35,0.54,1,0.12,0.86,0.64,0.77,0.25,172,0.42,1,249
Urban Infrastructure,Tamil Nadu,Salem,7.43,19,0.79,0.32,0,0.72,0.21,0.83,0.13,0.86,49,0.39,0,0
Water Resources,Bihar,Gaya,112.57,216,0.35,0.51,0,0.8,0.97,0.16,0.6,0.43,125,0.59,1,166
Solar Parks,Karnataka,Dakshina Kannada,76.21,126,0.94,0.78,1,0.13,0.34,0.96,0.58,0.55,192,0.54,1,252
Industrial Corridors,Maharashtra,Aurangabad,42.17,30,0.79,0.86,0,0.63,0.41,0.68,0.35,0.76,233,0.6,1,209
Urban Infrastructure,Tamil Nadu,Salem,108.03,130,0.7,0.56,1,0.8,0.23,0.46,0.17,0.88,141,0.33,1,258
Water Resources,Tamil Nadu,Coimbatore,39.61,48,0.15,0.66,0,0.44,0.44,0.56,0.77,0.21,142,0.52,0,0
Mining,Karnataka,Ballari,21.65,37,0.87,0.86,1,0.49,0.67,0.45,0.47,0.7,155,0.08,0,0
Water Resources,Gujarat,Surat,51.63,115,0.77,0.83,0,0.43,0.56,0.47,0.7,0.25,237,0.23,1,200
Urban Infrastructure,Tamil Nadu,Salem,17.05,37,0.29,0.71,0,0.38,0.84,0.64,0.06,0.59,162,0.44,0,0
Railways,Bihar,Darbhanga,14.93,10,0.43,0.84,1,0.54,0.68,0.15,0.12,0.76,59,0.51,1,232
Highways,Tamil Nadu,Tiruchirappalli,61.39,61,0.33,0.65,0,0.25,0.34,0.26,0.21,0.33,240,0.39,0,0
Mining,Tamil Nadu,Kanchipuram,65.67,30,0.94,0.2,0,0.5,0.6,0.3,0.15,0.77,191,0.34,0,0
Mining,Tamil Nadu,Madurai,11.95,25,0.83,0.23,0,0.95,0.16,0.47,0.22,0.43,101,0.19,1,217
Railways,Rajasthan,Kota,12.31,34,0.89,0.96,0,0.12,0.62,0.43,0.67,0.66,136,0.15,0,0
Urban Infrastructure,Rajasthan,Jaipur,23.2,49,0.77,0.31,0,0.25,0.45,0.75,0.09,0.69,124,0.58,1,257
Highways,Gujarat,Vadodara,18.75,52,0.49,0.52,0,0.8,0.19,0.33,0.08,0.69,150,0.14,1,199
Mining,Maharashtra,Thane,48.48,40,0.27,0.93,0,0.22,0.38,0.15,0.08,0.21,226,0.31,1,343
Highways,Tamil Nadu,Coimbatore,34.41,47,0.28,0.35,0,0.34,0.91,0.15,0.68,0.31,75,0.58,1,189
Mining,Madhya Pradesh,Jabalpur,84.09,141,0.23,0.86,0,0.51,0.63,0.11,0.53,0.84,144,0.14,0,0
Urban Infrastructure,Maharashtra,Aurangabad,42.68,60,0.56,0.84,0,0.95,0.91,0.13,0.38,0.9,165,0.13,0,0
Industrial Corridors,Gujarat,Ahmedabad,19.77,32,0.88,0.97,0,0.27,0.47,0.87,0.66,0.62,156,0.47,0,0
Mining,Odisha,Bhubaneswar,7.29,14,0.94,0.42,0,0.93,0.98,0.73,0.55,0.65,124,0.25,0,0
Industrial Corridors,Maharashtra,Nashik,38.23,33,0.34,0.45,0,0.75,0.42,1.0,0.06,0.77,213,0.31,0,0
Mining,Maharashtra,Aurangabad,8.43,36,0.69,0.9,1,0.7,0.78,0.12,0.8,0.5,152,0.43,1,210
Solar Parks,West Bengal,Hooghly,19.58,58,0.61,0.38,0,0.75,0.37,0.86,0.37,0.45,147,0.28,1,183
Urban Infrastructure,Uttar Pradesh,Varanasi,18.59,38,0.52,0.63,0,0.13,0.2,0.73,0.41,0.78,175,0.53,1,189
Railways,West Bengal,Murshidabad,22.05,40,0.67,0.75,0,0.19,0.85,0.68,0.75,0.22,147,0.63,1,176
Industrial Corridors,Bihar,Gaya,11.56,17,0.42,0.41,0,0.4,0.79,0.42,0.22,0.86,135,0.61,1,235
Railways,Rajasthan,Kota,18.54,60,0.9,0.93,0,0.17,0.84,0.44,0.06,0.53,118,0.38,0,0
Urban Infrastructure,Rajasthan,Udaipur,82.82,172,0.7,0.72,1,0.99,0.37,0.86,0.87,0.58,258,0.26,1,213
Water Resources,Uttar Pradesh,Varanasi,82.64,91,0.74,0.24,0,0.62,0.73,0.74,0.5,0.68,195,0.31,1,190
Railways,Karnataka,Bengaluru Urban,112.84,101,0.31,0.31,0,0.54,0.3,0.7,0.36,0.41,142,0.25,1,305
Urban Infrastructure,Karnataka,Bengaluru Urban,33.39,44,0.24,0.35,0,0.81,0.11,0.13,0.79,0.65,217,0.32,1,193
Railways,Gujarat,Kutch,41.14,39,0.44,0.39,0,0.98,0.88,0.27,0.07,0.72,183,0.06,1,161
Industrial Corridors,Uttar Pradesh,Agra,83.8,40,0.75,0.77,0,0.96,0.57,0.97,0.23,0.29,161,0.08,0,0
Solar Parks,Maharashtra,Aurangabad,10.21,32,0.9,0.27,0,0.81,0.99,0.51,0.19,0.59,113,0.51,1,232
Railways,Karnataka,Dakshina Kannada,63.09,114,0.46,0.47,0,0.44,0.45,0.8,0.71,0.45,122,0.25,0,0
Industrial Corridors,Tamil Nadu,Tiruchirappalli,93.87,72,0.76,0.91,0,0.16,0.96,0.45,0.33,0.62,203,0.53,1,286
Mining,Madhya Pradesh,Indore,16.26,23,0.5,0.63,1,0.19,0.65,0.79,0.75,0.22,193,0.34,1,252
Urban Infrastructure,Maharashtra,Pune,100.09,157,0.35,0.41,0,0.1,0.56,0.21,0.09,0.76,98,0.53,0,0
Highways,Bihar,Darbhanga,171.77,243,0.73,0.95,1,0.1,0.37,0.14,0.6,0.33,141,0.45,1,297
Water Resources,Tamil Nadu,Kanchipuram,61.7,75,0.78,0.39,0,0.94,0.84,0.52,0.34,0.72,190,0.17,0,0
Highways,Tamil Nadu,Salem,53.28,90,0.27,0.91,1,0.93,0.85,0.63,0.22,0.78,210,0.32,1,195
Urban Infrastructure,Uttar Pradesh,Gorakhpur,13.52,36,0.36,0.77,0,0.7,0.48,0.39,0.79,0.76,183,0.47,0,0
Solar Parks,Gujarat,Ahmedabad,77.9,155,0.52,0.78,0,0.75,0.75,0.74,0.42,0.81,139,0.25,0,0
Railways,Bihar,Gaya,14.58,16,0.26,0.8,0,0.56,0.5,0.55,0.56,0.43,170,0.17,0,0
Solar Parks,Karnataka,Dakshina Kannada,44.51,44,0.89,0.6,0,0.31,0.77,0.94,0.08,0.93,150,0.37,1,226
Highways,Uttar Pradesh,Gorakhpur,48.27,109,0.6,0.84,1,0.92,0.99,0.18,0.76,0.22,177,0.21,1,292
Water Resources,Karnataka,Ballari,2.37,16,0.2,0.85,1,0.35,0.34,0.16,0.31,0.56,226,0.41,0,0
Industrial Corridors,Uttar Pradesh,Kanpur,45.82,72,0.26,0.48,0,0.77,0.67,0.91,0.67,0.4,124,0.21,0,0
Water Resources,Uttar Pradesh,Kanpur,269.66,148,0.91,0.51,0,0.32,0.44,0.7,0.73,0.75,172,0.59,1,221
Urban Infrastructure,Uttar Pradesh,Agra,6.21,30,0.73,0.89,1,0.88,0.59,0.7,0.16,0.8,155,0.26,1,213
Urban Infrastructure,Gujarat,Rajkot,31.72,57,0.72,0.61,1,0.69,0.89,0.12,0.32,0.82,148,0.59,1,259
Solar Parks,Uttar Pradesh,Agra,6.97,8,0.16,0.88,0,0.68,0.41,0.94,0.7,0.42,153,0.22,1,139
Industrial Corridors,Odisha,Bhubaneswar,16.19,37,0.86,0.69,1,0.19,0.17,0.79,0.26,0.41,219,0.41,1,267
Solar Parks,Madhya Pradesh,Gwalior,7.07,30,0.48,0.66,0,0.48,0.82,0.79,0.81,0.71,186,0.13,0,0
Railways,Karnataka,Bengaluru Urban,37.62,74,0.66,0.22,0,0.57,0.6,0.92,0.33,0.9,138,0.52,1,197
Mining,Maharashtra,Aurangabad,62.48,116,0.92,0.42,1,0.36,0.5,0.62,0.41,0.39,189,0.17,1,259
Industrial Corridors,West Bengal,Murshidabad,45.96,41,0.19,0.59,0,0.89,0.26,0.46,0.14,0.88,134,0.57,0,0
Mining,Bihar,Gaya,15.73,36,0.51,0.66,0,0.85,0.18,0.53,0.18,0.64,79,0.32,0,0
Water Resources,Rajasthan,Jodhpur,20.34,28,0.14,0.69,0,0.54,0.35,0.8,0.3,0.75,56,0.11,0,0
Railways,Gujarat,Kutch,41.17,69,0.52,0.76,0,0.41,0.75,0.79,0.09,0.53,182,0.27,1,303
Mining,Maharashtra,Pune,16.13,37,0.31,0.71,0,0.82,0.47,0.65,0.22,0.81,147,0.52,0,0
Highways,Tamil Nadu,Madurai,11.44,10,0.87,0.86,1,0.28,0.61,0.3,0.42,0.93,204,0.1,0,0
Water Resources,Odisha,Bhubaneswar,27.35,52,0.44,0.43,0,0.16,0.17,0.84,0.39,0.33,177,0.43,1,203
Mining,Rajasthan,Jaipur,15.55,48,0.64,0.7,0,0.14,0.21,0.68,0.23,0.49,171,0.35,1,209
Railways,West Bengal,Howrah,46.03,105,0.83,0.24,0,0.13,0.11,0.3,0.12,0.85,139,0.24,1,246
Mining,Maharashtra,Thane,93.59,47,0.94,0.57,1,0.54,0.71,0.53,0.34,0.33,183,0.5,1,318
Urban Infrastructure,Rajasthan,Bhilwara,264.56,317,0.53,0.41,0,0.33,0.34,1.0,0.72,0.51,229,0.08,1,248
Solar Parks,Maharashtra,Aurangabad,43.4,45,0.49,0.5,1,0.72,0.97,0.4,0.51,0.32,69,0.35,0,0
Highways,Odisha,Jharsuguda,55.52,101,0.16,0.48,0,0.69,0.38,0.2,0.9,0.69,153,0.35,0,0
Urban Infrastructure,West Bengal,Howrah,20.5,9,0.11,0.25,1,0.59,0.43,0.12,0.18,0.38,220,0.1,1,251
Urban Infrastructure,Tamil Nadu,Coimbatore,21.54,45,0.62,0.56,0,0.42,0.52,0.27,0.24,0.49,108,0.13,0,0
Railways,Uttar Pradesh,Varanasi,92.5,65,0.16,0.98,0,0.87,0.39,0.27,0.3,0.57,166,0.3,0,0
Solar Parks,Karnataka,Belagavi,26.55,55,0.42,0.43,1,0.74,0.84,0.87,0.06,0.42,129,0.37,0,0
Solar Parks,Tamil Nadu,Coimbatore,35.11,82,0.1,0.77,0,0.34,0.89,0.24,0.9,0.71,147,0.08,0,0
Industrial Corridors,Uttar Pradesh,Lucknow,88.09,141,0.62,0.63,0,0.55,0.11,0.88,0.45,0.28,80,0.06,0,0
Water Resources,Gujarat,Ahmedabad,26.71,42,0.46,0.45,0,0.24,0.69,0.18,0.48,0.86,204,0.17,0,0
Highways,Madhya Pradesh,Jabalpur,109.98,127,0.21,0.27,1,0.4,0.72,0.92,0.19,0.56,166,0.34,1,229
Water Resources,Bihar,Gaya,52.37,102,0.35,0.37,0,1.0,0.97,0.33,0.84,0.63,95,0.07,0,0
Railways,Bihar,Patna,47.67,68,0.58,0.81,0,0.3,0.43,0.65,0.67,0.67,178,0.49,0,0
Highways,Karnataka,Bengaluru Urban,19.72,48,0.66,0.42,0,0.73,0.28,0.24,0.44,0.24,169,0.14,1,225
Industrial Corridors,West Bengal,Hooghly,49.76,64,0.49,0.31,0,0.31,0.57,0.45,0.84,0.77,129,0.51,0,0
Mining,Odisha,Cuttack,23.49,48,0.78,0.46,0,0.94,0.5,0.18,0.86,0.91,248,0.17,1,164
Urban Infrastructure,West Bengal,North 24 Parganas,48.21,34,0.2,0.66,0,0.38,0.81,0.62,0.09,0.59,183,0.26,0,0
Highways,Odisha,Bhubaneswar,30.52,57,0.17,0.75,0,0.41,0.91,0.41,0.16,0.49,218,0.34,0,0
Water Resources,West Bengal,Murshidabad,71.77,65,0.14,0.5,0,0.63,0.18,0.87,0.07,0.79,152,0.26,0,0
Urban Infrastructure,Madhya Pradesh,Ujjain,32.28,79,0.56,0.59,0,0.63,0.86,0.26,0.57,0.74,86,0.06,0,0
Railways,Gujarat,Ahmedabad,169.07,250,0.7,0.55,0,0.62,0.92,0.35,0.25,0.69,55,0.6,0,0
Water Resources,Gujarat,Ahmedabad,26.56,73,0.21,0.21,0,0.62,0.93,0.26,0.81,0.92,114,0.22,0,0
Mining,Uttar Pradesh,Lucknow,21.59,24,0.64,0.51,0,0.38,0.79,0.61,0.47,0.64,220,0.13,0,0
Railways,Rajasthan,Udaipur,43.68,51,0.51,0.66,0,0.49,0.77,0.2,0.8,0.39,137,0.13,0,0
Mining,Gujarat,Rajkot,78.44,153,0.94,0.64,1,0.63,0.11,0.27,0.55,0.22,206,0.63,1,359
Mining,Gujarat,Ahmedabad,77.95,80,0.71,0.78,0,0.7,0.93,0.71,0.77,0.54,107,0.12,0,0
Urban Infrastructure,Tamil Nadu,Kanchipuram,37.84,44,0.66,0.72,1,0.33,0.42,0.17,0.38,0.69,130,0.26,1,237
Railways,Tamil Nadu,Coimbatore,43.44,85,0.58,0.42,0,0.73,0.14,0.77,0.9,0.33,136,0.09,0,0
Railways,Uttar Pradesh,Kanpur,43.49,68,0.95,0.4,1,0.93,0.47,0.19,0.65,0.22,170,0.49,1,300
Highways,Rajasthan,Jaipur,13.98,20,0.93,0.56,1,0.78,0.76,0.63,0.59,0.88,99,0.41,0,0
Water Resources,Karnataka,Mysuru,75.13,126,0.56,0.77,1,0.18,0.5,1.0,0.37,0.43,124,0.37,1,221
Railways,Tamil Nadu,Tiruchirappalli,12.11,17,0.49,0.27,0,0.52,0.78,0.26,0.89,0.55,149,0.56,1,232
Highways,Karnataka,Bengaluru Urban,14.0,32,0.49,0.94,0,0.49,0.56,0.33,0.35,0.27,99,0.39,1,169
Solar Parks,Maharashtra,Pune,34.61,22,0.46,0.62,1,0.4,0.37,0.91,0.8,0.49,80,0.62,0,0
Solar Parks,Tamil Nadu,Coimbatore,25.64,42,0.55,0.44,0,0.54,0.28,0.66,0.41,0.52,161,0.42,1,198
Solar Parks,Madhya Pradesh,Jabalpur,62.61,52,0.33,0.74,1,0.5,0.48,0.54,0.74,0.88,100,0.26,0,0
Industrial Corridors,Rajasthan,Jaipur,47.36,75,0.89,0.23,0,0.11,0.13,0.61,0.87,0.85,214,0.07,0,0
Railways,Uttar Pradesh,Gorakhpur,36.99,14,0.52,0.58,0,0.31,0.48,0.37,0.47,0.34,215,0.49,0,0
Industrial Corridors,Maharashtra,Pune,13.46,46,0.82,0.58,1,0.29,0.16,0.87,0.52,0.62,133,0.27,1,355
Water Resources,Rajasthan,Bhilwara,33.83,56,0.5,0.33,1,0.41,0.89,0.77,0.35,0.75,187,0.41,0,0
Railways,Madhya Pradesh,Gwalior,31.75,22,0.71,0.85,0,0.26,0.62,0.68,0.1,0.42,163,0.58,1,201
Highways,Rajasthan,Kota,39.56,82,0.39,0.82,0,0.16,0.68,0.94,0.64,0.5,208,0.05,1,343
Industrial Corridors,Madhya Pradesh,Ujjain,23.48,28,0.63,0.32,1,0.28,0.36,0.62,0.16,0.94,139,0.51,1,275
Industrial Corridors,Madhya Pradesh,Jabalpur,50.31,37,0.52,0.48,0,0.87,0.3,0.56,0.37,0.77,182,0.31,1,173
Water Resources,Karnataka,Bengaluru Urban,25.1,28,0.41,0.28,0,0.82,0.74,0.98,0.36,0.53,174,0.12,1,181
Industrial Corridors,West Bengal,North 24 Parganas,46.68,56,0.85,0.86,0,0.5,0.7,0.29,0.19,0.6,171,0.4,1,203
Mining,Maharashtra,Thane,62.6,33,0.2,0.45,0,0.89,0.21,0.23,0.65,0.67,132,0.37,0,0
Highways,Rajasthan,Bhilwara,21.59,16,0.51,0.54,0,0.31,0.31,0.25,0.21,0.57,213,0.56,1,208
Solar Parks,Odisha,Jharsuguda,17.85,21,0.27,0.45,0,0.63,0.95,0.99,0.75,0.51,141,0.36,1,352
Highways,Maharashtra,Pune,48.48,62,0.83,0.44,0,0.23,0.37,0.69,0.27,0.47,141,0.55,1,211
Mining,West Bengal,Howrah,11.51,26,0.32,0.78,0,0.85,0.12,0.38,0.31,0.33,127,0.38,0,0
Water Resources,Maharashtra,Nagpur,80.59,49,0.64,0.78,1,0.22,0.16,0.32,0.36,0.93,130,0.32,0,0
Water Resources,Gujarat,Rajkot,33.41,76,0.24,0.6,0,0.13,0.8,0.15,0.19,0.27,149,0.27,1,221
Railways,Odisha,Cuttack,30.21,60,0.44,0.71,1,0.35,0.78,0.22,0.44,0.65,180,0.15,1,228
Highways,West Bengal,Paschim Bardhaman,51.25,56,0.86,0.6,1,0.91,0.44,0.92,0.12,0.92,195,0.4,1,291
Water Resources,Karnataka,Bengaluru Urban,48.77,37,0.24,0.22,0,0.22,0.24,0.77,0.43,0.48,165,0.38,0,0
Industrial Corridors,Rajasthan,Udaipur,33.29,82,0.66,0.25,0,0.4,0.55,0.95,0.36,0.39,223,0.64,1,213
Water Resources,Bihar,Muzaffarpur,66.88,91,0.27,0.5,1,0.38,0.4,0.48,0.35,0.92,165,0.3,1,276
Water Resources,West Bengal,Hooghly,19.34,42,0.45,0.78,0,0.82,0.44,0.64,0.64,0.8,79,0.3,0,0
Water Resources,Uttar Pradesh,Kanpur,58.55,73,0.56,0.91,1,0.48,0.33,0.54,0.74,0.69,108,0.15,1,201
Water Resources,Rajasthan,Jodhpur,13.97,33,0.59,0.22,0,0.65,0.16,0.89,0.37,0.66,191,0.41,1,195
Solar Parks,West Bengal,North 24 Parganas,49.83,36,0.61,0.49,1,0.46,0.81,0.99,0.29,0.47,145,0.56,1,244
Solar Parks,Gujarat,Surat,25.48,55,0.64,0.37,0,0.6,0.66,0.94,0.49,0.68,142,0.2,0,0
Railways,Bihar,Darbhanga,11.6,42,0.33,0.84,0,0.16,0.85,0.64,0.76,0.74,116,0.06,0,0
Water Resources,Gujarat,Rajkot,40.66,46,0.44,0.86,0,0.44,0.55,0.16,0.63,0.22,141,0.46,1,208
Highways,Bihar,Muzaffarpur,32.22,62,0.13,0.36,0,0.87,0.99,0.66,0.08,0.29,142,0.07,0,0
Mining,Uttar Pradesh,Gorakhpur,9.64,21,0.75,0.75,0,0.72,0.97,0.19,0.48,0.44,182,0.3,0,0
Railways,Rajasthan,Udaipur,6.1,8,0.81,0.77,0,0.98,0.34,0.22,0.94,0.44,148,0.42,1,160
Highways,Karnataka,Bengaluru Urban,29.32,47,0.27,0.34,0,0.81,0.45,0.27,0.37,0.88,217,0.28,0,0
Water Resources,Gujarat,Ahmedabad,120.85,119,0.27,0.54,0,0.51,0.78,0.43,0.45,0.71,130,0.21,0,0
Urban Infrastructure,Gujarat,Ahmedabad,42.81,46,0.14,0.68,0,0.71,0.8,0.63,0.31,0.48,169,0.53,0,0
Water Resources,Madhya Pradesh,Jabalpur,19.4,29,0.92,0.22,1,0.8,0.92,0.4,0.5,0.81,85,0.23,1,250
Solar Parks,Bihar,Darbhanga,78.69,40,0.79,0.52,1,0.34,0.69,0.51,0.19,0.44,189,0.16,1,254
Mining,Tamil Nadu,Kanchipuram,68.43,63,0.41,0.32,0,0.15,0.53,0.14,0.27,0.94,96,0.28,1,328
Industrial Corridors,Rajasthan,Bhilwara,91.58,87,0.51,0.62,1,0.47,0.44,0.66,0.69,0.79,185,0.13,1,253
Mining,Bihar,Muzaffarpur,57.23,104,0.35,0.86,0,0.23,0.48,0.69,0.17,0.81,77,0.46,0,0
Industrial Corridors,Madhya Pradesh,Ujjain,67.27,48,0.61,0.61,1,0.35,0.87,0.19,0.88,0.4,113,0.48,1,231
Mining,Maharashtra,Nashik,59.44,99,0.71,0.23,0,0.95,0.98,0.81,0.33,0.31,197,0.06,0,0
Solar Parks,Bihar,Muzaffarpur,22.6,42,0.48,0.22,1,0.86,0.15,0.68,0.57,0.49,230,0.47,0,0
Industrial Corridors,Karnataka,Ballari,8.94,19,0.84,0.67,0,0.63,0.62,0.54,0.34,0.45,37,0.23,0,0
Highways,Rajasthan,Udaipur,21.83,30,0.54,0.46,0,0.46,0.57,0.6,0.48,0.78,110,0.44,0,0
Industrial Corridors,Madhya Pradesh,Jabalpur,80.15,58,0.22,0.65,0,0.34,0.44,0.55,0.86,0.33,242,0.47,1,247
Railways,Maharashtra,Nagpur,24.41,53,0.63,0.33,1,0.61,0.87,0.15,0.11,0.6,166,0.22,1,248
Highways,Odisha,Jharsuguda,29.48,39,0.49,0.81,0,0.58,0.62,0.76,0.82,0.67,113,0.16,0,0
Railways,Madhya Pradesh,Gwalior,13.03,47,0.9,0.87,0,0.8,0.38,0.56,0.55,0.49,226,0.55,0,0
Water Resources,Odisha,Cuttack,21.31,37,0.43,0.89,0,0.94,0.5,0.26,0.65,0.35,186,0.49,0,0
Mining,Rajasthan,Kota,32.88,59,0.44,0.44,1,0.4,0.42,0.71,0.1,0.87,164,0.55,1,256
Highways,Gujarat,Surat,49.11,89,0.65,0.72,0,0.29,0.49,0.73,0.74,0.3,73,0.31,0,0
Mining,Madhya Pradesh,Jabalpur,22.94,36,0.55,0.42,0,0.46,0.16,0.29,0.17,0.43,254,0.32,1,247
Water Resources,Uttar Pradesh,Lucknow,21.7,38,0.42,0.79,1,0.49,0.2,0.82,0.92,0.77,171,0.26,0,0
Urban Infrastructure,Odisha,Angul,64.96,105,0.94,0.29,1,0.14,0.66,0.51,0.77,0.65,146,0.35,1,263
Mining,Karnataka,Belagavi,42.96,40,0.36,0.79,1,0.88,0.72,0.26,0.49,0.75,225,0.44,0,0
Water Resources,Uttar Pradesh,Varanasi,47.41,28,0.34,0.54,1,1.0,0.67,0.69,0.88,0.81,118,0.54,1,345
Mining,West Bengal,Howrah,112.47,61,0.83,0.87,0,0.93,0.79,0.64,0.2,0.87,110,0.16,1,170
Water Resources,West Bengal,Howrah,22.11,47,0.1,0.78,0,0.87,0.95,0.25,0.94,0.43,116,0.29,0,0
Railways,Maharashtra,Nagpur,31.84,39,0.27,0.49,0,0.99,0.87,0.89,0.7,0.56,142,0.33,0,0
Water Resources,Gujarat,Rajkot,51.47,74,0.6,0.9,0,0.92,0.48,0.87,0.14,0.72,161,0.34,0,0
Industrial Corridors,Rajasthan,Kota,16.49,32,0.24,0.42,0,0.72,0.3,0.85,0.53,0.8,188,0.38,0,0
Urban Infrastructure,Madhya Pradesh,Indore,39.78,44,0.94,0.95,1,0.25,0.38,0.46,0.69,0.63,103,0.53,1,244
Mining,Tamil Nadu,Kanchipuram,33.71,53,0.49,0.8,0,0.24,0.63,0.84,0.6,0.59,173,0.58,0,0
Water Resources,Karnataka,Ballari,305.47,154,0.61,0.97,1,0.14,0.87,0.86,0.43,0.72,132,0.15,0,0
Water Resources,Odisha,Angul,35.87,66,0.24,0.24,0,0.47,0.73,1.0,0.27,0.49,155,0.48,0,0
Mining,Rajasthan,Udaipur,83.56,130,0.35,0.41,1,0.83,0.59,0.96,0.26,0.87,214,0.34,1,202
Urban Infrastructure,Uttar Pradesh,Gorakhpur,64.33,101,0.62,0.78,0,0.54,0.64,0.44,0.88,0.36,182,0.3,0,0
Urban Infrastructure,West Bengal,Howrah,13.13,22,0.57,0.92,1,0.43,0.58,0.28,0.26,0.86,185,0.12,1,327
Water Resources,Karnataka,Ballari,9.59,37,0.77,0.22,0,0.2,0.97,0.36,0.92,0.68,132,0.09,1,180
Highways,Tamil Nadu,Kanchipuram,40.35,25,0.33,0.2,0,0.15,0.83,0.55,0.24,0.65,246,0.64,1,200
Railways,Madhya Pradesh,Indore,90.55,110,0.66,0.4,1,0.46,0.8,0.82,0.4,0.55,190,0.44,1,264
Urban Infrastructure,Maharashtra,Aurangabad,41.69,82,0.35,0.87,0,0.19,0.57,0.75,0.06,0.32,140,0.32,0,0
Urban Infrastructure,Tamil Nadu,Kanchipuram,35.27,47,0.6,0.8,1,0.19,0.4,0.81,0.86,0.85,211,0.51,1,233
Solar Parks,Karnataka,Ballari,26.38,30,0.61,0.47,0,0.46,0.12,0.44,0.14,0.24,185,0.1,1,227
Industrial Corridors,Tamil Nadu,Tiruchirappalli,11.48,11,0.2,0.2,0,0.55,0.14,0.32,0.37,0.4,103,0.41,1,282
Urban Infrastructure,Karnataka,Belagavi,15.36,28,0.57,0.63,0,0.27,0.13,0.12,0.81,0.28,169,0.45,1,310
Railways,Karnataka,Bengaluru Urban,9.04,18,0.11,0.39,1,0.72,0.98,0.66,0.76,0.28,116,0.32,1,227
Industrial Corridors,Bihar,Gaya,13.7,27,0.53,0.78,1,0.48,0.2,0.82,0.81,0.49,68,0.2,1,221
Industrial Corridors,Odisha,Jharsuguda,21.74,39,0.69,0.55,1,0.18,0.23,0.9,0.87,0.32,140,0.62,1,240
Mining,West Bengal,Howrah,61.61,116,0.16,0.73,1,0.67,0.54,0.53,0.87,0.64,211,0.23,0,0
Mining,Bihar,Darbhanga,23.2,32,0.9,0.86,0,0.42,0.53,0.93,0.74,0.67,226,0.12,0,0
Mining,Madhya Pradesh,Jabalpur,40.63,44,0.49,0.62,1,0.15,0.93,0.28,0.57,0.86,137,0.43,1,217
Mining,Bihar,Gaya,36.9,75,0.9,0.46,0,0.95,0.17,0.56,0.56,0.42,147,0.39,1,255
Solar Parks,Gujarat,Rajkot,49.36,32,0.19,0.8,0,0.61,0.96,0.29,0.06,0.43,222,0.5,0,0
Urban Infrastructure,Gujarat,Ahmedabad,14.47,50,0.91,0.41,1,0.53,0.29,0.27,0.7,0.38,190,0.5,1,357
Mining,West Bengal,Murshidabad,77.27,96,0.19,0.9,0,0.87,0.97,0.96,0.25,0.79,182,0.42,0,0
Water Resources,Tamil Nadu,Salem,10.74,25,0.49,0.26,0,0.94,0.59,0.84,0.8,0.52,166,0.17,0,0
Highways,Odisha,Bhubaneswar,23.14,56,0.9,0.85,0,0.3,0.69,0.11,0.55,0.61,192,0.58,1,215
Mining,West Bengal,Murshidabad,32.57,85,0.3,0.27,0,0.83,0.38,0.34,0.94,0.48,158,0.2,0,0
Urban Infrastructure,Karnataka,Ballari,60.83,69,0.13,0.24,1,0.85,0.65,0.28,0.24,0.32,228,0.11,0,0
Mining,Uttar Pradesh,Gorakhpur,99.83,64,0.77,0.48,1,0.15,0.74,0.23,0.7,0.28,154,0.23,1,247
Solar Parks,Odisha,Sundargarh,61.22,93,0.61,0.95,0,0.74,0.11,0.73,0.54,0.85,153,0.34,1,176
Railways,Odisha,Sundargarh,102.79,119,0.54,0.97,0,0.16,0.13,0.61,0.89,0.4,67,0.17,0,0
Railways,Karnataka,Bengaluru Urban,17.06,34,0.13,0.36,0,0.64,0.99,0.51,0.29,0.91,207,0.25,1,169
Urban Infrastructure,Karnataka,Bengaluru Urban,85.82,155,0.66,0.32,1,0.7,0.51,0.27,0.1,0.91,116,0.36,1,263
Water Resources,Maharashtra,Nagpur,74.81,61,0.25,0.48,0,0.43,0.94,0.35,0.54,0.56,53,0.24,0,0
Railways,West Bengal,Murshidabad,4.87,34,0.89,0.46,0,0.89,0.76,0.42,0.52,0.92,151,0.1,0,0
Railways,Karnataka,Mysuru,27.76,43,0.68,0.79,1,0.82,0.44,0.81,0.33,0.22,144,0.17,1,210
Highways,Gujarat,Ahmedabad,53.6,85,0.7,0.55,0,0.93,0.24,0.99,0.94,0.27,180,0.53,0,0
Urban Infrastructure,Madhya Pradesh,Bhopal,21.93,34,0.3,0.81,0,0.38,0.98,0.27,0.11,0.38,189,0.62,1,188
Water Resources,Uttar Pradesh,Varanasi,13.89,40,0.85,0.78,0,0.12,0.63,0.41,0.56,0.36,122,0.14,0,0
Urban Infrastructure,West Bengal,Murshidabad,179.71,252,0.56,0.65,0,0.83,0.27,0.35,0.28,0.39,282,0.46,1,304
Railways,Rajasthan,Kota,36.19,62,0.83,0.85,0,0.3,0.71,0.14,0.05,0.54,150,0.59,0,0
Railways,Gujarat,Ahmedabad,36.99,81,0.33,0.35,0,0.52,0.18,0.3,0.94,0.25,84,0.23,1,171
Railways,Tamil Nadu,Tiruchirappalli,11.62,27,0.74,0.33,0,0.84,0.88,0.91,0.48,0.62,231,0.55,0,0
Industrial Corridors,Karnataka,Mysuru,20.29,31,0.59,0.79,1,0.29,0.18,0.86,0.82,0.43,192,0.59,0,0
Solar Parks,Rajasthan,Jodhpur,16.15,47,0.14,0.39,0,0.38,0.31,0.25,0.81,0.25,178,0.23,0,0
Mining,Karnataka,Ballari,78.51,114,0.44,0.2,0,0.5,0.18,0.43,0.78,0.76,140,0.08,1,193
Solar Parks,Odisha,Jharsuguda,49.59,88,0.26,0.91,0,0.34,0.19,0.38,0.46,0.69,162,0.6,0,0
Urban Infrastructure,Gujarat,Ahmedabad,20.98,56,0.41,0.69,0,0.52,0.57,0.23,0.86,0.8,62,0.25,1,148
Highways,Odisha,Bhubaneswar,51.85,58,0.43,0.55,0,0.11,0.72,0.66,0.38,0.9,147,0.06,1,197
Mining,Maharashtra,Pune,27.04,30,0.5,0.77,1,0.29,0.81,0.6,0.42,0.64,270,0.33,1,240
Highways,Odisha,Cuttack,39.95,42,0.61,0.46,1,0.85,0.73,0.48,0.28,0.79,117,0.12,1,209
Water Resources,Maharashtra,Nashik,39.8,64,0.59,0.94,0,0.47,0.43,0.87,0.45,0.35,167,0.59,0,0
Industrial Corridors,Maharashtra,Nashik,46.35,68,0.13,0.25,0,0.67,0.6,0.66,0.94,0.51,84,0.14,0,0
Urban Infrastructure,Rajasthan,Jodhpur,42.09,75,0.74,0.7,0,0.31,0.93,0.33,0.57,0.6,136,0.23,0,0
Industrial Corridors,Karnataka,Mysuru,46.38,35,0.91,0.81,0,0.68,0.45,0.44,0.8,0.61,103,0.52,0,0
Urban Infrastructure,Tamil Nadu,Kanchipuram,90.44,67,0.4,0.57,0,1.0,0.33,0.24,0.29,0.74,179,0.53,1,216
Highways,Odisha,Bhubaneswar,55.28,57,0.25,0.79,1,0.64,0.57,0.63,0.91,0.8,169,0.59,0,0
Highways,Gujarat,Surat,25.29,35,0.56,0.92,0,0.67,0.37,0.63,0.06,0.7,101,0.35,0,0
Highways,Maharashtra,Thane,30.62,66,0.7,0.78,0,0.2,0.34,0.88,0.89,0.24,163,0.64,1,255
Urban Infrastructure,Karnataka,Mysuru,88.6,59,0.68,0.44,0,0.46,0.8,0.87,0.86,0.46,165,0.36,1,168
Railways,Uttar Pradesh,Varanasi,36.23,38,0.62,0.64,0,0.87,0.9,0.85,0.11,0.63,167,0.52,1,186
Highways,West Bengal,Howrah,24.55,37,0.22,0.91,1,0.85,0.55,0.59,0.59,0.58,198,0.27,0,0
Industrial Corridors,Rajasthan,Udaipur,19.99,31,0.81,0.55,0,0.57,0.8,0.69,0.76,0.23,230,0.61,0,0
Water Resources,Tamil Nadu,Tiruchirappalli,41.2,79,0.46,0.73,0,0.91,0.27,0.8,0.41,0.94,132,0.46,1,144
Mining,Bihar,Bhagalpur,16.71,22,0.29,0.56,0,0.23,0.59,0.18,0.13,0.92,146,0.1,1,229
Urban Infrastructure,Rajasthan,Udaipur,92.56,139,0.17,0.29,0,0.69,0.67,0.37,0.8,0.78,152,0.12,0,0
Industrial Corridors,Uttar Pradesh,Lucknow,14.44,26,0.45,0.25,0,0.32,0.54,0.25,0.47,0.24,101,0.58,1,213
Solar Parks,West Bengal,Hooghly,108.03,92,0.63,0.94,0,0.68,0.21,0.56,0.29,0.52,114,0.54,0,0
Water Resources,Uttar Pradesh,Agra,26.36,35,0.67,0.68,1,0.18,0.76,0.85,0.11,0.51,185,0.25,1,298
Solar Parks,Odisha,Bhubaneswar,13.99,18,0.92,0.28,0,0.95,0.86,0.31,0.63,0.62,246,0.36,1,174
Mining,Maharashtra,Thane,38.53,69,0.23,0.87,1,0.81,0.67,0.76,0.09,0.24,113,0.56,0,0
Railways,Tamil Nadu,Madurai,15.45,20,0.94,0.61,1,0.28,0.25,0.47,0.76,0.52,263,0.11,1,249
Highways,Madhya Pradesh,Bhopal,34.04,88,0.66,0.8,0,0.67,0.17,0.91,0.74,0.77,134,0.13,0,0
Urban Infrastructure,Maharashtra,Aurangabad,20.86,32,0.49,0.3,1,0.78,0.37,0.66,0.34,0.95,214,0.48,1,264
Industrial Corridors,Madhya Pradesh,Bhopal,70.53,83,0.85,0.91,1,0.29,0.13,0.98,0.48,0.65,179,0.1,1,260
Highways,West Bengal,Howrah,36.94,71,0.69,0.66,0,0.18,0.86,0.32,0.65,0.91,168,0.26,0,0
Industrial Corridors,Karnataka,Belagavi,12.8,5,0.4,0.78,0,0.42,0.73,0.93,0.91,0.95,140,0.2,0,0
Urban Infrastructure,Bihar,Gaya,20.54,44,0.85,0.22,0,0.22,0.61,0.42,0.52,0.53,160,0.51,0,0
Solar Parks,Gujarat,Ahmedabad,58.2,76,0.67,0.45,1,0.61,0.9,0.66,0.95,0.7,128,0.05,1,235
Highways,Maharashtra,Pune,92.73,113,0.69,0.41,0,0.48,0.2,0.26,0.34,0.36,202,0.12,1,209
Mining,Tamil Nadu,Kanchipuram,31.94,32,0.86,0.94,0,0.52,0.74,0.78,0.52,0.56,210,0.11,0,0
Railways,Uttar Pradesh,Kanpur,14.36,6,0.48,0.34,0,0.59,0.23,0.98,0.15,0.26,130,0.24,1,268
Mining,Tamil Nadu,Salem,76.96,101,0.66,0.75,0,0.98,0.15,0.81,0.55,0.22,86,0.19,1,163
Railways,West Bengal,Howrah,58.0,60,0.73,0.23,1,0.81,0.22,0.65,0.53,0.87,145,0.19,1,281
Water Resources,Madhya Pradesh,Gwalior,94.18,125,0.49,0.35,0,0.67,0.96,0.5,0.81,0.84,249,0.27,0,0
Industrial Corridors,Uttar Pradesh,Varanasi,41.77,31,0.17,0.46,0,0.43,0.5,0.41,0.95,0.43,170,0.18,0,0
Highways,Gujarat,Kutch,21.84,37,0.76,0.82,1,0.12,0.14,0.48,0.94,0.54,211,0.11,1,272
Highways,Gujarat,Rajkot,50.07,68,0.14,0.82,0,0.2,0.63,0.4,0.26,0.57,118,0.4,1,175
Water Resources,Maharashtra,Pune,42.99,63,0.71,0.94,1,0.76,0.28,0.85,0.35,0.59,138,0.62,1,220
Railways,West Bengal,Howrah,20.91,41,0.87,0.92,0,0.43,0.11,0.9,0.3,0.3,146,0.41,0,0
Solar Parks,Karnataka,Mysuru,38.82,55,0.39,0.26,1,0.4,0.78,0.95,0.23,0.78,107,0.5,0,0
Urban Infrastructure,West Bengal,North 24 Parganas,28.33,30,0.19,0.85,0,0.9,0.24,0.48,0.19,0.46,167,0.63,0,0
Mining,Madhya Pradesh,Bhopal,60.03,51,0.3,0.55,0,0.54,0.95,0.59,0.51,0.22,123,0.14,0,0
Water Resources,Tamil Nadu,Tiruchirappalli,49.09,40,0.58,0.88,0,0.91,0.63,0.62,0.84,0.71,202,0.33,0,0
Industrial Corridors,Gujarat,Vadodara,14.28,24,0.9,0.27,1,0.9,0.18,0.69,0.58,0.82,164,0.4,1,261
Water Resources,Tamil Nadu,Madurai,13.17,17,0.54,0.84,0,0.17,0.3,0.1,0.84,0.89,226,0.24,1,169
Mining,Tamil Nadu,Tiruchirappalli,30.82,54,0.2,0.32,0,0.95,0.65,0.86,0.91,0.71,84,0.42,0,0
Mining,Tamil Nadu,Madurai,34.0,35,0.63,0.46,0,0.17,0.4,0.34,0.39,0.34,136,0.42,1,211
Industrial Corridors,Gujarat,Rajkot,60.87,48,0.72,0.22,1,0.97,0.58,0.52,0.8,0.64,141,0.56,1,267
Industrial Corridors,Rajasthan,Jodhpur,49.93,43,0.43,0.3,0,0.51,0.82,0.86,0.1,0.88,180,0.55,0,0
Highways,Odisha,Jharsuguda,106.37,134,0.71,0.55,1,0.78,0.81,1.0,0.48,0.46,141,0.14,1,250
Mining,Madhya Pradesh,Ujjain,22.79,47,0.38,0.84,0,0.74,0.73,0.82,0.38,0.92,237,0.15,0,0
Urban Infrastructure,Rajasthan,Kota,21.77,46,0.77,0.8,0,0.57,0.9,0.12,0.23,0.27,151,0.18,1,197
Urban Infrastructure,Madhya Pradesh,Indore,15.37,51,0.39,0.38,0,0.66,0.28,0.43,0.44,0.75,119,0.21,0,0
Railways,Uttar Pradesh,Lucknow,60.31,121,0.32,0.32,1,0.95,0.26,0.32,0.45,0.29,152,0.39,1,239
Water Resources,West Bengal,Murshidabad,33.7,28,0.85,0.5,0,0.93,0.82,0.97,0.78,0.8,145,0.25,0,0
Industrial Corridors,West Bengal,Hooghly,7.52,21,0.57,0.89,1,0.69,0.39,0.34,0.83,0.27,201,0.62,1,409
Highways,Bihar,Patna,38.93,63,0.34,0.27,0,0.69,0.56,0.95,0.64,0.44,141,0.12,0,0
Urban Infrastructure,West Bengal,North 24 Parganas,40.97,49,0.89,0.62,1,0.32,0.77,0.94,0.62,0.78,91,0.2,0,0
Solar Parks,Gujarat,Rajkot,29.5,40,0.69,0.27,0,0.85,0.46,0.86,0.15,0.55,167,0.57,1,220
Highways,Karnataka,Belagavi,41.99,73,0.29,0.57,1,0.67,0.22,0.19,0.57,0.86,130,0.4,1,260
Highways,Maharashtra,Pune,12.48,46,0.62,0.3,1,0.84,0.71,0.1,0.3,0.5,108,0.38,1,318
Urban Infrastructure,Bihar,Gaya,123.08,93,0.84,0.26,0,0.69,0.84,0.81,0.32,0.95,161,0.41,1,182
Solar Parks,Maharashtra,Thane,44.89,70,0.69,0.35,0,0.37,0.11,0.86,0.14,0.21,154,0.2,0,0
Railways,Madhya Pradesh,Indore,8.01,30,0.31,0.4,0,0.27,0.61,0.97,0.62,0.72,150,0.51,1,164
Urban Infrastructure,Maharashtra,Aurangabad,32.96,58,0.65,0.42,1,0.17,0.52,0.3,0.58,0.89,171,0.35,1,284
Solar Parks,Maharashtra,Nagpur,45.85,67,0.63,0.7,1,0.63,0.33,0.76,0.25,0.6,133,0.08,1,236
Highways,Bihar,Patna,13.59,40,0.8,0.24,0,0.36,0.24,0.57,0.29,0.94,165,0.16,1,237
Solar Parks,Uttar Pradesh,Varanasi,50.75,40,0.25,0.26,0,0.67,0.27,0.4,0.75,0.73,133,0.54,0,0
Highways,Tamil Nadu,Coimbatore,127.07,145,0.69,0.35,1,0.15,0.75,0.65,0.76,0.52,197,0.26,1,245
Water Resources,West Bengal,Howrah,19.78,23,0.12,0.88,0,0.44,0.58,0.59,0.49,0.59,158,0.51,0,0
Urban Infrastructure,West Bengal,Paschim Bardhaman,46.65,27,0.69,0.69,0,0.33,0.98,0.36,0.18,0.86,238,0.45,0,0
Industrial Corridors,Gujarat,Vadodara,39.13,69,0.92,0.77,0,0.43,0.32,0.34,0.1,0.92,137,0.23,1,230
Urban Infrastructure,Bihar,Bhagalpur,71.85,136,0.25,0.49,1,0.15,0.96,0.54,0.29,0.62,176,0.13,1,253
Water Resources,Gujarat,Vadodara,30.35,24,0.36,0.37,0,0.75,0.56,0.53,0.71,0.43,210,0.53,1,214
Mining,Karnataka,Dakshina Kannada,14.11,34,0.6,0.23,1,0.21,0.23,0.37,0.59,0.38,184,0.44,1,320
Mining,Karnataka,Bengaluru Urban,68.26,53,0.72,0.58,0,0.11,0.23,0.34,0.7,0.56,166,0.23,1,205
Mining,Gujarat,Rajkot,14.79,34,0.39,0.65,0,0.95,0.65,0.96,0.47,0.42,175,0.36,0,0
Urban Infrastructure,Bihar,Bhagalpur,140.76,110,0.66,0.9,0,0.27,0.85,0.88,0.73,0.52,182,0.42,0,0
Railways,Gujarat,Kutch,51.86,32,0.86,0.89,0,0.85,0.77,0.84,0.48,0.83,173,0.05,0,0
Urban Infrastructure,West Bengal,Howrah,20.51,20,0.72,0.53,0,0.97,0.69,0.29,0.13,0.55,159,0.45,0,0
Water Resources,Rajasthan,Jaipur,80.39,92,0.7,0.53,0,0.58,0.25,0.27,0.12,0.68,193,0.44,1,251
Water Resources,Odisha,Bhubaneswar,32.87,59,0.42,0.33,0,0.57,0.2,0.83,0.8,0.27,156,0.1,0,0
Industrial Corridors,Maharashtra,Nagpur,27.74,37,0.87,0.4,0,0.43,0.1,0.27,0.62,0.77,115,0.52,1,205
Solar Parks,Odisha,Bhubaneswar,19.21,27,0.34,0.92,1,0.48,0.19,0.55,0.3,0.56,252,0.55,1,359
Urban Infrastructure,Bihar,Bhagalpur,7.37,5,0.27,0.31,1,0.53,0.79,0.3,0.73,0.47,199,0.22,1,318
Urban Infrastructure,Odisha,Jharsuguda,53.71,67,0.41,0.96,0,0.24,0.91,0.44,0.17,0.66,118,0.15,0,0
Highways,Karnataka,Belagavi,9.0,12,0.65,0.59,0,0.43,0.32,0.87,0.63,0.28,149,0.46,1,210
Water Resources,Madhya Pradesh,Indore,17.56,38,0.83,0.56,0,0.83,0.82,0.9,0.94,0.51,134,0.12,0,0
Highways,Maharashtra,Pune,46.82,45,0.21,0.34,0,0.26,0.28,1.0,0.19,0.81,137,0.56,1,191
Highways,Tamil Nadu,Coimbatore,22.19,52,0.79,0.72,0,0.76,0.32,0.95,0.18,0.4,199,0.34,0,0
Urban Infrastructure,Bihar,Gaya,37.55,24,0.79,0.56,1,0.69,0.3,0.7,0.47,0.89,145,0.6,1,300
Railways,Maharashtra,Thane,12.54,32,0.6,0.49,0,0.15,0.15,0.49,0.63,0.65,246,0.44,1,219
Solar Parks,Odisha,Angul,25.06,29,0.75,0.41,1,0.12,0.27,0.15,0.07,0.61,80,0.22,1,287
Solar Parks,Karnataka,Bengaluru Urban,37.74,47,0.25,0.25,0,0.42,0.44,0.65,0.5,0.5,158,0.33,1,219
Water Resources,Uttar Pradesh,Gorakhpur,15.47,38,0.24,0.61,0,0.72,0.46,0.29,0.12,0.76,100,0.37,0,0
Industrial Corridors,Rajasthan,Kota,127.62,214,0.83,0.44,0,0.4,0.38,0.87,0.27,0.62,174,0.54,0,0
Water Resources,Tamil Nadu,Kanchipuram,19.89,24,0.52,0.75,1,0.7,0.56,0.59,0.69,0.8,180,0.57,1,244
Railways,Rajasthan,Jaipur,99.76,37,0.31,0.76,0,0.7,0.44,0.76,0.71,0.45,200,0.46,0,0
Railways,Maharashtra,Aurangabad,28.96,31,0.69,0.46,0,0.83,0.97,0.71,0.71,0.73,104,0.23,0,0
Solar Parks,Karnataka,Belagavi,9.44,14,0.86,0.72,0,0.19,0.83,0.41,0.11,0.91,179,0.37,1,194
Mining,Karnataka,Mysuru,13.34,24,0.64,0.4,1,0.62,0.94,0.78,0.76,0.41,120,0.13,0,0
Highways,Odisha,Bhubaneswar,38.12,73,0.4,0.77,0,0.16,0.6,0.86,0.44,0.94,164,0.19,1,144
Highways,West Bengal,Murshidabad,75.66,46,0.51,0.21,0,0.26,0.71,0.77,0.48,0.51,140,0.23,0,0
Solar Parks,Odisha,Sundargarh,136.43,161,0.74,0.32,0,0.39,0.25,0.8,0.43,0.23,103,0.09,1,205
Water Resources,West Bengal,Howrah,36.69,60,0.16,0.39,0,0.74,0.78,0.42,0.82,0.47,192,0.58,1,252
Railways,West Bengal,Paschim Bardhaman,12.91,24,0.28,0.8,1,0.98,0.31,0.95,0.66,0.31,148,0.12,0,0
Water Resources,Tamil Nadu,Kanchipuram,41.38,69,0.49,0.25,0,0.41,0.23,0.48,0.5,0.43,198,0.47,1,286
Industrial Corridors,Odisha,Bhubaneswar,17.11,17,0.61,0.35,0,0.57,0.14,0.91,0.8,0.27,201,0.35,1,191
Mining,Uttar Pradesh,Varanasi,45.32,35,0.39,0.48,0,0.33,0.53,0.87,0.77,0.33,219,0.55,0,0
Solar Parks,Gujarat,Surat,15.59,43,0.35,0.21,0,0.71,0.36,0.21,0.05,0.3,137,0.49,0,0
Highways,Gujarat,Surat,6.22,27,0.14,0.79,1,0.43,0.99,0.97,0.48,0.23,118,0.51,1,186
Urban Infrastructure,Odisha,Bhubaneswar,94.96,102,0.13,0.64,1,0.53,0.32,1.0,0.09,0.42,214,0.3,1,243
Water Resources,Odisha,Cuttack,27.63,37,0.34,0.9,1,0.61,0.88,0.65,0.33,0.91,164,0.55,1,194
Railways,Rajasthan,Udaipur,34.46,87,0.55,0.22,0,0.72,0.38,0.8,0.77,0.91,220,0.11,0,0
Urban Infrastructure,Tamil Nadu,Tiruchirappalli,73.51,130,0.57,0.41,0,0.15,0.77,0.94,0.9,0.83,106,0.32,1,188
Industrial Corridors,Odisha,Bhubaneswar,148.87,194,0.52,0.77,1,0.6,0.69,0.12,0.27,0.21,190,0.65,1,278
Solar Parks,Rajasthan,Jodhpur,58.91,44,0.45,0.73,1,0.49,0.61,0.94,0.07,0.22,161,0.62,1,318
Water Resources,West Bengal,North 24 Parganas,35.96,75,0.31,0.39,0,0.22,0.48,0.66,0.41,0.21,158,0.1,1,290
Highways,Karnataka,Belagavi,47.96,64,0.44,0.66,0,0.29,0.7,0.85,0.35,0.47,145,0.39,1,208
Water Resources,Karnataka,Belagavi,26.16,33,0.22,0.82,0,0.9,0.47,0.59,0.66,0.94,110,0.24,0,0
Mining,West Bengal,Paschim Bardhaman,34.09,77,0.2,0.23,0,0.88,0.59,0.58,0.5,0.87,189,0.49,0,0
Urban Infrastructure,Bihar,Patna,37.18,52,0.35,0.76,0,0.13,0.63,0.91,0.41,0.39,142,0.49,0,0
Mining,Rajasthan,Jaipur,17.65,30,0.95,0.4,1,0.72,0.34,0.56,0.26,0.51,169,0.05,1,257
Industrial Corridors,Rajasthan,Bhilwara,33.68,53,0.38,0.94,1,0.6,0.41,0.52,0.8,0.82,246,0.56,1,209
Highways,West Bengal,Howrah,44.42,72,0.9,0.62,1,0.95,0.12,0.65,0.27,0.77,135,0.18,1,264
Urban Infrastructure,Uttar Pradesh,Lucknow,50.08,55,0.43,0.23,1,0.92,0.87,0.57,0.1,0.3,146,0.63,1,308
Industrial Corridors,Madhya Pradesh,Indore,46.99,46,0.47,0.51,0,0.62,0.78,0.5,0.56,0.28,152,0.59,0,0
Mining,Maharashtra,Thane,11.35,41,0.78,0.95,0,0.23,0.27,0.26,0.34,0.61,142,0.16,0,0
Mining,West Bengal,Hooghly,88.54,66,0.18,0.77,1,0.51,0.43,0.46,0.69,0.28,143,0.43,0,0
Urban Infrastructure,Odisha,Jharsuguda,82.85,82,0.25,0.43,0,0.75,0.48,0.35,0.12,0.82,191,0.23,1,186
Highways,Odisha,Angul,30.66,65,0.93,0.65,1,0.96,0.4,0.46,0.92,0.39,219,0.11,1,218
Mining,Tamil Nadu,Kanchipuram,47.67,96,0.53,0.67,0,0.43,0.82,0.63,0.22,0.34,165,0.57,0,0
Solar Parks,West Bengal,Paschim Bardhaman,27.85,52,0.14,0.22,0,0.81,0.75,0.65,0.37,0.34,193,0.16,0,0
Industrial Corridors,Tamil Nadu,Madurai,60.43,100,0.14,0.34,0,0.72,0.79,0.31,0.48,0.23,152,0.3,0,0
Urban Infrastructure,West Bengal,Murshidabad,17.26,42,0.87,0.63,1,0.17,0.91,0.18,0.85,0.68,151,0.6,1,232
Railways,Rajasthan,Jodhpur,96.93,127,0.84,0.51,0,0.6,0.64,0.77,0.7,0.32,142,0.1,1,175
Railways,Maharashtra,Aurangabad,58.08,40,0.49,0.35,0,0.27,0.65,0.58,0.18,0.38,125,0.38,0,0
Highways,Rajasthan,Jodhpur,59.17,97,0.24,0.8,0,0.72,0.75,0.5,0.44,0.76,215,0.39,0,0
Solar Parks,Madhya Pradesh,Jabalpur,30.45,33,0.81,0.58,1,0.65,0.71,0.22,0.54,0.24,137,0.51,1,299
Mining,Karnataka,Belagavi,10.7,28,0.38,0.44,0,0.98,0.88,0.47,0.68,0.35,187,0.55,0,0
Railways,Gujarat,Rajkot,67.16,60,0.46,0.33,0,0.94,0.79,0.84,0.56,0.31,122,0.3,0,0
Highways,West Bengal,Paschim Bardhaman,10.98,37,0.68,0.68,0,0.11,0.21,0.62,0.46,0.2,162,0.5,1,208
Industrial Corridors,Madhya Pradesh,Gwalior,67.81,41,0.4,0.72,0,0.17,0.94,0.18,0.74,0.6,159,0.6,1,184
Solar Parks,Karnataka,Mysuru,17.86,20,0.63,0.72,0,0.79,0.71,0.4,0.39,0.34,122,0.58,1,209
Solar Parks,Bihar,Bhagalpur,9.3,41,0.85,0.37,0,0.72,0.21,0.98,0.94,0.67,144,0.35,1,173
Water Resources,Maharashtra,Nashik,33.14,62,0.78,0.66,0,0.82,0.79,0.59,0.9,0.58,111,0.41,1,158
Highways,Tamil Nadu,Tiruchirappalli,85.31,132,0.42,0.91,1,0.34,0.42,0.36,0.69,0.7,160,0.45,1,280
Highways,Tamil Nadu,Salem,15.29,23,0.34,0.48,0,0.86,0.83,0.92,0.84,0.94,80,0.54,1,108
Water Resources,Rajasthan,Jodhpur,119.01,73,0.34,0.36,0,0.5,0.96,0.4,0.4,0.36,157,0.35,1,186
Mining,Odisha,Sundargarh,56.0,88,0.4,0.8,1,0.34,0.33,0.76,0.57,0.7,189,0.12,1,227
Highways,Karnataka,Belagavi,37.54,29,0.52,0.34,1,0.11,0.87,0.23,0.3,0.83,159,0.28,0,0
Water Resources,Bihar,Gaya,23.37,38,0.45,0.4,0,0.88,0.8,0.24,0.85,0.92,128,0.48,0,0
Mining,Madhya Pradesh,Indore,24.71,21,0.21,0.28,0,0.58,0.7,0.61,0.47,0.67,130,0.42,0,0
Mining,Maharashtra,Aurangabad,46.72,86,0.24,0.41,1,0.98,0.45,0.32,0.53,0.3,214,0.5,1,327
Urban Infrastructure,Karnataka,Ballari,65.16,93,0.39,0.52,0,0.74,0.2,0.14,0.83,0.24,167,0.35,0,0
Solar Parks,Bihar,Darbhanga,20.6,20,0.58,0.25,1,0.17,0.54,0.93,0.77,0.41,198,0.15,1,252
Industrial Corridors,Gujarat,Vadodara,17.37,42,0.6,0.88,0,0.63,0.2,0.15,0.34,0.9,202,0.12,0,0
Solar Parks,West Bengal,Hooghly,27.91,21,0.51,0.6,0,0.12,0.55,0.75,0.13,0.6,139,0.34,1,183
Solar Parks,Tamil Nadu,Salem,100.98,78,0.73,0.66,1,0.6,0.84,0.4,0.2,0.63,114,0.17,0,0
Urban Infrastructure,Madhya Pradesh,Indore,12.51,34,0.73,0.49,0,0.42,1.0,0.94,0.36,0.66,189,0.64,1,167
Mining,Tamil Nadu,Madurai,82.6,81,0.46,0.72,1,0.68,0.28,0.99,0.32,0.45,121,0.17,1,271
Mining,Madhya Pradesh,Bhopal,34.25,60,0.21,0.54,0,0.59,0.29,0.4,0.08,0.34,133,0.39,0,0
Highways,Rajasthan,Jaipur,8.83,15,0.55,0.79,0,0.34,0.83,0.63,0.44,0.92,164,0.05,0,0
Urban Infrastructure,Odisha,Jharsuguda,22.89,26,0.42,0.84,1,0.25,0.52,0.8,0.15,0.77,148,0.2,1,294
Highways,Madhya Pradesh,Ujjain,53.93,40,0.22,0.72,0,0.46,0.92,0.21,0.25,0.58,55,0.21,0,0
Urban Infrastructure,Tamil Nadu,Tiruchirappalli,139.97,219,0.93,0.58,1,0.99,0.79,0.74,0.76,0.48,104,0.49,1,279
Highways,Rajasthan,Bhilwara,11.45,42,0.41,0.81,0,0.49,0.76,0.92,0.5,0.56,205,0.35,0,0
Railways,Madhya Pradesh,Indore,3.47,6,0.63,0.59,1,0.77,0.19,0.26,0.39,0.23,156,0.06,1,296
Water Resources,Gujarat,Surat,11.62,18,0.52,0.29,0,0.15,0.13,0.85,0.22,0.39,192,0.28,1,236
Solar Parks,Odisha,Cuttack,81.8,158,0.22,0.29,0,0.44,0.39,0.2,0.83,0.39,123,0.44,0,0
Solar Parks,Madhya Pradesh,Ujjain,7.89,26,0.15,0.94,0,0.62,0.3,0.61,0.86,0.53,109,0.43,1,192
Industrial Corridors,Rajasthan,Jodhpur,109.71,128,0.63,0.37,1,0.78,0.74,0.41,0.52,0.38,192,0.08,1,225
Water Resources,Karnataka,Belagavi,87.52,146,0.31,0.84,1,0.58,0.51,0.52,0.88,0.34,218,0.61,0,0
Mining,Uttar Pradesh,Gorakhpur,38.58,83,0.31,0.39,0,0.56,0.57,0.37,0.47,0.77,120,0.2,0,0
Industrial Corridors,Bihar,Bhagalpur,20.06,18,0.91,0.54,0,0.79,0.83,0.33,0.15,0.87,205,0.58,1,211
Railways,Uttar Pradesh,Kanpur,34.61,21,0.49,0.71,0,0.38,0.53,0.77,0.07,0.25,116,0.18,1,192
Industrial Corridors,Uttar Pradesh,Kanpur,53.99,31,0.13,0.32,0,0.18,0.59,0.3,0.17,0.36,86,0.39,0,0
Solar Parks,Maharashtra,Thane,47.79,102,0.39,0.78,0,0.41,0.86,0.47,0.61,0.78,186,0.29,0,0
Mining,Gujarat,Kutch,133.18,201,0.6,0.74,1,0.24,0.49,0.35,0.34,0.81,117,0.4,1,274
Railways,Karnataka,Bengaluru Urban,26.89,62,0.38,0.62,1,0.97,0.17,0.31,0.63,0.58,105,0.35,1,232
Solar Parks,West Bengal,Hooghly,11.7,26,0.12,0.64,0,0.62,0.57,0.66,0.51,0.72,106,0.05,0,0
Water Resources,Madhya Pradesh,Gwalior,10.16,27,0.48,0.28,1,0.5,0.62,0.14,0.35,0.26,144,0.26,1,297
Highways,Bihar,Bhagalpur,8.66,36,0.19,0.54,0,0.92,0.56,0.81,0.25,0.84,83,0.06,0,0
Urban Infrastructure,Odisha,Bhubaneswar,38.75,63,0.63,0.27,0,0.91,0.33,0.59,0.12,0.82,186,0.46,1,200
Railways,Karnataka,Mysuru,27.45,36,0.63,0.44,0,0.47,0.3,0.85,0.75,0.72,181,0.56,0,0
Mining,Tamil Nadu,Kanchipuram,33.99,71,0.13,0.9,0,0.89,0.43,0.29,0.79,0.89,181,0.28,0,0
Industrial Corridors,West Bengal,Murshidabad,21.55,20,0.35,0.65,0,0.16,0.25,0.74,0.54,0.24,214,0.36,1,216
Water Resources,Maharashtra,Aurangabad,13.62,21,0.45,0.78,1,0.9,0.7,0.48,0.19,0.37,203,0.09,0,0
Industrial Corridors,Maharashtra,Nagpur,54.13,89,0.57,0.65,0,0.38,0.65,0.17,0.29,0.47,119,0.28,1,186
Railways,Karnataka,Ballari,4.62,29,0.35,0.35,0,0.61,0.67,0.78,0.91,0.32,190,0.13,1,149
Water Resources,Rajasthan,Jaipur,17.44,47,0.34,0.66,0,0.34,0.3,0.79,0.25,0.81,210,0.09,0,0
Mining,Uttar Pradesh,Gorakhpur,62.13,28,0.94,0.79,1,0.99,0.32,0.34,0.1,0.77,196,0.15,1,278
Railways,Tamil Nadu,Tiruchirappalli,16.11,54,0.14,0.31,1,0.16,0.81,0.92,0.55,0.78,200,0.57,0,0
Mining,Maharashtra,Thane,45.3,31,0.94,0.84,0,0.5,0.72,0.79,0.29,0.42,153,0.64,0,0
Industrial Corridors,Bihar,Gaya,17.46,45,0.14,0.63,0,0.66,0.89,0.38,0.91,0.77,130,0.58,1,137
Solar Parks,Maharashtra,Pune,23.0,66,0.35,0.2,1,0.65,0.46,0.32,0.57,0.29,149,0.63,1,287
Water Resources,Odisha,Sundargarh,52.45,50,0.52,0.61,0,0.76,0.59,0.5,0.92,0.28,128,0.49,1,212
Highways,Madhya Pradesh,Bhopal,11.91,29,0.22,0.51,0,0.75,0.76,0.36,0.76,0.64,205,0.15,0,0
Solar Parks,Maharashtra,Pune,60.11,73,0.21,0.43,0,0.81,0.98,0.3,0.7,0.24,168,0.39,1,205
Highways,Odisha,Jharsuguda,34.35,34,0.32,0.8,0,0.31,0.99,0.46,0.8,0.9,197,0.49,0,0
Industrial Corridors,Karnataka,Dakshina Kannada,90.48,107,0.93,0.9,1,0.43,1.0,0.12,0.59,0.45,94,0.36,1,233
Water Resources,Karnataka,Dakshina Kannada,39.12,64,0.42,0.79,1,0.44,0.9,0.46,0.06,0.56,139,0.38,0,0
Solar Parks,West Bengal,North 24 Parganas,14.08,46,0.58,0.86,0,0.96,0.68,0.3,0.4,0.81,113,0.4,0,0
Solar Parks,Maharashtra,Nashik,131.95,223,0.7,0.91,0,0.47,0.11,0.34,0.25,0.5,86,0.33,1,233
Railways,Bihar,Darbhanga,15.05,42,0.73,0.91,1,0.3,0.73,0.17,0.44,0.52,173,0.22,0,0
Urban Infrastructure,Maharashtra,Nashik,27.61,62,0.68,0.29,1,0.67,0.31,0.63,0.47,0.46,112,0.43,1,250
Industrial Corridors,Bihar,Patna,71.23,125,0.39,0.56,1,0.48,0.15,0.52,0.17,0.46,143,0.08,1,267
Mining,Gujarat,Kutch,7.36,31,0.19,0.2,0,0.33,0.73,0.78,0.07,0.55,116,0.15,1,242
Industrial Corridors,West Bengal,Paschim Bardhaman,104.77,74,0.34,0.6,0,0.74,0.78,0.99,0.17,0.91,141,0.61,0,0
Mining,Gujarat,Ahmedabad,13.19,15,0.28,0.92,0,0.27,0.69,0.21,0.82,0.9,186,0.34,1,179
Water Resources,Maharashtra,Thane,23.01,63,0.22,0.36,1,0.67,0.43,0.35,0.73,0.61,116,0.54,0,0
Mining,West Bengal,Howrah,41.72,61,0.12,0.7,1,0.49,0.56,0.71,0.77,0.54,139,0.49,0,0
Highways,Gujarat,Ahmedabad,32.03,46,0.9,0.7,1,0.39,0.94,0.31,0.3,0.81,183,0.24,1,365
Mining,Uttar Pradesh,Lucknow,62.26,50,0.88,0.33,0,0.95,0.76,0.13,0.26,0.71,190,0.53,0,0
Mining,Maharashtra,Aurangabad,9.2,32,0.14,0.39,0,0.39,0.55,0.2,0.08,0.86,142,0.1,1,198
Railways,Gujarat,Kutch,59.26,71,0.25,0.56,1,0.41,0.63,0.49,0.48,0.75,173,0.57,1,222
Solar Parks,Uttar Pradesh,Gorakhpur,63.17,87,0.22,0.35,0,0.88,0.93,0.49,0.39,0.91,196,0.46,0,0
Industrial Corridors,Uttar Pradesh,Agra,75.44,43,0.34,0.66,0,0.22,0.45,0.98,0.8,0.86,112,0.61,0,0
Industrial Corridors,Karnataka,Dakshina Kannada,9.28,11,0.27,0.58,0,0.2,0.19,0.52,0.66,0.84,127,0.59,0,0
Water Resources,Maharashtra,Pune,10.23,19,0.9,0.6,1,0.35,0.39,0.71,0.18,0.49,143,0.28,1,263
Water Resources,Uttar Pradesh,Gorakhpur,25.18,69,0.17,0.3,0,0.63,0.47,0.54,0.94,0.49,180,0.56,0,0
Mining,Karnataka,Mysuru,11.15,16,0.28,0.6,0,0.45,0.35,0.34,0.74,0.76,168,0.39,0,0
Urban Infrastructure,Gujarat,Kutch,7.82,23,0.17,0.24,1,0.65,0.58,0.19,0.7,0.26,162,0.14,1,332
Industrial Corridors,Odisha,Cuttack,24.33,35,0.93,0.89,1,0.24,0.37,0.87,0.24,0.44,113,0.55,1,247
Water Resources,Maharashtra,Nagpur,39.94,28,0.88,0.47,0,0.34,0.19,0.24,0.86,0.9,199,0.59,1,226
Mining,West Bengal,North 24 Parganas,310.81,201,0.71,0.87,0,0.61,0.27,0.19,0.48,0.54,137,0.1,1,172
Water Resources,Bihar,Patna,51.36,97,0.46,0.75,0,0.3,0.93,0.29,0.32,0.4,148,0.61,1,202
Highways,Bihar,Muzaffarpur,134.53,243,0.26,0.8,0,0.48,0.67,0.1,0.64,0.56,168,0.41,1,178
Highways,Gujarat,Surat,31.97,20,0.29,0.45,0,0.62,0.38,0.16,0.24,0.42,248,0.07,0,0
Water Resources,Rajasthan,Udaipur,51.81,63,0.48,0.38,1,0.98,0.43,0.67,0.87,0.78,131,0.38,1,195
Highways,Rajasthan,Jodhpur,29.46,42,0.75,0.52,0,0.17,0.54,0.32,0.82,0.84,128,0.53,1,202
Water Resources,Gujarat,Surat,283.3,154,0.33,0.22,0,0.51,0.71,0.4,0.47,0.79,143,0.37,0,0
Mining,Uttar Pradesh,Agra,19.14,21,0.36,0.92,0,0.46,0.62,0.85,0.22,0.31,212,0.47,1,173
Railways,Maharashtra,Nashik,21.33,49,0.61,0.5,1,0.84,0.94,0.8,0.5,0.45,166,0.58,0,0
Urban Infrastructure,Bihar,Bhagalpur,62.63,45,0.3,0.97,1,0.91,0.66,0.54,0.18,0.36,176,0.57,0,0
Mining,Bihar,Gaya,39.09,59,0.6,0.79,0,0.92,0.92,0.65,0.29,0.23,196,0.16,0,0
Railways,Uttar Pradesh,Lucknow,23.59,38,0.43,0.26,1,0.44,0.1,0.18,0.48,0.75,210,0.31,1,307
Railways,Bihar,Gaya,71.4,59,0.13,0.71,1,0.37,0.9,0.79,0.07,0.52,129,0.12,0,0
Industrial Corridors,West Bengal,Hooghly,32.04,19,0.44,0.41,1,0.5,0.75,0.56,0.74,0.41,183,0.41,1,232
Mining,Maharashtra,Nashik,31.86,71,0.88,0.39,1,0.41,0.25,0.61,0.23,0.43,211,0.62,1,387
Mining,Madhya Pradesh,Jabalpur,39.82,54,0.35,0.4,0,0.75,0.34,0.7,0.83,0.3,169,0.16,0,0
Water Resources,Bihar,Bhagalpur,8.27,20,0.37,0.91,0,0.29,0.59,0.55,0.07,0.82,123,0.29,0,0
Railways,Gujarat,Vadodara,9.26,10,0.16,0.59,0,0.69,0.21,0.57,0.53,0.31,114,0.62,0,0
Railways,West Bengal,Murshidabad,79.01,62,0.62,0.72,0,0.93,0.81,0.55,0.75,0.45,180,0.5,1,170
Railways,Bihar,Patna,19.27,46,0.82,0.42,0,0.35,0.81,0.55,0.26,0.21,108,0.09,1,205
Water Resources,West Bengal,North 24 Parganas,29.77,13,0.4,0.61,0,0.71,0.37,0.78,0.69,0.53,123,0.31,0,0
Industrial Corridors,Karnataka,Bengaluru Urban,120.3,193,0.3,0.47,0,0.23,0.16,0.48,0.7,0.47,137,0.64,0,0
Mining,Madhya Pradesh,Jabalpur,30.87,43,0.91,0.45,0,0.21,0.99,0.1,0.62,0.74,172,0.32,0,0
Railways,Tamil Nadu,Madurai,27.99,32,0.73,0.39,1,0.2,0.33,0.65,0.38,0.74,186,0.43,1,265
Highways,Gujarat,Surat,67.82,85,0.58,0.52,0,0.22,0.16,0.96,0.76,0.23,128,0.47,1,264
Mining,Gujarat,Surat,20.52,48,0.36,0.71,0,0.29,0.4,0.33,0.62,0.29,101,0.45,0,0
Water Resources,Maharashtra,Pune,86.69,177,0.29,0.37,0,0.61,0.97,0.83,0.58,0.88,196,0.36,0,0
Industrial Corridors,West Bengal,Murshidabad,66.72,65,0.71,0.95,1,0.79,0.81,0.51,0.79,0.79,190,0.13,0,0
Highways,Uttar Pradesh,Varanasi,143.2,198,0.54,0.3,0,0.21,0.53,0.68,0.27,0.49,181,0.48,0,0
Water Resources,Gujarat,Surat,19.06,41,0.54,0.57,0,0.88,0.37,0.9,0.26,0.32,176,0.61,0,0
Solar Parks,West Bengal,Howrah,98.85,199,0.16,0.27,0,0.86,0.48,0.79,0.4,0.4,142,0.62,0,0
Mining,West Bengal,Murshidabad,51.59,57,0.54,0.22,0,0.75,0.12,0.9,0.12,0.69,152,0.41,0,0
Solar Parks,Odisha,Jharsuguda,11.47,26,0.8,0.92,1,0.48,0.75,0.11,0.35,0.91,163,0.35,0,0
Water Resources,Odisha,Sundargarh,4.15,30,0.9,0.83,1,0.1,0.19,0.27,0.42,0.66,122,0.25,1,297
Water Resources,Tamil Nadu,Tiruchirappalli,17.49,28,0.19,0.74,0,0.76,0.57,0.48,0.5,0.22,177,0.11,0,0
Water Resources,Karnataka,Dakshina Kannada,41.84,54,0.64,0.87,1,0.89,0.61,0.86,0.28,0.69,165,0.58,0,0
Railways,Tamil Nadu,Kanchipuram,46.99,71,0.58,0.83,0,0.4,0.1,0.85,0.87,0.91,153,0.13,0,0
Industrial Corridors,Bihar,Darbhanga,31.59,77,0.86,0.7,1,0.75,0.98,0.27,0.31,0.47,201,0.22,1,245
Railways,Uttar Pradesh,Gorakhpur,31.81,67,0.74,0.86,0,0.16,0.37,0.23,0.82,0.9,155,0.49,0,0
Industrial Corridors,Bihar,Darbhanga,29.94,54,0.92,0.5,1,0.74,0.17,0.85,0.45,0.7,189,0.47,1,320
Urban Infrastructure,Rajasthan,Jodhpur,75.56,129,0.92,0.63,0,0.16,0.87,0.59,0.7,0.34,106,0.46,1,207
Railways,Bihar,Patna,10.5,25,0.29,0.81,1,0.63,0.24,0.66,0.15,0.31,197,0.5,1,402
Solar Parks,Maharashtra,Aurangabad,41.04,71,0.72,0.27,0,0.64,0.12,0.83,0.54,0.33,187,0.38,1,200
Industrial Corridors,Bihar,Darbhanga,17.15,35,0.55,0.87,0,0.37,0.55,0.29,0.91,0.72,257,0.14,0,0
Railways,Tamil Nadu,Coimbatore,16.03,29,0.28,0.32,0,0.17,0.22,0.22,0.65,0.64,232,0.65,1,229
Mining,Gujarat,Ahmedabad,84.86,139,0.27,0.87,0,0.95,0.98,0.87,0.79,0.54,202,0.59,0,0
Water Resources,Gujarat,Vadodara,15.08,45,0.17,0.44,0,0.58,0.11,0.2,0.28,0.4,135,0.31,0,0
Industrial Corridors,Odisha,Sundargarh,29.62,27,0.78,0.45,0,0.62,0.15,0.18,0.77,0.88,120,0.37,0,0
Industrial Corridors,Uttar Pradesh,Lucknow,158.67,246,0.38,0.26,0,0.65,0.85,0.35,0.37,0.36,127,0.29,0,0
Railways,Uttar Pradesh,Gorakhpur,64.75,41,0.83,0.89,0,0.9,0.32,0.39,0.49,0.41,182,0.43,1,184
Urban Infrastructure,Maharashtra,Pune,23.01,55,0.62,0.34,1,0.15,0.92,0.32,0.22,0.24,218,0.49,1,274
Railways,Tamil Nadu,Kanchipuram,24.58,51,0.67,0.69,1,0.9,0.38,0.77,0.49,0.41,105,0.19,1,325
Solar Parks,Odisha,Jharsuguda,12.41,5,0.35,0.7,0,0.32,0.16,0.98,0.51,0.89,122,0.31,0,0
Solar Parks,Rajasthan,Udaipur,93.74,134,0.49,0.42,0,0.17,0.11,0.28,0.61,0.34,161,0.43,1,277
Industrial Corridors,Uttar Pradesh,Lucknow,74.37,112,0.45,0.97,0,0.69,0.35,0.8,0.83,0.35,108,0.64,0,0
Industrial Corridors,Gujarat,Vadodara,57.36,78,0.3,0.25,1,0.98,0.53,0.14,0.32,0.65,140,0.24,1,240
Railways,Bihar,Darbhanga,62.64,53,0.81,0.67,0,0.15,0.1,0.21,0.94,0.63,216,0.5,0,0
Solar Parks,Bihar,Muzaffarpur,17.82,33,0.63,0.57,0,0.48,0.62,0.56,0.81,0.33,192,0.26,0,0
Solar Parks,Odisha,Angul,9.6,16,0.13,0.39,0,0.58,0.4,1.0,0.41,0.32,197,0.11,0,0
Urban Infrastructure,Tamil Nadu,Tiruchirappalli,51.85,63,0.8,0.33,0,0.33,0.45,0.95,0.25,0.29,115,0.51,0,0
Mining,Tamil Nadu,Madurai,67.41,83,0.19,0.77,0,0.98,0.34,0.2,0.11,0.85,81,0.44,1,159
Urban Infrastructure,Karnataka,Mysuru,119.78,172,0.44,0.91,0,0.68,0.58,0.32,0.26,0.69,140,0.36,1,190
Highways,Madhya Pradesh,Gwalior,28.2,17,0.59,0.28,0,0.86,0.31,0.95,0.85,0.92,55,0.46,1,170
Water Resources,Uttar Pradesh,Lucknow,25.09,57,0.11,0.35,0,0.47,0.22,0.24,0.31,0.32,180,0.58,1,298
Urban Infrastructure,Tamil Nadu,Salem,27.35,54,0.65,0.97,0,0.42,0.9,0.77,0.17,0.55,193,0.5,0,0
Railways,Gujarat,Ahmedabad,56.63,82,0.66,0.21,1,0.6,0.45,0.1,0.07,0.76,124,0.56,1,275
Mining,Odisha,Jharsuguda,26.43,27,0.65,0.6,0,0.49,0.17,0.67,0.32,0.36,186,0.22,0,0
Railways,Rajasthan,Bhilwara,31.76,40,0.24,0.6,0,0.74,0.31,0.55,0.24,0.71,185,0.53,0,0
Water Resources,Karnataka,Bengaluru Urban,64.38,72,0.32,0.41,1,0.34,0.38,0.52,0.14,0.56,109,0.27,1,280
Highways,West Bengal,North 24 Parganas,20.07,45,0.31,0.72,0,0.5,0.79,0.85,0.91,0.52,142,0.06,0,0
Mining,Maharashtra,Nashik,100.78,61,0.92,0.94,0,0.91,0.12,0.17,0.29,0.68,138,0.08,0,0
Industrial Corridors,Rajasthan,Kota,54.95,112,0.16,0.55,0,0.78,0.53,0.44,0.06,0.55,201,0.49,0,0
Solar Parks,West Bengal,Howrah,7.49,14,0.46,0.78,0,0.25,0.47,0.5,0.9,0.82,192,0.21,1,159
Urban Infrastructure,Bihar,Patna,21.93,44,0.84,0.7,0,0.9,0.97,0.21,0.57,0.9,185,0.23,1,171
Railways,Maharashtra,Aurangabad,6.56,15,0.75,0.57,0,0.63,0.26,0.18,0.12,0.64,134,0.42,0,0
Highways,Uttar Pradesh,Kanpur,28.29,42,0.8,0.24,0,0.71,0.67,0.26,0.08,0.43,221,0.49,1,245
Solar Parks,Gujarat,Vadodara,22.23,50,0.93,0.78,1,0.36,0.28,0.32,0.15,0.78,168,0.39,1,264
Urban Infrastructure,Maharashtra,Nagpur,64.58,42,0.43,0.48,0,0.5,0.59,0.97,0.58,0.33,182,0.47,0,0
Solar Parks,Madhya Pradesh,Indore,16.37,33,0.36,0.38,0,0.83,0.6,0.53,0.11,0.27,237,0.61,0,0
Urban Infrastructure,West Bengal,Murshidabad,45.16,62,0.13,0.94,1,0.4,0.17,0.56,0.56,0.59,189,0.56,0,0
Industrial Corridors,Uttar Pradesh,Kanpur,52.2,107,0.23,0.8,0,0.25,0.51,0.74,0.64,0.69,154,0.19,0,0
Mining,Madhya Pradesh,Jabalpur,40.68,80,0.58,0.95,0,0.44,0.52,0.72,0.18,0.83,137,0.59,0,0
Solar Parks,Bihar,Darbhanga,82.44,119,0.23,0.4,0,0.16,0.39,0.55,0.49,0.92,81,0.23,0,0
Solar Parks,Madhya Pradesh,Indore,173.23,259,0.73,0.85,1,0.75,0.35,0.41,0.92,0.86,89,0.45,1,202
Solar Parks,Karnataka,Mysuru,36.22,49,0.13,0.67,0,0.23,0.3,0.4,0.8,0.94,198,0.57,0,0
Mining,Karnataka,Belagavi,45.79,69,0.32,0.97,0,0.36,0.11,0.15,0.7,0.56,71,0.42,0,0
Highways,Odisha,Sundargarh,16.38,16,0.69,0.94,1,0.89,0.1,0.91,0.52,0.44,205,0.53,1,218
Urban Infrastructure,Rajasthan,Kota,14.65,38,0.32,0.96,0,0.59,0.63,0.79,0.4,0.54,196,0.61,0,0
Industrial Corridors,Rajasthan,Jaipur,75.72,53,0.72,0.94,0,0.39,0.36,0.66,0.46,0.68,121,0.63,0,0
Solar Parks,Uttar Pradesh,Agra,68.12,51,0.95,0.21,1,0.59,0.25,0.46,0.74,0.58,168,0.3,1,350
Water Resources,Bihar,Bhagalpur,14.53,38,0.78,0.78,0,0.3,0.72,0.62,0.55,0.68,185,0.65,1,170
Mining,Tamil Nadu,Salem,11.63,21,0.39,0.41,1,0.12,0.58,0.54,0.74,0.87,164,0.21,1,235
Highways,Karnataka,Bengaluru Urban,19.71,40,0.87,0.75,1,0.64,0.92,0.35,0.92,0.32,215,0.33,1,210
Urban Infrastructure,Uttar Pradesh,Lucknow,29.57,50,0.14,0.96,1,0.74,0.85,0.37,0.63,0.29,97,0.51,1,278
Mining,Tamil Nadu,Tiruchirappalli,23.87,32,0.72,0.23,0,0.89,0.75,0.89,0.59,0.57,182,0.63,0,0
Industrial Corridors,Rajasthan,Jodhpur,37.65,52,0.12,0.64,0,0.79,0.21,0.67,0.42,0.94,132,0.08,0,0
Industrial Corridors,Odisha,Sundargarh,68.97,87,0.25,0.77,0,0.93,0.7,0.1,0.23,0.24,81,0.62,0,0
Urban Infrastructure,Madhya Pradesh,Ujjain,47.93,36,0.94,0.4,0,0.99,0.72,0.39,0.39,0.94,107,0.65,0,0
Solar Parks,Karnataka,Dakshina Kannada,50.85,86,0.41,0.38,1,0.77,0.79,0.41,0.52,0.93,136,0.6,1,260
Industrial Corridors,Uttar Pradesh,Agra,4.66,30,0.8,0.25,0,0.88,0.34,0.74,0.08,0.42,161,0.12,1,189
Highways,Maharashtra,Aurangabad,9.11,25,0.42,0.27,0,0.71,0.68,0.73,0.48,0.87,119,0.55,0,0
Mining,Tamil Nadu,Madurai,17.51,17,0.81,0.71,1,0.25,0.66,0.52,0.83,0.21,137,0.43,0,0
Highways,Madhya Pradesh,Bhopal,19.98,57,0.92,0.59,1,0.26,0.45,0.96,0.93,0.54,142,0.06,1,351
Solar Parks,Karnataka,Dakshina Kannada,64.84,114,0.47,0.22,1,0.2,0.7,0.89,0.82,0.5,120,0.64,1,285
Highways,Rajasthan,Udaipur,16.39,39,0.58,0.96,0,0.95,0.18,0.88,0.2,0.88,134,0.14,0,0
Highways,Bihar,Muzaffarpur,56.46,99,0.63,0.71,0,0.71,0.68,0.41,0.19,0.55,185,0.29,0,0
Railways,Tamil Nadu,Madurai,17.67,53,0.89,0.6,0,0.81,0.65,0.49,0.4,0.51,234,0.07,0,0
Highways,Rajasthan,Udaipur,12.67,18,0.32,0.41,1,0.4,0.29,0.48,0.25,0.68,169,0.24,1,235
Urban Infrastructure,Karnataka,Ballari,13.15,22,0.62,0.71,0,0.51,0.84,0.5,0.66,0.48,165,0.39,0,0
Mining,Tamil Nadu,Madurai,201.67,108,0.38,0.48,0,0.14,0.89,0.9,0.13,0.6,156,0.61,1,224
Railways,Madhya Pradesh,Gwalior,17.36,51,0.28,0.75,0,0.9,0.29,0.32,0.45,0.92,142,0.64,0,0
Mining,Karnataka,Ballari,57.56,82,0.17,0.73,0,0.87,0.17,0.82,0.3,0.35,185,0.3,0,0
Mining,West Bengal,Howrah,9.52,13,0.63,0.27,0,0.81,0.64,0.56,0.59,0.54,204,0.31,0,0
Solar Parks,Uttar Pradesh,Varanasi,103.04,95,0.85,0.91,0,0.15,0.53,0.32,0.77,0.21,107,0.15,1,182
Solar Parks,Madhya Pradesh,Jabalpur,43.78,96,0.4,0.58,1,0.26,0.48,0.57,0.88,0.83,206,0.35,1,214
Railways,Tamil Nadu,Madurai,41.23,61,0.57,0.51,0,0.4,0.78,0.28,0.92,0.27,233,0.61,0,0
Industrial Corridors,Bihar,Muzaffarpur,46.11,83,0.65,0.95,1,0.34,0.97,0.2,0.37,0.27,114,0.15,1,241
Water Resources,Rajasthan,Jodhpur,50.36,50,0.45,0.54,0,0.85,0.53,0.85,0.82,0.86,201,0.21,0,0
Solar Parks,Maharashtra,Pune,63.26,80,0.87,0.76,0,0.28,0.11,0.73,0.58,0.51,233,0.58,1,220
Water Resources,Rajasthan,Jaipur,20.51,26,0.41,0.71,0,0.58,0.64,0.28,0.67,0.72,192,0.43,1,242
Solar Parks,Tamil Nadu,Salem,19.57,30,0.21,0.33,1,0.61,0.69,0.95,0.82,0.84,152,0.25,1,179
Solar Parks,Rajasthan,Kota,34.45,57,0.22,0.97,0,0.48,0.85,0.12,0.17,0.48,195,0.54,1,177
Mining,Uttar Pradesh,Varanasi,57.26,110,0.86,0.56,1,0.32,0.28,0.4,0.9,0.4,123,0.12,1,236
Railways,Karnataka,Dakshina Kannada,31.4,43,0.94,0.51,1,0.96,0.57,0.12,0.54,0.33,145,0.57,1,272
Mining,Maharashtra,Pune,61.51,49,0.35,0.92,1,0.47,0.5,0.23,0.35,0.66,127,0.36,1,215
Urban Infrastructure,Gujarat,Rajkot,54.29,67,0.22,0.61,0,0.75,0.7,0.26,0.35,0.39,99,0.5,1,222
Mining,Tamil Nadu,Kanchipuram,27.84,53,0.51,0.75,0,0.27,0.16,0.83,0.73,0.68,161,0.36,1,159
Water Resources,Odisha,Sundargarh,8.18,14,0.7,0.86,1,0.84,0.9,0.99,0.66,0.44,173,0.2,0,0
Water Resources,Gujarat,Surat,22.14,46,0.62,0.38,0,0.29,0.56,0.88,0.71,0.46,189,0.43,0,0
Urban Infrastructure,Rajasthan,Bhilwara,133.52,263,0.91,0.33,0,0.71,0.89,0.67,0.28,0.39,30,0.14,1,179
Highways,Tamil Nadu,Tiruchirappalli,43.47,85,0.8,0.25,0,0.56,0.41,0.75,0.2,0.51,168,0.19,1,228
Highways,West Bengal,Paschim Bardhaman,19.85,30,0.84,0.9,1,0.23,0.69,0.57,0.7,0.32,163,0.38,1,242
Urban Infrastructure,Odisha,Cuttack,40.47,53,0.56,0.36,0,0.12,0.96,0.48,0.32,0.44,110,0.28,0,0
Urban Infrastructure,Maharashtra,Pune,56.9,114,0.38,0.44,1,0.94,0.95,0.72,0.25,0.78,140,0.5,0,0
Mining,Bihar,Muzaffarpur,19.86,36,0.7,0.42,0,0.21,0.95,0.98,0.24,0.36,193,0.4,1,225
Urban Infrastructure,West Bengal,Murshidabad,88.97,63,0.47,0.44,0,0.73,0.14,0.13,0.18,0.91,164,0.28,0,0
Railways,Gujarat,Vadodara,49.23,59,0.34,0.72,0,0.69,0.46,0.38,0.43,0.57,159,0.25,0,0
Highways,Karnataka,Ballari,13.74,19,0.23,0.94,0,0.41,0.15,0.4,0.28,0.28,200,0.6,1,197
Highways,Uttar Pradesh,Gorakhpur,65.7,134,0.55,0.46,0,0.27,0.38,0.47,0.85,0.91,264,0.07,1,262
Industrial Corridors,Bihar,Muzaffarpur,23.86,33,0.61,0.52,1,0.26,0.26,0.66,0.67,0.54,149,0.46,1,287
Urban Infrastructure,West Bengal,Hooghly,28.69,48,0.58,0.8,0,0.63,0.66,0.56,0.72,0.62,171,0.29,0,0
Solar Parks,Karnataka,Bengaluru Urban,14.69,52,0.2,0.54,0,0.59,0.8,0.12,0.41,0.34,119,0.28,0,0
Solar Parks,Karnataka,Ballari,54.88,55,0.58,0.92,0,0.89,0.56,0.47,0.59,0.45,256,0.44,1,256
Urban Infrastructure,Tamil Nadu,Tiruchirappalli,29.4,19,0.24,0.59,1,0.68,0.82,0.66,0.5,0.73,135,0.56,0,0
Railways,West Bengal,Paschim Bardhaman,56.77,118,0.66,0.47,1,0.84,0.11,0.55,0.2,0.29,78,0.48,1,272
Solar Parks,Maharashtra,Pune,21.31,37,0.46,0.96,0,0.13,0.84,0.88,0.09,0.63,187,0.45,0,0
Industrial Corridors,Rajasthan,Udaipur,19.45,25,0.82,0.53,0,0.7,0.26,0.46,0.67,0.72,87,0.35,0,0
Water Resources,Odisha,Angul,18.23,33,0.76,0.38,0,0.31,0.51,0.11,0.16,0.2,218,0.33,1,314
Urban Infrastructure,Odisha,Sundargarh,45.46,41,0.72,0.34,0,0.33,0.5,0.36,0.1,0.83,186,0.33,1,274
Railways,Gujarat,Rajkot,19.22,38,0.7,0.98,0,0.75,0.89,0.22,0.45,0.24,113,0.14,0,0
Railways,Gujarat,Surat,28.15,37,0.58,0.79,0,0.81,0.97,0.33,0.71,0.39,190,0.39,0,0
Mining,Odisha,Angul,21.87,45,0.15,0.52,0,0.43,0.33,0.43,0.74,0.92,144,0.24,1,145
Railways,Maharashtra,Aurangabad,47.09,48,0.66,0.84,1,0.81,0.16,0.71,0.84,0.26,179,0.42,1,259
Solar Parks,Uttar Pradesh,Varanasi,8.26,22,0.5,0.63,0,0.5,0.69,0.39,0.23,0.82,102,0.37,1,214
Water Resources,Madhya Pradesh,Gwalior,40.35,85,0.5,0.45,0,0.87,0.55,0.9,0.94,0.69,99,0.61,0,0
Solar Parks,Rajasthan,Jodhpur,132.3,204,0.42,0.78,0,0.12,0.61,0.37,0.74,0.65,174,0.31,0,0
Urban Infrastructure,Uttar Pradesh,Gorakhpur,89.02,153,0.89,0.78,1,0.18,0.14,0.22,0.19,0.64,244,0.45,1,319
Water Resources,Tamil Nadu,Tiruchirappalli,20.22,23,0.31,0.59,1,0.8,0.8,0.25,0.81,0.32,130,0.41,0,0
Urban Infrastructure,Madhya Pradesh,Jabalpur,49.19,75,0.37,0.24,0,0.66,0.31,0.94,0.5,0.7,127,0.46,1,185
Railways,Madhya Pradesh,Jabalpur,42.12,51,0.92,0.26,0,0.6,0.4,0.51,0.11,0.91,144,0.21,1,197
Industrial Corridors,West Bengal,North 24 Parganas,107.29,163,0.79,0.82,0,0.65,0.31,0.46,0.17,0.26,100,0.2,1,213
Highways,Maharashtra,Aurangabad,4.45,24,0.11,0.84,0,0.94,0.95,0.16,0.44,0.45,184,0.39,0,0
Water Resources,Maharashtra,Nashik,80.66,76,0.87,0.73,1,0.69,0.25,0.76,0.53,0.55,200,0.56,0,0
Mining,Madhya Pradesh,Bhopal,26.74,32,0.29,0.85,1,0.68,0.76,0.73,0.9,0.37,181,0.48,1,213
Highways,West Bengal,Hooghly,18.27,36,0.7,0.76,0,0.78,0.32,0.44,0.24,0.76,152,0.34,0,0
Railways,Rajasthan,Jodhpur,17.86,24,0.57,0.9,1,0.88,0.48,0.72,0.48,0.72,113,0.2,0,0
Railways,Madhya Pradesh,Gwalior,11.71,35,0.56,0.32,1,0.34,1.0,0.43,0.25,0.29,252,0.51,1,280
Highways,Bihar,Muzaffarpur,20.26,36,0.71,0.5,0,0.66,0.19,0.17,0.55,0.63,121,0.61,1,221
Mining,Gujarat,Ahmedabad,13.96,23,0.28,0.56,0,0.63,0.89,0.76,0.87,0.48,120,0.18,0,0
Water Resources,Gujarat,Surat,38.25,30,0.24,0.43,0,0.22,0.95,0.97,0.56,0.37,79,0.53,1,164
Water Resources,Uttar Pradesh,Varanasi,53.09,104,0.65,0.77,1,0.57,0.73,0.68,0.51,0.84,96,0.15,1,206
Highways,Tamil Nadu,Coimbatore,26.97,26,0.35,0.91,0,0.16,0.11,0.35,0.73,0.24,175,0.59,1,202
Urban Infrastructure,Gujarat,Rajkot,109.92,96,0.93,0.52,1,0.27,0.84,0.34,0.18,0.55,140,0.44,1,276
Solar Parks,Karnataka,Belagavi,21.35,19,0.48,0.93,0,0.92,0.89,0.94,0.87,0.56,121,0.16,0,0
Industrial Corridors,Uttar Pradesh,Varanasi,25.87,43,0.19,0.6,0,0.21,0.98,0.37,0.57,0.63,124,0.07,0,0
Urban Infrastructure,Gujarat,Surat,22.68,25,0.68,0.61,0,0.62,0.86,0.79,0.67,0.35,136,0.47,0,0
Water Resources,Tamil Nadu,Kanchipuram,53.46,88,0.36,0.67,0,0.39,0.5,0.68,0.79,0.85,130,0.41,0,0
Solar Parks,Maharashtra,Pune,57.95,76,0.23,0.41,1,0.6,0.72,0.63,0.62,0.92,223,0.42,1,234
Industrial Corridors,Maharashtra,Nashik,49.22,52,0.46,0.5,1,0.31,0.54,0.26,0.63,0.61,143,0.34,0,0
Industrial Corridors,Rajasthan,Udaipur,29.99,31,0.92,0.63,0,0.5,0.42,0.13,0.71,0.39,166,0.42,1,217
Industrial Corridors,Madhya Pradesh,Ujjain,11.33,18,0.45,0.93,0,0.88,0.66,0.54,0.1,0.86,162,0.57,0,0
Railways,Bihar,Patna,25.65,37,0.4,0.7,0,0.44,0.79,0.99,0.39,0.94,164,0.62,0,0
Industrial Corridors,Maharashtra,Aurangabad,108.04,87,0.48,0.46,1,0.42,0.67,0.28,0.92,0.76,143,0.26,1,255
Mining,West Bengal,Hooghly,74.48,98,0.11,0.21,0,0.5,0.84,0.58,0.28,0.45,138,0.34,1,176
Highways,Gujarat,Kutch,41.9,32,0.21,0.97,0,0.19,0.26,0.7,0.54,0.38,188,0.21,0,0
Water Resources,West Bengal,Paschim Bardhaman,24.35,18,0.82,0.58,0,0.45,0.44,0.54,0.21,0.32,169,0.3,0,0
Mining,Tamil Nadu,Tiruchirappalli,32.76,71,0.93,0.93,1,0.11,0.38,0.56,0.34,0.38,125,0.53,0,0
Highways,Maharashtra,Nashik,24.43,44,0.23,0.63,0,0.55,0.27,0.7,0.7,0.37,31,0.3,0,0
Urban Infrastructure,Bihar,Bhagalpur,86.01,133,0.56,0.67,1,0.86,0.5,0.83,0.63,0.93,132,0.28,0,0
Urban Infrastructure,Tamil Nadu,Coimbatore,16.93,36,0.92,0.76,0,0.6,0.95,0.4,0.42,0.68,98,0.56,1,218
Highways,Karnataka,Dakshina Kannada,69.33,87,0.23,0.45,0,0.65,0.58,0.91,0.89,0.33,118,0.05,0,0
Mining,Karnataka,Ballari,21.69,57,0.26,0.75,0,0.13,0.36,0.54,0.75,0.57,100,0.56,1,206
Highways,West Bengal,Hooghly,95.27,131,0.89,0.61,1,0.87,0.42,0.7,0.29,0.34,212,0.16,1,262
Industrial Corridors,Madhya Pradesh,Bhopal,46.59,30,0.7,0.72,0,0.45,0.65,0.2,0.47,0.65,211,0.21,0,0
Railways,Uttar Pradesh,Gorakhpur,18.18,35,0.23,0.85,0,0.98,0.42,0.54,0.84,0.46,194,0.27,1,197
Water Resources,Madhya Pradesh,Gwalior,25.86,55,0.43,0.34,1,0.21,0.58,0.11,0.07,0.35,144,0.58,1,359
Urban Infrastructure,Rajasthan,Kota,58.52,52,0.15,0.68,1,0.95,0.35,0.45,0.57,0.38,130,0.6,1,233
Water Resources,Madhya Pradesh,Indore,22.21,18,0.47,0.24,1,0.67,0.41,0.15,0.26,0.71,92,0.45,1,246
Railways,Rajasthan,Kota,33.71,56,0.76,0.28,1,0.15,0.74,0.91,0.11,0.51,201,0.31,1,260
Industrial Corridors,Rajasthan,Jaipur,21.97,19,0.57,0.73,0,0.97,0.63,0.71,0.87,0.58,199,0.36,0,0
Industrial Corridors,Bihar,Darbhanga,135.27,76,0.65,0.26,0,0.11,0.18,0.81,0.78,0.82,182,0.4,1,191
Urban Infrastructure,Maharashtra,Aurangabad,155.22,77,0.38,0.66,1,0.76,0.98,0.52,0.22,0.69,110,0.62,1,272
Urban Infrastructure,Bihar,Darbhanga,106.75,58,0.24,0.37,1,0.9,0.14,0.87,0.8,0.55,144,0.63,0,0
Industrial Corridors,Rajasthan,Udaipur,29.98,44,0.11,0.44,0,0.26,0.17,0.89,0.18,0.92,154,0.56,0,0
Solar Parks,Tamil Nadu,Tiruchirappalli,23.99,53,0.8,0.3,1,0.41,0.73,0.42,0.48,0.36,80,0.4,1,346
Water Resources,Karnataka,Ballari,17.76,19,0.64,0.39,1,0.61,0.74,0.44,0.7,0.42,224,0.28,1,328
Railways,Rajasthan,Jodhpur,113.13,208,0.29,0.84,0,0.71,0.12,0.56,0.53,0.88,99,0.19,0,0
Water Resources,Bihar,Patna,69.73,127,0.46,0.7,0,0.88,0.68,0.14,0.82,0.84,124,0.37,0,0
Railways,Tamil Nadu,Madurai,72.46,88,0.78,0.94,0,0.78,0.13,1.0,0.61,0.3,80,0.26,0,0
Solar Parks,Bihar,Darbhanga,27.11,38,0.56,0.24,0,0.43,0.96,0.42,0.44,0.9,150,0.09,0,0
Mining,Madhya Pradesh,Ujjain,8.11,26,0.36,0.82,0,0.84,0.73,0.52,0.88,0.21,148,0.34,0,0
Railways,Gujarat,Surat,9.75,27,0.33,0.75,1,0.97,0.27,0.78,0.08,0.82,204,0.39,0,0
Water Resources,West Bengal,Paschim Bardhaman,34.68,82,0.28,0.4,1,0.3,0.24,0.37,0.49,0.41,117,0.42,1,247
Highways,Uttar Pradesh,Kanpur,21.8,18,0.8,0.77,0,0.17,0.61,0.28,0.64,0.34,111,0.09,1,179
Industrial Corridors,Bihar,Patna,19.88,53,0.59,0.76,0,0.48,0.67,0.21,0.8,0.54,163,0.34,0,0
Industrial Corridors,Uttar Pradesh,Gorakhpur,43.65,62,0.7,0.56,0,0.89,0.85,0.58,0.54,0.87,66,0.44,0,0
Solar Parks,Odisha,Bhubaneswar,74.51,57,0.83,0.74,1,0.24,0.91,0.1,0.85,0.79,219,0.63,1,269
Railways,Bihar,Bhagalpur,18.9,29,0.94,0.55,0,0.9,0.45,0.74,0.43,0.93,100,0.07,0,0
Mining,Gujarat,Rajkot,11.65,15,0.31,0.46,0,0.99,0.86,0.52,0.34,0.61,241,0.46,0,0
Railways,Uttar Pradesh,Kanpur,19.26,20,0.25,0.56,0,0.15,0.59,0.58,0.93,0.58,124,0.09,0,0
Industrial Corridors,Rajasthan,Bhilwara,14.37,30,0.49,0.9,0,0.55,0.52,0.34,0.65,0.21,95,0.15,1,167
Urban Infrastructure,Bihar,Muzaffarpur,53.21,80,0.13,0.5,0,0.4,0.73,0.26,0.43,0.34,186,0.15,1,276
Highways,Maharashtra,Aurangabad,33.01,61,0.77,0.51,0,0.45,0.19,0.73,0.84,0.57,183,0.25,0,0
Solar Parks,West Bengal,Paschim Bardhaman,149.07,103,0.85,0.67,0,0.51,0.34,0.29,0.66,0.76,184,0.55,0,0
Urban Infrastructure,Gujarat,Vadodara,59.61,52,0.68,0.79,0,0.77,0.84,0.8,0.62,0.82,164,0.56,0,0
Water Resources,Uttar Pradesh,Gorakhpur,141.33,242,0.33,0.77,1,0.63,0.55,0.28,0.71,0.41,260,0.27,1,239
Mining,Gujarat,Vadodara,10.77,39,0.2,0.22,0,0.97,0.92,0.65,0.71,0.73,99,0.31,0,0
Urban Infrastructure,Tamil Nadu,Madurai,2.45,5,0.42,0.74,1,0.4,0.18,0.68,0.49,0.82,221,0.18,0,0
Water Resources,West Bengal,Murshidabad,40.22,96,0.81,0.55,0,0.59,0.38,0.56,0.43,0.48,87,0.31,0,0
Urban Infrastructure,Rajasthan,Bhilwara,36.55,50,0.4,0.61,0,0.83,0.42,1.0,0.87,0.72,234,0.21,0,0
Mining,Bihar,Patna,30.02,32,0.13,0.64,1,0.44,0.48,0.44,0.5,0.53,175,0.15,0,0
Urban Infrastructure,Bihar,Muzaffarpur,35.75,57,0.33,0.77,1,0.52,0.99,0.89,0.24,0.94,230,0.15,0,0
Solar Parks,Bihar,Bhagalpur,13.47,36,0.94,0.85,1,0.72,0.38,0.25,0.52,0.21,200,0.52,1,285
Industrial Corridors,West Bengal,Howrah,51.96,44,0.68,0.7,0,0.87,0.57,0.4,0.08,0.51,62,0.12,1,248
Railways,Maharashtra,Nashik,59.68,49,0.87,0.64,1,0.47,0.58,0.23,0.7,0.4,144,0.42,1,251
Urban Infrastructure,Odisha,Angul,12.68,42,0.76,0.49,1,0.58,0.79,0.64,0.16,0.84,103,0.15,0,0
Solar Parks,Karnataka,Belagavi,24.96,26,0.56,0.31,0,0.98,0.57,0.67,0.15,0.42,227,0.55,1,205
Railways,Madhya Pradesh,Jabalpur,26.22,65,0.23,0.95,0,0.14,0.65,0.51,0.9,0.61,196,0.21,0,0
Water Resources,Uttar Pradesh,Agra,19.36,24,0.4,0.56,0,0.5,0.78,0.75,0.75,0.76,166,0.08,1,145
Railways,Maharashtra,Aurangabad,13.08,10,0.6,0.64,0,0.67,0.19,0.88,0.42,0.57,141,0.32,0,0
Water Resources,Rajasthan,Udaipur,33.45,41,0.84,0.79,0,0.11,0.97,0.8,0.27,0.51,179,0.65,0,0
Urban Infrastructure,Uttar Pradesh,Varanasi,40.8,65,0.33,0.25,1,0.64,0.86,0.32,0.81,0.23,116,0.54,1,251
Solar Parks,Bihar,Patna,20.33,46,0.2,0.87,0,0.15,0.45,0.39,0.92,0.22,172,0.39,1,185
Industrial Corridors,Gujarat,Rajkot,13.84,26,0.58,0.82,0,0.87,0.76,0.44,0.51,0.92,154,0.16,1,162
Urban Infrastructure,Rajasthan,Udaipur,45.99,96,0.25,0.8,1,0.83,0.79,0.28,0.57,0.68,123,0.12,1,202
Water Resources,Uttar Pradesh,Varanasi,17.92,32,0.62,0.22,0,0.13,0.87,0.43,0.27,0.82,191,0.55,1,310
Mining,Bihar,Muzaffarpur,25.86,31,0.32,0.61,0,0.14,0.27,0.31,0.58,0.56,244,0.52,1,198
Railways,Uttar Pradesh,Kanpur,23.36,51,0.3,0.24,0,0.78,0.73,1.0,0.41,0.4,95,0.33,1,146
Urban Infrastructure,Gujarat,Kutch,89.71,149,0.44,0.63,0,0.43,0.13,0.8,0.81,0.42,202,0.3,1,193
Water Resources,Bihar,Darbhanga,18.59,30,0.6,0.76,0,0.62,0.2,0.87,0.39,0.23,123,0.5,0,0
Railways,Odisha,Angul,131.69,219,0.56,0.3,1,0.34,0.8,0.93,0.63,0.79,186,0.37,0,0
Water Resources,Maharashtra,Nagpur,60.45,75,0.31,0.74,0,0.26,0.83,0.7,0.23,0.64,132,0.29,1,282
Solar Parks,Tamil Nadu,Madurai,142.13,95,0.86,0.55,1,0.37,0.63,0.26,0.13,0.56,146,0.2,1,260
Highways,Madhya Pradesh,Indore,56.36,113,0.19,0.83,0,0.32,0.62,0.78,0.09,0.84,150,0.12,0,0
Urban Infrastructure,West Bengal,Hooghly,27.75,27,0.13,0.62,0,0.5,0.77,0.11,0.42,0.53,221,0.41,1,232
Industrial Corridors,Madhya Pradesh,Ujjain,15.9,28,0.61,0.46,0,0.77,0.92,0.2,0.2,0.91,155,0.55,0,0
Urban Infrastructure,Rajasthan,Bhilwara,24.92,41,0.2,0.46,1,0.6,0.48,0.13,0.94,0.21,144,0.5,1,251
Railways,Madhya Pradesh,Jabalpur,108.83,94,0.53,0.9,1,0.65,0.2,0.22,0.77,0.94,156,0.47,1,221
Solar Parks,Bihar,Muzaffarpur,31.87,49,0.91,0.55,0,0.52,0.86,0.78,0.67,0.81,245,0.61,1,287
Water Resources,Odisha,Sundargarh,56.19,51,0.69,0.52,0,0.39,0.41,0.9,0.77,0.47,185,0.29,0,0
Mining,Tamil Nadu,Coimbatore,39.08,70,0.62,0.23,1,0.23,0.22,0.35,0.29,0.65,132,0.13,1,285
Industrial Corridors,Maharashtra,Aurangabad,40.44,51,0.59,0.48,1,0.42,0.65,0.21,0.84,0.85,227,0.11,1,254
Solar Parks,Maharashtra,Nashik,41.7,68,0.25,0.86,0,0.7,0.62,0.35,0.95,0.56,168,0.62,0,0
Urban Infrastructure,Gujarat,Ahmedabad,49.22,76,0.47,0.79,0,0.76,0.53,0.68,0.31,0.24,121,0.4,1,195
Mining,West Bengal,Hooghly,17.27,17,0.39,0.37,0,0.52,0.87,0.42,0.94,0.88,177,0.54,0,0
Solar Parks,Uttar Pradesh,Kanpur,26.58,44,0.91,0.52,1,0.68,0.35,0.97,0.34,0.59,153,0.37,1,228
Highways,Odisha,Bhubaneswar,42.41,55,0.31,0.35,0,0.29,0.11,0.22,0.06,0.61,30,0.29,1,282
Industrial Corridors,Uttar Pradesh,Varanasi,37.74,47,0.5,0.94,0,0.87,0.39,0.99,0.38,0.21,174,0.17,0,0
Railways,Tamil Nadu,Salem,22.9,37,0.9,0.67,1,0.88,0.11,0.11,0.95,0.28,111,0.56,0,0
Solar Parks,Madhya Pradesh,Ujjain,46.21,21,0.77,0.79,0,0.39,0.59,0.51,0.62,0.78,102,0.09,0,0
Solar Parks,Maharashtra,Nashik,17.87,12,0.92,0.76,0,0.59,0.44,0.33,0.68,0.53,72,0.59,0,0
Highways,Tamil Nadu,Tiruchirappalli,12.45,21,0.62,0.88,1,0.65,0.83,0.61,0.26,0.95,165,0.17,0,0
Urban Infrastructure,Madhya Pradesh,Jabalpur,41.93,31,0.38,0.94,0,0.53,0.82,0.19,0.18,0.72,153,0.06,0,0
Water Resources,Maharashtra,Aurangabad,12.69,45,0.8,0.23,0,0.92,0.49,0.89,0.85,0.91,202,0.11,0,0
Water Resources,Madhya Pradesh,Gwalior,41.43,80,0.35,0.96,1,0.77,0.29,0.22,0.42,0.41,124,0.58,1,233
Industrial Corridors,West Bengal,Paschim Bardhaman,6.93,19,0.24,0.88,1,0.71,0.48,0.63,0.05,0.33,138,0.09,0,0
Industrial Corridors,Odisha,Cuttack,18.54,36,0.7,0.5,1,0.57,0.68,0.13,0.31,0.48,249,0.26,1,259
Railways,Rajasthan,Jaipur,25.48,23,0.64,0.85,0,0.18,0.27,0.38,0.23,0.4,71,0.2,1,322
Solar Parks,Tamil Nadu,Coimbatore,9.16,35,0.85,0.77,1,0.2,0.8,0.23,0.59,0.66,214,0.07,1,228
Mining,Tamil Nadu,Salem,24.58,51,0.92,0.82,0,0.37,0.4,0.98,0.73,0.76,124,0.37,1,212
Solar Parks,Karnataka,Bengaluru Urban,85.46,165,0.83,0.37,0,0.29,0.94,0.11,0.5,0.5,300,0.65,1,239
Water Resources,Bihar,Muzaffarpur,11.99,22,0.15,0.71,0,0.96,0.56,0.42,0.22,0.27,192,0.56,1,168
Railways,West Bengal,Howrah,25.12,34,0.66,0.22,0,0.47,0.86,0.37,0.1,0.22,131,0.15,1,260
Solar Parks,West Bengal,Murshidabad,129.3,130,0.77,0.86,1,0.89,0.65,0.69,0.33,0.36,97,0.58,1,211
Highways,Uttar Pradesh,Varanasi,14.16,37,0.93,0.94,0,0.84,0.6,0.15,0.78,0.75,178,0.32,0,0
Water Resources,Madhya Pradesh,Jabalpur,101.27,140,0.42,0.72,0,0.83,0.71,0.83,0.43,0.37,74,0.21,1,167
Solar Parks,Bihar,Gaya,26.49,44,0.24,0.6,0,0.29,0.83,0.52,0.28,0.88,190,0.43,1,167
Solar Parks,Odisha,Bhubaneswar,35.93,24,0.82,0.77,0,0.5,0.68,0.51,0.07,0.69,97,0.18,0,0
Water Resources,Odisha,Angul,93.05,94,0.37,0.45,0,0.39,0.82,0.3,0.5,0.85,116,0.58,0,0
Mining,West Bengal,Hooghly,22.46,45,0.61,0.69,1,0.97,0.27,0.54,0.67,0.49,33,0.42,1,275
Water Resources,Odisha,Angul,54.86,117,0.43,0.76,0,0.89,0.35,0.43,0.22,0.94,165,0.13,0,0
Highways,Karnataka,Bengaluru Urban,67.2,109,0.44,0.31,1,0.32,0.31,0.32,0.53,0.71,172,0.39,1,251
Highways,Tamil Nadu,Madurai,19.67,43,0.72,0.31,0,0.38,0.82,0.25,0.43,0.47,161,0.36,1,203
Solar Parks,Gujarat,Ahmedabad,18.01,18,0.41,0.76,0,0.58,0.18,0.76,0.68,0.36,82,0.33,0,0
Industrial Corridors,Rajasthan,Jaipur,27.58,17,0.69,0.54,1,0.35,0.82,0.23,0.82,0.85,224,0.27,1,225
Mining,Uttar Pradesh,Varanasi,28.28,45,0.11,0.89,0,0.84,0.45,0.25,0.33,0.44,152,0.33,1,173
Solar Parks,Madhya Pradesh,Jabalpur,13.97,41,0.38,0.44,1,0.84,0.17,0.62,0.86,0.23,136,0.4,1,307
Water Resources,Rajasthan,Jaipur,19.82,29,0.37,0.23,0,0.75,0.48,0.3,0.69,0.41,196,0.49,0,0
Solar Parks,Madhya Pradesh,Gwalior,2.07,16,0.74,0.71,0,0.72,0.37,0.51,0.08,0.33,140,0.6,0,0
Railways,Maharashtra,Pune,25.35,51,0.37,0.73,0,0.59,0.63,0.6,0.76,0.44,179,0.08,1,177
Railways,Rajasthan,Kota,67.73,113,0.64,0.63,0,0.41,0.53,0.35,0.5,0.66,124,0.39,1,182
Industrial Corridors,Gujarat,Surat,8.73,33,0.69,0.73,0,0.85,0.37,0.41,0.9,0.58,196,0.5,0,0
Mining,West Bengal,North 24 Parganas,22.86,13,0.66,0.61,1,0.87,0.88,0.29,0.34,0.73,195,0.12,1,209
Urban Infrastructure,Karnataka,Dakshina Kannada,233.66,185,0.61,0.74,0,0.14,0.47,0.51,0.58,0.45,139,0.6,1,272
Railways,Tamil Nadu,Coimbatore,32.52,53,0.45,0.23,0,0.46,0.52,0.99,0.91,0.29,166,0.2,1,205
Urban Infrastructure,Tamil Nadu,Salem,98.05,183,0.42,0.49,1,0.12,0.86,0.43,0.29,0.32,158,0.55,1,266
Highways,Karnataka,Mysuru,14.74,14,0.58,0.36,0,0.86,0.18,0.69,0.47,0.8,154,0.45,0,0
Railways,Bihar,Patna,47.42,38,0.15,0.28,0,0.26,0.45,0.67,0.73,0.27,106,0.39,0,0
Railways,Maharashtra,Nashik,12.86,34,0.84,0.38,0,0.71,0.46,0.81,0.67,0.8,112,0.57,0,0
Mining,Madhya Pradesh,Jabalpur,45.64,75,0.8,0.35,1,0.42,0.55,0.74,0.8,0.36,142,0.63,1,267
Industrial Corridors,Gujarat,Rajkot,64.96,122,0.39,0.96,0,0.83,0.2,0.11,0.52,0.71,163,0.65,0,0
Urban Infrastructure,Odisha,Cuttack,53.73,71,0.58,0.42,0,0.56,0.19,0.38,0.34,0.67,120,0.46,1,201
Water Resources,Rajasthan,Udaipur,25.13,48,0.89,0.38,0,0.39,0.47,0.88,0.53,0.27,160,0.25,0,0
Railways,Maharashtra,Thane,41.26,52,0.33,0.85,0,0.39,0.13,0.59,0.36,0.7,56,0.57,1,204
Railways,Rajasthan,Jodhpur,41.58,21,0.73,0.53,0,0.39,0.33,0.19,0.21,0.54,160,0.44,1,227
Mining,Gujarat,Kutch,56.42,79,0.17,0.53,0,0.81,0.28,0.35,0.55,0.73,163,0.24,0,0
Mining,Uttar Pradesh,Gorakhpur,29.99,30,0.54,0.55,1,0.74,0.54,0.36,0.09,0.83,196,0.61,1,292
Industrial Corridors,Uttar Pradesh,Varanasi,69.75,33,0.85,0.52,0,0.39,0.11,0.89,0.08,0.23,224,0.5,0,0
Urban Infrastructure,Maharashtra,Aurangabad,104.34,174,0.57,0.45,0,0.54,0.71,0.6,0.11,0.69,190,0.32,1,180
Highways,West Bengal,North 24 Parganas,25.68,43,0.62,0.42,0,0.17,0.87,0.65,0.66,0.28,240,0.32,1,186
Water Resources,Gujarat,Surat,34.37,67,0.87,0.89,0,0.84,0.74,0.43,0.42,0.48,158,0.65,1,204
Industrial Corridors,Gujarat,Rajkot,16.06,30,0.71,0.33,0,0.34,0.84,0.15,0.49,0.21,162,0.27,1,231
Highways,Karnataka,Mysuru,43.48,71,0.69,0.34,1,0.9,0.68,0.17,0.36,0.45,196,0.11,1,243
Solar Parks,West Bengal,Howrah,43.7,48,0.6,0.65,0,0.64,0.56,0.48,0.28,0.33,155,0.37,1,182
Railways,Madhya Pradesh,Gwalior,34.69,75,0.64,0.47,0,0.61,0.3,0.26,0.37,0.62,145,0.58,1,281
Urban Infrastructure,Madhya Pradesh,Jabalpur,36.84,44,0.78,0.53,0,0.25,0.35,0.19,0.22,0.58,221,0.4,1,222
Industrial Corridors,Odisha,Cuttack,154.08,159,0.93,0.83,1,0.16,0.39,0.34,0.66,0.79,192,0.53,1,246
Railways,Tamil Nadu,Tiruchirappalli,3.29,27,0.78,0.9,0,0.6,0.13,0.77,0.14,0.68,189,0.08,0,0
Urban Infrastructure,Uttar Pradesh,Varanasi,22.26,25,0.7,0.82,0,0.52,0.92,0.17,0.52,0.74,121,0.45,0,0
Urban Infrastructure,Madhya Pradesh,Indore,25.15,34,0.22,0.38,0,0.21,0.91,0.5,0.48,0.27,202,0.1,1,210
Urban Infrastructure,West Bengal,Hooghly,106.22,199,0.79,0.96,1,0.85,0.2,0.84,0.32,0.22,163,0.38,1,249
Railways,Gujarat,Rajkot,48.44,81,0.73,0.48,1,0.48,0.6,0.34,0.14,0.93,115,0.35,1,245
Industrial Corridors,Madhya Pradesh,Jabalpur,49.39,45,0.75,0.33,0,0.33,0.52,0.37,0.68,0.52,191,0.62,0,0
Water Resources,Gujarat,Kutch,90.73,50,0.3,0.59,0,0.81,0.72,0.9,0.56,0.5,106,0.13,0,0
Mining,Madhya Pradesh,Jabalpur,28.68,23,0.87,0.77,0,0.92,0.64,0.69,0.78,0.23,51,0.06,1,166
Railways,Uttar Pradesh,Kanpur,55.8,34,0.18,0.26,0,0.38,0.21,0.82,0.26,0.29,78,0.13,1,233
Urban Infrastructure,Rajasthan,Bhilwara,21.66,42,0.32,0.69,0,0.8,0.69,0.36,0.76,0.91,148,0.15,0,0
Industrial Corridors,Madhya Pradesh,Indore,14.26,40,0.66,0.87,0,0.69,0.65,1.0,0.31,0.72,229,0.2,0,0
Water Resources,West Bengal,Howrah,139.12,157,0.67,0.4,1,0.99,0.58,0.23,0.15,0.51,174,0.54,1,255
Solar Parks,Madhya Pradesh,Jabalpur,44.49,88,0.37,0.74,0,0.28,0.46,0.97,0.17,0.88,155,0.28,0,0
Highways,Tamil Nadu,Salem,55.46,92,0.7,0.51,1,0.96,0.96,0.91,0.25,0.64,219,0.55,0,0
Urban Infrastructure,Uttar Pradesh,Gorakhpur,13.96,43,0.43,0.52,0,0.38,0.86,0.6,0.66,0.76,182,0.21,0,0
Solar Parks,West Bengal,Paschim Bardhaman,49.81,64,0.1,0.42,0,0.47,0.63,0.63,0.27,0.52,206,0.57,1,182
Mining,Karnataka,Bengaluru Urban,137.36,135,0.24,0.69,1,0.42,0.11,0.8,0.59,0.52,203,0.05,1,218
Water Resources,West Bengal,North 24 Parganas,26.52,32,0.85,0.48,0,0.34,0.49,0.38,0.28,0.25,145,0.61,1,312
Water Resources,Tamil Nadu,Tiruchirappalli,12.13,10,0.29,0.85,1,0.72,0.73,0.57,0.38,0.75,149,0.5,0,0
Urban Infrastructure,Rajasthan,Kota,38.37,34,0.2,0.95,0,0.63,0.21,0.91,0.85,0.27,122,0.3,0,0
Water Resources,Uttar Pradesh,Agra,14.46,36,0.68,0.93,0,0.38,0.47,0.16,0.5,0.77,197,0.4,0,0
Solar Parks,Karnataka,Dakshina Kannada,9.52,7,0.47,0.33,0,0.22,0.27,0.91,0.59,0.34,104,0.61,1,208
Urban Infrastructure,Tamil Nadu,Salem,18.4,46,0.78,0.21,0,0.39,0.4,0.76,0.22,0.39,120,0.4,1,293
Railways,Tamil Nadu,Kanchipuram,22.33,38,0.83,0.54,0,0.44,0.12,0.79,0.17,0.89,156,0.19,1,274
Industrial Corridors,Maharashtra,Pune,15.03,22,0.82,0.77,1,0.44,0.21,0.16,0.42,0.55,164,0.39,1,302
Solar Parks,Uttar Pradesh,Varanasi,95.7,68,0.37,0.96,0,0.42,0.51,0.27,0.82,0.29,186,0.57,0,0
Industrial Corridors,West Bengal,Murshidabad,150.16,196,0.53,0.81,0,0.14,0.91,0.93,0.27,0.88,158,0.64,0,0
Railways,Gujarat,Vadodara,54.3,27,0.65,0.65,1,0.52,0.54,0.21,0.61,0.54,143,0.4,1,309
Railways,Rajasthan,Udaipur,45.03,73,0.37,0.22,0,0.85,0.51,0.67,0.83,0.3,192,0.14,0,0
Industrial Corridors,Gujarat,Surat,29.56,52,0.13,0.84,0,0.26,0.81,0.8,0.89,0.49,201,0.51,0,0
Solar Parks,West Bengal,Paschim Bardhaman,16.17,37,0.52,0.34,0,0.23,0.34,0.31,0.94,0.64,83,0.65,1,207
Industrial Corridors,West Bengal,Hooghly,119.38,196,0.11,0.24,0,0.52,0.19,0.73,0.74,0.47,208,0.33,0,0
Industrial Corridors,Uttar Pradesh,Varanasi,31.49,69,0.91,0.86,1,0.43,0.29,0.16,0.12,0.89,145,0.28,1,266
Highways,West Bengal,Paschim Bardhaman,22.87,30,0.78,0.64,1,0.61,0.81,0.55,0.83,0.4,231,0.38,1,266
Solar Parks,Maharashtra,Nashik,74.57,50,0.26,0.3,0,0.95,0.71,0.4,0.85,0.33,130,0.15,0,0
Highways,Karnataka,Ballari,31.22,63,0.34,0.5,0,0.78,0.18,0.68,0.55,0.37,115,0.63,0,0
Urban Infrastructure,West Bengal,Paschim Bardhaman,72.37,72,0.94,0.27,0,0.72,0.7,0.9,0.11,0.26,189,0.55,0,0
Water Resources,Gujarat,Surat,23.86,39,0.42,0.7,1,0.47,0.94,0.21,0.48,0.54,255,0.12,1,218
Industrial Corridors,West Bengal,Hooghly,74.75,99,0.77,0.42,1,0.36,0.14,0.51,0.24,0.86,86,0.62,1,302
Urban Infrastructure,Maharashtra,Aurangabad,72.52,54,0.48,0.88,0,0.59,0.65,0.48,0.45,0.43,197,0.62,1,167
Solar Parks,Madhya Pradesh,Gwalior,95.57,59,0.83,0.48,0,0.9,0.44,0.39,0.7,0.39,185,0.24,0,0
Industrial Corridors,Madhya Pradesh,Jabalpur,18.77,25,0.7,0.59,0,0.89,0.55,0.53,0.65,0.83,158,0.42,0,0
Water Resources,Tamil Nadu,Tiruchirappalli,30.99,47,0.12,0.25,1,0.5,0.58,0.89,0.75,0.43,253,0.12,1,319
Urban Infrastructure,Rajasthan,Jaipur,157.31,228,0.35,0.41,1,0.32,0.79,0.98,0.48,0.56,73,0.1,1,219
Mining,Odisha,Cuttack,27.19,67,0.57,0.73,0,0.3,0.6,0.1,0.51,0.22,210,0.35,1,223
Railways,Karnataka,Belagavi,63.36,100,0.89,0.77,0,0.13,0.63,0.77,0.89,0.42,203,0.08,0,0
Industrial Corridors,Bihar,Darbhanga,206.94,176,0.19,0.39,0,0.86,0.4,0.65,0.62,0.3,213,0.57,1,275
Water Resources,Tamil Nadu,Salem,7.54,26,0.61,0.59,1,0.34,0.21,1.0,0.72,0.28,208,0.61,1,255
Railways,Rajasthan,Jodhpur,26.48,48,0.36,0.84,0,0.42,0.71,0.18,0.65,0.52,170,0.09,0,0
Highways,Madhya Pradesh,Gwalior,33.17,80,0.86,0.5,1,0.83,0.1,0.83,0.63,0.41,146,0.08,0,0
Urban Infrastructure,Gujarat,Ahmedabad,7.85,12,0.75,0.3,0,0.21,0.4,0.94,0.87,0.32,132,0.18,1,186
Highways,Bihar,Bhagalpur,22.99,56,0.41,0.54,1,0.52,0.3,0.92,0.37,0.58,186,0.61,1,304
Water Resources,Rajasthan,Bhilwara,15.22,30,0.24,0.67,0,0.21,0.45,0.6,0.43,0.79,159,0.51,0,0
Industrial Corridors,Rajasthan,Bhilwara,65.77,50,0.11,0.21,0,0.5,0.38,0.39,0.39,0.75,150,0.46,1,200
Railways,Tamil Nadu,Salem,8.28,15,0.63,0.47,1,0.14,0.73,0.68,0.74,0.39,135,0.52,1,245
Railways,Bihar,Darbhanga,150.12,60,0.45,0.67,0,0.57,0.33,0.38,0.83,0.4,141,0.17,0,0
Urban Infrastructure,Uttar Pradesh,Varanasi,57.51,52,0.37,0.94,0,0.82,0.6,0.47,0.37,0.75,194,0.2,0,0
Industrial Corridors,Odisha,Cuttack,14.25,27,0.94,0.52,0,0.71,0.51,0.5,0.18,0.62,160,0.24,1,219
Mining,Uttar Pradesh,Varanasi,75.27,42,0.5,0.33,1,0.56,0.82,0.37,0.49,0.76,214,0.41,1,237
Mining,Bihar,Gaya,53.39,101,0.74,0.62,0,0.85,0.49,0.41,0.94,0.2,99,0.41,0,0
Urban Infrastructure,Uttar Pradesh,Kanpur,32.1,64,0.25,0.42,1,0.31,0.88,0.11,0.23,0.27,187,0.18,1,351
Industrial Corridors,Maharashtra,Thane,18.59,36,0.11,0.37,1,0.85,0.1,0.37,0.46,0.8,114,0.31,1,226
Urban Infrastructure,Madhya Pradesh,Ujjain,51.32,72,0.45,0.66,0,0.35,0.64,0.53,0.29,0.84,214,0.46,1,199
Industrial Corridors,Maharashtra,Nagpur,36.54,68,0.67,0.91,0,0.43,0.11,0.26,0.88,0.46,215,0.24,0,0
Water Resources,West Bengal,Howrah,19.08,45,0.53,0.85,1,0.22,0.74,0.83,0.55,0.92,96,0.1,0,0
Water Resources,Uttar Pradesh,Agra,11.31,36,0.86,0.34,0,0.19,0.31,0.58,0.57,0.43,125,0.17,0,0
Highways,West Bengal,Hooghly,16.77,33,0.47,0.8,1,0.94,0.44,0.81,0.06,0.87,127,0.15,0,0
Urban Infrastructure,Gujarat,Ahmedabad,22.14,39,0.36,0.38,0,0.27,0.44,0.22,0.64,0.52,216,0.43,1,268
Industrial Corridors,Karnataka,Bengaluru Urban,83.93,61,0.88,0.43,1,0.4,0.86,0.84,0.33,0.62,133,0.09,1,232
Mining,Gujarat,Surat,65.93,130,0.45,0.92,1,0.58,0.19,0.96,0.51,0.68,191,0.58,1,286
Industrial Corridors,Bihar,Patna,23.1,52,0.33,0.91,0,0.41,0.7,0.42,0.53,0.3,130,0.1,1,168
Water Resources,Rajasthan,Jodhpur,23.83,38,0.18,0.33,0,0.88,0.98,0.36,0.58,0.23,208,0.41,0,0
Industrial Corridors,Madhya Pradesh,Ujjain,73.19,130,0.77,0.25,0,0.91,0.12,0.68,0.79,0.52,212,0.61,0,0
Urban Infrastructure,Uttar Pradesh,Varanasi,41.01,85,0.8,0.43,0,0.39,0.97,0.67,0.32,0.32,235,0.09,1,267
Highways,Tamil Nadu,Kanchipuram,40.56,57,0.13,0.65,0,0.18,0.12,0.2,0.28,0.61,152,0.28,1,198
Highways,Karnataka,Dakshina Kannada,18.86,25,0.4,0.88,1,0.29,0.86,0.93,0.77,0.54,160,0.25,0,0
Highways,Odisha,Jharsuguda,30.0,51,0.74,0.29,1,0.53,0.97,0.53,0.7,0.29,153,0.26,1,227
Highways,Odisha,Sundargarh,33.23,71,0.9,0.52,0,0.36,0.99,0.79,0.25,0.7,161,0.41,1,297
Water Resources,Odisha,Bhubaneswar,30.79,67,0.42,0.41,1,0.51,0.51,0.42,0.05,0.22,140,0.21,1,276
Solar Parks,Uttar Pradesh,Agra,59.58,126,0.84,0.21,1,0.78,0.88,0.34,0.65,0.29,207,0.07,1,450
Urban Infrastructure,Odisha,Jharsuguda,61.09,75,0.43,0.81,0,0.48,0.21,0.2,0.19,0.73,125,0.63,0,0
Railways,Maharashtra,Nagpur,15.88,32,0.25,0.83,0,0.28,0.48,0.35,0.91,0.6,153,0.5,1,153
Urban Infrastructure,Karnataka,Dakshina Kannada,22.19,61,0.1,0.37,0,0.42,0.38,0.99,0.59,0.41,168,0.13,0,0
Solar Parks,Maharashtra,Pune,19.11,10,0.38,0.32,1,0.77,0.46,0.69,0.81,0.34,182,0.32,0,0
Highways,Rajasthan,Jaipur,100.57,54,0.42,0.31,1,0.48,0.73,0.82,0.78,0.68,106,0.09,1,210
Solar Parks,Karnataka,Ballari,200.9,329,0.9,0.56,1,0.32,0.18,0.96,0.55,0.35,148,0.07,1,294
Mining,Maharashtra,Nagpur,22.85,34,0.28,0.39,1,0.48,1.0,0.17,0.44,0.94,160,0.08,0,0
Mining,Karnataka,Belagavi,28.97,22,0.42,0.6,0,0.51,0.67,0.25,0.5,0.85,196,0.5,1,175
Water Resources,Rajasthan,Bhilwara,64.97,36,0.12,0.5,0,0.37,0.89,0.94,0.77,0.3,150,0.32,0,0
Urban Infrastructure,West Bengal,Paschim Bardhaman,18.81,30,0.75,0.36,0,1.0,0.85,0.61,0.63,0.84,155,0.56,0,0
Urban Infrastructure,Uttar Pradesh,Gorakhpur,66.15,62,0.88,0.79,0,0.79,0.79,0.67,0.24,0.46,166,0.23,1,174
Railways,Uttar Pradesh,Lucknow,32.57,48,0.3,0.32,1,0.72,0.14,0.48,0.6,0.57,207,0.52,1,247
Water Resources,Odisha,Cuttack,8.21,31,0.46,0.82,1,0.87,0.56,0.83,0.41,0.31,67,0.1,0,0
Railways,Gujarat,Rajkot,11.7,32,0.2,0.64,0,0.7,0.4,0.57,0.11,0.29,164,0.43,1,174
Mining,Odisha,Bhubaneswar,25.27,49,0.49,0.85,1,0.81,0.2,0.84,0.39,0.85,212,0.27,0,0
Highways,Bihar,Bhagalpur,88.09,58,0.21,0.2,0,0.47,0.41,0.99,0.25,0.67,122,0.22,0,0
Solar Parks,Maharashtra,Pune,16.22,42,0.54,0.78,0,0.55,0.68,0.68,0.8,0.55,126,0.54,0,0
Railways,Karnataka,Belagavi,21.6,38,0.72,0.24,0,0.14,0.31,0.58,0.14,0.23,215,0.08,1,309
Industrial Corridors,Gujarat,Surat,39.21,53,0.57,0.94,0,0.35,0.5,0.43,0.37,0.89,144,0.62,0,0
Railways,Rajasthan,Kota,8.71,25,0.31,0.75,1,0.43,0.46,0.28,0.68,0.48,145,0.52,1,392
Highways,Bihar,Muzaffarpur,42.05,57,0.4,0.45,0,0.66,0.15,0.69,0.86,0.51,172,0.26,0,0
Highways,Rajasthan,Jaipur,9.63,32,0.64,0.45,0,0.52,0.67,0.16,0.35,0.42,30,0.64,1,217
Urban Infrastructure,Uttar Pradesh,Gorakhpur,52.13,87,0.6,0.87,1,0.65,0.66,0.96,0.6,0.87,78,0.17,0,0
Solar Parks,Uttar Pradesh,Gorakhpur,17.34,53,0.22,0.9,0,0.74,0.97,0.68,0.39,0.46,186,0.29,0,0
Highways,Odisha,Jharsuguda,15.59,25,0.82,0.9,1,0.14,0.37,0.96,0.23,0.33,148,0.58,1,340
Water Resources,Maharashtra,Pune,41.19,40,0.5,0.83,0,0.33,0.48,0.35,0.34,0.58,152,0.65,0,0
Railways,Gujarat,Kutch,62.5,113,0.24,0.84,0,0.25,0.46,0.95,0.62,0.79,130,0.19,0,0
Railways,Madhya Pradesh,Jabalpur,44.75,41,0.2,0.65,1,0.27,0.93,0.65,0.69,0.48,147,0.5,1,232
Mining,Bihar,Darbhanga,39.1,65,0.92,0.22,1,0.55,0.47,0.83,0.38,0.69,213,0.23,1,279
Highways,Bihar,Patna,39.55,89,0.34,0.27,1,0.77,0.5,0.26,0.19,0.43,165,0.51,1,253
Industrial Corridors,Odisha,Cuttack,44.96,95,0.87,0.71,1,0.35,0.33,0.55,0.18,0.74,207,0.13,1,248
Urban Infrastructure,Uttar Pradesh,Varanasi,47.39,60,0.45,0.51,1,0.84,0.1,0.61,0.78,0.7,153,0.25,1,221
Solar Parks,Odisha,Cuttack,24.16,26,0.43,0.64,1,0.9,0.2,0.45,0.64,0.71,160,0.09,0,0
Industrial Corridors,Karnataka,Ballari,55.9,84,0.7,0.38,1,0.42,0.73,0.33,0.71,0.68,174,0.35,1,278
Urban Infrastructure,Gujarat,Ahmedabad,17.49,56,0.11,0.71,0,0.71,0.71,0.91,0.49,0.32,183,0.47,0,0
Railways,Maharashtra,Aurangabad,79.29,98,0.39,0.39,0,0.21,0.39,0.18,0.46,0.87,121,0.28,1,216
Industrial Corridors,West Bengal,Howrah,61.93,96,0.36,0.56,0,0.77,0.53,0.24,0.24,0.64,158,0.42,1,190
Urban Infrastructure,Tamil Nadu,Salem,189.56,114,0.84,0.57,1,0.25,0.37,0.39,0.2,0.49,129,0.39,1,308
Railways,Tamil Nadu,Tiruchirappalli,49.95,72,0.55,0.34,1,0.72,0.76,0.93,0.19,0.33,227,0.23,0,0
Railways,Odisha,Bhubaneswar,68.53,105,0.41,0.88,0,0.48,0.86,0.61,0.94,0.79,82,0.34,0,0
Railways,Karnataka,Ballari,9.5,33,0.33,0.61,0,0.94,0.91,0.44,0.79,0.58,186,0.09,0,0
Railways,Gujarat,Vadodara,70.34,82,0.6,0.88,0,0.52,0.26,0.46,0.61,0.31,125,0.33,0,0
Water Resources,Madhya Pradesh,Ujjain,84.87,122,0.23,0.4,1,0.13,0.73,0.85,0.24,0.89,108,0.32,1,230
Railways,Tamil Nadu,Coimbatore,110.36,109,0.31,0.33,0,0.53,0.97,0.12,0.35,0.28,146,0.07,1,194
Mining,Gujarat,Kutch,36.47,68,0.35,0.21,0,0.82,0.69,0.11,0.37,0.59,218,0.36,0,0
Industrial Corridors,Maharashtra,Pune,25.19,61,0.62,0.27,0,0.68,0.42,0.14,0.48,0.66,131,0.49,1,219
Urban Infrastructure,Rajasthan,Udaipur,13.85,25,0.42,0.32,0,0.97,0.67,0.52,0.43,0.95,78,0.32,0,0
Mining,Karnataka,Mysuru,14.9,29,0.53,0.26,0,0.86,0.72,0.62,0.89,0.31,117,0.44,0,0
Water Resources,Uttar Pradesh,Kanpur,32.44,53,0.65,0.9,0,0.57,0.46,0.66,0.7,0.66,165,0.37,1,149
Mining,Gujarat,Vadodara,8.16,24,0.91,0.91,0,0.29,0.19,0.76,0.12,0.56,87,0.52,1,224
Highways,Maharashtra,Thane,17.91,15,0.75,0.93,1,0.1,0.65,0.27,0.37,0.39,192,0.36,1,275
Highways,Madhya Pradesh,Indore,35.57,45,0.44,0.95,1,0.98,0.82,0.34,0.17,0.91,88,0.25,0,0
Highways,West Bengal,Howrah,34.94,54,0.74,0.58,0,0.94,1.0,0.32,0.3,0.79,138,0.55,1,195
Solar Parks,Uttar Pradesh,Gorakhpur,15.25,43,0.91,0.61,1,0.35,0.3,0.23,0.91,0.78,196,0.09,1,351
Highways,West Bengal,Murshidabad,12.34,17,0.52,0.3,0,0.67,0.73,0.32,0.68,0.87,137,0.22,0,0
Urban Infrastructure,Madhya Pradesh,Gwalior,13.91,32,0.45,0.31,0,0.76,0.13,0.65,0.06,0.74,99,0.4,1,240
Mining,Maharashtra,Pune,27.75,26,0.17,0.8,0,0.62,0.97,0.43,0.35,0.58,155,0.56,0,0
Urban Infrastructure,Tamil Nadu,Kanchipuram,181.97,128,0.86,0.87,0,0.86,0.11,0.79,0.44,0.49,137,0.09,0,0
Industrial Corridors,West Bengal,Murshidabad,77.34,51,0.31,0.81,0,0.17,0.42,0.58,0.59,0.73,214,0.11,0,0
Highways,Uttar Pradesh,Varanasi,39.31,72,0.15,0.85,0,0.91,0.17,0.29,0.5,0.65,196,0.22,0,0
Water Resources,Odisha,Cuttack,51.58,58,0.56,0.42,0,0.45,0.66,0.52,0.11,0.61,182,0.26,0,0
Solar Parks,Bihar,Bhagalpur,74.64,112,0.82,0.56,0,0.53,0.41,0.63,0.51,0.64,160,0.56,1,233
Industrial Corridors,Gujarat,Kutch,56.85,69,0.45,0.56,0,0.5,0.76,0.88,0.17,0.69,150,0.63,0,0
Water Resources,Tamil Nadu,Tiruchirappalli,25.88,59,0.77,0.98,1,0.58,0.54,0.85,0.52,0.93,149,0.06,0,0
Solar Parks,West Bengal,Paschim Bardhaman,16.84,41,0.81,0.94,1,0.64,0.48,0.48,0.27,0.76,83,0.06,1,358
Industrial Corridors,Rajasthan,Jodhpur,29.96,43,0.49,0.67,0,0.74,0.41,0.68,0.18,0.33,160,0.57,0,0
Mining,Gujarat,Ahmedabad,73.95,122,0.6,0.31,1,0.57,0.18,0.37,0.31,0.55,124,0.13,1,252
Urban Infrastructure,Odisha,Cuttack,26.67,44,0.55,0.4,0,0.72,0.28,0.67,0.14,0.71,156,0.25,1,178
Railways,Madhya Pradesh,Gwalior,13.68,36,0.9,0.48,0,0.4,0.68,0.92,0.31,0.33,162,0.22,1,190
Urban Infrastructure,Bihar,Darbhanga,8.34,15,0.72,0.88,1,0.94,0.55,0.66,0.83,0.9,138,0.22,1,183
Highways,Maharashtra,Pune,30.06,15,0.89,0.33,0,0.16,0.16,0.37,0.33,0.26,201,0.25,1,285
Water Resources,Odisha,Cuttack,14.58,21,0.29,0.37,0,0.59,0.59,0.68,0.47,0.66,111,0.25,0,0
Railways,Odisha,Jharsuguda,23.35,27,0.36,0.47,0,0.18,0.15,0.91,0.52,0.93,137,0.42,1,193
Solar Parks,Madhya Pradesh,Indore,106.16,122,0.16,0.92,0,0.5,0.56,0.22,0.21,0.75,145,0.43,1,184
Mining,Karnataka,Dakshina Kannada,31.72,39,0.52,0.59,0,0.33,0.97,0.53,0.45,0.71,211,0.36,0,0
Mining,Madhya Pradesh,Indore,18.17,32,0.84,0.7,1,0.94,0.38,0.39,0.82,0.95,161,0.57,1,204
Solar Parks,Karnataka,Mysuru,42.39,55,0.38,0.5,0,0.11,0.75,0.32,0.12,0.79,159,0.56,1,201
Highways,Karnataka,Mysuru,153.97,62,0.21,0.35,1,0.45,0.77,0.46,0.88,0.93,199,0.18,0,0
Solar Parks,Tamil Nadu,Madurai,30.07,63,0.16,0.37,0,0.8,0.46,0.45,0.83,0.72,136,0.38,0,0
Industrial Corridors,Tamil Nadu,Tiruchirappalli,5.03,26,0.48,0.83,1,0.27,0.63,0.29,0.82,0.7,199,0.52,0,0
Water Resources,Uttar Pradesh,Kanpur,55.7,108,0.24,0.9,0,0.83,0.52,0.46,0.23,0.77,177,0.57,1,161
Water Resources,West Bengal,Paschim Bardhaman,43.69,57,0.39,0.58,1,0.87,0.36,0.67,0.49,0.34,215,0.2,1,211
Highways,West Bengal,Howrah,35.59,66,0.8,0.48,0,0.74,0.78,0.12,0.6,0.8,142,0.35,0,0
Railways,Maharashtra,Aurangabad,27.79,58,0.43,0.83,1,0.29,0.73,0.99,0.14,0.93,146,0.37,0,0
Solar Parks,West Bengal,Murshidabad,17.36,56,0.62,0.73,0,0.34,0.91,0.37,0.55,0.66,166,0.47,1,178
Highways,Tamil Nadu,Kanchipuram,111.27,185,0.53,0.23,0,0.25,0.66,0.66,0.81,0.21,157,0.25,0,0
Water Resources,Uttar Pradesh,Agra,7.61,10,0.71,0.47,1,0.27,0.45,0.36,0.89,0.25,194,0.23,1,286
Railways,Uttar Pradesh,Lucknow,25.86,53,0.23,0.73,0,0.13,0.74,0.45,0.3,0.38,150,0.47,0,0
Solar Parks,Karnataka,Dakshina Kannada,25.38,59,0.88,0.65,0,0.87,0.66,0.59,0.31,0.57,112,0.29,1,208
Mining,Madhya Pradesh,Bhopal,65.55,52,0.65,0.96,1,0.58,0.65,0.65,0.29,0.51,220,0.05,1,219
Solar Parks,Maharashtra,Nagpur,88.99,126,0.33,0.88,1,0.39,0.86,0.79,0.19,0.93,246,0.61,1,211
Urban Infrastructure,Karnataka,Bengaluru Urban,27.62,64,0.2,0.25,1,0.36,0.92,0.81,0.44,0.91,89,0.14,1,239
Solar Parks,Madhya Pradesh,Ujjain,38.64,71,0.23,0.77,0,0.59,0.26,0.57,0.76,0.49,181,0.14,0,0
Urban Infrastructure,West Bengal,Paschim Bardhaman,41.36,54,0.77,0.46,1,0.39,0.38,0.17,0.69,0.8,193,0.54,1,327
Railways,Karnataka,Dakshina Kannada,76.91,112,0.6,0.73,1,0.88,0.69,0.6,0.86,0.68,170,0.25,0,0
Solar Parks,Gujarat,Surat,75.66,144,0.42,0.68,0,0.29,0.6,0.53,0.37,0.38,230,0.25,1,187
Railways,West Bengal,Murshidabad,21.53,54,0.38,0.59,1,0.89,0.69,0.29,0.56,0.9,99,0.42,1,261
Railways,Madhya Pradesh,Jabalpur,47.01,80,0.83,0.87,1,0.7,0.49,0.11,0.74,0.39,134,0.09,0,0
Water Resources,Maharashtra,Aurangabad,45.0,91,0.84,0.75,0,0.96,0.47,0.38,0.86,0.85,164,0.19,1,246
Highways,Madhya Pradesh,Ujjain,30.18,46,0.59,0.89,0,0.11,0.21,0.33,0.83,0.68,201,0.08,0,0
Railways,Karnataka,Bengaluru Urban,44.66,62,0.55,0.42,1,0.15,0.66,0.53,0.47,0.67,214,0.22,0,0
Railways,Karnataka,Belagavi,33.65,33,0.79,0.47,1,0.55,0.26,0.79,0.87,0.83,105,0.57,1,222
Water Resources,Odisha,Cuttack,37.57,48,0.74,0.69,0,0.92,0.7,0.5,0.45,0.57,80,0.6,1,175
Water Resources,Maharashtra,Pune,11.19,26,0.44,0.95,1,0.76,0.97,0.96,0.86,0.84,195,0.24,1,145
Solar Parks,Rajasthan,Kota,15.89,8,0.17,0.49,0,0.66,0.33,0.3,0.75,0.61,165,0.16,0,0
Water Resources,West Bengal,Paschim Bardhaman,63.7,46,0.75,0.23,0,0.13,0.23,0.3,0.25,0.94,167,0.13,1,218
Solar Parks,Uttar Pradesh,Agra,12.57,21,0.24,0.55,0,0.42,0.12,0.64,0.89,0.69,196,0.29,0,0
Mining,Maharashtra,Aurangabad,48.24,93,0.11,0.62,0,0.41,0.44,0.91,0.27,0.48,123,0.55,0,0
Water Resources,Uttar Pradesh,Agra,31.03,25,0.82,0.82,0,0.59,0.29,0.7,0.87,0.77,149,0.56,0,0
Highways,Maharashtra,Pune,75.53,60,0.59,0.77,0,0.33,0.54,0.71,0.6,0.58,183,0.08,0,0
Railways,Maharashtra,Pune,55.65,30,0.86,0.95,0,0.34,0.57,0.83,0.65,0.8,117,0.18,0,0
Highways,Madhya Pradesh,Gwalior,23.04,38,0.51,0.81,0,0.66,0.41,0.7,0.15,0.83,135,0.17,1,174
Urban Infrastructure,Maharashtra,Pune,27.7,15,0.89,0.43,1,0.95,0.77,0.78,0.11,0.66,164,0.55,0,0
Water Resources,Odisha,Jharsuguda,6.76,32,0.4,0.7,0,0.69,0.91,0.88,0.92,0.85,183,0.32,0,0
Railways,Rajasthan,Kota,29.83,38,0.72,0.72,1,0.7,0.29,0.11,0.35,0.5,94,0.27,1,234
Highways,Karnataka,Belagavi,11.99,35,0.36,0.98,0,0.99,0.85,0.9,0.81,0.24,190,0.62,0,0
Water Resources,Bihar,Muzaffarpur,27.8,62,0.1,0.31,0,0.24,0.22,0.29,0.68,0.7,179,0.61,1,201
Water Resources,Uttar Pradesh,Varanasi,19.88,39,0.42,0.35,0,0.13,0.31,0.92,0.59,0.77,122,0.31,1,196
Mining,Karnataka,Bengaluru Urban,16.42,28,0.73,0.32,0,0.77,0.61,0.34,0.67,0.25,261,0.13,0,0
Mining,Bihar,Bhagalpur,85.64,111,0.23,0.66,0,0.49,0.38,0.51,0.13,0.78,117,0.15,1,191
Railways,Rajasthan,Jaipur,11.93,35,0.53,0.31,1,0.49,0.14,0.94,0.42,0.68,193,0.12,1,312
Urban Infrastructure,Rajasthan,Bhilwara,15.33,29,0.28,0.71,0,0.3,0.37,0.2,0.6,0.29,172,0.46,1,262
Mining,Uttar Pradesh,Lucknow,18.94,39,0.16,0.83,0,0.56,0.91,0.77,0.83,0.6,141,0.38,0,0
Mining,Uttar Pradesh,Lucknow,22.54,25,0.62,0.54,0,0.5,0.26,0.45,0.69,0.28,164,0.38,1,214
Urban Infrastructure,Rajasthan,Udaipur,16.42,38,0.91,0.64,0,0.41,0.79,0.12,0.28,0.44,184,0.11,0,0
Highways,Bihar,Bhagalpur,24.85,29,0.36,0.91,1,0.5,0.75,0.95,0.94,0.8,288,0.53,0,0
Mining,Maharashtra,Pune,42.17,58,0.59,0.64,0,0.45,0.2,0.21,0.63,0.28,94,0.37,0,0
Solar Parks,West Bengal,Howrah,56.59,65,0.91,0.36,0,0.95,0.4,0.8,0.5,0.54,38,0.1,0,0
Industrial Corridors,Gujarat,Surat,54.44,63,0.65,0.47,1,0.98,0.27,0.45,0.75,0.65,114,0.5,0,0
Industrial Corridors,Karnataka,Belagavi,7.2,36,0.67,0.61,0,0.86,0.12,0.83,0.59,0.91,158,0.64,0,0
Mining,Madhya Pradesh,Jabalpur,44.89,72,0.25,0.32,0,0.99,0.26,0.78,0.69,0.75,189,0.31,0,0
Highways,Karnataka,Belagavi,47.16,90,0.52,0.68,1,0.34,0.28,0.67,0.61,0.3,164,0.12,1,240
Water Resources,Madhya Pradesh,Indore,19.49,42,0.41,0.98,0,0.86,0.25,0.95,0.21,0.93,153,0.11,0,0
Highways,Bihar,Patna,125.73,71,0.5,0.71,1,0.47,0.18,0.19,0.54,0.56,229,0.07,1,292
Railways,Madhya Pradesh,Bhopal,79.05,100,0.78,0.49,1,0.77,0.57,0.82,0.3,0.48,124,0.51,1,260
Solar Parks,Uttar Pradesh,Gorakhpur,28.6,65,0.49,0.46,0,0.28,0.39,0.7,0.56,0.3,234,0.47,0,0
Highways,West Bengal,Murshidabad,20.56,42,0.15,0.93,0,0.83,0.92,0.38,0.16,0.9,187,0.4,1,124
Urban Infrastructure,West Bengal,Murshidabad,124.11,194,0.87,0.88,1,0.18,0.27,0.59,0.26,0.64,227,0.51,1,260
Solar Parks,Uttar Pradesh,Varanasi,32.62,44,0.56,0.57,0,0.34,0.64,0.68,0.78,0.94,117,0.65,0,0
Industrial Corridors,Odisha,Angul,35.45,19,0.89,0.48,1,0.84,0.91,0.76,0.41,0.33,144,0.29,0,0
Solar Parks,Bihar,Darbhanga,35.09,34,0.59,0.75,0,0.77,0.14,0.27,0.66,0.61,94,0.47,1,171
Urban Infrastructure,Odisha,Bhubaneswar,209.03,336,0.16,0.45,0,0.55,0.56,0.19,0.5,0.28,173,0.28,0,0
Mining,Odisha,Jharsuguda,27.85,42,0.57,0.29,0,0.71,0.51,0.19,0.36,0.59,174,0.26,0,0
Urban Infrastructure,Karnataka,Bengaluru Urban,32.5,70,0.59,0.44,1,0.27,0.94,0.36,0.5,0.87,250,0.56,1,255
Urban Infrastructure,Rajasthan,Udaipur,17.03,26,0.28,0.54,0,0.7,0.7,0.24,0.78,0.28,163,0.39,0,0
Mining,Karnataka,Belagavi,24.25,37,0.5,0.4,1,0.11,0.41,0.58,0.3,0.4,91,0.12,1,312
Mining,Rajasthan,Udaipur,14.51,11,0.49,0.37,0,0.85,0.74,0.49,0.43,0.71,202,0.29,0,0
Mining,Gujarat,Ahmedabad,17.31,32,0.63,0.2,1,0.56,0.62,0.9,0.23,0.26,118,0.53,1,288
Mining,Madhya Pradesh,Ujjain,7.78,17,0.32,0.69,0,0.95,0.41,0.75,0.37,0.54,102,0.61,1,163
Mining,Rajasthan,Udaipur,67.04,55,0.59,0.68,0,0.53,0.81,0.29,0.85,0.45,191,0.42,0,0
Urban Infrastructure,Uttar Pradesh,Varanasi,37.54,58,0.3,0.35,1,0.49,0.7,0.14,0.76,0.83,125,0.29,1,228
Railways,Karnataka,Belagavi,40.1,82,0.48,0.94,0,0.51,0.1,0.74,0.39,0.24,133,0.2,0,0
Railways,Bihar,Bhagalpur,31.75,40,0.2,0.52,1,0.42,0.88,0.86,0.17,0.85,223,0.3,1,227
Highways,Madhya Pradesh,Jabalpur,35.07,38,0.13,0.22,0,0.25,0.46,0.73,0.43,0.73,183,0.39,1,173
Railways,Gujarat,Ahmedabad,120.94,65,0.37,0.37,0,0.86,0.68,0.68,0.74,0.42,186,0.05,1,157
Industrial Corridors,Rajasthan,Udaipur,17.9,45,0.33,0.74,0,0.45,0.46,0.32,0.09,0.35,98,0.21,1,246
Railways,Gujarat,Rajkot,41.38,54,0.45,0.36,1,0.58,0.89,0.55,0.72,0.91,191,0.45,1,237
Urban Infrastructure,Bihar,Gaya,41.2,57,0.92,0.24,1,0.12,0.69,0.75,0.66,0.62,147,0.45,1,385
Mining,Odisha,Angul,82.57,154,0.54,0.68,1,0.15,0.62,0.27,0.11,0.46,140,0.44,1,270
Mining,West Bengal,Howrah,47.04,64,0.57,0.6,1,0.64,0.98,0.53,0.62,0.23,178,0.62,1,224
Water Resources,Bihar,Bhagalpur,48.97,76,0.9,0.79,1,0.89,0.35,0.21,0.32,0.32,160,0.39,1,296
Water Resources,Tamil Nadu,Salem,12.1,35,0.88,0.8,0,0.54,0.16,0.58,0.21,0.65,94,0.21,1,178
Water Resources,Bihar,Gaya,17.34,50,0.85,0.95,0,0.25,0.56,0.62,0.4,0.58,202,0.54,0,0
Urban Infrastructure,Gujarat,Ahmedabad,13.02,35,0.18,0.24,0,0.2,0.48,0.58,0.23,0.77,207,0.28,0,0
Industrial Corridors,Uttar Pradesh,Kanpur,4.57,27,0.64,0.23,0,0.91,0.51,0.52,0.79,0.83,133,0.19,0,0
Railways,Karnataka,Ballari,45.5,65,0.79,0.97,0,0.73,0.66,0.63,0.72,0.5,187,0.38,0,0
Urban Infrastructure,Uttar Pradesh,Varanasi,26.86,47,0.81,0.7,0,0.97,0.65,1.0,0.93,0.28,201,0.22,0,0
Highways,Gujarat,Kutch,45.57,71,0.59,0.76,0,0.17,0.45,0.66,0.53,0.79,75,0.29,0,0
Mining,Karnataka,Ballari,34.07,49,0.11,0.28,0,0.91,0.88,0.78,0.13,0.62,136,0.47,0,0
Water Resources,Tamil Nadu,Coimbatore,40.14,75,0.93,0.25,0,0.86,0.69,0.27,0.38,0.93,62,0.65,1,385
Solar Parks,West Bengal,North 24 Parganas,96.59,170,0.5,0.32,0,0.9,0.9,0.58,0.8,0.8,188,0.44,0,0
Highways,Madhya Pradesh,Indore,33.31,42,0.43,0.53,0,0.11,0.92,0.11,0.41,0.45,180,0.22,0,0
Water Resources,Gujarat,Rajkot,56.55,47,0.44,0.29,0,0.77,0.25,0.13,0.46,0.52,130,0.1,1,193
Industrial Corridors,Rajasthan,Kota,26.0,36,0.46,0.55,0,0.59,0.71,0.39,0.42,0.38,153,0.27,1,196
Highways,Gujarat,Vadodara,64.06,92,0.31,0.64,0,0.62,0.39,0.52,0.26,0.58,143,0.06,1,252
Urban Infrastructure,Gujarat,Surat,12.28,20,0.38,0.2,0,0.52,0.85,0.62,0.12,0.73,68,0.33,0,0
Railways,Karnataka,Ballari,7.61,22,0.94,0.29,1,0.77,0.76,0.9,0.21,0.66,218,0.45,1,248
Mining,Maharashtra,Nashik,178.63,96,0.41,0.49,0,1.0,0.28,0.79,0.38,0.46,171,0.36,1,174
Industrial Corridors,Bihar,Muzaffarpur,143.89,133,0.55,0.24,0,0.74,0.94,0.37,0.27,0.82,153,0.57,0,0
Industrial Corridors,Maharashtra,Thane,6.98,27,0.82,0.3,1,0.71,0.72,0.77,0.57,0.28,153,0.35,1,240
Solar Parks,Tamil Nadu,Kanchipuram,32.17,37,0.55,0.38,0,0.69,0.95,0.59,0.6,0.31,191,0.33,0,0
Highways,Rajasthan,Jodhpur,37.34,51,0.38,0.54,0,0.73,0.28,0.8,0.56,0.5,88,0.24,0,0
Solar Parks,West Bengal,Paschim Bardhaman,59.05,37,0.55,0.76,1,0.41,0.88,0.47,0.13,0.73,120,0.55,1,226
Railways,Odisha,Jharsuguda,133.14,79,0.2,0.3,0,0.39,0.7,0.18,0.65,0.72,169,0.59,0,0
Water Resources,Tamil Nadu,Salem,14.17,39,0.21,0.78,0,0.81,0.6,0.66,0.4,0.47,210,0.64,0,0
Railways,Odisha,Sundargarh,14.79,39,0.69,0.87,0,0.15,0.84,0.6,0.84,0.72,51,0.64,0,0
Water Resources,Odisha,Cuttack,33.08,27,0.88,0.71,0,0.78,0.67,0.96,0.52,0.25,204,0.64,1,190
Solar Parks,West Bengal,Hooghly,15.32,25,0.72,0.23,0,0.83,0.7,0.25,0.13,0.42,128,0.48,1,277
Mining,Uttar Pradesh,Kanpur,3.78,5,0.16,0.54,0,0.57,0.33,0.69,0.06,0.72,147,0.39,0,0
Railways,Maharashtra,Pune,27.61,33,0.44,0.71,0,0.92,0.84,0.53,0.68,0.34,161,0.15,1,151
Solar Parks,Gujarat,Rajkot,65.76,48,0.1,0.96,0,0.53,0.69,0.44,0.41,0.36,110,0.51,0,0
Highways,Madhya Pradesh,Ujjain,32.58,26,0.53,0.94,1,0.26,0.86,0.82,0.31,0.27,104,0.49,1,215
Solar Parks,Odisha,Jharsuguda,54.56,32,0.26,0.51,0,0.43,0.42,0.83,0.45,0.47,169,0.56,0,0
Solar Parks,Rajasthan,Jodhpur,48.66,73,0.84,0.68,0,0.92,0.4,0.74,0.12,0.82,245,0.33,0,0
Urban Infrastructure,Tamil Nadu,Madurai,14.56,47,0.19,0.89,0,0.99,0.12,0.18,0.4,0.83,117,0.59,0,0
Railways,Uttar Pradesh,Varanasi,34.97,56,0.1,0.85,1,0.48,0.79,0.41,0.33,0.85,117,0.48,0,0
Mining,Odisha,Sundargarh,9.78,34,0.48,0.57,1,0.25,0.4,0.14,0.77,0.23,104,0.15,1,235
Mining,Uttar Pradesh,Lucknow,21.99,43,0.23,0.4,0,0.36,0.39,0.41,0.21,0.95,149,0.17,0,0
Urban Infrastructure,Uttar Pradesh,Varanasi,34.48,53,0.73,0.31,0,0.6,0.72,0.68,0.73,0.58,115,0.54,1,247
Water Resources,Odisha,Cuttack,33.08,35,0.88,0.58,0,0.61,0.33,0.57,0.5,0.85,116,0.31,0,0
Industrial Corridors,Karnataka,Mysuru,11.79,30,0.14,0.76,0,0.67,0.92,0.73,0.12,0.88,169,0.2,0,0
Water Resources,Bihar,Muzaffarpur,13.86,23,0.44,0.96,1,0.85,0.58,0.6,0.92,0.59,94,0.3,0,0
Mining,Rajasthan,Udaipur,41.79,85,0.95,0.87,0,0.74,0.97,0.6,0.71,0.24,233,0.15,0,0
Solar Parks,Gujarat,Kutch,64.19,63,0.72,0.36,0,0.33,0.17,0.56,0.28,0.65,107,0.59,0,0
Urban Infrastructure,Gujarat,Vadodara,28.06,55,0.91,0.76,0,0.46,0.4,0.43,0.57,0.45,210,0.09,1,230
Highways,Rajasthan,Jodhpur,26.96,51,0.24,0.43,0,0.86,0.44,0.5,0.86,0.36,248,0.26,0,0
Railways,Karnataka,Belagavi,69.76,77,0.29,0.73,0,0.67,0.76,0.2,0.89,0.34,213,0.38,1,150
Railways,Gujarat,Ahmedabad,17.86,21,0.23,0.72,1,0.25,0.29,0.85,0.71,0.62,208,0.57,1,257
Railways,Uttar Pradesh,Kanpur,131.84,189,0.36,0.41,0,0.39,0.44,0.9,0.7,0.28,195,0.52,1,203
Solar Parks,West Bengal,Hooghly,11.29,41,0.72,0.38,0,0.81,0.92,0.79,0.3,0.82,169,0.06,0,0
Highways,Tamil Nadu,Kanchipuram,76.62,128,0.24,0.28,0,0.25,0.2,0.63,0.94,0.37,213,0.55,1,236
Urban Infrastructure,Maharashtra,Aurangabad,50.97,47,0.55,0.24,0,0.72,0.77,0.61,0.27,0.61,148,0.43,0,0
Urban Infrastructure,Gujarat,Rajkot,227.72,127,0.33,0.87,0,0.61,0.73,0.52,0.13,0.29,198,0.13,1,181
Railways,Rajasthan,Jodhpur,13.51,22,0.8,0.24,1,0.23,0.22,0.31,0.93,0.84,209,0.42,1,251
Highways,West Bengal,Paschim Bardhaman,5.12,29,0.11,0.27,0,0.72,0.72,0.45,0.19,0.72,182,0.54,1,181
Highways,Odisha,Sundargarh,89.98,107,0.29,0.39,1,0.23,0.61,0.99,0.52,0.35,147,0.41,1,221
Highways,Bihar,Bhagalpur,10.21,37,0.61,0.89,0,0.46,0.36,0.23,0.47,0.74,181,0.65,0,0
Mining,Rajasthan,Kota,54.2,78,0.18,0.46,0,0.38,0.38,0.59,0.81,0.26,143,0.35,1,177
Mining,Uttar Pradesh,Agra,85.26,88,0.5,0.35,0,0.72,0.85,0.88,0.41,0.78,135,0.45,0,0
Railways,Bihar,Patna,44.87,22,0.47,0.76,0,0.8,0.31,0.51,0.5,0.57,195,0.09,1,150
Highways,Tamil Nadu,Kanchipuram,39.87,19,0.82,0.45,1,0.25,0.56,0.65,0.09,0.29,166,0.54,1,271
Industrial Corridors,Tamil Nadu,Coimbatore,45.64,85,0.63,0.46,1,0.83,0.71,0.85,0.24,0.61,194,0.42,1,301
Highways,Karnataka,Belagavi,64.71,130,0.64,0.78,0,0.11,0.22,0.59,0.8,0.35,166,0.39,0,0
Urban Infrastructure,Madhya Pradesh,Bhopal,52.97,81,0.91,0.4,0,0.58,0.94,0.76,0.48,0.7,182,0.48,1,206
Urban Infrastructure,Karnataka,Dakshina Kannada,12.51,40,0.94,0.9,0,0.57,0.33,0.41,0.26,0.73,222,0.39,0,0
Railways,West Bengal,North 24 Parganas,142.59,55,0.66,0.64,1,0.66,0.39,0.76,0.38,0.77,152,0.51,1,231
Industrial Corridors,Bihar,Bhagalpur,34.5,66,0.54,0.62,0,0.32,0.7,0.14,0.31,0.87,141,0.4,1,248
Highways,Madhya Pradesh,Indore,50.13,92,0.62,0.41,0,0.11,0.17,0.24,0.55,0.69,179,0.36,1,216
Water Resources,Odisha,Cuttack,58.49,68,0.43,0.85,0,0.51,0.66,0.67,0.1,0.57,43,0.13,1,146
Industrial Corridors,Uttar Pradesh,Gorakhpur,83.49,57,0.94,0.65,1,0.16,0.92,0.5,0.25,0.84,191,0.33,0,0
Railways,Bihar,Darbhanga,76.84,91,0.7,0.32,0,0.9,0.32,0.85,0.37,0.87,121,0.37,0,0
Urban Infrastructure,Karnataka,Bengaluru Urban,36.8,63,0.35,0.36,1,0.26,0.43,0.41,0.89,0.79,235,0.42,1,249
Water Resources,Maharashtra,Thane,34.95,58,0.15,0.57,0,0.48,0.31,0.79,0.61,0.91,195,0.32,0,0
Urban Infrastructure,Madhya Pradesh,Ujjain,45.92,82,0.14,0.81,0,0.49,0.84,0.23,0.5,0.93,201,0.14,0,0
Mining,Madhya Pradesh,Bhopal,79.84,50,0.27,0.93,0,0.6,0.25,0.94,0.22,0.39,202,0.14,1,154
Railways,Uttar Pradesh,Varanasi,13.6,32,0.3,0.72,0,0.8,0.41,0.48,0.55,0.34,139,0.48,0,0
Railways,Gujarat,Rajkot,55.44,33,0.45,0.59,1,0.52,0.64,0.31,0.89,0.54,148,0.45,1,216
Highways,Tamil Nadu,Kanchipuram,16.3,43,0.28,0.4,0,0.12,0.46,0.81,0.56,0.95,83,0.21,0,0
Highways,Tamil Nadu,Tiruchirappalli,145.62,184,0.64,0.72,1,0.79,0.16,0.95,0.2,0.27,227,0.32,1,359
Mining,Maharashtra,Pune,44.43,91,0.28,0.97,0,0.17,0.95,0.93,0.95,0.73,102,0.23,0,0
Water Resources,West Bengal,Paschim Bardhaman,23.74,14,0.26,0.57,1,0.68,0.4,0.31,0.5,0.84,159,0.16,1,243
Solar Parks,West Bengal,Murshidabad,46.66,89,0.5,0.33,1,0.82,0.5,0.7,0.34,0.95,215,0.25,1,303
Industrial Corridors,Odisha,Jharsuguda,33.36,80,0.86,0.28,1,0.35,0.25,0.59,0.5,0.66,229,0.21,0,0
Solar Parks,Bihar,Muzaffarpur,29.13,21,0.5,0.41,0,0.5,0.88,0.75,0.29,0.49,148,0.1,0,0
Solar Parks,Rajasthan,Kota,7.79,23,0.45,0.64,0,0.11,0.36,0.54,0.08,0.32,83,0.35,1,213
Railways,Gujarat,Rajkot,14.59,12,0.59,0.94,0,0.82,0.12,0.52,0.85,0.94,170,0.32,0,0
Industrial Corridors,Karnataka,Belagavi,29.6,29,0.32,0.43,0,0.73,0.38,0.89,0.44,0.89,174,0.48,0,0
Railways,Rajasthan,Jodhpur,8.58,6,0.4,0.44,0,0.31,0.99,0.88,0.73,0.8,179,0.42,1,220
Industrial Corridors,Rajasthan,Bhilwara,20.7,37,0.28,0.58,0,0.45,0.23,0.81,0.92,0.91,146,0.26,0,0
Urban Infrastructure,Madhya Pradesh,Gwalior,22.2,50,0.59,0.92,0,0.73,0.13,0.73,0.62,0.25,153,0.35,1,165
Railways,Maharashtra,Nashik,17.75,14,0.69,0.53,1,0.42,0.62,0.71,0.67,0.67,128,0.37,1,213
Railways,Tamil Nadu,Madurai,61.43,96,0.67,0.37,0,0.25,0.43,0.15,0.9,0.41,167,0.6,1,226
Railways,Odisha,Sundargarh,16.38,34,0.32,0.33,0,0.57,0.82,0.77,0.51,0.77,196,0.64,1,240
Water Resources,West Bengal,Paschim Bardhaman,35.54,66,0.76,0.56,1,0.75,0.76,0.67,0.34,0.27,171,0.54,1,271
Mining,Maharashtra,Pune,24.96,42,0.32,0.82,1,0.39,0.27,0.37,0.88,0.39,158,0.39,1,450
Railways,Madhya Pradesh,Gwalior,30.11,46,0.23,0.43,1,0.21,0.61,0.84,0.11,0.84,210,0.61,1,325
Highways,Karnataka,Bengaluru Urban,119.72,172,0.4,0.6,0,0.85,0.13,0.85,0.24,0.76,171,0.16,0,0
Highways,Odisha,Bhubaneswar,38.23,24,0.61,0.67,1,0.33,0.5,0.94,0.36,0.94,161,0.47,1,212
Industrial Corridors,Madhya Pradesh,Ujjain,44.63,68,0.22,0.55,0,0.56,0.74,0.48,0.75,0.68,163,0.33,0,0
Urban Infrastructure,Tamil Nadu,Tiruchirappalli,17.95,45,0.65,0.35,1,0.72,0.47,0.6,0.86,0.43,105,0.14,1,248
Mining,Tamil Nadu,Coimbatore,54.65,59,0.83,0.92,1,0.39,0.21,0.92,0.46,0.61,110,0.1,1,307
Water Resources,Tamil Nadu,Tiruchirappalli,52.84,117,0.35,0.64,1,0.68,0.16,0.39,0.31,0.91,154,0.34,1,240
Industrial Corridors,Maharashtra,Aurangabad,48.92,30,0.48,0.77,1,0.51,0.87,0.82,0.37,0.69,126,0.19,0,0
Highways,Maharashtra,Aurangabad,12.59,33,0.29,0.7,1,0.61,0.9,0.99,0.64,0.86,157,0.2,1,192
Mining,West Bengal,Howrah,20.73,30,0.41,0.98,0,0.63,0.41,0.69,0.19,0.22,198,0.24,1,163
Mining,West Bengal,Murshidabad,104.26,42,0.12,0.56,0,0.84,0.25,0.99,0.54,0.48,191,0.48,1,205
Urban Infrastructure,Karnataka,Dakshina Kannada,19.1,40,0.91,0.53,0,0.69,0.98,0.56,0.58,0.9,177,0.15,1,170
Mining,Odisha,Angul,116.28,185,0.45,0.48,1,0.34,0.59,0.24,0.69,0.23,198,0.48,1,248
Railways,Uttar Pradesh,Lucknow,21.39,49,0.77,0.48,0,0.15,0.53,0.26,0.59,0.59,206,0.52,1,271
Mining,Uttar Pradesh,Kanpur,37.28,51,0.22,0.42,0,0.1,0.77,0.76,0.14,0.46,204,0.41,1,239
Urban Infrastructure,Madhya Pradesh,Bhopal,28.51,29,0.79,0.96,1,0.91,0.25,0.1,0.67,0.68,203,0.2,1,233
Industrial Corridors,Tamil Nadu,Kanchipuram,16.85,45,0.83,0.88,0,0.95,0.62,0.7,0.07,0.32,106,0.08,0,0
Urban Infrastructure,Odisha,Cuttack,17.04,46,0.71,0.45,1,0.18,0.9,0.24,0.4,0.69,74,0.29,1,250
Water Resources,Rajasthan,Udaipur,18.85,50,0.87,0.44,0,0.54,0.12,0.99,0.43,0.94,124,0.56,1,199
Urban Infrastructure,Maharashtra,Nashik,37.28,30,0.24,0.28,0,0.24,0.71,0.25,0.15,0.4,139,0.11,1,196
Highways,Bihar,Bhagalpur,67.51,92,0.51,0.88,0,0.95,0.6,0.6,0.06,0.55,201,0.5,1,163
Railways,Gujarat,Rajkot,35.39,76,0.63,0.49,0,0.32,0.96,0.7,0.11,0.22,155,0.33,0,0
Highways,Karnataka,Ballari,32.24,63,0.61,0.65,1,0.55,0.33,0.84,0.45,0.53,138,0.59,1,242
Industrial Corridors,Tamil Nadu,Coimbatore,87.21,123,0.83,0.9,0,0.25,0.87,0.51,0.27,0.5,167,0.26,1,240
Solar Parks,Tamil Nadu,Tiruchirappalli,34.23,33,0.28,0.52,0,0.4,0.38,0.94,0.11,0.62,184,0.47,0,0
Industrial Corridors,Tamil Nadu,Madurai,21.45,28,0.25,0.83,0,0.34,0.49,0.53,0.28,0.39,194,0.49,1,172
Railways,Maharashtra,Aurangabad,14.91,32,0.32,0.54,0,0.53,0.29,0.33,0.53,0.45,141,0.17,0,0
Mining,Maharashtra,Aurangabad,91.5,113,0.86,0.75,0,0.48,0.88,0.63,0.72,0.66,116,0.14,1,142
Urban Infrastructure,Gujarat,Rajkot,25.44,52,0.9,0.54,0,0.4,0.28,0.69,0.42,0.88,124,0.11,1,196
Solar Parks,Rajasthan,Jodhpur,20.85,34,0.58,0.51,0,0.2,0.87,0.56,0.6,0.38,165,0.47,1,264
Railways,Odisha,Jharsuguda,19.45,34,0.53,0.97,1,0.54,0.51,0.76,0.59,0.71,112,0.38,0,0
Highways,Tamil Nadu,Coimbatore,87.47,81,0.61,0.68,1,0.87,0.85,0.48,0.86,0.59,202,0.1,1,205
Urban Infrastructure,Uttar Pradesh,Gorakhpur,20.94,37,0.62,0.49,1,0.76,0.34,0.1,0.21,0.28,113,0.24,1,250
Industrial Corridors,West Bengal,Paschim Bardhaman,73.14,66,0.24,0.4,0,0.75,0.22,0.34,0.48,0.62,89,0.14,0,0
Highways,Uttar Pradesh,Agra,27.54,33,0.68,0.23,1,0.43,0.6,0.95,0.62,0.73,166,0.11,1,212
Railways,Madhya Pradesh,Indore,12.59,25,0.48,0.75,0,0.74,0.56,0.79,0.52,0.65,147,0.23,0,0
Railways,Uttar Pradesh,Agra,25.38,44,0.54,0.49,1,0.52,0.42,0.27,0.46,0.28,181,0.11,1,239
Industrial Corridors,Madhya Pradesh,Indore,32.26,43,0.13,0.84,0,0.24,0.7,0.16,0.93,0.84,137,0.21,1,139
Solar Parks,Bihar,Darbhanga,30.2,31,0.75,0.48,1,0.48,0.19,0.42,0.9,0.23,178,0.38,1,285
Industrial Corridors,West Bengal,North 24 Parganas,29.61,45,0.81,0.49,0,0.22,0.66,0.85,0.6,0.38,205,0.39,0,0
Mining,Uttar Pradesh,Lucknow,25.6,36,0.63,0.81,1,0.2,0.29,0.2,0.45,0.66,131,0.15,1,235
Highways,Bihar,Patna,17.67,49,0.74,0.58,0,0.12,0.22,0.59,0.73,0.36,183,0.16,1,200
Solar Parks,Karnataka,Mysuru,33.4,46,0.54,0.89,0,0.35,0.92,0.35,0.51,0.28,240,0.56,0,0
Urban Infrastructure,Odisha,Sundargarh,51.05,80,0.63,0.66,0,0.4,0.51,0.75,0.95,0.58,194,0.15,1,164
Water Resources,Bihar,Darbhanga,10.28,15,0.44,0.39,1,0.73,0.79,0.1,0.67,0.74,124,0.08,1,224
Mining,Odisha,Jharsuguda,93.62,178,0.77,0.64,0,0.58,0.18,0.35,0.11,0.51,175,0.2,1,209
Solar Parks,Uttar Pradesh,Kanpur,2.0,27,0.5,0.2,0,0.87,0.15,0.71,0.41,0.72,101,0.4,0,0
Water Resources,Rajasthan,Bhilwara,35.17,39,0.68,0.44,1,0.26,0.55,0.59,0.71,0.85,107,0.05,1,226
Water Resources,Bihar,Patna,48.08,56,0.63,0.36,0,0.34,0.38,0.8,0.81,0.92,227,0.64,0,0
Highways,West Bengal,North 24 Parganas,20.44,39,0.7,0.71,0,0.95,0.1,0.24,0.78,0.37,178,0.19,1,222
Railways,Uttar Pradesh,Varanasi,6.05,12,0.77,0.31,0,0.5,0.26,0.58,0.93,0.65,229,0.19,1,209
Urban Infrastructure,Tamil Nadu,Tiruchirappalli,30.65,43,0.54,0.43,1,0.81,0.3,0.28,0.49,0.4,179,0.49,1,260
Industrial Corridors,Maharashtra,Pune,37.93,74,0.79,0.46,0,0.54,0.36,0.68,0.18,0.85,135,0.2,1,212
Highways,Bihar,Patna,13.21,29,0.52,0.2,0,0.52,0.89,0.22,0.64,0.87,161,0.29,0,0
Mining,West Bengal,Murshidabad,17.05,30,0.91,0.24,1,0.23,0.48,0.23,0.11,0.44,172,0.38,1,343
Water Resources,Karnataka,Belagavi,71.53,46,0.74,0.44,0,0.87,0.71,0.4,0.93,0.68,259,0.06,0,0
Mining,Tamil Nadu,Tiruchirappalli,36.38,48,0.25,0.37,0,0.17,0.12,0.46,0.73,0.87,191,0.55,0,0
Water Resources,Karnataka,Dakshina Kannada,9.91,34,0.81,0.29,0,0.38,0.83,0.55,0.93,0.58,126,0.36,0,0
Railways,Uttar Pradesh,Kanpur,47.46,65,0.57,0.32,0,0.71,0.32,0.62,0.39,0.74,151,0.24,0,0
Railways,Maharashtra,Aurangabad,15.73,29,0.94,0.85,1,0.56,0.38,0.52,0.06,0.8,181,0.29,1,254
Urban Infrastructure,Bihar,Patna,17.82,35,0.71,0.73,0,0.89,0.14,0.14,0.52,0.85,111,0.08,0,0
Industrial Corridors,Bihar,Darbhanga,38.79,41,0.17,0.58,0,0.14,0.47,0.41,0.16,0.59,159,0.48,0,0
Urban Infrastructure,Rajasthan,Udaipur,36.0,19,0.44,0.91,0,0.68,0.87,0.16,0.66,0.91,150,0.37,0,0
Railways,Rajasthan,Kota,24.0,24,0.54,0.22,0,0.53,0.44,0.21,0.5,0.67,181,0.6,1,272
Railways,Uttar Pradesh,Gorakhpur,22.12,36,0.81,0.47,0,0.24,0.92,0.18,0.73,0.31,155,0.33,1,201
Mining,Uttar Pradesh,Varanasi,27.1,52,0.72,0.84,0,0.77,0.88,0.24,0.31,0.66,97,0.55,0,0
Railways,Maharashtra,Pune,17.73,30,0.41,0.69,0,0.47,0.16,0.83,0.8,0.42,157,0.16,1,189
Solar Parks,Rajasthan,Jaipur,79.14,133,0.66,0.97,0,0.58,0.37,0.66,0.64,0.48,194,0.08,1,152
Water Resources,West Bengal,Paschim Bardhaman,9.44,16,0.59,0.94,0,0.97,0.92,0.56,0.94,0.81,225,0.62,0,0
Highways,West Bengal,Paschim Bardhaman,27.31,42,0.21,0.33,0,0.54,0.13,0.76,0.21,0.93,203,0.2,1,445
Railways,Maharashtra,Aurangabad,10.3,25,0.3,0.96,1,0.84,0.79,0.97,0.1,0.85,88,0.55,1,176
Urban Infrastructure,West Bengal,Paschim Bardhaman,70.02,83,0.39,0.94,0,0.79,0.92,0.48,0.82,0.44,99,0.2,0,0
Industrial Corridors,Madhya Pradesh,Gwalior,27.28,29,0.27,0.49,0,0.7,0.79,0.43,0.35,0.54,112,0.14,0,0
Water Resources,Odisha,Bhubaneswar,14.22,44,0.23,0.97,0,0.91,0.77,0.98,0.44,0.94,227,0.49,0,0
Water Resources,Maharashtra,Nagpur,57.28,33,0.15,0.23,1,0.33,0.86,0.79,0.88,0.89,182,0.52,1,213
Industrial Corridors,Maharashtra,Nagpur,5.29,10,0.84,0.72,1,0.84,0.7,0.8,0.45,0.93,278,0.56,1,360
Industrial Corridors,Gujarat,Rajkot,41.46,26,0.35,0.41,0,0.44,0.48,0.64,0.32,0.52,217,0.57,1,187
Water Resources,Tamil Nadu,Kanchipuram,83.18,32,0.35,0.3,1,0.83,0.16,0.56,0.1,0.8,164,0.34,1,293
Solar Parks,Tamil Nadu,Kanchipuram,38.23,32,0.28,0.65,0,0.54,0.81,0.6,0.45,0.85,139,0.29,0,0
Urban Infrastructure,Madhya Pradesh,Ujjain,22.08,32,0.5,0.44,0,0.87,0.91,0.69,0.64,0.23,176,0.5,0,0
Solar Parks,Rajasthan,Kota,12.26,31,0.54,0.72,0,0.91,0.56,0.44,0.29,0.4,197,0.39,1,218
Railways,Uttar Pradesh,Kanpur,78.73,63,0.28,0.62,0,0.64,0.58,0.8,0.7,0.86,214,0.63,0,0
Highways,Uttar Pradesh,Kanpur,69.54,136,0.62,0.51,0,0.56,0.46,0.92,0.48,0.49,146,0.28,1,255
Industrial Corridors,Karnataka,Ballari,19.76,27,0.71,0.34,0,0.8,0.87,0.61,0.82,0.41,258,0.08,1,162
Urban Infrastructure,Madhya Pradesh,Jabalpur,20.19,37,0.42,0.67,0,0.34,0.11,0.44,0.2,0.4,158,0.4,0,0
Industrial Corridors,Maharashtra,Pune,85.58,155,0.6,0.85,1,0.11,0.66,0.73,0.73,0.48,213,0.26,1,253
Solar Parks,Madhya Pradesh,Jabalpur,50.67,80,0.53,0.67,1,0.47,0.92,0.26,0.89,0.38,175,0.26,1,228
Mining,Madhya Pradesh,Jabalpur,7.93,16,0.27,0.68,0,0.56,0.19,0.97,0.72,0.2,144,0.39,1,152
Railways,Madhya Pradesh,Gwalior,28.32,64,0.72,0.6,0,0.37,0.96,0.69,0.42,0.33,71,0.6,1,229
Highways,Tamil Nadu,Salem,27.49,57,0.78,0.5,0,0.45,0.97,0.16,0.26,0.86,104,0.21,0,0
Railways,Madhya Pradesh,Jabalpur,40.37,44,0.65,0.56,0,0.22,0.94,0.58,0.14,0.26,212,0.28,0,0
Mining,Odisha,Sundargarh,33.28,56,0.38,0.97,1,0.35,0.52,0.78,0.63,0.51,193,0.58,0,0
Highways,Uttar Pradesh,Agra,21.97,37,0.89,0.78,0,0.32,0.44,0.35,0.18,0.54,186,0.59,1,345
Mining,Karnataka,Dakshina Kannada,38.19,45,0.49,0.54,1,0.37,0.74,0.15,0.8,0.78,229,0.19,1,288
Railways,Odisha,Angul,23.14,60,0.33,0.56,0,0.37,0.39,0.54,0.91,0.39,115,0.47,0,0
Solar Parks,Karnataka,Bengaluru Urban,508.44,833,0.45,0.59,1,0.6,0.16,0.85,0.17,0.43,138,0.3,0,0
Water Resources,Gujarat,Vadodara,36.53,52,0.69,0.71,0,0.33,0.91,0.33,0.39,0.21,141,0.61,1,257
Railways,Karnataka,Mysuru,32.73,52,0.82,0.56,1,0.95,0.67,0.75,0.89,0.88,99,0.49,0,0
Railways,Uttar Pradesh,Lucknow,144.64,102,0.4,0.74,0,0.56,0.29,0.47,0.47,0.71,124,0.35,0,0
Railways,Uttar Pradesh,Kanpur,11.12,33,0.3,0.46,0,0.22,0.12,0.15,0.53,0.4,111,0.54,1,212
Urban Infrastructure,Madhya Pradesh,Gwalior,30.33,61,0.63,0.52,1,0.35,0.75,0.37,0.72,0.87,89,0.65,1,220
Mining,Bihar,Darbhanga,15.49,33,0.88,0.87,1,0.76,0.87,0.38,0.24,0.26,119,0.32,1,254
Mining,Gujarat,Surat,55.04,75,0.26,0.46,1,0.11,0.47,0.91,0.93,0.48,157,0.27,0,0
Industrial Corridors,Maharashtra,Aurangabad,22.3,44,0.78,0.95,0,0.94,0.17,0.98,0.75,0.62,240,0.41,0,0
Mining,West Bengal,Hooghly,52.67,46,0.51,0.33,1,0.5,0.68,0.29,0.2,0.58,114,0.46,1,251
Industrial Corridors,Karnataka,Belagavi,49.72,81,0.78,0.39,0,0.57,0.37,0.49,0.15,0.69,208,0.47,1,206
Urban Infrastructure,Bihar,Bhagalpur,61.82,88,0.53,0.56,1,0.99,0.23,0.98,0.89,0.42,169,0.33,1,230
Solar Parks,Madhya Pradesh,Gwalior,50.38,58,0.42,0.82,0,0.55,0.56,0.47,0.67,0.77,179,0.25,0,0
Industrial Corridors,Tamil Nadu,Tiruchirappalli,27.68,23,0.69,0.77,0,0.95,0.53,0.41,0.08,0.5,166,0.54,0,0
Railways,Maharashtra,Nagpur,10.83,45,0.87,0.34,0,0.92,0.57,0.2,0.18,0.29,76,0.62,1,216
Solar Parks,Rajasthan,Kota,74.24,124,0.37,0.38,0,0.95,0.84,0.78,0.09,0.76,112,0.57,0,0
Water Resources,Bihar,Darbhanga,102.23,67,0.49,0.65,1,0.83,0.54,0.5,0.93,0.88,185,0.46,1,217
Urban Infrastructure,Tamil Nadu,Coimbatore,15.64,29,0.29,0.43,0,0.37,0.91,0.67,0.5,0.47,162,0.27,0,0
Mining,Gujarat,Vadodara,59.66,102,0.26,0.53,0,0.41,0.86,0.56,0.47,0.64,85,0.42,1,186
Industrial Corridors,Madhya Pradesh,Jabalpur,12.98,40,0.76,0.58,0,0.43,0.69,0.26,0.91,0.72,150,0.11,0,0
Railways,Maharashtra,Pune,38.97,24,0.27,0.66,1,0.98,0.15,0.26,0.5,0.82,186,0.37,1,211
Highways,Maharashtra,Aurangabad,45.95,61,0.77,0.4,0,0.42,0.88,0.95,0.52,0.35,103,0.52,1,212
Water Resources,Maharashtra,Nagpur,23.55,45,0.46,0.33,0,0.2,0.92,0.9,0.94,0.63,142,0.2,0,0
Highways,Gujarat,Rajkot,35.73,67,0.95,0.51,0,0.8,0.44,0.65,0.15,0.76,228,0.35,0,0
Solar Parks,Karnataka,Belagavi,65.27,50,0.27,0.26,0,0.43,0.57,0.1,0.94,0.35,186,0.09,1,351
Mining,Rajasthan,Jodhpur,30.34,55,0.18,0.61,0,0.66,0.35,0.49,0.2,0.55,231,0.55,1,235
Highways,Gujarat,Kutch,19.3,13,0.16,0.85,0,0.93,0.11,0.58,0.48,0.55,143,0.26,0,0
Solar Parks,West Bengal,North 24 Parganas,12.44,38,0.81,0.29,1,0.62,0.53,0.5,0.35,0.83,208,0.4,1,258
Urban Infrastructure,Rajasthan,Udaipur,24.23,51,0.47,0.29,0,0.67,0.22,0.93,0.91,0.78,113,0.28,0,0
Solar Parks,Uttar Pradesh,Varanasi,12.94,36,0.1,0.26,1,0.68,0.26,0.14,0.49,0.37,197,0.41,1,244
Water Resources,Madhya Pradesh,Bhopal,24.49,55,0.84,0.86,1,0.65,0.53,0.69,0.07,0.37,127,0.5,1,285
Solar Parks,Gujarat,Surat,22.82,47,0.85,0.26,0,0.24,0.88,0.38,0.25,0.74,180,0.25,1,241
Water Resources,Tamil Nadu,Tiruchirappalli,63.01,116,0.79,0.97,0,0.51,0.86,0.6,0.44,0.75,182,0.36,0,0
Solar Parks,Rajasthan,Bhilwara,35.12,20,0.31,0.48,0,0.11,0.97,0.69,0.66,0.33,190,0.53,0,0
Railways,West Bengal,Murshidabad,254.12,408,0.42,0.46,1,0.66,0.53,0.5,0.56,0.51,114,0.46,1,268
Solar Parks,Uttar Pradesh,Agra,6.61,16,0.73,0.27,0,0.62,0.6,0.23,0.81,0.82,174,0.08,1,180
Industrial Corridors,Karnataka,Mysuru,42.55,51,0.52,0.66,1,0.39,0.84,0.57,0.8,0.26,161,0.39,1,261
Solar Parks,Tamil Nadu,Madurai,23.08,41,0.23,0.66,0,0.57,0.73,0.94,0.58,0.48,216,0.28,0,0
Railways,Rajasthan,Bhilwara,15.41,48,0.31,0.59,0,0.54,0.26,0.58,0.56,0.68,131,0.48,0,0
Railways,Madhya Pradesh,Ujjain,32.34,74,0.93,0.44,1,0.33,0.46,0.21,0.3,0.78,101,0.06,1,261
Urban Infrastructure,Tamil Nadu,Coimbatore,30.46,63,0.23,0.49,0,0.36,0.94,0.84,0.91,0.69,85,0.25,0,0
Water Resources,Uttar Pradesh,Gorakhpur,78.43,92,0.72,0.45,1,0.79,0.23,0.3,0.12,0.5,147,0.1,1,256
Mining,Tamil Nadu,Salem,35.62,73,0.51,0.53,0,0.78,0.29,0.43,0.41,0.94,140,0.6,0,0
Highways,Odisha,Cuttack,19.03,41,0.74,0.47,1,0.52,0.46,0.49,0.64,0.23,146,0.58,1,279
Highways,Bihar,Darbhanga,43.27,76,0.66,0.73,0,0.75,0.95,0.41,0.9,0.57,146,0.63,1,159
Solar Parks,Karnataka,Mysuru,27.56,40,0.47,0.43,0,0.51,0.2,0.46,0.5,0.58,222,0.44,1,188
Urban Infrastructure,Uttar Pradesh,Varanasi,13.46,12,0.4,0.47,0,0.87,0.71,0.82,0.86,0.38,153,0.53,0,0
Solar Parks,Tamil Nadu,Coimbatore,27.14,8,0.74,0.54,0,0.4,0.22,0.3,0.14,0.62,210,0.42,1,283
Highways,Bihar,Patna,39.84,58,0.37,0.2,0,0.93,0.57,0.52,0.53,0.37,177,0.35,1,220
Water Resources,Bihar,Darbhanga,35.09,47,0.77,0.58,0,0.59,0.58,0.12,0.33,0.53,118,0.55,1,195
Water Resources,Tamil Nadu,Coimbatore,43.13,33,0.68,0.4,1,0.58,0.14,0.56,0.77,0.52,160,0.52,1,302
Water Resources,Madhya Pradesh,Gwalior,21.73,35,0.59,0.24,0,0.7,0.96,0.2,0.45,0.78,229,0.49,0,0
Railways,Odisha,Bhubaneswar,42.7,49,0.41,0.91,0,0.41,0.83,0.35,0.48,0.91,205,0.59,0,0
Mining,Gujarat,Vadodara,36.46,55,0.27,0.45,0,0.75,0.37,0.39,0.11,0.35,214,0.61,0,0
Urban Infrastructure,Odisha,Sundargarh,36.69,80,0.7,0.53,1,0.39,0.22,0.17,0.44,0.94,182,0.32,1,342
Railways,Tamil Nadu,Madurai,33.98,45,0.18,0.85,1,0.46,0.41,0.42,0.12,0.91,138,0.22,1,261
Mining,Karnataka,Belagavi,188.84,185,0.92,0.33,1,0.71,0.9,0.55,0.32,0.28,233,0.36,1,297
Urban Infrastructure,Gujarat,Ahmedabad,80.49,87,0.93,0.86,0,0.44,0.22,0.49,0.16,0.88,185,0.11,1,190
Urban Infrastructure,Uttar Pradesh,Agra,41.94,48,0.21,0.39,0,0.28,0.41,0.35,0.35,0.62,201,0.61,1,229
Highways,Odisha,Cuttack,17.46,45,0.19,0.66,0,0.88,0.54,0.37,0.25,0.86,164,0.64,0,0
Railways,Tamil Nadu,Kanchipuram,26.21,48,0.45,0.73,0,0.93,0.13,0.67,0.31,0.91,113,0.44,0,0
Urban Infrastructure,Odisha,Jharsuguda,120.62,195,0.92,0.91,1,0.66,0.34,0.75,0.18,0.84,177,0.5,1,245
Industrial Corridors,Gujarat,Vadodara,21.11,23,0.44,0.67,1,0.83,0.64,0.62,0.45,0.5,236,0.24,1,317
Water Resources,West Bengal,Murshidabad,29.0,43,0.41,0.55,0,0.99,0.39,0.98,0.5,0.68,196,0.57,0,0
Urban Infrastructure,Rajasthan,Udaipur,27.74,39,0.7,0.65,0,0.65,0.88,0.95,0.8,0.55,184,0.59,0,0
Mining,Odisha,Jharsuguda,44.45,91,0.25,0.36,0,0.92,0.94,0.19,0.53,0.47,121,0.1,0,0
Highways,Uttar Pradesh,Agra,23.35,40,0.41,0.74,0,0.42,0.5,0.34,0.26,0.39,228,0.13,1,193
Solar Parks,Uttar Pradesh,Kanpur,38.15,49,0.35,0.35,0,0.73,0.58,0.88,0.71,0.53,220,0.21,0,0
Water Resources,Maharashtra,Aurangabad,23.77,59,0.61,0.63,0,0.15,0.67,0.13,0.32,0.8,79,0.47,0,0
Highways,Odisha,Bhubaneswar,94.78,63,0.24,0.71,0,0.81,0.7,0.63,0.73,0.83,201,0.16,0,0
Solar Parks,Rajasthan,Jodhpur,19.12,61,0.57,0.9,1,0.85,0.16,0.96,0.4,0.92,148,0.18,1,235
Railways,Madhya Pradesh,Jabalpur,72.39,56,0.83,0.55,0,0.46,0.15,0.71,0.51,0.42,173,0.28,1,247
Railways,Bihar,Patna,20.74,30,0.54,0.8,1,0.68,0.88,0.18,0.5,0.69,123,0.42,0,0
Urban Infrastructure,Rajasthan,Kota,16.73,18,0.68,0.33,1,0.87,0.3,0.77,0.91,0.72,165,0.64,1,234
Industrial Corridors,Bihar,Bhagalpur,18.9,39,0.16,0.32,0,0.9,0.63,0.44,0.19,0.34,110,0.52,0,0
Railways,Bihar,Patna,8.42,21,0.48,0.61,0,0.2,0.66,0.93,0.89,0.48,123,0.38,0,0
Urban Infrastructure,West Bengal,Paschim Bardhaman,47.03,90,0.18,0.67,0,0.84,0.25,0.36,0.56,0.46,183,0.08,0,0
Water Resources,Maharashtra,Pune,13.05,22,0.61,0.69,1,0.35,0.79,0.53,0.94,0.94,125,0.36,1,265
Highways,Rajasthan,Udaipur,24.87,47,0.34,0.78,0,0.75,0.88,0.77,0.57,0.92,179,0.17,0,0
Railways,Rajasthan,Jaipur,60.9,124,0.34,0.43,0,0.39,0.36,0.33,0.64,0.82,164,0.23,1,261
Highways,West Bengal,North 24 Parganas,59.35,118,0.17,0.69,0,0.15,0.89,0.26,0.72,0.55,267,0.2,1,287
Highways,Odisha,Sundargarh,10.53,17,0.36,0.35,1,0.29,0.17,0.1,0.79,0.4,130,0.26,1,245
Industrial Corridors,Odisha,Bhubaneswar,42.45,46,0.53,0.37,1,0.47,0.82,0.54,0.48,0.89,144,0.09,0,0
Railways,Odisha,Angul,82.47,131,0.6,0.25,0,0.77,0.68,0.94,0.66,0.4,127,0.4,0,0
Highways,Karnataka,Dakshina Kannada,19.9,35,0.16,0.78,0,0.19,0.62,0.35,0.6,0.59,224,0.08,1,214
Industrial Corridors,Bihar,Bhagalpur,49.94,93,0.65,0.6,0,0.83,0.31,0.14,0.42,0.38,164,0.45,1,192
Industrial Corridors,Karnataka,Bengaluru Urban,13.27,39,0.52,0.39,0,1.0,0.43,0.66,0.79,0.93,152,0.49,0,0
Railways,Maharashtra,Thane,45.08,92,0.56,0.63,0,0.81,0.92,0.15,0.22,0.23,194,0.34,1,177
Industrial Corridors,West Bengal,Paschim Bardhaman,36.78,69,0.81,0.48,0,0.53,0.52,0.56,0.2,0.33,120,0.52,1,252
Railways,Rajasthan,Bhilwara,56.2,82,0.39,0.85,1,0.61,0.63,0.44,0.71,0.77,99,0.63,1,202
Railways,Bihar,Patna,53.48,78,0.25,0.61,0,0.11,0.94,0.53,0.62,0.31,172,0.25,0,0
Solar Parks,Karnataka,Mysuru,11.21,10,0.57,0.22,1,0.29,0.52,0.25,0.34,0.93,167,0.42,1,399
Highways,Karnataka,Mysuru,36.94,62,0.9,0.97,1,0.91,0.45,0.18,0.62,0.44,126,0.24,1,241
Mining,Tamil Nadu,Kanchipuram,105.88,132,0.54,0.26,1,0.12,0.9,0.77,0.74,0.89,176,0.32,1,215
Railways,Karnataka,Mysuru,5.76,34,0.81,0.74,1,0.91,0.92,0.32,0.25,0.7,243,0.06,0,0
Highways,Madhya Pradesh,Indore,71.78,94,0.74,0.54,0,0.2,0.42,0.82,0.57,0.68,180,0.09,1,185
Water Resources,Rajasthan,Jaipur,119.27,85,0.54,0.39,0,0.22,0.63,0.78,0.79,0.89,70,0.53,1,189
Industrial Corridors,Madhya Pradesh,Jabalpur,10.1,21,0.65,0.73,0,0.26,0.97,0.28,0.42,0.58,223,0.13,0,0
Urban Infrastructure,Rajasthan,Kota,19.36,46,0.45,0.3,0,0.82,0.15,0.92,0.56,0.5,249,0.47,0,0
Railways,West Bengal,Paschim Bardhaman,50.11,80,0.55,0.87,0,0.53,0.14,0.25,0.12,0.36,183,0.48,0,0
Industrial Corridors,Rajasthan,Jodhpur,16.3,34,0.53,0.4,1,0.23,0.56,0.82,0.8,0.31,167,0.65,1,293
Industrial Corridors,Madhya Pradesh,Jabalpur,98.66,72,0.7,0.48,0,0.72,0.36,0.48,0.77,0.79,90,0.47,0,0
Industrial Corridors,Rajasthan,Udaipur,77.26,92,0.45,0.69,0,0.95,0.62,0.26,0.46,0.3,121,0.13,1,178
Industrial Corridors,West Bengal,Howrah,10.94,6,0.18,0.2,1,0.62,0.75,0.94,0.16,0.5,146,0.43,1,216
Industrial Corridors,West Bengal,Murshidabad,18.28,29,0.77,0.57,0,0.19,0.16,0.97,0.64,0.51,126,0.36,0,0
Railways,Maharashtra,Aurangabad,61.31,65,0.68,0.9,1,0.15,0.89,0.56,0.57,0.7,137,0.6,1,231
Water Resources,Rajasthan,Bhilwara,59.41,71,0.91,0.73,1,0.82,0.35,0.52,0.88,0.41,165,0.46,1,369
Mining,Tamil Nadu,Kanchipuram,195.34,210,0.46,0.5,0,0.66,0.44,0.91,0.3,0.83,129,0.36,1,173
Solar Parks,Odisha,Sundargarh,16.38,18,0.17,0.72,0,0.93,0.4,0.64,0.08,0.36,228,0.42,0,0
Industrial Corridors,Uttar Pradesh,Agra,106.42,178,0.2,0.93,1,0.59,0.86,0.34,0.28,0.79,163,0.32,1,212
Industrial Corridors,West Bengal,North 24 Parganas,15.94,20,0.76,0.35,0,0.16,0.25,0.48,0.44,0.84,182,0.36,0,0
Solar Parks,Gujarat,Surat,49.42,53,0.16,0.61,0,0.46,0.13,0.85,0.19,0.34,182,0.48,1,196
Water Resources,Odisha,Sundargarh,67.62,47,0.87,0.38,1,0.69,0.97,0.87,0.93,0.81,177,0.1,1,222
Water Resources,Bihar,Muzaffarpur,3.02,24,0.34,0.87,0,0.45,0.98,0.95,0.25,0.74,162,0.42,0,0
Railways,Rajasthan,Udaipur,68.65,28,0.86,0.76,1,1.0,0.33,0.36,0.66,0.86,204,0.1,0,0
Highways,Madhya Pradesh,Indore,100.25,46,0.76,0.82,1,0.46,0.11,0.71,0.46,0.58,214,0.56,1,285
Urban Infrastructure,Uttar Pradesh,Kanpur,79.58,104,0.84,0.94,1,0.59,0.68,0.16,0.55,0.38,67,0.62,1,242
Urban Infrastructure,Gujarat,Surat,171.17,214,0.28,0.38,0,0.3,0.68,0.75,0.89,0.88,95,0.52,1,158
Highways,Odisha,Bhubaneswar,71.67,86,0.61,0.24,1,0.24,0.95,0.61,0.53,0.79,135,0.48,1,244
Railways,Rajasthan,Bhilwara,21.55,46,0.18,0.43,0,0.68,0.37,0.32,0.32,0.22,109,0.62,0,0
Urban Infrastructure,Maharashtra,Nashik,89.23,49,0.27,0.51,1,0.63,0.27,0.69,0.25,0.9,126,0.18,1,318
Water Resources,Bihar,Gaya,20.59,64,0.36,0.69,1,0.1,0.65,0.22,0.85,0.91,139,0.19,1,209
Solar Parks,Uttar Pradesh,Lucknow,35.37,23,0.73,0.82,1,0.36,0.61,0.4,0.94,0.47,148,0.34,1,216
Highways,Tamil Nadu,Salem,64.42,106,0.12,0.47,0,0.68,0.75,0.46,0.28,0.21,92,0.05,0,0
Water Resources,Maharashtra,Nashik,47.39,34,0.87,0.57,1,0.83,0.9,0.8,0.7,0.61,141,0.63,0,0
Mining,Gujarat,Surat,97.6,187,0.16,0.81,1,0.38,0.6,0.38,0.51,0.89,224,0.07,1,265
Railways,Uttar Pradesh,Agra,242.48,278,0.42,0.38,0,0.68,0.24,0.14,0.68,0.29,148,0.41,1,275
Highways,Maharashtra,Thane,13.33,24,0.17,0.37,0,0.34,0.64,0.26,0.92,0.64,186,0.26,0,0
Urban Infrastructure,Bihar,Darbhanga,25.47,34,0.75,0.66,1,0.72,0.44,0.65,0.3,0.75,156,0.11,1,352
Railways,Tamil Nadu,Salem,42.65,32,0.22,0.54,0,0.73,0.51,0.11,0.72,0.3,165,0.06,0,0
Solar Parks,Maharashtra,Nagpur,22.86,58,0.85,0.94,1,0.22,0.96,0.81,0.44,0.58,154,0.21,0,0
Railways,Karnataka,Mysuru,31.17,49,0.55,0.48,0,0.7,0.6,0.91,0.64,0.27,193,0.11,0,0
Railways,Tamil Nadu,Madurai,61.6,61,0.91,0.79,1,0.4,0.23,0.55,0.42,0.62,123,0.61,1,255
Solar Parks,Gujarat,Vadodara,55.39,60,0.35,0.65,1,0.26,0.5,0.74,0.69,0.53,167,0.2,0,0
Industrial Corridors,Bihar,Muzaffarpur,40.36,41,0.49,0.24,1,0.55,0.31,0.52,0.35,0.4,134,0.11,1,277
Solar Parks,Rajasthan,Kota,37.27,69,0.69,0.27,1,0.51,0.22,0.38,0.49,0.84,190,0.51,1,267
Water Resources,Madhya Pradesh,Gwalior,27.69,35,0.81,0.36,0,0.8,0.74,0.25,0.69,0.49,110,0.3,0,0
Railways,Madhya Pradesh,Ujjain,101.86,138,0.46,0.31,1,0.18,0.67,0.57,0.09,0.72,189,0.56,1,306
Solar Parks,Madhya Pradesh,Jabalpur,125.3,218,0.86,0.46,1,0.81,0.55,0.94,0.35,0.79,169,0.55,1,272
Industrial Corridors,Uttar Pradesh,Lucknow,74.82,84,0.2,0.65,0,0.2,0.48,0.9,0.54,0.33,103,0.65,1,229
Water Resources,Gujarat,Kutch,13.2,27,0.7,0.67,0,0.29,0.39,0.93,0.12,0.29,238,0.53,1,236
Highways,Bihar,Patna,26.85,40,0.4,0.66,1,0.56,0.18,0.97,0.68,0.21,185,0.18,1,218
Solar Parks,Tamil Nadu,Salem,38.85,44,0.19,0.29,0,0.52,0.37,0.25,0.78,0.43,111,0.4,0,0
Solar Parks,Uttar Pradesh,Gorakhpur,15.6,44,0.43,0.67,1,0.99,0.85,0.23,0.2,0.81,167,0.37,1,291
Railways,Gujarat,Kutch,35.28,79,0.85,0.52,1,0.63,0.81,0.48,0.71,0.78,86,0.35,1,257
Water Resources,Rajasthan,Jodhpur,33.71,49,0.93,0.9,1,0.39,0.98,0.72,0.63,0.85,82,0.23,1,187
Highways,Karnataka,Ballari,78.83,47,0.43,0.91,1,0.91,0.69,0.5,0.42,0.77,213,0.18,0,0
Mining,Bihar,Bhagalpur,22.23,24,0.85,0.8,0,0.38,0.6,0.9,0.2,0.22,105,0.48,1,196
Mining,Madhya Pradesh,Ujjain,83.99,148,0.53,0.75,0,0.35,0.37,0.75,0.91,0.49,195,0.11,0,0
Urban Infrastructure,Maharashtra,Thane,15.4,43,0.71,0.29,0,0.54,0.17,0.67,0.47,0.2,212,0.08,1,223
Solar Parks,Bihar,Darbhanga,17.21,41,0.14,0.27,0,0.92,0.66,0.16,0.22,0.23,115,0.28,1,258
Solar Parks,West Bengal,Paschim Bardhaman,24.45,35,0.57,0.86,0,0.74,0.54,0.26,0.7,0.56,253,0.5,0,0
Highways,Gujarat,Kutch,34.41,79,0.16,0.53,0,0.71,0.78,0.49,0.6,0.47,164,0.57,1,327
Industrial Corridors,Odisha,Cuttack,4.79,34,0.33,0.55,0,0.75,0.47,0.98,0.78,0.62,162,0.37,0,0
Mining,Rajasthan,Kota,47.82,34,0.58,0.86,0,0.69,0.99,0.4,0.95,0.25,115,0.55,0,0
Urban Infrastructure,Karnataka,Dakshina Kannada,129.99,74,0.79,0.68,0,0.78,0.46,0.67,0.09,0.64,115,0.07,1,161
Highways,Rajasthan,Bhilwara,55.76,102,0.58,0.34,1,0.27,0.4,0.99,0.72,0.25,61,0.32,1,227
Solar Parks,Bihar,Darbhanga,27.98,65,0.9,0.36,1,0.26,0.88,0.34,0.94,0.52,125,0.13,1,241
Mining,Odisha,Bhubaneswar,13.91,41,0.79,0.2,1,0.43,0.46,0.25,0.53,0.46,212,0.4,1,295
Water Resources,West Bengal,Hooghly,7.76,13,0.23,0.75,1,0.87,0.88,0.59,0.69,0.37,114,0.6,0,0
Urban Infrastructure,Tamil Nadu,Salem,8.9,25,0.43,0.58,0,0.74,0.12,0.6,0.45,0.43,118,0.05,0,0
Railways,Maharashtra,Nashik,29.82,21,0.67,0.94,0,0.61,0.72,0.93,0.37,0.2,102,0.45,1,170
Mining,Odisha,Angul,178.67,254,0.9,0.76,0,0.12,0.16,0.12,0.68,0.44,98,0.53,1,218
Urban Infrastructure,Gujarat,Surat,3.77,18,0.94,0.28,0,0.31,0.23,0.47,0.94,0.26,199,0.5,1,251
Highways,Madhya Pradesh,Ujjain,57.98,125,0.75,0.33,1,0.82,0.73,0.38,0.13,0.89,105,0.06,1,342
Railways,West Bengal,Murshidabad,19.26,17,0.59,0.59,1,0.32,0.36,0.61,0.43,0.26,154,0.15,0,0
Urban Infrastructure,Maharashtra,Nashik,25.32,30,0.74,0.92,0,0.76,0.29,0.11,0.9,0.91,144,0.11,0,0
Urban Infrastructure,Karnataka,Ballari,15.64,42,0.33,0.39,0,0.27,0.82,0.74,0.15,0.57,203,0.1,1,288
Solar Parks,Madhya Pradesh,Ujjain,11.09,14,0.34,0.84,0,0.65,0.95,0.54,0.64,0.58,122,0.49,0,0
Industrial Corridors,Bihar,Bhagalpur,36.62,39,0.66,0.44,1,0.67,0.31,0.73,0.44,0.79,140,0.3,1,224
Mining,Odisha,Jharsuguda,40.86,92,0.84,0.41,0,0.78,0.39,0.5,0.39,0.72,110,0.48,0,0
Solar Parks,Maharashtra,Thane,56.52,65,0.92,0.9,1,0.49,0.74,0.53,0.24,0.38,131,0.27,0,0
Water Resources,Uttar Pradesh,Varanasi,8.6,24,0.39,0.24,0,0.67,0.83,0.91,0.21,0.22,119,0.12,0,0
Railways,Tamil Nadu,Coimbatore,66.63,124,0.78,0.72,0,0.54,1.0,0.29,0.51,0.78,153,0.48,0,0
Industrial Corridors,Tamil Nadu,Tiruchirappalli,67.59,61,0.82,0.23,1,0.95,0.35,0.3,0.39,0.3,232,0.43,1,279
Urban Infrastructure,West Bengal,Hooghly,46.51,104,0.63,0.82,0,0.57,0.6,0.6,0.49,0.65,150,0.12,1,149
Solar Parks,Karnataka,Dakshina Kannada,23.65,47,0.4,0.85,0,0.29,0.22,0.69,0.23,0.91,212,0.6,1,186
Industrial Corridors,West Bengal,Howrah,42.38,70,0.63,0.9,0,0.7,0.4,0.42,0.37,0.61,202,0.24,0,0
Water Resources,Uttar Pradesh,Varanasi,29.13,46,0.6,0.35,0,0.59,0.14,0.57,0.95,0.41,158,0.44,1,202
Mining,Gujarat,Kutch,71.87,147,0.62,0.3,1,0.82,0.29,0.31,0.38,0.33,203,0.07,1,267
Water Resources,Karnataka,Belagavi,24.7,15,0.63,0.59,1,0.26,0.56,0.22,0.42,0.22,170,0.32,0,0
Railways,Rajasthan,Bhilwara,36.1,31,0.82,0.41,0,0.33,0.25,0.31,0.07,0.67,95,0.63,1,278
Highways,Gujarat,Rajkot,8.24,29,0.24,0.67,0,0.93,0.9,0.92,0.39,0.62,158,0.58,0,0
Solar Parks,Karnataka,Ballari,42.28,40,0.41,0.6,0,0.94,0.74,0.82,0.74,0.55,169,0.18,0,0
Railways,Karnataka,Ballari,18.18,37,0.6,0.31,0,0.5,0.12,0.23,0.51,0.35,239,0.58,1,275
Highways,Uttar Pradesh,Agra,49.9,106,0.34,0.78,1,0.14,0.89,0.14,0.64,0.38,118,0.23,1,232
Solar Parks,Bihar,Patna,62.22,103,0.93,0.83,1,0.38,0.98,0.18,0.55,0.92,180,0.56,1,300
Railways,Uttar Pradesh,Kanpur,20.33,19,0.32,0.95,0,0.32,0.55,0.36,0.14,0.22,104,0.49,1,199
Water Resources,Karnataka,Belagavi,33.95,46,0.5,0.51,0,0.47,0.38,0.83,0.35,0.47,229,0.26,1,284
Railways,Maharashtra,Thane,38.08,78,0.85,0.46,0,0.39,0.34,0.39,0.67,0.23,215,0.6,1,266
Industrial Corridors,Gujarat,Ahmedabad,44.45,17,0.17,0.35,0,0.85,0.18,0.27,0.54,0.34,106,0.34,1,218
Water Resources,Uttar Pradesh,Agra,62.3,110,0.8,0.34,0,0.1,0.54,0.46,0.66,0.9,238,0.24,1,203
Solar Parks,Bihar,Patna,56.1,105,0.59,0.45,0,0.68,0.15,0.21,0.37,0.31,208,0.22,1,264
Railways,Odisha,Cuttack,24.44,56,0.13,0.97,0,0.7,0.55,0.52,0.22,0.65,216,0.61,0,0
Urban Infrastructure,West Bengal,Paschim Bardhaman,118.94,109,0.87,0.27,1,0.69,0.33,0.71,0.8,0.46,230,0.51,1,273
Solar Parks,Karnataka,Mysuru,60.44,74,0.13,0.4,0,0.57,0.53,0.43,0.39,0.67,210,0.26,0,0
Railways,Rajasthan,Bhilwara,101.91,53,0.54,0.27,0,0.65,0.48,0.26,0.64,0.84,144,0.2,0,0
Industrial Corridors,Odisha,Cuttack,43.7,49,0.14,0.41,0,0.83,0.37,0.51,0.39,0.41,227,0.18,0,0
Highways,Tamil Nadu,Madurai,45.82,63,0.16,0.27,0,0.81,0.5,0.79,0.88,0.26,119,0.2,0,0
Highways,Madhya Pradesh,Ujjain,30.15,57,0.85,0.6,1,0.13,0.53,0.17,0.94,0.35,125,0.12,1,312
Urban Infrastructure,Bihar,Gaya,23.22,61,0.75,0.54,1,0.13,0.85,0.16,0.63,0.53,139,0.34,1,298
Solar Parks,Rajasthan,Kota,72.26,126,0.27,0.34,1,0.86,0.7,0.39,0.59,0.59,175,0.07,0,0
Industrial Corridors,Madhya Pradesh,Ujjain,40.92,69,0.63,0.34,0,0.62,0.49,0.47,0.81,0.91,118,0.06,1,228
Railways,Bihar,Bhagalpur,29.81,13,0.78,0.69,1,0.96,0.91,0.29,0.51,0.21,106,0.42,0,0
Railways,Maharashtra,Nagpur,14.61,35,0.86,0.5,0,0.49,0.78,0.12,0.83,0.77,118,0.1,0,0
Highways,West Bengal,Murshidabad,114.9,57,0.5,0.24,1,0.26,0.17,0.3,0.42,0.25,143,0.56,1,279
Industrial Corridors,Odisha,Sundargarh,36.24,37,0.86,0.92,1,0.53,0.24,0.49,0.08,0.26,163,0.11,1,342
Water Resources,Gujarat,Ahmedabad,12.41,34,0.53,0.52,0,0.49,0.17,0.17,0.88,0.69,125,0.38,0,0
Urban Infrastructure,Bihar,Gaya,35.34,74,0.68,0.66,0,0.57,0.39,0.74,0.7,0.88,105,0.46,0,0
Highways,Gujarat,Rajkot,28.2,61,0.93,0.89,1,0.83,0.49,0.6,0.51,0.42,177,0.19,1,229
Highways,West Bengal,Howrah,27.29,28,0.3,0.51,0,0.69,0.55,0.49,0.9,0.4,241,0.58,0,0
Urban Infrastructure,Karnataka,Mysuru,52.51,32,0.24,0.84,1,0.27,0.87,0.57,0.85,0.66,141,0.34,1,278
Solar Parks,Tamil Nadu,Madurai,28.23,24,0.39,0.91,0,0.76,0.12,0.69,0.15,0.78,200,0.24,1,212
Railways,Odisha,Jharsuguda,25.94,27,0.24,0.34,0,0.63,0.49,1.0,0.61,0.85,160,0.59,0,0
Solar Parks,West Bengal,Murshidabad,98.49,71,0.34,0.9,0,0.62,0.47,0.8,0.53,0.39,188,0.57,0,0
Industrial Corridors,West Bengal,Murshidabad,8.23,14,0.73,0.29,0,0.71,0.95,0.59,0.75,0.76,196,0.48,0,0
Water Resources,Maharashtra,Nashik,31.78,58,0.51,0.41,0,0.61,0.32,0.79,0.32,0.43,160,0.22,0,0
Mining,Madhya Pradesh,Ujjain,69.62,85,0.42,0.83,0,0.51,0.21,0.53,0.06,0.61,115,0.28,0,0
Mining,Tamil Nadu,Coimbatore,54.68,87,0.41,0.9,0,0.68,0.23,0.38,0.22,0.34,104,0.46,0,0
Mining,Odisha,Bhubaneswar,74.89,69,0.27,0.73,0,0.75,0.57,0.34,0.24,0.31,211,0.16,0,0
Urban Infrastructure,Karnataka,Ballari,166.88,312,0.48,0.28,1,0.3,0.45,0.46,0.31,0.9,188,0.35,1,268
Highways,Karnataka,Mysuru,128.92,108,0.63,0.61,0,0.55,0.78,0.1,0.38,0.61,204,0.49,0,0
Water Resources,Uttar Pradesh,Varanasi,13.14,48,0.22,0.65,0,0.51,0.39,0.26,0.69,0.2,190,0.44,0,0
Solar Parks,West Bengal,Paschim Bardhaman,9.13,36,0.93,0.42,0,0.14,0.22,0.21,0.12,0.8,208,0.48,0,0
Railways,Bihar,Bhagalpur,43.01,91,0.48,0.97,1,0.85,0.45,0.96,0.49,0.72,169,0.59,0,0
Mining,Maharashtra,Pune,11.21,33,0.91,0.46,0,0.44,0.89,0.16,0.5,0.44,91,0.63,1,229
Solar Parks,Tamil Nadu,Tiruchirappalli,7.09,13,0.21,0.36,0,0.17,0.46,0.55,0.6,0.55,172,0.33,0,0
Mining,Karnataka,Belagavi,42.65,30,0.75,0.29,1,0.51,0.85,0.93,0.33,0.54,240,0.09,1,231
Water Resources,Odisha,Jharsuguda,52.12,39,0.62,0.5,1,0.25,0.43,0.65,0.28,0.41,175,0.55,1,304
Mining,Uttar Pradesh,Kanpur,130.18,53,0.8,0.74,0,0.73,0.35,0.55,0.49,0.94,104,0.12,1,149
Railways,Odisha,Angul,61.24,109,0.61,0.38,1,0.61,0.8,0.77,0.64,0.61,193,0.18,1,211
Industrial Corridors,Maharashtra,Thane,153.8,261,0.92,0.8,1,0.34,0.29,0.42,0.09,0.87,257,0.44,1,373
Industrial Corridors,Bihar,Gaya,44.01,57,0.63,0.31,1,0.96,0.31,0.27,0.31,0.64,134,0.5,1,252
Water Resources,Uttar Pradesh,Varanasi,13.34,40,0.77,0.54,0,0.36,0.14,0.86,0.76,0.72,174,0.47,1,189
Industrial Corridors,Uttar Pradesh,Agra,63.93,123,0.85,0.75,1,0.6,0.27,0.15,0.49,0.22,181,0.31,1,292
Urban Infrastructure,Madhya Pradesh,Indore,96.3,102,0.71,0.31,1,0.82,0.44,0.83,0.91,0.58,169,0.6,1,237
Highways,Tamil Nadu,Kanchipuram,45.28,58,0.55,0.67,0,0.56,0.46,0.19,0.83,0.74,195,0.55,1,197
Urban Infrastructure,Uttar Pradesh,Kanpur,105.68,118,0.33,0.82,0,0.96,0.48,0.66,0.36,0.29,141,0.45,1,152
Solar Parks,Madhya Pradesh,Gwalior,30.01,71,0.83,0.66,1,0.86,0.53,0.53,0.7,0.71,188,0.31,1,248
Urban Infrastructure,Madhya Pradesh,Indore,51.25,71,0.51,0.6,0,0.93,0.61,1.0,0.3,0.26,212,0.33,0,0
Solar Parks,Maharashtra,Thane,28.8,46,0.63,0.85,1,0.44,0.27,0.45,0.21,0.81,149,0.16,1,276
Solar Parks,Gujarat,Kutch,222.12,218,0.17,0.97,1,0.59,0.65,0.96,0.84,0.93,196,0.52,0,0
Highways,Odisha,Sundargarh,64.91,49,0.52,0.34,0,0.86,0.4,0.46,0.37,0.67,142,0.57,0,0
Railways,Bihar,Gaya,13.55,27,0.69,0.74,0,0.91,0.76,0.71,0.23,0.26,98,0.55,0,0
Water Resources,Rajasthan,Jodhpur,145.78,79,0.6,0.26,1,0.95,0.6,0.68,0.92,0.64,97,0.38,1,212
Highways,Odisha,Cuttack,18.42,41,0.48,0.23,1,0.89,0.6,0.18,0.08,0.76,180,0.55,1,319
Water Resources,Uttar Pradesh,Agra,33.48,24,0.29,0.42,1,0.76,0.72,0.77,0.38,0.9,75,0.52,1,253
Industrial Corridors,Bihar,Muzaffarpur,48.17,79,0.36,0.96,0,0.12,0.4,0.29,0.08,0.23,164,0.55,1,336
Industrial Corridors,Karnataka,Mysuru,51.42,52,0.7,0.63,0,0.38,0.49,0.45,0.5,0.78,124,0.64,1,188
Urban Infrastructure,Gujarat,Vadodara,48.76,85,0.29,0.41,0,0.22,0.62,0.8,0.41,0.3,61,0.54,1,206
Solar Parks,Karnataka,Mysuru,13.38,32,0.63,0.3,0,0.24,0.48,0.95,0.7,0.79,190,0.21,0,0
Mining,Karnataka,Belagavi,48.89,100,0.6,0.92,1,0.36,0.5,0.6,0.91,0.87,96,0.54,0,0
Mining,Tamil Nadu,Madurai,79.88,153,0.92,0.48,0,0.17,0.35,0.57,0.52,0.85,263,0.28,0,0
Water Resources,Odisha,Angul,78.06,98,0.15,0.44,1,0.32,0.36,0.55,0.31,0.69,233,0.36,0,0
Solar Parks,Rajasthan,Udaipur,11.69,12,0.19,0.87,0,0.96,0.73,0.83,0.83,0.58,157,0.53,0,0
Water Resources,Maharashtra,Thane,19.6,43,0.53,0.67,1,0.38,0.1,0.99,0.59,0.86,69,0.24,1,309
Highways,Rajasthan,Udaipur,14.36,31,0.55,0.33,0,0.24,0.19,0.67,0.55,0.59,173,0.07,1,193
Railways,Karnataka,Mysuru,43.46,85,0.13,0.53,0,0.75,0.95,0.44,0.22,0.34,242,0.48,1,178
Highways,Uttar Pradesh,Kanpur,9.57,42,0.8,0.92,1,0.85,0.27,0.3,0.09,0.91,207,0.59,0,0
Solar Parks,Gujarat,Ahmedabad,13.49,25,0.52,0.9,0,0.38,0.48,0.28,0.47,0.48,210,0.61,1,202
Solar Parks,West Bengal,Paschim Bardhaman,19.45,8,0.39,0.25,0,0.35,0.86,0.87,0.53,0.67,229,0.53,1,283
Railways,Rajasthan,Jaipur,7.87,32,0.37,0.41,1,0.32,0.1,0.99,0.16,0.35,103,0.61,1,283
Water Resources,Karnataka,Mysuru,32.39,21,0.83,0.32,0,0.45,0.93,0.73,0.1,0.28,208,0.54,1,224
Urban Infrastructure,Gujarat,Rajkot,6.14,22,0.27,0.62,0,0.18,0.15,0.96,0.24,0.61,247,0.07,0,0
Urban Infrastructure,Bihar,Bhagalpur,48.83,74,0.24,0.78,0,0.7,0.25,0.41,0.11,0.62,132,0.26,0,0
Railways,Odisha,Cuttack,24.1,39,0.28,0.43,1,0.84,0.13,0.66,0.1,0.48,141,0.25,1,277
Urban Infrastructure,Madhya Pradesh,Indore,20.1,13,0.63,0.79,0,0.7,0.57,0.56,0.45,0.43,229,0.18,0,0
Mining,Tamil Nadu,Tiruchirappalli,22.91,62,0.79,0.72,0,0.48,0.95,0.53,0.78,0.48,222,0.53,0,0
Urban Infrastructure,Gujarat,Surat,31.55,57,0.38,0.77,1,0.36,0.86,0.67,0.65,0.8,120,0.36,1,218
Urban Infrastructure,Uttar Pradesh,Agra,53.21,89,0.25,0.94,0,0.47,0.68,0.38,0.66,0.47,101,0.55,0,0
Urban Infrastructure,Uttar Pradesh,Varanasi,94.98,130,0.28,0.53,0,0.48,0.27,0.68,0.29,0.89,154,0.41,1,371
Mining,Gujarat,Ahmedabad,74.52,142,0.63,0.47,1,0.7,0.88,0.71,0.06,0.28,93,0.4,1,251
Water Resources,Uttar Pradesh,Gorakhpur,197.42,97,0.31,0.73,0,0.94,0.78,0.85,0.46,0.9,121,0.28,0,0
Urban Infrastructure,Odisha,Jharsuguda,56.84,91,0.85,0.83,0,0.16,0.34,0.76,0.39,0.72,129,0.52,0,0
Industrial Corridors,Uttar Pradesh,Varanasi,37.05,41,0.19,0.35,1,0.96,0.82,0.39,0.9,0.46,210,0.46,1,203
Mining,Rajasthan,Bhilwara,22.97,27,0.13,0.86,0,0.92,0.89,0.51,0.11,0.21,222,0.25,0,0
Railways,Madhya Pradesh,Ujjain,23.59,40,0.18,0.25,0,0.21,0.73,0.21,0.75,0.8,210,0.65,1,254
Highways,Uttar Pradesh,Lucknow,50.97,91,0.82,0.2,1,0.27,0.19,0.33,0.4,0.93,122,0.33,1,297
Railways,Madhya Pradesh,Gwalior,14.89,20,0.65,0.32,1,0.38,0.99,0.57,0.8,0.94,156,0.24,1,210
Highways,Karnataka,Mysuru,39.77,33,0.91,0.96,0,0.6,0.17,0.19,0.5,0.52,139,0.46,0,0
Railways,Maharashtra,Nashik,32.62,39,0.39,0.61,0,0.22,0.69,0.61,0.79,0.25,169,0.18,1,179
Industrial Corridors,Odisha,Bhubaneswar,18.5,48,0.28,0.24,1,0.28,0.2,0.45,0.47,0.44,193,0.55,1,304
Highways,Maharashtra,Pune,14.28,29,0.58,0.98,1,0.91,0.91,0.13,0.41,0.43,138,0.46,1,225
Highways,Karnataka,Mysuru,249.58,205,0.56,0.78,0,0.2,0.41,0.49,0.92,0.28,114,0.57,1,194
Solar Parks,Odisha,Sundargarh,10.83,12,0.6,0.85,0,0.46,0.56,0.35,0.38,0.59,230,0.25,0,0
Highways,Gujarat,Ahmedabad,31.37,47,0.4,0.37,0,0.79,0.26,0.16,0.77,0.65,208,0.56,1,179
Highways,Gujarat,Surat,88.06,67,0.11,0.28,0,0.9,0.59,0.36,0.11,0.75,175,0.35,1,204
Solar Parks,Madhya Pradesh,Gwalior,50.56,60,0.13,0.6,0,0.4,0.94,0.36,0.11,0.24,112,0.09,1,184
Urban Infrastructure,Karnataka,Bengaluru Urban,22.67,35,0.66,0.8,0,0.25,0.91,0.42,0.44,0.41,198,0.17,1,182
Urban Infrastructure,Madhya Pradesh,Gwalior,12.76,17,0.54,0.7,0,0.76,0.16,0.43,0.58,0.47,152,0.18,0,0
Solar Parks,Tamil Nadu,Coimbatore,36.74,43,0.8,0.69,1,0.8,0.44,0.49,0.6,0.87,60,0.51,1,264
Mining,Uttar Pradesh,Lucknow,4.01,15,0.36,0.79,0,0.98,0.34,0.18,0.08,0.88,136,0.17,1,158
Highways,West Bengal,Paschim Bardhaman,37.94,47,0.79,0.38,0,0.23,0.53,0.1,0.68,0.39,180,0.39,0,0
Highways,Tamil Nadu,Kanchipuram,34.05,40,0.46,0.72,1,0.74,0.85,0.76,0.17,0.57,150,0.44,1,269
Solar Parks,Uttar Pradesh,Varanasi,77.95,87,0.18,0.51,0,0.48,0.76,0.4,0.91,0.52,182,0.51,0,0
Solar Parks,Odisha,Cuttack,13.27,15,0.93,0.25,0,0.92,0.41,0.65,0.35,0.6,180,0.52,1,237
Mining,Madhya Pradesh,Gwalior,25.56,32,0.54,0.36,0,0.47,0.44,0.38,0.29,0.41,110,0.48,1,243
Industrial Corridors,Odisha,Sundargarh,46.97,80,0.64,0.82,0,0.5,0.69,0.99,0.31,0.55,190,0.18,0,0
Urban Infrastructure,Odisha,Jharsuguda,39.03,81,0.67,0.9,0,0.21,0.27,0.38,0.89,0.31,194,0.38,1,179
Railways,Uttar Pradesh,Kanpur,11.31,28,0.41,0.42,1,0.39,0.19,0.64,0.48,0.73,158,0.22,1,260
Industrial Corridors,Karnataka,Ballari,19.73,37,0.74,0.35,0,0.46,0.32,0.3,0.44,0.48,160,0.52,1,273
Water Resources,Uttar Pradesh,Agra,101.49,148,0.84,0.22,1,0.12,0.21,0.57,0.56,0.61,160,0.5,1,291
Urban Infrastructure,Bihar,Muzaffarpur,40.75,77,0.43,0.94,1,0.49,0.42,0.62,0.89,0.65,228,0.19,1,221
Highways,Gujarat,Surat,8.75,30,0.66,0.73,1,0.4,0.94,0.26,0.33,0.83,177,0.43,1,323
Water Resources,Gujarat,Ahmedabad,67.13,75,0.74,0.95,0,0.82,0.21,0.21,0.21,0.26,165,0.09,0,0
Industrial Corridors,Tamil Nadu,Coimbatore,9.21,33,0.26,0.87,1,0.2,0.84,0.98,0.59,0.56,181,0.51,0,0
Solar Parks,Gujarat,Kutch,25.9,45,0.38,0.47,0,0.78,0.58,0.9,0.49,0.87,180,0.52,0,0
Mining,Uttar Pradesh,Agra,51.97,74,0.19,0.29,0,0.74,0.67,0.69,0.11,0.45,155,0.26,0,0
Urban Infrastructure,Rajasthan,Bhilwara,87.44,114,0.61,0.59,1,0.32,0.25,0.87,0.52,0.53,99,0.53,1,303
Mining,Madhya Pradesh,Gwalior,5.1,26,0.78,0.22,0,0.17,0.24,0.19,0.56,0.26,164,0.56,1,257
Water Resources,Uttar Pradesh,Agra,58.51,90,0.62,0.32,0,0.86,0.25,0.76,0.67,0.76,186,0.16,1,156
Urban Infrastructure,Uttar Pradesh,Gorakhpur,65.98,46,0.25,0.38,0,0.32,0.7,0.36,0.95,0.26,173,0.26,1,174
Industrial Corridors,West Bengal,Murshidabad,21.21,20,0.56,0.72,0,0.23,0.77,0.59,0.43,0.67,137,0.21,1,243
Highways,Madhya Pradesh,Bhopal,35.61,58,0.81,0.6,0,0.42,0.93,0.79,0.51,0.48,151,0.27,0,0
Railways,Bihar,Darbhanga,2.88,5,0.36,0.44,0,0.46,0.46,0.13,0.12,0.45,204,0.32,0,0
Mining,Gujarat,Surat,3.68,24,0.81,0.64,0,0.39,0.52,0.73,0.8,0.64,84,0.36,0,0
Mining,Madhya Pradesh,Bhopal,80.38,86,0.77,0.3,1,0.98,0.52,0.49,0.14,0.63,126,0.07,1,247
Railways,Gujarat,Surat,21.52,28,0.12,0.79,0,0.89,0.34,0.5,0.89,0.5,165,0.08,0,0
Mining,Tamil Nadu,Salem,25.1,50,0.3,0.76,0,0.89,0.4,0.92,0.36,0.41,206,0.44,0,0
Mining,Madhya Pradesh,Gwalior,39.95,38,0.56,0.37,0,0.46,0.86,0.87,0.35,0.58,241,0.32,1,221
Urban Infrastructure,Gujarat,Kutch,24.71,41,0.71,0.67,1,0.97,0.41,0.15,0.35,0.4,200,0.1,1,242
Urban Infrastructure,Bihar,Bhagalpur,22.94,24,0.85,0.59,0,0.72,0.88,0.66,0.91,0.28,133,0.28,1,158
Railways,Maharashtra,Aurangabad,45.4,62,0.64,0.25,0,0.85,0.37,0.49,0.93,0.8,80,0.34,0,0
Water Resources,Odisha,Cuttack,10.01,17,0.42,0.42,1,0.55,0.41,0.21,0.93,0.73,244,0.43,1,289
Highways,Odisha,Jharsuguda,83.76,112,0.26,0.98,1,0.24,0.6,0.87,0.68,0.26,122,0.12,0,0
Industrial Corridors,Bihar,Patna,27.54,28,0.75,0.28,0,0.9,0.19,0.16,0.15,0.32,166,0.65,1,238
Industrial Corridors,West Bengal,Murshidabad,14.81,42,0.28,0.6,1,0.54,0.93,0.13,0.4,0.28,154,0.33,1,289
Water Resources,Maharashtra,Thane,13.3,40,0.69,0.86,1,0.97,0.84,0.28,0.31,0.79,156,0.46,1,245
Mining,Tamil Nadu,Salem,34.26,34,0.25,0.43,0,0.33,0.7,0.37,0.69,0.78,107,0.59,0,0
Highways,Bihar,Gaya,25.92,52,0.18,0.4,0,0.99,0.99,0.15,0.49,0.51,240,0.07,0,0
Railways,Odisha,Bhubaneswar,9.59,21,0.31,0.89,0,0.3,0.11,0.68,0.6,0.82,120,0.41,1,277
Water Resources,Odisha,Angul,20.46,57,0.34,0.44,0,0.43,0.47,0.49,0.06,0.93,167,0.37,1,232
Railways,Odisha,Bhubaneswar,17.33,45,0.65,0.71,0,0.63,0.87,0.47,0.75,0.93,139,0.08,0,0
Urban Infrastructure,Karnataka,Belagavi,90.88,123,0.24,0.78,1,0.72,0.49,0.23,0.91,0.94,187,0.47,1,198
Mining,Bihar,Darbhanga,36.76,60,0.89,0.82,1,0.75,0.1,0.49,0.65,0.83,150,0.18,1,221
Solar Parks,Uttar Pradesh,Agra,116.22,143,0.57,0.98,1,0.53,0.24,0.45,0.82,0.36,145,0.47,1,289
Railways,Tamil Nadu,Tiruchirappalli,18.77,39,0.52,0.83,1,0.17,0.49,0.45,0.48,0.24,208,0.27,1,277
Water Resources,Odisha,Bhubaneswar,26.24,23,0.47,0.71,0,0.55,0.7,0.3,0.07,0.81,145,0.51,0,0
Mining,Gujarat,Rajkot,45.12,70,0.58,0.9,0,0.4,0.25,0.18,0.94,0.43,223,0.62,1,181
Highways,Bihar,Patna,53.69,101,0.12,0.91,0,0.69,0.5,0.33,0.1,0.45,104,0.57,1,161
Water Resources,Karnataka,Dakshina Kannada,58.96,104,0.94,0.96,0,0.26,0.11,0.7,0.22,0.25,148,0.34,1,245
Urban Infrastructure,Bihar,Darbhanga,16.28,49,0.57,0.81,0,0.45,0.53,0.17,0.1,0.74,121,0.19,0,0
Industrial Corridors,Tamil Nadu,Salem,16.65,31,0.13,0.35,0,0.97,0.91,0.44,0.61,0.52,161,0.65,0,0
Highways,Karnataka,Bengaluru Urban,24.92,43,0.6,0.75,1,0.18,0.64,0.56,0.57,0.35,98,0.45,0,0
Railways,Tamil Nadu,Kanchipuram,108.28,165,0.47,0.26,1,0.64,0.5,0.97,0.24,0.69,187,0.29,1,236
Railways,Bihar,Bhagalpur,14.87,32,0.12,0.45,0,0.18,0.25,0.86,0.91,0.93,192,0.34,0,0
Highways,Uttar Pradesh,Varanasi,21.72,39,0.89,0.29,1,0.24,0.28,0.92,0.87,0.57,227,0.13,1,294
Railways,Tamil Nadu,Tiruchirappalli,59.38,78,0.11,0.94,0,0.64,0.17,0.84,0.3,0.65,198,0.35,0,0
Water Resources,Karnataka,Dakshina Kannada,56.89,53,0.59,0.46,0,0.5,0.77,0.63,0.64,0.32,197,0.15,0,0
Mining,Karnataka,Belagavi,51.64,91,0.92,0.76,1,0.59,0.17,0.87,0.82,0.32,190,0.27,1,270
Railways,Tamil Nadu,Salem,35.33,45,0.3,0.65,0,0.89,0.45,0.61,0.37,0.54,150,0.35,1,160
Urban Infrastructure,Rajasthan,Udaipur,14.12,24,0.32,0.28,1,0.84,0.77,0.42,0.28,0.83,232,0.62,0,0
Mining,Bihar,Muzaffarpur,19.06,29,0.1,0.64,0,0.9,0.74,0.44,0.28,0.88,184,0.42,0,0
Water Resources,Rajasthan,Jaipur,81.55,140,0.16,0.72,0,0.65,0.62,0.61,0.79,0.68,271,0.27,1,135
Solar Parks,West Bengal,Murshidabad,61.49,98,0.14,0.89,1,0.54,0.61,0.83,0.47,0.47,238,0.12,1,383
Railways,Bihar,Muzaffarpur,11.38,23,0.8,0.25,1,0.51,0.18,0.22,0.69,0.76,175,0.5,1,269
Railways,Tamil Nadu,Kanchipuram,66.39,84,0.81,0.43,0,0.77,0.26,0.14,0.64,0.42,177,0.33,0,0
Urban Infrastructure,Maharashtra,Thane,94.35,92,0.72,0.74,0,0.57,0.58,0.81,0.33,0.36,197,0.09,0,0
Water Resources,Tamil Nadu,Madurai,34.57,30,0.4,0.23,0,0.2,0.41,0.68,0.24,0.8,231,0.44,1,236
Urban Infrastructure,Rajasthan,Bhilwara,46.57,64,0.8,0.36,0,0.23,0.12,0.84,0.16,0.76,90,0.26,1,199
Industrial Corridors,Uttar Pradesh,Kanpur,74.38,123,0.56,0.37,0,0.42,0.82,0.98,0.07,0.86,219,0.29,1,272
Water Resources,Tamil Nadu,Salem,18.98,20,0.36,0.72,1,0.16,0.69,0.33,0.12,0.63,176,0.55,1,254
Highways,Tamil Nadu,Madurai,213.51,216,0.47,0.42,0,0.32,0.39,0.27,0.28,0.87,208,0.13,1,292
Highways,Uttar Pradesh,Gorakhpur,88.1,38,0.16,0.67,0,0.69,0.19,0.41,0.69,0.22,127,0.25,0,0
Highways,Tamil Nadu,Kanchipuram,50.36,78,0.9,0.95,1,0.11,0.63,0.89,0.19,0.39,125,0.27,0,0
Urban Infrastructure,Odisha,Angul,32.21,32,0.63,0.82,1,0.64,0.41,0.11,0.52,0.8,175,0.05,0,0
Highways,Maharashtra,Pune,49.2,61,0.72,0.46,1,0.8,0.33,0.11,0.27,0.52,203,0.56,1,296
Water Resources,Gujarat,Surat,9.5,12,0.68,0.57,0,0.25,0.75,0.3,0.51,0.38,104,0.55,0,0
Highways,Maharashtra,Aurangabad,175.15,288,0.67,0.36,1,0.26,0.4,0.44,0.73,0.8,142,0.45,1,302
Solar Parks,Tamil Nadu,Tiruchirappalli,81.7,121,0.11,0.21,0,0.13,0.22,0.37,0.29,0.82,106,0.59,1,224
Highways,Odisha,Cuttack,106.83,91,0.55,0.43,0,0.56,0.53,0.84,0.36,0.54,178,0.21,0,0
Railways,Bihar,Muzaffarpur,33.94,59,0.8,0.49,1,0.69,0.85,0.72,0.7,0.55,249,0.18,0,0
Industrial Corridors,Tamil Nadu,Kanchipuram,24.82,39,0.14,0.64,0,0.51,0.86,0.85,0.54,0.79,144,0.09,0,0
Urban Infrastructure,Rajasthan,Jaipur,19.31,27,0.91,0.94,0,0.45,0.86,0.45,0.14,0.78,195,0.41,0,0
Mining,Odisha,Cuttack,63.49,91,0.46,0.94,1,0.51,0.48,0.64,0.73,0.85,165,0.35,0,0
Industrial Corridors,Uttar Pradesh,Agra,21.98,51,0.35,0.25,0,0.8,0.81,0.56,0.3,0.68,176,0.54,0,0
Solar Parks,Odisha,Bhubaneswar,28.51,37,0.55,0.68,1,0.13,0.87,0.53,0.4,0.34,133,0.34,1,285
Urban Infrastructure,Uttar Pradesh,Kanpur,51.27,84,0.78,0.23,1,0.81,0.51,0.36,0.27,0.61,189,0.17,0,0
Water Resources,West Bengal,Murshidabad,19.54,30,0.5,0.71,1,0.7,0.39,0.74,0.54,0.49,150,0.54,0,0
Urban Infrastructure,Gujarat,Surat,76.34,87,0.65,0.29,0,0.32,0.73,0.57,0.69,0.22,240,0.32,1,196
Railways,Madhya Pradesh,Jabalpur,32.65,71,0.52,0.94,0,0.57,0.91,0.17,0.77,0.35,137,0.62,1,154
Water Resources,Odisha,Cuttack,9.91,30,0.64,0.87,1,0.14,0.97,0.1,0.88,0.35,204,0.37,1,286
Industrial Corridors,Karnataka,Belagavi,19.38,29,0.22,0.22,1,0.44,0.36,0.12,0.37,0.26,248,0.12,1,274
Industrial Corridors,Rajasthan,Jaipur,94.31,134,0.13,0.81,0,0.26,0.96,0.17,0.89,0.54,213,0.56,0,0
Highways,Tamil Nadu,Coimbatore,15.65,41,0.22,0.7,0,0.12,0.55,0.43,0.61,0.58,119,0.58,1,177
Water Resources,Rajasthan,Bhilwara,67.71,134,0.34,0.59,0,0.42,0.38,0.38,0.4,0.46,115,0.32,1,178
Railways,Maharashtra,Pune,36.5,24,0.32,0.67,1,0.75,0.99,0.24,0.85,0.51,180,0.07,0,0
Highways,Madhya Pradesh,Indore,28.87,33,0.62,0.73,1,0.93,0.89,0.56,0.57,0.61,162,0.07,0,0
Highways,Maharashtra,Nagpur,247.17,175,0.49,0.89,0,0.7,0.72,0.97,0.46,0.29,183,0.26,1,143
Urban Infrastructure,West Bengal,Murshidabad,11.85,24,0.13,0.8,1,0.46,0.91,0.24,0.06,0.62,213,0.48,1,296
Industrial Corridors,Madhya Pradesh,Gwalior,18.32,30,0.13,0.65,1,1.0,0.71,0.33,0.7,0.73,163,0.25,0,0
Highways,Madhya Pradesh,Ujjain,32.5,45,0.18,0.84,0,0.35,0.5,0.52,0.12,0.86,131,0.05,1,186
Solar Parks,Maharashtra,Nashik,228.74,189,0.4,0.97,0,0.27,0.95,0.68,0.31,0.43,169,0.56,1,170
Solar Parks,Uttar Pradesh,Lucknow,32.56,45,0.11,0.43,0,0.52,0.97,0.64,0.92,0.76,228,0.63,0,0
Industrial Corridors,Maharashtra,Nashik,41.24,42,0.52,0.29,1,0.55,0.38,0.57,0.19,0.65,161,0.26,1,313
Solar Parks,Rajasthan,Kota,25.31,46,0.41,0.77,0,0.42,0.42,0.76,0.33,0.58,256,0.09,1,198
Urban Infrastructure,Uttar Pradesh,Kanpur,44.12,73,0.57,0.96,0,0.73,0.44,0.86,0.89,0.89,199,0.22,0,0
Railways,Rajasthan,Bhilwara,26.6,17,0.71,0.29,0,0.27,0.84,1.0,0.35,0.67,195,0.53,0,0
Mining,West Bengal,Howrah,57.76,122,0.31,0.54,1,0.56,0.81,0.52,0.35,0.47,135,0.38,1,304
Highways,Tamil Nadu,Salem,61.52,105,0.23,0.25,0,0.55,0.98,1.0,0.63,0.73,154,0.28,0,0
Mining,Bihar,Bhagalpur,27.46,62,0.34,0.81,0,0.84,0.52,0.76,0.17,0.92,183,0.25,0,0
Railways,Uttar Pradesh,Agra,13.46,37,0.1,0.94,0,0.93,0.76,0.69,0.93,0.89,158,0.12,0,0
Railways,West Bengal,Murshidabad,35.69,51,0.2,0.59,0,0.7,0.87,0.68,0.3,0.94,216,0.25,0,0
Urban Infrastructure,Karnataka,Ballari,101.67,187,0.74,0.52,1,0.37,0.3,0.92,0.76,0.27,169,0.33,1,374
Solar Parks,West Bengal,North 24 Parganas,17.09,16,0.29,0.91,1,0.72,0.66,0.95,0.31,0.53,133,0.45,0,0
Solar Parks,Maharashtra,Thane,43.26,94,0.95,0.3,1,0.33,0.59,0.26,0.3,0.52,175,0.21,1,269
Railways,Maharashtra,Nashik,12.62,47,0.24,0.9,0,0.97,0.77,0.54,0.1,0.49,145,0.59,0,0
Urban Infrastructure,Bihar,Muzaffarpur,14.41,40,0.77,0.51,0,0.84,0.73,0.95,0.16,0.33,192,0.34,0,0
Urban Infrastructure,West Bengal,Howrah,93.72,78,0.7,0.64,0,0.49,0.83,0.44,0.52,0.82,138,0.29,1,267
Industrial Corridors,Gujarat,Kutch,57.58,48,0.37,0.61,1,0.81,0.38,0.31,0.57,0.7,245,0.41,1,246
Water Resources,Tamil Nadu,Madurai,43.78,64,0.38,0.68,0,0.47,0.29,0.19,0.78,0.65,95,0.15,0,0
Highways,Maharashtra,Aurangabad,5.17,30,0.58,0.93,1,0.17,0.82,0.64,0.1,0.54,147,0.11,1,249
Water Resources,Bihar,Darbhanga,21.28,30,0.82,0.94,1,0.74,0.42,0.73,0.37,0.49,170,0.26,1,266
Solar Parks,Tamil Nadu,Salem,53.81,86,0.43,0.85,1,0.46,0.36,0.28,0.23,0.79,141,0.07,1,213
Railways,West Bengal,North 24 Parganas,10.39,27,0.15,0.35,0,0.94,0.4,0.71,0.37,0.6,61,0.28,0,0
Industrial Corridors,West Bengal,Hooghly,24.95,24,0.42,0.46,0,0.38,0.16,0.91,0.37,0.66,250,0.45,0,0
Mining,Madhya Pradesh,Gwalior,61.15,59,0.28,0.58,0,0.86,0.8,0.32,0.37,0.28,197,0.54,0,0
Solar Parks,Bihar,Darbhanga,9.89,20,0.9,0.91,1,0.71,0.74,0.21,0.33,0.55,108,0.4,0,0
Highways,Maharashtra,Aurangabad,8.64,41,0.69,0.61,1,0.87,0.6,0.85,0.74,0.3,114,0.46,0,0
Urban Infrastructure,Gujarat,Vadodara,10.02,9,0.14,0.96,0,0.36,0.74,0.92,0.67,0.24,98,0.55,0,0
Railways,West Bengal,Howrah,43.28,98,0.35,0.97,0,0.52,0.44,0.29,0.36,0.72,158,0.51,1,195
Solar Parks,Gujarat,Rajkot,21.21,53,0.14,0.67,0,0.84,0.37,0.75,0.18,0.41,230,0.24,0,0
Mining,West Bengal,Paschim Bardhaman,66.85,84,0.81,0.88,1,0.68,0.88,0.63,0.52,0.92,151,0.39,0,0
Highways,Maharashtra,Nagpur,36.48,46,0.87,0.98,0,0.42,0.48,0.32,0.88,0.65,144,0.21,1,218
Highways,Tamil Nadu,Madurai,149.07,123,0.2,0.86,1,0.56,0.28,0.84,0.16,0.68,208,0.4,1,222
Industrial Corridors,Odisha,Sundargarh,12.31,28,0.47,0.71,0,1.0,0.77,0.52,0.73,0.35,179,0.31,0,0
Solar Parks,Tamil Nadu,Madurai,43.18,66,0.89,0.86,1,0.77,0.4,0.73,0.59,0.3,162,0.27,1,267
Mining,West Bengal,Murshidabad,17.53,27,0.22,0.26,0,0.65,0.29,0.37,0.58,0.59,197,0.16,1,193
Highways,Rajasthan,Kota,53.53,58,0.35,0.7,0,0.85,0.12,0.83,0.89,0.89,85,0.39,0,0
Railways,Odisha,Jharsuguda,36.45,26,0.36,0.37,1,0.5,0.97,0.34,0.91,0.24,185,0.49,1,233
Highways,Odisha,Cuttack,14.96,48,0.13,0.29,0,0.96,0.52,0.43,0.27,0.58,222,0.39,0,0
Mining,Gujarat,Vadodara,29.2,47,0.13,0.9,0,0.6,0.25,0.45,0.78,0.35,109,0.09,0,0
Urban Infrastructure,Bihar,Muzaffarpur,35.11,54,0.91,0.7,1,0.39,0.78,0.29,0.61,0.79,148,0.6,1,288
Urban Infrastructure,Gujarat,Rajkot,20.5,11,0.59,0.39,1,0.18,0.9,0.89,0.42,0.71,77,0.05,1,248
Industrial Corridors,Gujarat,Vadodara,59.25,123,0.36,0.5,1,0.44,0.58,0.2,0.65,0.27,145,0.58,1,268
Solar Parks,Rajasthan,Jodhpur,14.51,25,0.42,0.96,0,0.61,0.13,0.61,0.91,0.66,135,0.51,1,233
Mining,Tamil Nadu,Coimbatore,176.41,240,0.71,0.87,1,0.73,0.43,0.83,0.52,0.94,241,0.11,1,303
Industrial Corridors,Tamil Nadu,Madurai,71.02,105,0.41,0.21,1,0.89,0.32,0.62,0.9,0.6,144,0.19,1,307
Water Resources,Karnataka,Belagavi,43.77,67,0.29,0.96,0,0.95,0.67,0.39,0.63,0.41,178,0.26,1,160
Highways,West Bengal,Paschim Bardhaman,322.55,243,0.19,0.49,1,0.19,0.57,0.8,0.48,0.31,225,0.6,1,266
Water Resources,Rajasthan,Udaipur,25.86,47,0.72,0.74,0,0.64,0.42,0.55,0.63,0.94,66,0.64,1,163
Highways,Karnataka,Belagavi,54.01,55,0.25,0.76,0,0.7,0.68,0.25,0.59,0.62,170,0.1,0,0
Urban Infrastructure,Maharashtra,Thane,39.57,40,0.16,0.91,0,0.25,0.63,0.39,0.43,0.48,115,0.29,0,0
Industrial Corridors,West Bengal,North 24 Parganas,62.68,106,0.46,0.89,1,0.59,0.92,0.63,0.56,0.36,116,0.14,1,189
Urban Infrastructure,West Bengal,Paschim Bardhaman,109.61,162,0.13,0.42,0,0.4,0.64,0.69,0.68,0.91,126,0.22,0,0
Railways,Madhya Pradesh,Gwalior,51.38,91,0.92,0.7,1,0.17,0.56,0.59,0.8,0.67,142,0.64,1,250
Water Resources,Madhya Pradesh,Indore,76.21,139,0.63,0.51,0,0.16,0.84,0.34,0.32,0.24,118,0.64,0,0
Water Resources,Uttar Pradesh,Kanpur,21.32,20,0.23,0.61,0,0.78,0.28,0.63,0.06,0.24,145,0.33,0,0
Urban Infrastructure,Uttar Pradesh,Kanpur,28.08,53,0.25,0.63,0,0.65,0.32,0.4,0.55,0.9,208,0.16,0,0
Railways,Gujarat,Rajkot,122.81,81,0.58,0.51,1,0.74,0.81,0.3,0.49,0.73,186,0.38,1,261
Highways,Maharashtra,Nashik,53.38,82,0.4,0.56,0,0.72,0.5,0.95,0.1,0.28,286,0.24,0,0
Industrial Corridors,Odisha,Angul,40.39,72,0.76,0.36,0,0.22,0.47,0.38,0.62,0.67,172,0.61,1,231
Railways,Odisha,Cuttack,18.13,34,0.56,0.67,1,0.24,0.9,0.4,0.9,0.51,191,0.54,1,240
Industrial Corridors,Madhya Pradesh,Indore,71.76,60,0.47,0.79,1,0.33,0.65,0.91,0.41,0.79,221,0.24,1,209
Water Resources,Madhya Pradesh,Gwalior,17.72,26,0.92,0.54,1,0.46,0.82,0.23,0.85,0.41,111,0.06,1,260
Industrial Corridors,Madhya Pradesh,Bhopal,14.0,9,0.43,0.96,1,0.95,0.83,0.63,0.78,0.49,220,0.65,0,0
Water Resources,Rajasthan,Kota,36.3,49,0.44,0.24,0,0.71,0.21,0.81,0.2,0.33,120,0.46,0,0
Railways,Bihar,Muzaffarpur,4.85,28,0.67,0.66,0,0.33,0.69,0.35,0.76,0.39,183,0.31,0,0
Water Resources,Uttar Pradesh,Kanpur,53.99,71,0.79,0.66,0,0.15,0.96,0.86,0.52,0.34,205,0.22,0,0
Solar Parks,Rajasthan,Bhilwara,44.77,24,0.63,0.23,0,0.72,0.53,0.79,0.88,0.22,76,0.05,0,0
Water Resources,Tamil Nadu,Tiruchirappalli,24.97,17,0.69,0.38,0,0.66,0.76,0.54,0.22,0.23,145,0.14,0,0
Urban Infrastructure,Odisha,Angul,26.85,35,0.42,0.91,0,0.71,0.61,0.21,0.16,0.83,159,0.05,0,0
Railways,West Bengal,North 24 Parganas,30.1,51,0.51,0.62,0,0.34,0.28,0.97,0.27,0.8,111,0.41,1,167
Highways,Uttar Pradesh,Gorakhpur,17.61,46,0.27,0.54,0,0.57,0.28,0.66,0.1,0.31,177,0.45,1,200
Industrial Corridors,Karnataka,Bengaluru Urban,38.38,93,0.68,0.52,0,0.43,0.49,0.57,0.34,0.7,238,0.51,0,0
Mining,Tamil Nadu,Tiruchirappalli,27.13,14,0.29,0.89,0,0.84,0.53,0.9,0.3,0.76,118,0.16,0,0
Railways,Uttar Pradesh,Lucknow,36.23,60,0.1,0.49,0,0.16,0.55,0.48,0.42,0.24,215,0.11,0,0
Urban Infrastructure,Rajasthan,Kota,29.24,54,0.89,0.87,0,0.35,0.96,0.61,0.47,0.27,184,0.44,1,222
Water Resources,Maharashtra,Thane,24.98,42,0.36,0.44,0,0.64,0.19,0.87,0.18,0.62,101,0.35,0,0
Industrial Corridors,West Bengal,Howrah,41.38,60,0.27,0.61,0,0.28,0.44,0.45,0.61,0.48,143,0.58,0,0
Solar Parks,Uttar Pradesh,Lucknow,61.86,57,0.33,0.31,0,0.71,0.56,0.8,0.25,0.72,173,0.37,1,170
Highways,Bihar,Gaya,21.76,46,0.38,0.84,0,0.22,0.97,0.33,0.16,0.62,233,0.32,1,198
Solar Parks,Madhya Pradesh,Jabalpur,45.44,60,0.5,0.77,0,0.12,0.55,0.73,0.69,0.22,198,0.34,1,194
Mining,Madhya Pradesh,Gwalior,50.18,22,0.16,0.61,1,0.88,0.8,0.56,0.07,0.71,131,0.52,1,198
Railways,West Bengal,North 24 Parganas,11.86,17,0.14,0.22,0,0.4,0.77,0.25,0.38,0.35,180,0.06,0,0
Industrial Corridors,Rajasthan,Bhilwara,72.33,99,0.35,0.58,0,0.24,0.61,0.22,0.18,0.43,36,0.6,1,206
Railways,Madhya Pradesh,Bhopal,171.6,142,0.35,0.38,1,0.26,0.22,0.51,0.84,0.75,202,0.48,1,283
Urban Infrastructure,Uttar Pradesh,Agra,30.86,38,0.2,0.52,0,0.9,0.3,0.74,0.79,0.78,127,0.58,0,0
Railways,Karnataka,Belagavi,28.88,42,0.44,0.87,1,0.69,0.32,0.64,0.1,0.46,114,0.63,0,0
Highways,Odisha,Jharsuguda,27.93,71,0.34,0.8,0,0.96,0.13,0.87,0.55,0.27,148,0.19,0,0
Mining,Odisha,Sundargarh,54.41,75,0.12,0.39,0,0.82,0.44,0.45,0.32,0.78,106,0.4,0,0
Solar Parks,Tamil Nadu,Kanchipuram,49.83,56,0.85,0.97,1,0.79,0.65,0.86,0.22,0.85,153,0.34,1,195
Mining,Gujarat,Kutch,9.28,18,0.85,0.9,1,0.55,0.23,0.13,0.33,0.92,209,0.37,1,263
Industrial Corridors,Maharashtra,Nashik,16.56,33,0.28,0.61,0,0.84,0.26,0.43,0.78,0.44,73,0.08,0,0
Railways,West Bengal,North 24 Parganas,49.69,40,0.24,0.61,1,0.47,0.74,0.17,0.1,0.29,159,0.6,1,261
Industrial Corridors,Tamil Nadu,Salem,29.49,36,0.57,0.9,1,0.84,0.25,0.93,0.63,0.9,155,0.62,1,228
Solar Parks,Gujarat,Vadodara,13.03,28,0.64,0.7,1,0.78,0.22,0.53,0.87,0.5,185,0.46,1,248
Industrial Corridors,Rajasthan,Kota,109.97,140,0.91,0.62,1,0.71,0.98,0.38,0.45,0.27,153,0.2,1,228
Urban Infrastructure,Bihar,Patna,17.47,46,0.42,0.78,1,0.4,0.11,0.54,0.86,0.57,205,0.52,1,275
Mining,Bihar,Muzaffarpur,34.08,60,0.63,0.38,0,0.67,0.39,0.58,0.87,0.34,223,0.49,1,238
Solar Parks,Maharashtra,Thane,28.87,20,0.85,0.89,0,0.56,0.13,0.86,0.6,0.47,208,0.39,0,0
Solar Parks,Madhya Pradesh,Ujjain,13.97,16,0.48,0.61,1,0.52,0.85,0.59,0.46,0.44,129,0.15,0,0
Water Resources,Uttar Pradesh,Gorakhpur,38.4,46,0.2,0.67,1,0.99,0.63,0.49,0.71,0.94,249,0.17,1,283
Solar Parks,Tamil Nadu,Kanchipuram,45.32,81,0.42,0.27,0,0.55,0.14,0.97,0.87,0.68,110,0.4,1,158
Water Resources,Tamil Nadu,Madurai,22.78,50,0.22,0.44,1,0.13,0.65,0.97,0.66,0.57,194,0.13,1,208
Highways,West Bengal,Paschim Bardhaman,25.31,46,0.11,0.53,0,0.66,0.21,0.13,0.24,0.59,214,0.48,1,243
Water Resources,West Bengal,Howrah,53.54,61,0.74,0.52,1,0.76,0.55,0.74,0.79,0.65,256,0.18,0,0
Mining,Bihar,Darbhanga,6.82,28,0.3,0.81,1,0.9,0.7,0.43,0.91,0.85,208,0.6,0,0
Industrial Corridors,Bihar,Bhagalpur,16.84,47,0.1,0.42,1,0.67,0.23,0.71,0.42,0.31,128,0.59,1,263
Water Resources,Karnataka,Mysuru,39.28,63,0.84,0.34,1,0.12,0.55,0.67,0.68,0.65,204,0.23,0,0
Solar Parks,Karnataka,Bengaluru Urban,21.73,40,0.48,0.65,0,0.21,0.51,0.4,0.52,0.44,156,0.1,1,188
Mining,Madhya Pradesh,Bhopal,21.48,29,0.3,0.68,1,0.25,0.92,0.99,0.15,0.63,212,0.42,1,218
Water Resources,Karnataka,Bengaluru Urban,68.13,85,0.32,0.29,0,0.29,1.0,0.42,0.36,0.59,171,0.32,1,214
Water Resources,Uttar Pradesh,Varanasi,19.95,32,0.3,0.2,0,0.82,0.69,0.67,0.2,0.22,227,0.14,1,208
Solar Parks,Uttar Pradesh,Lucknow,161.31,169,0.27,0.92,0,0.38,0.87,0.83,0.66,0.64,164,0.37,0,0
Urban Infrastructure,Tamil Nadu,Kanchipuram,8.14,24,0.82,0.26,1,0.38,0.68,0.23,0.57,0.73,205,0.65,1,357
Urban Infrastructure,Odisha,Sundargarh,5.64,23,0.24,0.9,1,0.78,0.89,0.37,0.08,0.38,135,0.09,0,0
Water Resources,Uttar Pradesh,Varanasi,66.9,89,0.58,0.51,0,0.47,0.49,0.28,0.11,0.28,216,0.21,1,215
Urban Infrastructure,Gujarat,Ahmedabad,15.07,22,0.17,0.71,1,0.16,0.65,0.8,0.28,0.36,66,0.37,1,325
Railways,Bihar,Darbhanga,15.28,33,0.91,0.34,0,0.63,0.86,0.82,0.72,0.68,194,0.53,0,0
Solar Parks,West Bengal,Paschim Bardhaman,72.81,63,0.61,0.84,0,0.22,0.93,0.33,0.16,0.55,179,0.06,0,0
Railways,Karnataka,Belagavi,22.25,28,0.87,0.34,0,0.61,0.12,0.1,0.23,0.85,169,0.49,1,221
Mining,Tamil Nadu,Salem,68.6,99,0.44,0.5,1,0.8,0.19,0.48,0.87,0.41,65,0.13,1,202
Railways,Maharashtra,Pune,20.32,23,0.79,0.39,0,0.94,0.94,0.72,0.54,0.47,140,0.55,1,182
Mining,West Bengal,North 24 Parganas,44.26,40,0.83,0.85,0,0.16,0.61,0.66,0.61,0.6,217,0.47,1,197
Water Resources,Gujarat,Rajkot,22.0,24,0.7,0.87,0,0.37,0.99,0.5,0.46,0.55,125,0.32,0,0
Mining,Karnataka,Dakshina Kannada,15.87,30,0.18,0.49,0,0.69,0.81,0.37,0.32,0.61,96,0.54,0,0
Mining,Gujarat,Rajkot,132.22,226,0.11,0.44,0,0.38,0.84,0.53,0.27,0.43,114,0.49,1,169
Industrial Corridors,Bihar,Gaya,80.9,87,0.24,0.8,0,0.51,0.45,0.11,0.58,0.33,216,0.51,0,0
Railways,Bihar,Bhagalpur,18.52,27,0.2,0.89,0,0.12,0.33,0.17,0.47,0.8,183,0.22,1,171
Industrial Corridors,Madhya Pradesh,Indore,28.71,45,0.72,0.69,0,0.72,0.64,0.25,0.41,0.23,226,0.42,0,0
Water Resources,Tamil Nadu,Salem,107.88,217,0.57,0.92,1,0.89,0.89,0.66,0.67,0.48,194,0.13,1,174
Solar Parks,West Bengal,Howrah,15.02,32,0.55,0.5,1,0.98,0.75,0.3,0.41,0.27,123,0.54,1,228
Railways,Rajasthan,Jodhpur,15.69,18,0.31,0.32,0,0.85,0.52,0.48,0.08,0.75,245,0.37,0,0
Solar Parks,Rajasthan,Kota,48.23,28,0.23,0.34,0,0.13,0.78,0.66,0.81,0.47,135,0.54,1,249
Solar Parks,West Bengal,North 24 Parganas,203.65,155,0.28,0.72,1,0.69,0.72,0.85,0.34,0.22,125,0.18,1,251
Mining,Maharashtra,Nagpur,34.57,65,0.44,0.52,0,0.55,0.92,0.59,0.9,0.26,174,0.13,0,0
Railways,Tamil Nadu,Kanchipuram,76.7,53,0.73,0.32,0,0.94,0.34,0.26,0.84,0.35,181,0.46,0,0
Solar Parks,Gujarat,Kutch,14.67,16,0.32,0.43,1,0.91,0.21,0.96,0.26,0.79,200,0.09,0,0
Urban Infrastructure,Maharashtra,Nashik,44.21,86,0.69,0.61,1,0.99,0.52,0.18,0.92,0.8,147,0.2,1,277
Solar Parks,Odisha,Angul,24.84,44,0.52,0.29,0,0.88,0.42,0.43,0.82,0.95,226,0.6,0,0
Urban Infrastructure,West Bengal,Howrah,147.42,73,0.85,0.2,0,0.59,0.98,0.93,0.94,0.38,133,0.13,1,154
Railways,Gujarat,Rajkot,118.98,44,0.3,0.92,0,0.74,0.11,0.64,0.66,0.25,113,0.28,0,0
Water Resources,Rajasthan,Jodhpur,205.11,90,0.48,0.44,1,0.97,0.94,0.7,0.89,0.41,74,0.62,1,243
Industrial Corridors,Uttar Pradesh,Agra,18.98,45,0.18,0.37,1,0.62,0.96,0.37,0.67,0.33,152,0.06,1,197
Railways,Madhya Pradesh,Jabalpur,34.07,54,0.38,0.74,0,0.86,0.15,0.17,0.82,0.73,200,0.32,0,0
Industrial Corridors,Rajasthan,Udaipur,44.71,71,0.53,0.87,0,0.95,0.9,0.43,0.6,0.93,194,0.52,0,0
Industrial Corridors,Tamil Nadu,Madurai,19.59,41,0.72,0.69,1,0.61,0.52,0.46,0.89,0.4,176,0.6,0,0
Railways,Bihar,Patna,36.78,51,0.27,0.4,0,0.24,0.79,0.34,0.52,0.45,141,0.49,1,194
Solar Parks,Uttar Pradesh,Varanasi,68.52,50,0.29,0.87,0,0.24,0.17,0.29,0.71,0.46,218,0.58,0,0
Highways,Madhya Pradesh,Gwalior,21.32,48,0.64,0.6,1,0.2,0.96,0.42,0.88,0.84,165,0.07,0,0
Solar Parks,Madhya Pradesh,Gwalior,18.87,34,0.43,0.5,1,0.53,0.65,0.68,0.43,0.63,179,0.11,0,0
Solar Parks,Odisha,Angul,17.89,41,0.51,0.67,1,0.53,0.91,0.95,0.07,0.93,109,0.49,1,201
Water Resources,Odisha,Bhubaneswar,11.3,15,0.81,0.75,0,0.66,0.71,0.73,0.15,0.67,78,0.5,0,0
Mining,Karnataka,Belagavi,65.57,86,0.52,0.66,1,0.53,0.58,0.8,0.92,0.73,200,0.41,0,0
Mining,Rajasthan,Udaipur,18.83,61,0.65,0.92,0,0.98,0.26,0.38,0.84,0.27,275,0.49,1,210
Solar Parks,Rajasthan,Kota,17.31,14,0.66,0.69,0,0.36,0.26,0.19,0.49,0.91,182,0.56,1,226
Urban Infrastructure,Rajasthan,Bhilwara,50.56,94,0.78,0.89,0,0.89,0.53,0.36,0.91,0.67,201,0.38,1,149
Water Resources,Karnataka,Bengaluru Urban,32.84,47,0.64,0.66,1,0.19,0.88,0.46,0.22,0.59,200,0.62,1,311
Industrial Corridors,Maharashtra,Nagpur,21.75,37,0.16,0.46,0,0.64,0.2,0.72,0.15,0.49,165,0.47,1,208
Mining,Madhya Pradesh,Indore,63.34,45,0.39,0.62,0,0.68,1.0,0.95,0.59,0.26,92,0.33,0,0
Solar Parks,Uttar Pradesh,Agra,21.07,26,0.94,0.27,0,0.8,0.89,0.83,0.39,0.3,195,0.3,0,0
Water Resources,Tamil Nadu,Madurai,5.8,22,0.27,0.38,0,0.55,0.45,0.34,0.36,0.21,231,0.5,0,0
Highways,Madhya Pradesh,Bhopal,96.22,102,0.6,0.8,0,0.28,0.33,0.84,0.71,0.95,186,0.43,0,0
Urban Infrastructure,Odisha,Cuttack,17.07,31,0.82,0.72,0,0.43,0.93,0.47,0.19,0.79,153,0.54,0,0
Railways,Gujarat,Rajkot,18.63,27,0.6,0.33,1,0.34,0.21,0.26,0.75,0.8,182,0.52,1,281
Solar Parks,Bihar,Bhagalpur,18.7,39,0.42,0.54,0,0.48,0.41,0.52,0.37,0.75,160,0.36,0,0
Water Resources,Karnataka,Mysuru,34.73,44,0.17,0.31,0,0.58,0.18,0.61,0.94,0.56,222,0.62,0,0
Solar Parks,West Bengal,Paschim Bardhaman,26.59,48,0.41,0.87,0,0.66,0.96,0.79,0.78,0.27,173,0.47,0,0
Industrial Corridors,Gujarat,Kutch,73.0,47,0.25,0.29,1,0.86,0.66,0.41,0.63,0.25,196,0.17,1,229
Urban Infrastructure,Tamil Nadu,Tiruchirappalli,123.48,101,0.92,0.71,1,0.92,0.4,0.23,0.26,0.89,215,0.42,1,259
Mining,Rajasthan,Jaipur,19.23,11,0.71,0.67,0,0.52,0.35,0.18,0.91,0.2,196,0.17,0,0
Mining,Odisha,Sundargarh,15.64,18,0.74,0.57,1,0.18,0.5,0.2,0.08,0.72,167,0.39,1,273
Mining,Odisha,Sundargarh,21.81,36,0.47,0.42,0,0.82,0.18,0.96,0.25,0.67,96,0.52,0,0
Railways,Odisha,Sundargarh,47.05,33,0.19,0.52,0,0.53,0.9,0.96,0.08,0.58,184,0.54,0,0
Water Resources,Rajasthan,Bhilwara,30.17,38,0.33,0.83,0,0.59,0.56,0.97,0.92,0.93,206,0.44,0,0
Urban Infrastructure,West Bengal,Hooghly,22.19,43,0.32,0.79,1,0.64,0.75,0.37,0.83,0.35,92,0.52,1,224
Urban Infrastructure,Karnataka,Belagavi,11.73,25,0.51,0.78,1,0.7,0.31,0.27,0.91,0.79,183,0.33,1,228
Mining,Gujarat,Kutch,5.66,17,0.49,0.78,0,0.9,0.55,0.98,0.69,0.71,164,0.38,0,0
Mining,Rajasthan,Jodhpur,14.82,18,0.47,0.31,0,0.96,0.29,0.99,0.07,0.93,62,0.58,0,0
Industrial Corridors,Tamil Nadu,Tiruchirappalli,91.06,142,0.52,0.28,0,0.95,0.83,0.17,0.89,0.9,179,0.35,1,235
Highways,Karnataka,Bengaluru Urban,46.94,41,0.94,0.87,0,0.83,0.8,0.78,0.43,0.3,226,0.26,0,0
Highways,Tamil Nadu,Coimbatore,28.41,72,0.35,0.85,0,0.9,0.23,0.36,0.38,0.43,165,0.53,1,241
Solar Parks,Karnataka,Bengaluru Urban,59.37,97,0.62,0.73,1,0.14,0.17,0.92,0.31,0.84,71,0.08,1,246
Solar Parks,West Bengal,Paschim Bardhaman,11.82,31,0.3,0.67,0,0.86,0.84,0.18,0.31,0.37,180,0.63,1,267
Urban Infrastructure,Bihar,Darbhanga,34.65,39,0.5,0.49,1,0.17,0.2,0.9,0.77,0.48,213,0.25,0,0
Urban Infrastructure,Tamil Nadu,Salem,7.93,10,0.27,0.37,1,0.77,0.59,0.1,0.28,0.67,126,0.43,0,0
Railways,Rajasthan,Udaipur,43.68,45,0.57,0.72,0,0.25,0.58,0.57,0.25,0.62,153,0.46,1,220
Railways,Karnataka,Bengaluru Urban,40.76,60,0.33,0.91,0,0.42,0.28,0.4,0.68,0.68,147,0.13,0,0
Highways,Odisha,Angul,41.54,53,0.13,0.54,0,0.27,0.63,0.48,0.31,0.74,168,0.54,0,0
Solar Parks,Madhya Pradesh,Gwalior,84.28,138,0.79,0.44,1,0.5,0.55,0.49,0.06,0.75,146,0.39,1,250
Highways,Odisha,Angul,61.61,52,0.21,0.41,1,0.47,0.56,0.69,0.89,0.75,223,0.25,0,0
Highways,Maharashtra,Pune,12.59,27,0.41,0.22,0,0.14,0.42,0.12,0.33,0.94,222,0.56,0,0
Solar Parks,Bihar,Muzaffarpur,85.3,45,0.51,0.61,0,0.85,0.85,0.72,0.74,0.47,135,0.43,0,0
Water Resources,Bihar,Darbhanga,28.01,42,0.47,0.97,1,0.87,0.18,0.12,0.47,0.23,223,0.52,0,0
Railways,Odisha,Sundargarh,6.85,18,0.72,0.84,0,0.81,0.49,0.27,0.17,0.46,88,0.65,0,0
Industrial Corridors,Gujarat,Rajkot,30.36,72,0.61,0.9,0,0.86,0.33,0.65,0.65,0.88,126,0.13,0,0
Industrial Corridors,West Bengal,Murshidabad,55.57,79,0.35,0.68,0,0.78,0.86,0.18,0.26,0.26,191,0.5,1,206
Industrial Corridors,Tamil Nadu,Salem,14.72,7,0.14,0.58,0,0.94,0.3,0.99,0.31,0.69,167,0.5,0,0
Solar Parks,Rajasthan,Jodhpur,96.19,134,0.75,0.97,0,0.62,0.79,0.81,0.08,0.52,169,0.57,1,168
Mining,Bihar,Muzaffarpur,15.82,25,0.4,0.55,0,0.62,0.65,0.74,0.06,0.89,180,0.29,0,0
Mining,Odisha,Bhubaneswar,22.54,19,0.86,0.92,0,0.87,0.89,0.34,0.51,0.9,141,0.57,0,0
Mining,Odisha,Sundargarh,19.46,31,0.44,0.79,0,0.41,0.63,0.14,0.1,0.79,219,0.43,0,0
Urban Infrastructure,West Bengal,Hooghly,8.44,16,0.71,0.46,0,0.15,0.6,0.98,0.24,0.27,194,0.09,0,0
Railways,West Bengal,Murshidabad,14.96,14,0.9,0.59,0,0.77,0.82,0.23,0.88,0.22,158,0.07,0,0
Railways,Uttar Pradesh,Varanasi,18.74,55,0.65,0.5,1,0.33,0.61,0.85,0.12,0.3,205,0.34,0,0
Water Resources,Uttar Pradesh,Lucknow,29.84,49,0.45,0.31,0,0.53,0.86,0.28,0.31,0.44,183,0.52,0,0
Water Resources,Gujarat,Rajkot,3.0,1,0.58,0.48,0,0.32,0.14,0.44,0.7,0.38,152,0.28,0,0
Urban Infrastructure,Gujarat,Vadodara,58.75,77,0.56,0.89,1,0.84,0.55,0.72,0.85,0.48,150,0.56,1,194
Highways,Maharashtra,Nagpur,58.28,40,0.6,0.79,0,0.96,0.83,0.95,0.09,0.31,111,0.35,0,0
Water Resources,Gujarat,Vadodara,85.21,160,0.22,0.42,1,0.15,0.86,0.12,0.22,0.76,135,0.07,0,0
Industrial Corridors,Karnataka,Ballari,10.04,27,0.69,0.49,1,0.31,0.85,0.33,0.4,0.83,155,0.63,1,282
Mining,West Bengal,Howrah,26.2,18,0.22,0.68,0,0.27,0.64,0.79,0.37,0.57,167,0.34,1,153
Industrial Corridors,Rajasthan,Jodhpur,70.33,51,0.11,0.52,0,0.71,0.99,0.26,0.31,0.92,122,0.44,0,0
Mining,Karnataka,Ballari,75.34,31,0.63,0.59,0,0.49,0.26,0.2,0.27,0.29,165,0.17,1,203
Industrial Corridors,Tamil Nadu,Kanchipuram,108.11,129,0.2,0.74,1,0.51,0.26,0.14,0.29,0.28,138,0.23,0,0
Highways,Odisha,Sundargarh,35.95,77,0.75,0.56,0,0.24,0.13,0.55,0.17,0.35,131,0.34,1,243
Industrial Corridors,Gujarat,Kutch,31.67,36,0.84,0.35,1,0.47,0.99,0.79,0.2,0.94,186,0.56,1,296
Industrial Corridors,Odisha,Sundargarh,9.52,13,0.9,0.61,0,0.37,0.41,0.97,0.6,0.51,171,0.11,0,0
Solar Parks,Bihar,Bhagalpur,77.63,61,0.66,0.48,0,0.65,0.79,0.34,0.31,0.89,157,0.52,0,0
Industrial Corridors,Maharashtra,Nagpur,22.91,26,0.51,0.43,0,0.3,0.15,0.21,0.41,0.35,186,0.4,1,292
Solar Parks,Bihar,Patna,34.03,56,0.4,0.46,1,0.65,0.37,0.46,0.42,0.83,105,0.35,1,316
Railways,Maharashtra,Pune,32.26,54,0.52,0.54,0,0.44,0.66,0.15,0.15,0.43,109,0.58,1,229
Urban Infrastructure,Uttar Pradesh,Gorakhpur,4.88,23,0.26,0.89,0,0.41,0.57,0.4,0.79,0.75,145,0.12,0,0
Industrial Corridors,Odisha,Bhubaneswar,17.3,42,0.4,0.77,1,0.38,0.29,0.68,0.91,0.93,155,0.64,0,0
Railways,Maharashtra,Thane,47.61,102,0.71,0.72,1,0.71,0.52,0.25,0.29,0.9,194,0.56,1,346
Water Resources,Madhya Pradesh,Gwalior,31.85,66,0.28,0.57,0,0.61,0.2,0.67,0.31,0.82,131,0.25,1,248
Water Resources,Karnataka,Belagavi,47.92,80,0.32,0.2,0,0.87,0.59,0.97,0.67,0.24,132,0.32,0,0
Solar Parks,Maharashtra,Pune,62.0,117,0.74,0.47,1,0.32,0.19,0.88,0.12,0.66,209,0.07,1,246
Industrial Corridors,Maharashtra,Pune,17.14,13,0.25,0.83,1,0.14,0.67,0.42,0.87,0.83,111,0.37,0,0
Industrial Corridors,Karnataka,Mysuru,21.93,24,0.31,0.5,0,0.26,0.24,0.48,0.16,0.5,205,0.38,1,199
Highways,Odisha,Angul,29.58,30,0.11,0.64,0,0.41,0.59,0.48,0.71,0.75,160,0.61,0,0
Railways,Odisha,Angul,61.49,91,0.71,0.36,0,0.26,0.22,0.87,0.31,0.3,124,0.28,0,0
Mining,Karnataka,Dakshina Kannada,27.46,43,0.63,0.91,0,0.18,0.46,0.99,0.34,0.33,110,0.39,1,207
Mining,Bihar,Gaya,7.97,23,0.69,0.92,0,0.5,0.42,0.84,0.18,0.68,151,0.49,0,0
Highways,Madhya Pradesh,Ujjain,28.26,50,0.28,0.31,0,0.71,0.78,0.6,0.63,0.53,189,0.42,1,208
Solar Parks,Rajasthan,Udaipur,59.54,77,0.68,0.76,0,0.78,0.68,0.19,0.77,0.36,159,0.14,0,0
Mining,Tamil Nadu,Coimbatore,98.06,52,0.61,0.26,0,0.46,0.94,0.96,0.91,0.41,201,0.15,1,145
Mining,Madhya Pradesh,Jabalpur,41.45,56,0.41,0.67,1,0.53,0.93,0.87,0.35,0.66,199,0.13,0,0
Water Resources,Odisha,Sundargarh,10.09,31,0.47,0.34,0,0.78,0.75,0.86,0.61,0.74,196,0.18,0,0
Water Resources,Rajasthan,Bhilwara,23.92,16,0.58,0.31,1,0.42,0.79,0.45,0.42,0.36,198,0.25,1,243
Urban Infrastructure,Uttar Pradesh,Kanpur,48.43,91,0.52,0.2,0,0.81,0.66,0.5,0.55,0.92,135,0.49,0,0
Railways,Gujarat,Vadodara,66.22,126,0.65,0.93,0,0.97,0.72,0.21,0.2,0.21,195,0.09,0,0
Solar Parks,Maharashtra,Nashik,49.68,78,0.25,0.85,0,0.89,0.66,0.94,0.57,0.73,255,0.54,0,0
Industrial Corridors,Karnataka,Mysuru,27.08,48,0.56,0.26,1,0.51,0.38,0.95,0.81,0.42,203,0.21,1,232
Railways,Karnataka,Ballari,65.81,110,0.48,0.67,1,0.62,0.42,0.33,0.83,0.56,142,0.42,1,231
Solar Parks,Maharashtra,Aurangabad,19.84,33,0.49,0.38,1,0.74,0.62,0.73,0.49,0.63,133,0.38,1,322
Mining,Gujarat,Vadodara,38.39,59,0.5,0.41,1,0.41,0.75,0.28,0.26,0.62,165,0.14,1,243
Urban Infrastructure,Tamil Nadu,Salem,60.33,100,0.85,0.88,0,0.82,0.47,0.45,0.8,0.78,194,0.22,0,0
Railways,Gujarat,Kutch,52.53,83,0.8,0.29,1,0.49,0.23,0.37,0.95,0.82,168,0.23,1,273
Mining,Rajasthan,Bhilwara,53.48,55,0.64,0.67,1,0.86,0.51,0.45,0.39,0.26,110,0.42,1,274
Solar Parks,Gujarat,Vadodara,52.41,75,0.71,0.51,1,0.33,0.97,0.38,0.88,0.73,194,0.52,1,216
Railways,Rajasthan,Udaipur,14.31,25,0.14,0.35,0,0.11,0.29,0.41,0.94,0.5,202,0.65,0,0
Industrial Corridors,Gujarat,Surat,33.58,44,0.73,0.55,0,0.67,0.68,0.81,0.41,0.81,120,0.11,0,0
Railways,Tamil Nadu,Salem,16.0,34,0.51,0.93,0,0.51,0.98,0.37,0.69,0.66,203,0.61,1,182
Mining,Tamil Nadu,Salem,26.27,36,0.37,0.81,1,0.15,0.44,0.83,0.57,0.21,165,0.39,1,226
Railways,Odisha,Bhubaneswar,13.0,49,0.22,0.3,0,0.54,0.9,0.61,0.7,0.7,181,0.26,0,0
Industrial Corridors,Maharashtra,Aurangabad,43.64,50,0.16,0.86,0,0.25,0.88,0.8,0.19,0.89,182,0.22,0,0
Urban Infrastructure,Tamil Nadu,Madurai,6.87,5,0.14,0.93,0,0.67,0.41,0.93,0.38,0.26,172,0.18,0,0
Urban Infrastructure,Rajasthan,Bhilwara,54.26,57,0.24,0.42,0,0.5,0.19,0.22,0.11,0.57,142,0.38,1,218
Mining,Tamil Nadu,Tiruchirappalli,33.52,74,0.13,0.46,0,0.25,0.26,0.41,0.6,0.67,182,0.62,0,0
Solar Parks,Odisha,Bhubaneswar,151.67,208,0.72,0.3,1,0.47,0.43,0.15,0.88,0.35,162,0.16,1,278
Mining,Karnataka,Bengaluru Urban,28.12,41,0.31,0.47,1,0.31,0.96,0.47,0.55,0.69,174,0.31,1,249
Urban Infrastructure,Rajasthan,Kota,28.11,45,0.41,0.73,0,0.69,0.35,0.31,0.11,0.24,147,0.17,0,0
Highways,Odisha,Angul,57.17,47,0.8,0.41,1,0.37,0.93,0.61,0.89,0.88,177,0.16,1,235
Highways,Bihar,Darbhanga,29.45,36,0.2,0.21,0,0.84,0.26,0.81,0.17,0.77,159,0.57,1,170
Railways,Bihar,Patna,41.26,49,0.81,0.46,1,0.11,0.97,0.54,0.84,0.91,114,0.21,1,277
Industrial Corridors,Uttar Pradesh,Varanasi,73.37,118,0.64,0.55,0,0.46,0.36,0.4,0.69,0.51,184,0.2,0,0
Water Resources,Gujarat,Ahmedabad,26.74,41,0.39,0.64,0,0.66,0.67,0.24,0.62,0.23,208,0.6,1,204
Water Resources,Maharashtra,Pune,86.16,69,0.2,0.73,0,0.12,0.16,0.12,0.58,0.46,178,0.28,1,189
Water Resources,West Bengal,Murshidabad,8.64,30,0.18,0.25,1,0.29,0.37,0.71,0.17,0.59,152,0.06,1,272
Railways,Madhya Pradesh,Gwalior,119.44,72,0.39,0.57,0,0.39,0.29,0.13,0.5,0.9,178,0.48,0,0
Highways,Odisha,Jharsuguda,7.92,32,0.22,0.41,0,0.12,0.1,0.93,0.23,0.86,130,0.36,0,0
Urban Infrastructure,Karnataka,Mysuru,97.69,34,0.33,0.94,0,0.59,0.24,0.63,0.56,0.65,196,0.51,0,0
Railways,Madhya Pradesh,Jabalpur,7.44,31,0.15,0.48,0,0.67,0.63,0.42,0.45,0.75,200,0.39,0,0
Water Resources,Karnataka,Bengaluru Urban,161.49,165,0.61,0.28,0,0.3,0.45,0.14,0.66,0.92,158,0.26,1,251
Water Resources,Madhya Pradesh,Indore,37.66,56,0.22,0.23,0,0.59,0.75,0.47,0.93,0.84,166,0.09,0,0
Mining,Odisha,Sundargarh,15.55,44,0.74,0.41,1,1.0,0.7,0.88,0.37,0.69,114,0.57,1,223
Water Resources,West Bengal,Hooghly,147.24,154,0.29,0.34,0,0.9,0.82,0.97,0.61,0.61,186,0.17,0,0
Industrial Corridors,Madhya Pradesh,Indore,13.86,26,0.78,0.71,0,0.15,0.88,0.18,0.83,0.56,150,0.63,1,188
Water Resources,Odisha,Jharsuguda,27.61,39,0.26,0.86,0,0.22,0.84,0.8,0.13,0.77,46,0.2,1,188
Mining,Tamil Nadu,Salem,266.07,483,0.71,0.44,1,0.54,0.5,0.33,0.77,0.81,165,0.55,1,264
Water Resources,West Bengal,Paschim Bardhaman,45.44,35,0.38,0.65,0,0.32,0.38,0.44,0.27,0.36,155,0.52,0,0
Industrial Corridors,Rajasthan,Jaipur,6.55,9,0.6,0.77,0,0.17,0.55,0.59,0.54,0.56,115,0.33,0,0
Urban Infrastructure,Karnataka,Ballari,26.61,39,0.13,0.51,0,0.33,0.58,1.0,0.94,0.78,204,0.29,0,0
Railways,Bihar,Patna,24.79,42,0.52,0.25,0,0.16,0.38,0.29,0.94,0.71,141,0.47,0,0
Industrial Corridors,Gujarat,Vadodara,38.51,82,0.23,0.38,0,0.58,0.59,0.22,0.33,0.64,127,0.37,1,230
Mining,Bihar,Darbhanga,31.96,42,0.51,0.89,0,0.54,0.2,0.64,0.17,0.44,210,0.43,1,185
Railways,West Bengal,Howrah,51.25,64,0.22,0.84,1,0.11,0.31,0.87,0.89,0.66,179,0.33,1,231
Railways,Rajasthan,Jaipur,9.75,20,0.47,0.27,0,0.53,0.77,0.68,0.85,0.66,116,0.38,1,231
Mining,Karnataka,Mysuru,21.36,28,0.19,0.37,0,0.57,0.26,0.41,0.6,0.52,160,0.16,0,0
Highways,Rajasthan,Bhilwara,42.5,66,0.29,0.8,0,0.65,0.23,0.98,0.08,0.92,125,0.08,0,0
Water Resources,Madhya Pradesh,Jabalpur,18.0,43,0.61,0.58,0,0.97,0.36,1.0,0.73,0.69,104,0.26,0,0
Industrial Corridors,Karnataka,Ballari,79.58,124,0.93,0.79,1,0.98,0.43,0.79,0.19,0.84,101,0.33,0,0
Mining,Madhya Pradesh,Bhopal,18.29,38,0.48,0.36,0,0.57,0.4,0.82,0.9,0.3,191,0.59,1,250
Urban Infrastructure,Odisha,Bhubaneswar,37.14,27,0.68,0.94,0,0.86,0.44,0.78,0.44,0.77,125,0.3,0,0
Solar Parks,West Bengal,Hooghly,30.45,51,0.56,0.81,0,0.18,0.23,0.33,0.6,0.65,116,0.31,0,0
Mining,Odisha,Jharsuguda,14.71,53,0.52,0.35,1,0.58,0.25,0.24,0.3,0.43,150,0.45,1,267
Water Resources,Uttar Pradesh,Agra,34.76,44,0.15,0.64,0,0.71,0.31,0.6,0.48,0.3,276,0.17,1,169
Water Resources,Rajasthan,Udaipur,11.59,40,0.22,0.29,0,0.61,0.46,0.96,0.73,0.48,181,0.57,0,0
Railways,Madhya Pradesh,Jabalpur,23.22,35,0.85,0.48,0,0.31,0.4,0.89,0.49,0.53,197,0.31,1,192
Railways,Tamil Nadu,Kanchipuram,33.93,68,0.45,0.71,0,0.16,0.81,0.2,0.81,0.31,118,0.61,0,0
Mining,Odisha,Cuttack,10.57,33,0.62,0.46,0,0.45,0.57,0.15,0.69,0.7,180,0.21,1,232
Solar Parks,Uttar Pradesh,Agra,54.53,61,0.55,0.71,0,0.68,0.62,0.89,0.12,0.43,160,0.33,0,0
Mining,Maharashtra,Pune,40.78,54,0.42,0.39,0,0.99,0.6,0.65,0.6,0.8,129,0.52,0,0
Solar Parks,Bihar,Bhagalpur,50.68,109,0.43,0.76,1,0.31,0.46,0.37,0.6,0.69,151,0.38,1,250
Solar Parks,Karnataka,Bengaluru Urban,33.18,47,0.57,0.48,1,0.93,0.98,0.61,0.39,0.43,131,0.45,0,0
Water Resources,Uttar Pradesh,Varanasi,13.19,24,0.22,0.82,0,0.16,0.13,0.3,0.34,0.47,166,0.22,1,226
Water Resources,West Bengal,Howrah,33.11,29,0.43,0.31,0,0.94,0.29,0.95,0.11,0.91,151,0.25,0,0
Water Resources,Odisha,Sundargarh,54.52,40,0.48,0.48,0,0.85,0.36,0.84,0.45,0.91,132,0.35,0,0
Urban Infrastructure,West Bengal,Murshidabad,12.78,41,0.94,0.56,0,0.12,0.89,0.97,0.35,0.51,149,0.17,1,192
Water Resources,Bihar,Darbhanga,13.62,25,0.4,0.53,0,0.37,0.93,0.27,0.91,0.71,199,0.13,0,0
Industrial Corridors,Tamil Nadu,Tiruchirappalli,27.2,41,0.65,0.54,0,0.15,0.86,0.86,0.66,0.93,108,0.56,0,0
Railways,Rajasthan,Jaipur,24.6,44,0.22,0.55,0,1.0,0.48,0.6,0.46,0.95,136,0.51,1,141
Railways,Rajasthan,Kota,32.69,59,0.16,0.97,1,0.49,0.92,0.39,0.73,0.25,175,0.61,0,0
Solar Parks,West Bengal,Paschim Bardhaman,26.22,67,0.84,0.35,0,0.7,0.19,0.53,0.75,0.62,133,0.4,1,257
Railways,Madhya Pradesh,Bhopal,37.64,45,0.72,0.8,1,0.31,0.69,0.95,0.48,0.74,216,0.3,0,0
Highways,Tamil Nadu,Coimbatore,88.01,54,0.37,0.63,0,0.94,0.94,0.72,0.12,0.34,212,0.11,0,0
Solar Parks,Rajasthan,Jodhpur,50.94,81,0.53,0.52,0,0.35,0.78,0.42,0.75,0.82,214,0.56,0,0
Railways,Tamil Nadu,Tiruchirappalli,34.64,69,0.22,0.69,0,0.33,0.35,1.0,0.13,0.55,189,0.32,0,0
Highways,Uttar Pradesh,Varanasi,13.66,20,0.7,0.87,1,0.38,0.75,0.41,0.81,0.57,203,0.39,0,0
Urban Infrastructure,Tamil Nadu,Salem,18.59,54,0.16,0.56,0,0.52,0.37,0.83,0.35,0.41,161,0.24,0,0
Railways,Gujarat,Kutch,64.94,50,0.74,0.87,0,0.12,0.2,0.81,0.62,0.43,134,0.36,0,0
Highways,Bihar,Gaya,22.76,40,0.56,0.27,0,0.64,0.75,0.75,0.72,0.26,137,0.52,0,0
Mining,Rajasthan,Jaipur,15.27,34,0.34,0.71,0,0.13,0.26,0.7,0.08,0.9,90,0.48,1,193
Industrial Corridors,Tamil Nadu,Madurai,177.4,222,0.83,0.46,0,0.59,0.2,0.2,0.4,0.49,144,0.64,1,317
Mining,West Bengal,Howrah,112.12,80,0.94,0.5,1,0.51,0.6,1.0,0.59,0.32,146,0.35,1,238
Highways,Maharashtra,Nashik,29.98,52,0.32,0.65,0,0.32,0.66,0.24,0.81,0.31,152,0.37,0,0
Solar Parks,Gujarat,Kutch,13.93,30,0.79,0.57,0,0.4,0.15,0.64,0.7,0.51,273,0.08,0,0
Water Resources,Gujarat,Surat,59.07,80,0.74,0.5,0,0.74,0.1,0.32,0.86,0.67,127,0.28,0,0
Water Resources,Madhya Pradesh,Ujjain,22.38,41,0.74,0.44,0,0.11,0.89,0.25,0.12,0.78,150,0.6,1,239
Water Resources,Tamil Nadu,Salem,67.41,57,0.91,0.68,0,0.38,0.2,0.6,0.11,0.89,256,0.26,1,204
Solar Parks,Madhya Pradesh,Indore,22.39,47,0.51,0.59,1,0.71,0.63,0.85,0.69,0.68,129,0.51,1,207
Railways,Madhya Pradesh,Indore,123.51,244,0.67,0.45,0,0.24,0.96,0.44,0.41,0.52,113,0.64,1,197
Water Resources,Maharashtra,Nashik,21.87,45,0.8,0.36,0,0.6,0.56,0.17,0.48,0.52,151,0.13,1,261
Mining,Uttar Pradesh,Kanpur,219.6,261,0.51,0.8,1,0.25,0.23,0.66,0.59,0.63,128,0.25,0,0
Solar Parks,Tamil Nadu,Madurai,38.71,90,0.51,0.82,0,0.24,0.45,0.79,0.94,0.6,209,0.33,0,0
Solar Parks,Odisha,Sundargarh,100.23,73,0.37,0.37,1,0.8,0.66,0.37,0.11,0.68,166,0.19,0,0
Water Resources,Rajasthan,Kota,21.5,47,0.76,0.4,0,0.34,0.79,0.72,0.15,0.58,110,0.06,0,0
Mining,Madhya Pradesh,Gwalior,11.6,14,0.68,0.39,0,0.44,0.65,0.17,0.8,0.24,174,0.33,1,210
Urban Infrastructure,Bihar,Bhagalpur,5.23,23,0.48,0.89,0,0.76,0.13,0.43,0.07,0.58,168,0.37,1,211
Solar Parks,Karnataka,Ballari,91.95,153,0.46,0.8,1,0.26,0.23,0.53,0.46,0.22,98,0.43,1,247
Water Resources,Bihar,Muzaffarpur,34.97,67,0.16,0.26,0,0.58,0.43,0.8,0.75,0.34,180,0.55,1,169
Industrial Corridors,Maharashtra,Pune,12.21,15,0.11,0.85,0,0.93,0.74,0.4,0.23,0.49,182,0.2,1,245
Highways,Maharashtra,Nashik,95.07,99,0.55,0.23,1,0.6,0.63,0.51,0.22,0.61,99,0.09,1,238
Railways,West Bengal,Hooghly,83.5,75,0.45,0.4,0,0.14,0.14,0.67,0.33,0.34,105,0.1,1,221
Solar Parks,Uttar Pradesh,Kanpur,100.07,135,0.78,0.92,1,0.63,0.82,0.66,0.19,0.41,144,0.35,1,271
Industrial Corridors,Rajasthan,Kota,11.34,12,0.56,0.87,0,0.18,0.64,0.57,0.66,0.48,132,0.6,1,196
Industrial Corridors,Madhya Pradesh,Ujjain,89.76,49,0.9,0.81,0,0.35,0.9,0.4,0.23,0.35,186,0.64,1,235
Solar Parks,Bihar,Patna,45.03,83,0.27,0.56,0,0.86,0.48,0.7,0.25,0.95,140,0.17,1,139
Urban Infrastructure,Karnataka,Dakshina Kannada,103.76,176,0.94,0.45,1,0.11,0.54,0.85,0.57,0.8,152,0.14,1,250
Highways,Maharashtra,Nagpur,51.12,102,0.35,0.89,0,0.17,0.46,0.24,0.92,0.81,112,0.26,0,0
Railways,Maharashtra,Nashik,38.03,96,0.65,0.71,1,0.43,0.75,0.41,0.87,0.63,202,0.33,0,0
Solar Parks,Uttar Pradesh,Varanasi,90.74,138,0.53,0.43,0,1.0,0.78,0.7,0.83,0.92,125,0.53,0,0
Railways,Karnataka,Belagavi,65.47,48,0.41,0.56,0,0.36,0.75,0.78,0.53,0.75,113,0.51,1,184
Mining,Karnataka,Dakshina Kannada,78.68,138,0.22,0.89,1,0.24,0.36,0.8,0.32,0.45,162,0.6,1,284
Industrial Corridors,Uttar Pradesh,Agra,22.41,28,0.21,0.9,0,0.59,0.67,0.69,0.69,0.66,208,0.56,0,0
Industrial Corridors,Maharashtra,Thane,28.85,61,0.7,0.71,1,0.57,0.4,0.53,0.4,0.61,180,0.31,1,377
Solar Parks,Rajasthan,Udaipur,8.27,31,0.42,0.77,0,0.5,0.85,0.68,0.75,0.64,134,0.06,0,0
Solar Parks,Tamil Nadu,Salem,21.16,44,0.92,0.23,0,0.95,0.15,0.22,0.06,0.81,141,0.19,1,202
Mining,Tamil Nadu,Tiruchirappalli,62.32,65,0.38,0.67,1,0.35,0.13,0.29,0.53,0.58,99,0.42,1,250
Urban Infrastructure,Uttar Pradesh,Agra,52.01,32,0.94,0.74,1,0.36,0.19,0.93,0.35,0.75,246,0.35,1,239
Solar Parks,Karnataka,Dakshina Kannada,15.13,21,0.27,0.22,0,0.23,0.28,0.93,0.27,0.39,229,0.19,1,205
Industrial Corridors,Madhya Pradesh,Bhopal,92.38,64,0.19,0.86,0,0.73,0.13,0.75,0.65,0.9,172,0.13,0,0
Railways,Uttar Pradesh,Gorakhpur,357.26,640,0.37,0.92,0,0.39,0.16,0.39,0.64,0.26,159,0.18,1,212
Highways,Rajasthan,Jaipur,16.08,28,0.85,0.39,0,0.82,0.38,0.68,0.08,0.95,109,0.21,0,0
Water Resources,Uttar Pradesh,Lucknow,28.09,51,0.54,0.86,1,0.97,0.19,0.72,0.9,0.67,153,0.57,1,230
Railways,Gujarat,Ahmedabad,20.14,44,0.22,0.72,0,0.14,0.82,0.56,0.38,0.55,200,0.48,1,238
Urban Infrastructure,Bihar,Muzaffarpur,30.69,52,0.27,0.65,0,0.99,0.15,0.77,0.88,0.43,192,0.38,0,0
Highways,Karnataka,Belagavi,41.23,54,0.36,0.86,1,0.33,0.92,0.13,0.58,0.5,139,0.06,1,212
Railways,West Bengal,Howrah,18.96,25,0.6,0.42,0,0.48,0.88,0.33,0.64,0.79,196,0.54,0,0
Railways,West Bengal,Murshidabad,26.53,53,0.38,0.82,0,0.8,0.29,0.82,0.91,0.3,212,0.38,0,0
Mining,Karnataka,Belagavi,35.51,65,0.73,0.45,0,0.7,0.16,0.94,0.79,0.39,161,0.43,0,0
Water Resources,Rajasthan,Jodhpur,48.29,72,0.62,0.81,1,0.8,0.19,0.89,0.18,0.29,204,0.09,1,267
Urban Infrastructure,Gujarat,Ahmedabad,107.04,189,0.84,0.55,0,0.52,0.6,0.74,0.05,0.52,234,0.54,1,201
Industrial Corridors,Gujarat,Kutch,32.73,24,0.53,0.29,0,0.92,0.64,0.25,0.33,0.49,246,0.55,1,217
Mining,Maharashtra,Pune,21.13,34,0.38,0.5,0,0.81,0.38,0.43,0.49,0.69,132,0.58,0,0
Highways,Bihar,Muzaffarpur,57.8,36,0.95,0.38,0,0.38,0.37,0.15,0.71,0.95,179,0.37,1,251
Water Resources,Tamil Nadu,Tiruchirappalli,45.61,87,0.4,0.28,0,0.95,0.58,0.68,0.64,0.87,191,0.29,0,0
Industrial Corridors,Odisha,Cuttack,28.38,20,0.46,0.29,0,0.96,0.38,0.5,0.33,0.86,159,0.09,0,0
Mining,Rajasthan,Jodhpur,48.81,31,0.79,0.81,1,0.47,0.94,0.62,0.54,0.68,215,0.17,0,0
Water Resources,Odisha,Bhubaneswar,24.37,37,0.18,0.89,0,0.69,0.44,0.98,0.64,0.4,162,0.19,0,0
Urban Infrastructure,Odisha,Bhubaneswar,21.66,35,0.43,0.92,0,0.83,0.3,0.46,0.51,0.49,153,0.09,0,0
Solar Parks,Karnataka,Mysuru,7.25,36,0.17,0.87,0,0.84,0.23,0.38,0.67,0.39,100,0.14,0,0
Solar Parks,West Bengal,Paschim Bardhaman,25.47,26,0.22,0.85,1,0.11,0.67,0.24,0.49,0.3,83,0.58,1,226
Highways,West Bengal,Hooghly,8.08,23,0.1,0.25,0,0.67,0.39,0.23,0.53,0.53,144,0.38,1,175
Solar Parks,Tamil Nadu,Madurai,19.86,22,0.11,0.82,1,0.98,0.27,0.57,0.9,0.87,30,0.51,1,174
Mining,Karnataka,Belagavi,52.65,90,0.42,0.81,0,0.31,0.35,0.77,0.4,0.76,216,0.22,1,212
Highways,Odisha,Jharsuguda,9.93,27,0.79,0.3,1,0.82,0.38,0.61,0.73,0.94,199,0.13,1,227
Industrial Corridors,Madhya Pradesh,Ujjain,28.45,24,0.6,0.72,0,0.58,0.66,0.89,0.35,0.35,191,0.27,1,217
Urban Infrastructure,West Bengal,Murshidabad,34.9,45,0.64,0.55,1,0.3,0.26,0.38,0.35,0.58,210,0.53,0,0
Highways,Rajasthan,Jaipur,27.36,25,0.54,0.9,0,0.15,0.76,0.64,0.88,0.79,147,0.23,0,0
Industrial Corridors,Rajasthan,Bhilwara,22.53,63,0.8,0.74,1,0.78,0.37,0.7,0.68,0.55,169,0.17,0,0
Highways,Maharashtra,Nagpur,42.96,49,0.85,0.94,0,0.38,0.54,0.35,0.89,0.47,143,0.06,0,0
Railways,Uttar Pradesh,Gorakhpur,48.0,83,0.82,0.28,0,0.44,0.69,0.46,0.95,0.81,209,0.42,0,0
Railways,Madhya Pradesh,Ujjain,33.16,52,0.79,0.23,0,0.54,0.59,0.63,0.05,0.52,45,0.31,1,206
Highways,West Bengal,North 24 Parganas,23.56,39,0.26,0.96,0,0.56,0.7,0.12,0.93,0.88,209,0.21,0,0
Water Resources,Gujarat,Rajkot,66.14,112,0.6,0.26,0,0.29,0.39,0.9,0.14,0.4,78,0.36,1,257
Solar Parks,West Bengal,Murshidabad,11.6,23,0.59,0.5,0,0.7,0.97,0.2,0.11,0.87,150,0.47,0,0
Railways,Maharashtra,Aurangabad,57.39,92,0.55,0.71,0,0.72,0.51,0.14,0.74,0.41,112,0.2,0,0
Water Resources,Rajasthan,Kota,46.33,52,0.51,0.89,0,0.23,0.39,0.29,0.37,0.42,153,0.42,1,195
Water Resources,Odisha,Jharsuguda,38.83,57,0.18,0.4,0,0.58,0.37,0.55,0.88,0.52,135,0.21,0,0
Urban Infrastructure,Gujarat,Rajkot,32.85,49,0.19,0.22,1,0.65,0.14,0.4,0.54,0.59,142,0.64,1,247
Industrial Corridors,Karnataka,Bengaluru Urban,7.3,21,0.87,0.61,0,0.27,0.72,0.5,0.4,0.51,184,0.49,1,230
Mining,Bihar,Gaya,100.47,146,0.64,0.57,0,0.91,0.34,0.18,0.12,0.85,170,0.41,1,184
Railways,Odisha,Jharsuguda,64.78,62,0.32,0.44,0,0.53,0.96,0.31,0.47,0.8,204,0.15,0,0
Highways,Bihar,Gaya,15.35,27,0.34,0.88,0,0.2,0.29,0.19,0.3,0.43,178,0.4,0,0
Solar Parks,Madhya Pradesh,Bhopal,60.77,52,0.62,0.78,0,0.4,0.58,0.31,0.12,0.58,88,0.53,1,218
Mining,Uttar Pradesh,Lucknow,38.52,48,0.45,0.87,0,0.53,0.76,0.73,0.65,0.52,265,0.49,0,0
Industrial Corridors,Gujarat,Vadodara,20.77,58,0.48,0.33,0,0.11,0.88,0.62,0.93,0.24,70,0.52,0,0
Water Resources,Tamil Nadu,Kanchipuram,85.92,139,0.15,0.74,0,0.13,0.24,0.4,0.39,0.76,174,0.24,1,189
Industrial Corridors,Gujarat,Kutch,23.46,40,0.22,0.96,0,0.15,0.99,0.34,0.32,0.34,193,0.25,0,0
Railways,West Bengal,Murshidabad,97.99,159,0.43,0.68,1,0.58,0.92,1.0,0.13,0.9,173,0.37,1,247
Industrial Corridors,Rajasthan,Udaipur,50.78,94,0.69,0.33,0,0.4,0.97,0.79,0.25,0.5,150,0.22,1,246
Industrial Corridors,West Bengal,Paschim Bardhaman,71.18,48,0.14,0.98,0,0.9,0.87,0.84,0.31,0.67,226,0.12,0,0
Solar Parks,West Bengal,Howrah,52.63,74,0.38,0.61,0,0.6,0.89,0.12,0.36,0.81,210,0.33,0,0
Water Resources,Madhya Pradesh,Ujjain,50.71,69,0.69,0.86,0,0.78,0.64,0.15,0.62,0.34,159,0.05,1,184
Solar Parks,Odisha,Bhubaneswar,39.34,22,0.77,0.32,0,0.72,0.86,0.74,0.15,0.61,139,0.51,0,0
Solar Parks,Tamil Nadu,Kanchipuram,18.51,22,0.26,0.72,0,0.57,0.58,0.27,0.1,0.38,123,0.5,0,0
Highways,Tamil Nadu,Madurai,34.81,40,0.72,0.91,0,0.77,0.58,0.48,0.89,0.58,126,0.38,1,144
Industrial Corridors,West Bengal,Paschim Bardhaman,68.93,85,0.91,0.61,0,0.59,0.61,0.27,0.77,0.63,157,0.5,0,0
Industrial Corridors,Bihar,Patna,58.87,117,0.87,0.43,0,0.45,1.0,0.26,0.3,0.33,85,0.42,1,218
Industrial Corridors,Madhya Pradesh,Gwalior,49.45,84,0.77,0.3,0,0.49,0.19,0.2,0.62,0.64,159,0.47,1,241
Urban Infrastructure,West Bengal,Murshidabad,6.19,28,0.71,0.43,0,0.85,0.83,0.63,0.58,0.54,196,0.09,0,0
Solar Parks,Uttar Pradesh,Gorakhpur,27.92,38,0.3,0.48,0,0.61,0.35,0.77,0.72,0.59,134,0.58,1,174
Mining,Rajasthan,Udaipur,25.67,22,0.64,0.75,0,0.44,0.43,0.15,0.82,0.88,158,0.44,0,0
Railways,Odisha,Jharsuguda,13.7,38,0.65,0.34,1,0.26,0.17,0.35,0.37,0.56,173,0.42,1,343
Water Resources,Karnataka,Ballari,68.24,107,0.45,0.28,1,0.55,0.42,0.69,0.64,0.56,181,0.28,0,0
Mining,Uttar Pradesh,Lucknow,6.55,4,0.52,0.5,0,0.33,0.99,0.45,0.77,0.55,150,0.07,1,146
Water Resources,Bihar,Darbhanga,64.67,77,0.69,0.56,0,0.96,0.46,0.73,0.68,0.67,239,0.59,1,188
Highways,Gujarat,Ahmedabad,95.91,176,0.91,0.69,1,0.54,0.7,0.78,0.88,0.48,160,0.64,0,0
Highways,Gujarat,Rajkot,28.0,51,0.35,0.75,0,0.11,0.21,0.13,0.5,0.8,100,0.53,0,0
Water Resources,Uttar Pradesh,Kanpur,31.2,65,0.31,0.89,1,0.18,0.93,0.44,0.77,0.41,142,0.6,0,0
Industrial Corridors,West Bengal,Paschim Bardhaman,71.81,124,0.61,0.43,0,0.36,0.84,0.76,0.87,0.42,218,0.12,0,0
Mining,Karnataka,Bengaluru Urban,17.98,17,0.21,0.61,0,0.18,0.45,0.44,0.55,0.64,214,0.13,0,0
Industrial Corridors,Maharashtra,Nagpur,56.18,37,0.6,0.49,0,0.9,0.41,0.11,0.07,0.39,82,0.58,1,203
Urban Infrastructure,Maharashtra,Aurangabad,15.89,27,0.18,0.2,0,0.87,0.49,0.4,0.79,0.27,146,0.08,0,0
Highways,Bihar,Muzaffarpur,12.5,31,0.52,0.65,0,0.97,0.46,0.89,0.81,0.35,136,0.11,1,235
Highways,West Bengal,Howrah,41.96,53,0.63,0.84,0,0.74,0.33,0.96,0.41,0.89,195,0.54,0,0
Mining,Tamil Nadu,Kanchipuram,32.42,26,0.16,0.23,0,0.68,0.99,0.6,0.26,0.21,108,0.38,0,0
Highways,Tamil Nadu,Madurai,8.36,23,0.28,0.2,1,0.93,0.83,0.38,0.93,0.3,230,0.29,0,0
Urban Infrastructure,Odisha,Jharsuguda,102.74,64,0.39,0.77,0,0.95,0.34,0.52,0.55,0.77,93,0.38,0,0
Urban Infrastructure,Karnataka,Bengaluru Urban,23.77,14,0.41,0.73,1,0.89,0.98,0.31,0.51,0.93,153,0.58,1,223
Urban Infrastructure,Karnataka,Mysuru,49.83,44,0.67,0.52,0,0.88,0.11,0.25,0.9,0.72,105,0.5,0,0
Railways,Gujarat,Vadodara,119.6,121,0.55,0.72,0,0.7,0.49,0.54,0.42,0.89,189,0.46,0,0
Urban Infrastructure,Madhya Pradesh,Indore,40.37,36,0.42,0.94,1,0.1,0.61,0.76,0.81,0.84,67,0.64,1,203
Urban Infrastructure,Bihar,Gaya,91.71,57,0.48,0.39,0,0.49,0.13,0.3,0.68,0.56,152,0.36,0,0
Railways,Maharashtra,Thane,16.6,30,0.11,0.39,0,0.67,0.24,0.92,0.92,0.45,151,0.05,0,0
Industrial Corridors,Bihar,Gaya,103.21,144,0.75,0.35,1,0.59,0.33,0.25,0.44,0.67,119,0.31,1,270
Solar Parks,Tamil Nadu,Coimbatore,17.1,30,0.13,0.76,0,0.84,0.75,0.6,0.87,0.6,214,0.11,0,0
Highways,Tamil Nadu,Kanchipuram,20.97,30,0.8,0.48,1,0.84,0.95,0.8,0.56,0.22,236,0.12,0,0
Urban Infrastructure,Uttar Pradesh,Gorakhpur,10.34,31,0.56,0.97,1,0.64,0.66,0.29,0.48,0.92,141,0.2,1,204
Highways,Odisha,Angul,41.05,23,0.55,0.76,1,0.12,0.61,0.37,0.33,0.63,165,0.28,1,309
Mining,Karnataka,Dakshina Kannada,54.86,36,0.7,0.49,1,0.43,0.58,0.15,0.55,0.86,132,0.34,1,250
Highways,Rajasthan,Jodhpur,61.16,107,0.83,0.32,1,0.31,0.42,0.95,0.57,0.75,103,0.15,1,224
Water Resources,Bihar,Patna,10.54,9,0.9,0.66,0,0.4,0.84,0.54,0.86,0.46,109,0.24,1,155
Industrial Corridors,Tamil Nadu,Madurai,44.7,53,0.56,0.43,0,0.66,0.59,0.16,0.68,0.88,110,0.22,1,296
Railways,Madhya Pradesh,Bhopal,46.04,53,0.23,0.91,0,0.16,0.31,0.85,0.79,0.79,216,0.27,0,0
Highways,Gujarat,Surat,54.15,119,0.85,0.54,0,0.12,0.22,0.61,0.74,0.52,179,0.11,0,0
Highways,Maharashtra,Pune,17.85,58,0.13,0.43,0,0.49,0.99,0.15,0.3,0.83,117,0.29,0,0
Highways,Odisha,Cuttack,4.46,27,0.79,0.66,1,0.81,0.12,0.51,0.24,0.4,121,0.38,1,290
Solar Parks,Madhya Pradesh,Bhopal,58.28,43,0.68,0.31,1,0.13,0.94,0.49,0.28,0.7,115,0.11,1,240
Solar Parks,Odisha,Cuttack,29.47,57,0.87,0.64,0,0.86,0.3,0.23,0.18,0.29,75,0.36,1,193
Mining,Uttar Pradesh,Agra,41.44,45,0.86,0.24,0,0.45,0.69,0.48,0.4,0.85,183,0.5,0,0
Railways,Rajasthan,Bhilwara,30.7,49,0.15,0.67,0,0.21,0.37,0.35,0.64,0.75,154,0.05,1,189
Highways,Tamil Nadu,Kanchipuram,39.95,57,0.62,0.61,0,0.61,0.87,0.73,0.53,0.31,236,0.08,1,177
Highways,Gujarat,Rajkot,59.72,37,0.21,0.61,0,0.96,0.59,0.1,0.66,0.22,66,0.33,0,0
Highways,Madhya Pradesh,Indore,7.5,38,0.17,0.73,0,0.59,0.23,0.2,0.37,0.49,198,0.57,1,197
Highways,Odisha,Angul,82.5,41,0.48,0.23,1,0.72,0.34,0.93,0.23,0.71,202,0.65,1,287
Solar Parks,Karnataka,Bengaluru Urban,28.63,49,0.18,0.56,0,0.83,0.39,0.49,0.23,0.41,208,0.11,1,202
Industrial Corridors,Uttar Pradesh,Varanasi,121.71,217,0.72,0.55,0,0.82,0.9,0.26,0.59,0.93,171,0.06,1,186
Industrial Corridors,Karnataka,Ballari,22.93,23,0.92,0.56,1,0.17,0.79,0.81,0.2,0.9,201,0.19,1,274
Mining,Gujarat,Ahmedabad,19.2,15,0.58,0.96,0,0.77,0.85,0.87,0.41,0.65,173,0.33,0,0
Water Resources,Madhya Pradesh,Jabalpur,29.41,56,0.3,0.31,0,0.95,0.15,0.29,0.24,0.44,126,0.39,0,0
Urban Infrastructure,Uttar Pradesh,Lucknow,49.4,87,0.82,0.74,0,0.73,0.62,0.74,0.65,0.87,141,0.63,0,0
Railways,Madhya Pradesh,Gwalior,26.59,12,0.83,0.51,1,0.85,1.0,0.65,0.6,0.8,140,0.58,1,221
Industrial Corridors,Tamil Nadu,Tiruchirappalli,52.35,67,0.72,0.6,1,0.54,0.81,0.77,0.39,0.26,212,0.39,1,260
Water Resources,West Bengal,Murshidabad,24.3,53,0.62,0.79,1,0.39,0.21,0.81,0.17,0.56,217,0.27,1,249
Highways,Uttar Pradesh,Agra,34.05,44,0.84,0.32,0,0.71,0.71,0.69,0.24,0.94,196,0.24,1,229
Industrial Corridors,Karnataka,Mysuru,198.19,167,0.24,0.8,0,0.54,0.77,0.96,0.47,0.54,162,0.39,0,0
Mining,Gujarat,Surat,44.07,81,0.89,0.25,0,0.91,0.56,0.88,0.92,0.9,67,0.48,0,0
Urban Infrastructure,Rajasthan,Bhilwara,46.99,62,0.91,0.58,0,0.98,0.17,0.31,0.29,0.93,197,0.34,1,232
Industrial Corridors,Tamil Nadu,Tiruchirappalli,10.2,17,0.84,0.78,0,0.84,0.13,0.92,0.22,0.49,195,0.23,0,0
Mining,West Bengal,Hooghly,97.85,69,0.31,0.35,0,0.99,0.94,0.42,0.25,0.92,172,0.42,0,0
Solar Parks,Rajasthan,Jodhpur,77.72,153,0.83,0.8,1,0.41,0.33,0.75,0.69,0.3,181,0.38,1,244
Urban Infrastructure,Maharashtra,Aurangabad,18.7,36,0.52,0.33,1,0.91,0.44,0.86,0.87,0.32,123,0.31,1,232
Mining,Tamil Nadu,Coimbatore,76.51,69,0.61,0.82,1,0.4,0.82,0.49,0.12,0.41,144,0.5,0,0
Water Resources,Gujarat,Kutch,43.11,30,0.81,0.57,0,0.21,0.72,0.15,0.72,0.55,123,0.22,1,190
Industrial Corridors,Odisha,Jharsuguda,34.37,76,0.13,0.73,0,0.66,0.97,0.95,0.5,0.34,153,0.34,0,0
Solar Parks,Uttar Pradesh,Kanpur,93.02,120,0.41,0.92,1,0.51,0.18,0.17,0.79,0.46,199,0.61,1,232
Water Resources,Madhya Pradesh,Indore,21.98,26,0.79,0.52,0,0.93,0.74,0.41,0.43,0.28,179,0.48,1,180
Mining,Gujarat,Kutch,18.58,38,0.79,0.38,1,0.54,0.17,0.64,0.05,0.52,113,0.28,1,381
Mining,Uttar Pradesh,Kanpur,39.1,82,0.82,0.88,1,0.93,0.1,0.21,0.66,0.82,242,0.38,1,279
Water Resources,Rajasthan,Udaipur,50.53,81,0.24,0.33,0,0.17,0.21,0.85,0.78,0.65,167,0.29,1,170
Industrial Corridors,Madhya Pradesh,Ujjain,71.74,49,0.7,0.69,0,0.85,0.66,0.28,0.86,0.81,129,0.12,0,0
Urban Infrastructure,Bihar,Darbhanga,29.35,47,0.22,0.92,1,0.78,0.71,0.99,0.56,0.3,146,0.25,0,0
Solar Parks,Karnataka,Mysuru,16.78,46,0.77,0.73,0,0.75,0.49,0.92,0.16,0.5,135,0.57,1,298
Highways,Maharashtra,Aurangabad,250.35,396,0.31,0.35,0,0.42,0.14,0.64,0.38,0.23,170,0.33,1,212
Railways,Tamil Nadu,Salem,13.88,41,0.73,0.32,1,0.81,0.67,0.69,0.76,0.48,100,0.4,0,0
Urban Infrastructure,Gujarat,Kutch,34.61,71,0.49,0.4,0,0.53,0.18,0.58,0.49,0.66,173,0.16,0,0
Solar Parks,Maharashtra,Thane,61.79,109,0.94,0.51,1,0.74,0.23,0.45,0.68,0.63,197,0.26,1,311
Water Resources,Odisha,Angul,83.17,53,0.59,0.32,1,0.6,0.56,0.42,0.05,0.25,189,0.61,1,280
Mining,Uttar Pradesh,Varanasi,21.04,35,0.64,0.82,1,0.24,0.41,0.9,0.12,0.25,171,0.24,1,241
Water Resources,Uttar Pradesh,Agra,7.39,36,0.41,0.48,1,0.16,0.52,0.62,0.66,0.43,185,0.2,0,0
Solar Parks,Gujarat,Ahmedabad,20.65,24,0.72,0.93,1,0.43,0.67,0.84,0.31,0.78,177,0.08,0,0
Water Resources,West Bengal,Hooghly,65.96,72,0.52,0.86,1,0.94,0.24,0.56,0.4,0.22,207,0.11,1,228
Water Resources,West Bengal,Paschim Bardhaman,55.15,81,0.12,0.91,0,0.58,0.9,0.38,0.63,0.66,149,0.4,0,0
Railways,Bihar,Bhagalpur,56.61,119,0.62,0.43,0,0.82,0.6,0.18,0.15,0.34,118,0.45,1,308
Industrial Corridors,Karnataka,Dakshina Kannada,58.52,70,0.81,0.65,1,0.62,0.12,0.39,0.8,0.91,176,0.43,1,241
Railways,Madhya Pradesh,Ujjain,96.74,73,0.3,0.45,1,0.96,0.67,0.89,0.18,0.52,208,0.37,0,0
Highways,Odisha,Sundargarh,17.8,21,0.29,0.4,1,0.43,0.52,0.74,0.71,0.24,142,0.34,0,0
Highways,Maharashtra,Nashik,12.7,43,0.62,0.67,0,0.15,0.73,0.81,0.31,0.74,231,0.09,0,0
Railways,West Bengal,Murshidabad,44.54,69,0.8,0.84,1,0.8,0.81,0.8,0.28,0.56,177,0.55,0,0
Urban Infrastructure,Bihar,Patna,14.31,22,0.31,0.27,0,0.73,0.94,0.21,0.79,0.86,201,0.36,0,0
Urban Infrastructure,Bihar,Gaya,12.08,28,0.89,0.42,1,0.57,1.0,0.24,0.55,0.69,107,0.13,1,222
Water Resources,Gujarat,Rajkot,88.16,62,0.89,0.36,0,0.39,0.59,0.39,0.23,0.72,195,0.13,1,209
Water Resources,Odisha,Cuttack,40.46,45,0.27,0.82,0,0.27,0.61,0.37,0.05,0.78,181,0.36,1,196
Mining,Rajasthan,Jaipur,33.88,45,0.32,0.93,1,0.53,0.12,0.16,0.93,0.52,255,0.2,1,282
Highways,Madhya Pradesh,Ujjain,34.45,77,0.7,0.26,0,0.7,0.88,0.24,0.44,0.79,183,0.6,1,237
Mining,Karnataka,Mysuru,30.42,31,0.91,0.5,0,0.62,0.13,0.87,0.41,0.24,189,0.35,0,0
Highways,Tamil Nadu,Kanchipuram,87.69,121,0.7,0.91,0,0.49,0.67,0.63,0.1,0.77,123,0.64,1,199
Railways,Gujarat,Kutch,9.86,20,0.48,0.47,0,0.59,0.19,0.41,0.85,0.68,174,0.49,0,0
Urban Infrastructure,Madhya Pradesh,Bhopal,9.54,27,0.24,0.76,1,0.2,0.36,0.57,0.18,0.62,211,0.54,0,0
Water Resources,Tamil Nadu,Salem,15.66,28,0.49,0.28,0,0.73,0.23,0.34,0.35,0.44,144,0.28,0,0
Urban Infrastructure,Tamil Nadu,Coimbatore,41.73,41,0.62,0.55,0,0.76,0.22,0.63,0.43,0.29,127,0.13,1,238
Railways,Odisha,Bhubaneswar,140.37,109,0.38,0.59,0,0.11,0.17,0.17,0.78,0.69,250,0.46,0,0
Mining,Odisha,Sundargarh,66.37,110,0.53,0.79,0,0.34,0.39,0.91,0.37,0.55,147,0.29,1,179
Mining,Maharashtra,Nashik,53.19,65,0.21,0.43,1,0.18,0.48,0.32,0.53,0.36,200,0.62,1,265
Solar Parks,Bihar,Gaya,31.07,52,0.48,0.41,1,1.0,0.52,0.84,0.44,0.23,138,0.17,1,235
Water Resources,Madhya Pradesh,Jabalpur,11.4,20,0.18,0.44,0,0.63,0.5,0.69,0.33,0.6,140,0.43,0,0
Water Resources,Gujarat,Rajkot,50.0,59,0.14,0.63,0,0.52,0.57,0.57,0.9,0.29,154,0.57,0,0
Water Resources,Uttar Pradesh,Gorakhpur,167.46,198,0.83,0.88,0,0.52,0.87,0.94,0.77,0.9,185,0.29,0,0
Highways,Gujarat,Vadodara,27.33,74,0.27,0.85,0,0.97,0.67,0.24,0.21,0.31,212,0.62,0,0
Mining,Maharashtra,Nashik,21.15,25,0.59,0.25,0,0.69,0.12,0.21,0.55,0.22,134,0.1,1,286
Railways,Karnataka,Ballari,27.43,31,0.23,0.89,0,0.25,0.26,0.39,0.77,0.4,210,0.4,1,196
Mining,Bihar,Muzaffarpur,53.51,109,0.32,0.27,0,0.5,0.41,0.85,0.57,0.33,166,0.52,1,276
Urban Infrastructure,Uttar Pradesh,Lucknow,36.21,49,0.41,0.52,0,0.8,0.95,0.13,0.49,0.79,152,0.17,0,0
Highways,West Bengal,Hooghly,68.58,128,0.22,0.8,1,0.48,0.17,0.32,0.11,0.42,185,0.08,1,303
Water Resources,Karnataka,Bengaluru Urban,32.24,35,0.14,0.26,0,0.38,0.74,0.48,0.15,0.38,224,0.1,1,187
Industrial Corridors,Odisha,Cuttack,27.31,49,0.85,0.23,0,0.99,0.13,0.74,0.27,0.95,183,0.24,1,224
Solar Parks,Tamil Nadu,Madurai,39.77,28,0.11,0.46,1,0.94,0.43,0.37,0.51,0.31,127,0.18,1,213
Highways,West Bengal,North 24 Parganas,21.5,43,0.15,0.77,0,0.95,0.79,0.5,0.94,0.26,166,0.18,1,117
Urban Infrastructure,Gujarat,Vadodara,133.3,171,0.78,0.61,1,0.22,0.41,0.4,0.77,0.43,185,0.33,1,277
Water Resources,Gujarat,Rajkot,63.97,59,0.34,0.53,0,0.31,0.49,0.18,0.15,0.5,133,0.1,1,222
Urban Infrastructure,Odisha,Bhubaneswar,13.74,36,0.71,0.83,0,0.5,0.91,0.76,0.7,0.77,172,0.65,0,0
Urban Infrastructure,Maharashtra,Pune,18.24,39,0.22,0.8,0,0.85,0.16,0.52,0.78,0.92,127,0.47,0,0
Water Resources,Madhya Pradesh,Indore,52.05,87,0.3,0.81,0,0.76,0.57,0.83,0.42,0.77,188,0.07,0,0
Urban Infrastructure,West Bengal,Howrah,38.35,41,0.59,0.56,0,0.86,0.43,0.73,0.35,0.74,225,0.47,1,172
Railways,West Bengal,Paschim Bardhaman,42.18,39,0.94,0.22,1,0.93,0.97,0.15,0.58,0.94,156,0.53,1,238
Solar Parks,Rajasthan,Kota,28.4,59,0.16,0.33,0,0.8,0.81,0.55,0.52,0.77,193,0.16,0,0
Industrial Corridors,Karnataka,Ballari,47.66,58,0.44,0.78,0,0.34,0.21,0.99,0.29,0.3,206,0.55,1,204
Urban Infrastructure,Bihar,Muzaffarpur,28.94,19,0.14,0.79,0,0.36,0.93,0.38,0.41,0.55,140,0.42,1,283
Urban Infrastructure,Karnataka,Mysuru,51.97,33,0.27,0.96,1,0.42,0.29,0.54,0.54,0.58,179,0.54,1,210
Mining,Madhya Pradesh,Indore,61.46,113,0.87,0.35,0,0.37,0.18,0.69,0.57,0.43,211,0.48,0,0
Solar Parks,Gujarat,Kutch,119.75,239,0.18,0.3,0,0.32,0.59,0.28,0.53,0.32,233,0.47,1,229
Highways,Gujarat,Kutch,21.94,29,0.83,0.31,0,0.78,0.76,0.73,0.81,0.73,147,0.14,0,0
Solar Parks,Gujarat,Vadodara,32.82,73,0.25,0.34,0,0.13,0.74,0.69,0.08,0.41,109,0.24,1,183
Solar Parks,Rajasthan,Jodhpur,12.49,29,0.83,0.61,1,0.76,0.58,0.44,0.35,0.67,186,0.36,1,311
Water Resources,Gujarat,Surat,142.74,129,0.56,0.96,0,0.84,0.54,0.36,0.72,0.44,170,0.12,1,163
Water Resources,Madhya Pradesh,Gwalior,6.82,29,0.85,0.66,0,0.16,0.97,0.93,0.64,0.58,161,0.34,1,217
Water Resources,Odisha,Jharsuguda,127.27,101,0.23,0.61,0,0.16,0.84,0.21,0.88,0.45,136,0.32,0,0
Industrial Corridors,Bihar,Gaya,35.69,53,0.75,0.73,0,0.36,0.73,0.49,0.58,0.51,199,0.19,0,0
Solar Parks,Madhya Pradesh,Ujjain,46.28,91,0.68,0.26,0,0.29,0.28,0.79,0.62,0.75,133,0.17,0,0
Industrial Corridors,Bihar,Patna,29.0,74,0.56,0.84,1,0.62,0.84,0.23,0.68,0.86,129,0.2,0,0
Urban Infrastructure,Madhya Pradesh,Indore,33.95,44,0.79,0.7,1,0.71,0.77,0.94,0.22,0.58,154,0.41,0,0
Water Resources,Gujarat,Vadodara,53.01,59,0.65,0.33,0,0.67,0.99,0.57,0.73,0.66,201,0.3,0,0
Urban Infrastructure,Odisha,Sundargarh,8.94,42,0.85,0.69,1,0.42,0.22,0.55,0.32,0.85,98,0.3,1,350
Water Resources,West Bengal,Howrah,19.65,33,0.42,0.67,0,0.55,0.74,0.48,0.43,0.31,114,0.16,0,0
Railways,Karnataka,Mysuru,16.84,44,0.6,0.25,0,0.68,0.98,0.88,0.06,0.32,123,0.52,1,207
Industrial Corridors,Tamil Nadu,Salem,47.37,36,0.84,0.41,0,0.21,0.52,0.95,0.81,0.47,249,0.47,1,186
Industrial Corridors,Odisha,Bhubaneswar,33.23,46,0.28,0.5,1,0.31,0.76,0.44,0.91,0.43,172,0.31,1,232
Highways,West Bengal,Howrah,54.3,38,0.51,0.39,0,0.9,0.98,0.59,0.1,0.94,113,0.14,0,0
Mining,Maharashtra,Aurangabad,37.78,62,0.92,0.39,0,0.41,0.59,0.38,0.62,0.62,154,0.48,1,206
Solar Parks,Madhya Pradesh,Jabalpur,77.24,137,0.5,0.65,0,0.82,0.73,0.43,0.91,0.59,194,0.59,1,257
Highways,Maharashtra,Nagpur,18.32,27,0.31,0.57,0,0.33,0.12,0.13,0.6,0.63,249,0.16,0,0
Industrial Corridors,West Bengal,Murshidabad,34.69,68,0.4,0.72,1,0.14,0.57,0.81,0.77,0.86,90,0.41,0,0
Highways,Odisha,Bhubaneswar,80.44,79,0.85,0.95,0,0.55,0.33,0.97,0.16,0.38,111,0.3,1,189
Railways,Madhya Pradesh,Jabalpur,68.54,32,0.91,0.72,0,0.9,0.22,0.79,0.27,0.58,144,0.1,1,215
Mining,Tamil Nadu,Salem,10.14,28,0.91,0.65,0,0.84,0.74,0.57,0.36,0.4,146,0.49,0,0
Industrial Corridors,Gujarat,Vadodara,14.63,36,0.69,0.86,0,0.33,0.14,0.84,0.93,0.79,145,0.09,1,142
Industrial Corridors,Madhya Pradesh,Indore,31.02,28,0.53,0.69,0,0.92,0.91,0.87,0.75,0.78,154,0.47,0,0
Solar Parks,Madhya Pradesh,Ujjain,27.44,23,0.26,0.33,0,0.53,0.57,0.59,0.85,0.92,251,0.22,0,0
Water Resources,Odisha,Jharsuguda,31.43,68,0.2,0.45,0,0.14,0.68,0.94,0.49,0.54,103,0.39,1,198
Mining,Odisha,Angul,62.61,108,0.15,0.77,0,0.13,0.33,0.13,0.7,0.32,167,0.15,0,0
Railways,West Bengal,Hooghly,41.74,72,0.12,0.78,0,0.54,0.26,0.11,0.71,0.87,185,0.27,0,0
Urban Infrastructure,Uttar Pradesh,Kanpur,43.74,28,0.85,0.97,0,0.59,0.32,0.17,0.56,0.87,94,0.11,0,0
Highways,Madhya Pradesh,Jabalpur,56.63,108,0.79,0.69,0,0.17,0.31,0.15,0.84,0.38,224,0.33,0,0
Solar Parks,Karnataka,Belagavi,78.21,62,0.58,0.9,1,0.93,0.88,0.48,0.19,0.41,152,0.18,1,292
Industrial Corridors,Madhya Pradesh,Ujjain,2.87,29,0.95,0.24,0,0.75,0.81,0.95,0.1,0.44,111,0.16,0,0
Urban Infrastructure,West Bengal,Howrah,24.31,22,0.91,0.64,1,0.82,0.87,0.71,0.32,0.54,229,0.11,1,209
Railways,Bihar,Patna,16.34,38,0.66,0.92,0,0.63,0.76,0.69,0.13,0.82,190,0.51,1,168
Mining,Maharashtra,Nashik,48.44,73,0.49,0.42,0,0.7,0.68,0.45,0.1,0.31,135,0.43,1,194
Highways,Gujarat,Rajkot,22.88,36,0.23,0.32,1,0.45,0.58,0.58,0.43,0.73,192,0.14,0,0
Solar Parks,Uttar Pradesh,Lucknow,35.19,67,0.54,0.47,0,0.71,0.34,0.37,0.23,0.46,177,0.33,0,0
Industrial Corridors,Tamil Nadu,Madurai,65.48,82,0.23,0.82,0,0.98,0.73,0.57,0.76,0.35,90,0.45,0,0
Industrial Corridors,Tamil Nadu,Madurai,20.44,42,0.44,0.27,1,0.68,0.22,0.77,0.57,0.45,95,0.58,1,230
Urban Infrastructure,Tamil Nadu,Coimbatore,44.27,72,0.9,0.67,0,0.41,0.56,0.6,0.37,0.6,175,0.09,0,0
Urban Infrastructure,Odisha,Angul,114.79,50,0.39,0.31,0,0.36,0.28,0.48,0.31,0.89,80,0.27,0,0
Highways,Tamil Nadu,Kanchipuram,64.41,114,0.23,0.54,0,0.97,0.55,0.86,0.56,0.67,205,0.42,0,0
Mining,Gujarat,Surat,9.31,18,0.6,0.95,0,0.27,0.36,0.36,0.44,0.66,97,0.06,0,0
Railways,Maharashtra,Thane,26.22,27,0.61,0.35,1,0.83,0.15,0.53,0.1,0.28,201,0.2,1,256
Water Resources,Tamil Nadu,Tiruchirappalli,44.02,20,0.26,0.23,1,0.52,0.55,0.98,0.65,0.26,224,0.5,1,261
Mining,Madhya Pradesh,Indore,51.53,42,0.27,0.53,0,0.5,0.26,0.97,0.5,0.3,182,0.26,1,164
Mining,Madhya Pradesh,Jabalpur,27.06,20,0.94,0.65,0,0.77,0.25,0.11,0.3,0.27,30,0.1,1,238
Mining,Odisha,Jharsuguda,19.85,43,0.31,0.43,0,0.23,0.45,0.58,0.31,0.63,210,0.43,1,194
Water Resources,Gujarat,Vadodara,34.96,56,0.81,0.62,0,0.52,0.43,0.4,0.46,0.54,140,0.2,0,0
Highways,Maharashtra,Aurangabad,13.88,18,0.5,0.94,0,0.13,0.88,0.36,0.79,0.2,157,0.47,0,0
Water Resources,Uttar Pradesh,Kanpur,79.82,48,0.47,0.44,0,0.7,0.61,0.64,0.43,0.46,126,0.59,0,0
Highways,West Bengal,Hooghly,147.66,189,0.35,0.44,0,0.15,0.87,0.5,0.81,0.3,235,0.37,0,0
Water Resources,Maharashtra,Nashik,45.41,71,0.76,0.58,1,0.18,0.23,0.76,0.43,0.94,167,0.41,1,314
Railways,West Bengal,Hooghly,27.5,68,0.85,0.6,1,0.86,0.42,0.12,0.8,0.55,141,0.36,1,242
Mining,Bihar,Darbhanga,70.3,49,0.32,0.2,0,0.5,0.6,0.93,0.89,0.52,220,0.54,0,0
Highways,West Bengal,Murshidabad,61.41,91,0.18,0.68,0,0.28,0.24,0.61,0.07,0.68,199,0.2,1,182
Water Resources,Karnataka,Bengaluru Urban,26.56,60,0.22,0.98,1,0.63,0.22,0.72,0.11,0.47,109,0.29,1,372
Railways,Madhya Pradesh,Gwalior,31.87,63,0.77,0.43,1,0.57,0.7,0.64,0.17,0.74,175,0.59,1,345
Water Resources,Gujarat,Rajkot,20.34,27,0.47,0.69,1,0.47,0.69,0.99,0.16,0.88,169,0.48,1,229
Industrial Corridors,Rajasthan,Jodhpur,37.78,25,0.21,0.2,1,0.91,0.31,0.99,0.46,0.57,93,0.24,1,228
Railways,Odisha,Sundargarh,42.06,91,0.39,0.67,0,0.77,0.3,0.65,0.74,0.49,197,0.55,0,0
Mining,Karnataka,Mysuru,17.74,42,0.54,0.55,1,0.24,0.77,0.72,0.92,0.59,158,0.19,1,197
Solar Parks,West Bengal,Howrah,14.02,32,0.82,0.61,1,0.61,0.21,0.66,0.43,0.65,256,0.43,1,250
Mining,Tamil Nadu,Coimbatore,11.46,30,0.65,0.62,1,0.18,0.93,0.38,0.67,0.84,223,0.62,1,228
Solar Parks,Gujarat,Rajkot,46.21,67,0.25,0.34,0,0.32,0.95,0.27,0.62,0.5,169,0.39,1,183
Railways,Karnataka,Belagavi,32.81,57,0.23,0.8,1,0.92,0.88,0.46,0.4,0.24,156,0.53,1,206
Industrial Corridors,Odisha,Angul,30.97,33,0.45,0.63,0,0.52,0.29,0.71,0.7,0.67,67,0.49,0,0
Industrial Corridors,Madhya Pradesh,Indore,48.02,62,0.16,0.41,0,0.9,0.12,0.15,0.58,0.94,197,0.57,1,192
Highways,Gujarat,Surat,16.11,32,0.74,0.93,0,0.25,0.94,0.56,0.73,0.84,156,0.63,1,214
Industrial Corridors,Odisha,Angul,14.07,41,0.44,0.21,0,0.28,0.41,0.47,0.22,0.77,138,0.06,0,0
Urban Infrastructure,Bihar,Bhagalpur,40.16,36,0.39,0.77,0,0.42,0.38,0.57,0.37,0.33,160,0.07,1,205
Railways,Bihar,Patna,8.31,33,0.53,0.5,1,0.43,0.34,0.87,0.65,0.76,229,0.41,1,300
Highways,Odisha,Angul,26.92,28,0.7,0.61,0,0.77,0.32,0.14,0.16,0.26,221,0.62,0,0
Industrial Corridors,Karnataka,Bengaluru Urban,238.21,244,0.58,0.43,0,0.64,0.76,0.79,0.74,0.57,221,0.34,0,0
Railways,Gujarat,Surat,11.26,17,0.78,0.45,0,0.6,0.92,0.7,0.17,0.48,113,0.55,0,0
Mining,Karnataka,Ballari,23.48,34,0.63,0.21,0,0.64,0.81,0.28,0.34,0.88,231,0.51,1,206
Industrial Corridors,Uttar Pradesh,Lucknow,6.06,32,0.77,0.77,1,0.76,0.71,0.76,0.26,0.32,137,0.35,1,250
Water Resources,West Bengal,Murshidabad,27.47,62,0.69,0.75,0,0.9,0.36,0.55,0.1,0.79,193,0.36,1,244
Solar Parks,Uttar Pradesh,Varanasi,159.69,199,0.26,0.71,0,0.47,0.59,0.53,0.29,0.24,188,0.31,0,0
Railways,Bihar,Gaya,48.11,75,0.14,0.88,0,0.82,0.31,0.53,0.87,0.73,153,0.2,0,0
Highways,Madhya Pradesh,Ujjain,20.27,15,0.87,0.9,1,0.55,0.2,0.95,0.07,0.42,169,0.57,1,243
Mining,Maharashtra,Aurangabad,189.64,168,0.9,0.63,0,0.75,0.21,0.95,0.07,0.93,86,0.18,0,0
Urban Infrastructure,West Bengal,North 24 Parganas,8.22,29,0.72,0.73,1,0.89,0.64,0.92,0.68,0.7,162,0.59,0,0
Mining,Bihar,Muzaffarpur,47.62,80,0.72,0.21,0,0.13,0.13,0.9,0.38,0.43,149,0.27,0,0
Industrial Corridors,Karnataka,Mysuru,34.88,79,0.33,0.86,0,0.59,0.98,0.13,0.26,0.38,258,0.07,0,0
Solar Parks,Karnataka,Bengaluru Urban,27.18,35,0.56,0.84,0,0.99,1.0,0.46,0.51,0.68,161,0.15,0,0
Mining,Karnataka,Dakshina Kannada,63.16,87,0.94,0.22,0,0.55,0.23,0.91,0.29,0.4,127,0.58,1,211
Urban Infrastructure,Madhya Pradesh,Indore,12.86,22,0.83,0.62,1,0.88,0.48,0.78,0.4,0.34,165,0.13,1,308
Water Resources,Uttar Pradesh,Gorakhpur,42.53,42,0.36,0.91,1,0.27,0.79,0.51,0.69,0.69,129,0.49,1,203
Highways,Maharashtra,Thane,38.42,51,0.36,0.34,1,0.64,0.96,0.8,0.16,0.74,96,0.16,1,285
Railways,Karnataka,Dakshina Kannada,16.5,18,0.51,0.48,0,0.88,0.9,0.29,0.91,0.38,178,0.35,0,0
Solar Parks,Rajasthan,Bhilwara,157.59,119,0.44,0.46,0,0.49,0.33,0.64,0.09,0.6,160,0.17,1,215
Urban Infrastructure,West Bengal,Murshidabad,28.63,42,0.42,0.48,0,0.54,0.18,0.58,0.78,0.7,204,0.25,1,178
Industrial Corridors,Gujarat,Vadodara,29.64,44,0.63,0.23,0,0.17,0.36,0.62,0.7,0.91,225,0.12,0,0
Industrial Corridors,Rajasthan,Bhilwara,14.55,23,0.11,0.42,0,0.14,0.49,0.75,0.3,0.8,245,0.38,0,0
Industrial Corridors,Maharashtra,Nagpur,29.06,63,0.75,0.43,0,0.52,0.42,0.95,0.16,0.52,170,0.27,0,0
Solar Parks,Madhya Pradesh,Bhopal,214.39,145,0.73,0.88,0,0.86,0.8,0.34,0.82,0.83,191,0.27,1,148
Mining,Maharashtra,Pune,27.05,53,0.81,0.47,1,0.94,0.33,0.78,0.66,0.53,172,0.07,0,0
Solar Parks,Gujarat,Vadodara,50.15,95,0.82,0.55,0,0.69,0.87,0.68,0.31,0.3,55,0.13,1,164
Industrial Corridors,West Bengal,North 24 Parganas,70.84,99,0.58,0.5,0,0.84,0.3,0.73,0.07,0.46,215,0.47,1,311
Water Resources,Gujarat,Surat,28.64,61,0.76,0.29,0,0.76,0.43,0.49,0.89,0.8,184,0.23,0,0
Urban Infrastructure,Odisha,Sundargarh,23.86,19,0.52,0.97,0,0.73,0.5,0.95,0.41,0.92,185,0.32,0,0
Railways,West Bengal,Hooghly,48.32,75,0.91,0.84,1,0.79,0.36,0.53,0.21,0.94,136,0.51,0,0
Railways,Maharashtra,Aurangabad,27.3,53,0.26,0.62,1,0.55,0.79,0.21,0.87,0.68,131,0.32,1,318
Solar Parks,Karnataka,Mysuru,25.39,34,0.88,0.57,1,0.51,0.47,0.71,0.37,0.56,156,0.19,0,0
Industrial Corridors,Maharashtra,Pune,70.24,136,0.32,0.71,1,0.24,0.9,0.22,0.47,0.32,185,0.38,1,289
Highways,Maharashtra,Pune,31.33,51,0.19,0.45,0,0.86,0.97,0.39,0.68,0.28,72,0.53,0,0
Water Resources,West Bengal,Murshidabad,87.41,142,0.47,0.24,1,0.14,0.87,0.31,0.79,0.59,169,0.41,1,267
Solar Parks,Odisha,Angul,30.77,29,0.62,0.52,1,0.34,0.57,0.59,0.14,0.75,235,0.3,1,245
Industrial Corridors,Maharashtra,Thane,11.54,21,0.3,0.97,0,0.57,0.56,0.41,0.86,0.44,154,0.13,0,0
Mining,Rajasthan,Udaipur,2.14,30,0.57,0.34,0,0.97,0.29,0.24,0.89,0.71,70,0.2,0,0
Railways,Bihar,Patna,7.61,16,0.79,0.61,1,0.81,0.63,0.81,0.28,0.63,151,0.62,1,253
Railways,Tamil Nadu,Tiruchirappalli,8.73,30,0.32,0.21,0,0.43,0.96,0.52,0.5,0.91,173,0.51,0,0
Water Resources,Tamil Nadu,Kanchipuram,40.99,41,0.59,0.3,0,0.74,0.17,0.51,0.82,0.36,176,0.1,1,193
Railways,Maharashtra,Aurangabad,15.22,31,0.39,0.66,1,0.94,0.78,0.9,0.49,0.64,166,0.05,1,205
Highways,Rajasthan,Jodhpur,6.83,35,0.55,0.43,0,0.58,0.88,0.58,0.48,0.51,247,0.16,0,0
Industrial Corridors,Karnataka,Bengaluru Urban,29.82,51,0.67,0.91,0,0.52,0.99,0.74,0.61,0.4,166,0.62,0,0
Industrial Corridors,Madhya Pradesh,Bhopal,13.94,51,0.4,0.52,0,0.6,0.4,0.4,0.74,0.47,168,0.4,1,173
Water Resources,Madhya Pradesh,Indore,47.97,63,0.95,0.36,0,0.38,0.42,0.61,0.65,0.42,134,0.55,1,216
Industrial Corridors,West Bengal,Howrah,47.02,46,0.58,0.63,0,0.92,0.31,0.75,0.61,0.6,202,0.33,0,0
Water Resources,Tamil Nadu,Salem,51.18,59,0.8,0.82,0,0.82,0.81,0.37,0.38,0.62,236,0.55,0,0
Industrial Corridors,Maharashtra,Nagpur,4.28,19,0.72,0.22,0,0.73,0.23,0.72,0.62,0.85,131,0.07,1,184
Highways,Madhya Pradesh,Ujjain,34.34,81,0.82,0.59,0,0.63,0.34,0.61,0.14,0.79,155,0.31,0,0
Urban Infrastructure,Maharashtra,Nashik,30.05,49,0.25,0.8,0,0.97,0.37,0.49,0.42,0.43,55,0.28,0,0
Solar Parks,West Bengal,North 24 Parganas,12.46,25,0.29,0.28,0,0.37,0.44,0.74,0.22,0.9,122,0.64,0,0
Solar Parks,Tamil Nadu,Coimbatore,5.99,8,0.51,0.9,0,0.35,0.48,0.39,0.53,0.85,248,0.23,0,0
Industrial Corridors,Gujarat,Ahmedabad,30.36,56,0.82,0.41,1,0.32,0.6,0.74,0.29,0.67,146,0.3,1,347
Mining,Bihar,Patna,77.58,138,0.27,0.33,1,0.77,0.95,0.6,0.51,0.21,170,0.51,1,295
Railways,Bihar,Patna,4.2,27,0.93,0.66,1,0.82,0.32,0.32,0.75,0.36,127,0.58,1,246
Highways,Madhya Pradesh,Gwalior,17.01,36,0.21,0.34,0,0.64,0.8,0.7,0.44,0.79,180,0.58,1,158
Mining,Bihar,Bhagalpur,36.79,87,0.25,0.73,0,0.69,0.71,0.9,0.25,0.54,152,0.29,0,0
Mining,Gujarat,Kutch,81.45,68,0.24,0.58,0,0.41,0.2,0.38,0.25,0.29,178,0.62,0,0
Industrial Corridors,Maharashtra,Nagpur,25.79,57,0.6,0.29,0,0.14,0.83,0.83,0.87,0.51,164,0.44,0,0
Highways,West Bengal,Howrah,155.21,153,0.88,0.91,0,0.33,0.18,0.4,0.75,0.36,224,0.56,1,245
Solar Parks,Gujarat,Vadodara,7.88,17,0.32,0.73,0,0.63,0.77,0.84,0.08,0.87,167,0.61,0,0
Railways,West Bengal,Howrah,6.6,7,0.57,0.63,0,0.83,0.74,0.15,0.9,0.87,122,0.19,0,0
Solar Parks,West Bengal,North 24 Parganas,74.75,73,0.25,0.49,0,0.8,0.72,0.11,0.15,0.49,131,0.35,0,0
Mining,Tamil Nadu,Salem,5.05,21,0.64,0.31,1,0.26,0.35,0.2,0.64,0.3,75,0.4,1,287
Railways,Maharashtra,Nagpur,47.91,32,0.2,0.75,0,0.15,0.62,0.89,0.55,0.47,165,0.53,0,0
Urban Infrastructure,Rajasthan,Jaipur,26.16,30,0.52,0.83,0,0.87,0.79,0.58,0.09,0.3,157,0.29,0,0
Mining,Bihar,Bhagalpur,16.11,30,0.66,0.3,1,0.17,0.67,0.63,0.32,0.43,228,0.18,1,251
Solar Parks,Rajasthan,Kota,23.54,52,0.59,0.59,0,0.45,0.82,0.86,0.75,0.78,107,0.5,0,0
Solar Parks,Tamil Nadu,Coimbatore,11.81,26,0.22,0.58,1,0.18,0.72,0.15,0.33,0.42,128,0.41,1,258
Industrial Corridors,West Bengal,Paschim Bardhaman,25.67,14,0.24,0.47,0,0.61,0.35,0.45,0.48,0.61,129,0.59,0,0
Solar Parks,Madhya Pradesh,Bhopal,33.58,33,0.67,0.82,1,0.43,0.24,0.68,0.68,0.29,148,0.44,1,280
Highways,Bihar,Patna,23.74,56,0.79,0.28,0,0.28,0.67,0.46,0.11,0.46,103,0.06,1,274
Mining,Bihar,Darbhanga,20.74,55,0.87,0.36,0,0.64,0.78,0.13,0.8,0.23,147,0.63,1,262
Water Resources,Maharashtra,Nagpur,40.58,46,0.79,0.2,0,0.43,0.23,0.69,0.09,0.61,160,0.41,0,0
Water Resources,Odisha,Angul,124.92,139,0.93,0.49,1,0.25,0.26,0.45,0.29,0.46,162,0.41,1,319
Railways,Uttar Pradesh,Lucknow,26.76,41,0.45,0.43,0,0.73,0.11,0.12,0.74,0.85,217,0.6,1,183
Solar Parks,Uttar Pradesh,Gorakhpur,63.82,40,0.38,0.88,0,0.85,0.58,0.25,0.87,0.49,158,0.45,0,0
Industrial Corridors,Uttar Pradesh,Kanpur,15.29,52,0.12,0.78,0,0.35,0.59,0.3,0.73,0.62,157,0.34,0,0
Industrial Corridors,Odisha,Angul,11.39,17,0.48,0.27,1,0.27,0.55,0.56,0.25,0.93,211,0.11,1,366
Solar Parks,Maharashtra,Nagpur,47.59,79,0.65,0.78,1,0.17,0.38,0.27,0.94,0.68,159,0.63,1,264
Highways,Odisha,Jharsuguda,27.47,20,0.79,0.73,1,0.58,0.49,0.43,0.42,0.58,105,0.1,1,223
Industrial Corridors,Uttar Pradesh,Varanasi,81.74,62,0.33,0.42,0,0.85,0.79,0.78,0.39,0.27,111,0.15,1,190
Water Resources,Tamil Nadu,Madurai,95.62,168,0.54,0.21,1,0.33,0.26,0.83,0.83,0.82,111,0.54,1,253
Railways,Gujarat,Surat,64.8,36,0.66,0.29,1,0.51,0.28,0.82,0.11,0.68,105,0.34,1,264
Mining,West Bengal,Paschim Bardhaman,63.68,71,0.57,0.39,1,0.24,0.7,0.73,0.55,0.28,249,0.16,1,333
Urban Infrastructure,Odisha,Sundargarh,2.14,21,0.33,0.84,0,0.46,0.88,0.59,0.92,0.38,111,0.22,0,0
Highways,Maharashtra,Thane,47.26,61,0.78,0.56,0,0.11,0.41,0.6,0.14,0.6,158,0.65,1,259
Industrial Corridors,Maharashtra,Nashik,66.04,60,0.25,0.92,0,0.92,0.94,0.96,0.54,0.23,162,0.4,0,0
Mining,Rajasthan,Jodhpur,11.97,13,0.87,0.82,0,0.71,0.15,0.89,0.17,0.74,152,0.29,1,169
Urban Infrastructure,Gujarat,Surat,33.35,54,0.91,0.42,1,0.4,0.21,0.68,0.85,0.37,124,0.58,1,291
Solar Parks,Madhya Pradesh,Bhopal,14.38,17,0.41,0.86,0,0.89,0.51,0.52,0.58,0.57,180,0.34,0,0
Solar Parks,Bihar,Patna,75.34,60,0.42,0.29,0,0.26,0.75,0.76,0.26,0.38,91,0.23,0,0
Railways,Uttar Pradesh,Agra,15.41,49,0.73,0.23,1,0.17,0.43,0.16,0.33,0.57,112,0.15,0,0
Urban Infrastructure,Madhya Pradesh,Indore,17.56,23,0.49,0.67,0,0.95,0.6,0.95,0.51,0.34,210,0.5,0,0
Solar Parks,Rajasthan,Kota,22.85,37,0.12,0.47,0,0.38,0.13,0.59,0.7,0.65,110,0.41,1,162
Solar Parks,Uttar Pradesh,Varanasi,200.24,258,0.88,0.46,0,0.94,0.52,0.55,0.49,0.88,218,0.11,0,0
Water Resources,Gujarat,Vadodara,73.98,54,0.47,0.74,1,0.67,0.32,0.36,0.22,0.81,222,0.4,1,311
Industrial Corridors,Rajasthan,Bhilwara,120.31,131,0.27,0.86,1,0.98,0.56,0.1,0.69,0.38,223,0.15,1,199
Railways,Uttar Pradesh,Gorakhpur,7.76,37,0.57,0.45,1,0.78,0.57,0.16,0.16,0.57,197,0.64,1,327
Mining,Gujarat,Surat,12.0,34,0.29,0.45,0,0.19,0.78,0.34,0.78,0.52,97,0.21,0,0
Solar Parks,Karnataka,Bengaluru Urban,96.63,121,0.28,0.62,0,0.87,0.59,0.59,0.41,0.92,90,0.47,0,0
Water Resources,Madhya Pradesh,Jabalpur,8.1,13,0.56,0.71,0,0.23,0.65,0.18,0.64,0.8,109,0.44,0,0
Highways,Madhya Pradesh,Gwalior,19.35,40,0.43,0.36,0,0.72,0.58,0.97,0.36,0.28,117,0.46,1,205
Highways,Bihar,Gaya,171.45,172,0.59,0.91,0,0.55,0.99,0.47,0.65,0.33,101,0.31,0,0
Mining,Gujarat,Vadodara,15.32,29,0.95,0.71,1,0.74,0.81,0.38,0.85,0.73,129,0.09,0,0
Urban Infrastructure,Odisha,Bhubaneswar,7.72,27,0.83,0.69,1,0.79,0.78,0.57,0.68,0.32,194,0.64,1,244
Railways,Karnataka,Ballari,34.4,51,0.11,0.91,0,0.82,0.66,0.16,0.65,0.91,189,0.16,0,0
Water Resources,Tamil Nadu,Madurai,7.97,11,0.14,0.91,0,0.85,0.58,0.87,0.73,0.94,173,0.51,0,0
Industrial Corridors,Uttar Pradesh,Lucknow,89.1,84,0.62,0.31,1,0.86,0.41,0.51,0.5,0.78,150,0.13,1,221
Water Resources,Karnataka,Bengaluru Urban,16.19,35,0.63,0.31,0,0.47,0.81,0.26,0.25,0.22,156,0.22,0,0
Highways,Gujarat,Ahmedabad,13.79,32,0.85,0.79,0,0.9,0.27,0.25,0.78,0.56,173,0.39,0,0
Highways,West Bengal,Howrah,33.9,65,0.63,0.95,1,0.75,0.13,0.42,0.63,0.5,138,0.3,1,303
Mining,Uttar Pradesh,Lucknow,23.96,39,0.29,0.72,1,0.86,0.73,0.62,0.33,0.8,203,0.62,1,234
Urban Infrastructure,Maharashtra,Thane,40.52,69,0.5,0.52,0,0.99,0.23,0.48,0.3,0.42,100,0.56,1,276
Urban Infrastructure,Madhya Pradesh,Jabalpur,50.26,96,0.79,0.73,1,0.2,0.91,0.64,0.5,0.49,125,0.6,1,295
Mining,Gujarat,Kutch,27.83,49,0.88,0.38,1,0.43,0.79,0.73,0.24,0.27,118,0.43,1,328
Water Resources,Maharashtra,Nashik,13.08,13,0.3,0.98,0,0.83,0.64,0.77,0.84,0.46,180,0.18,0,0
Highways,Bihar,Bhagalpur,59.41,129,0.56,0.54,0,0.18,0.38,0.46,0.76,0.93,105,0.36,1,234
Water Resources,Rajasthan,Bhilwara,19.02,25,0.24,0.93,1,0.59,0.67,0.75,0.33,0.91,118,0.51,0,0
Water Resources,Tamil Nadu,Madurai,16.52,8,0.52,0.54,0,0.87,0.53,0.23,0.09,0.76,179,0.09,0,0
Railways,Tamil Nadu,Kanchipuram,37.12,41,0.18,0.92,0,0.12,0.36,0.56,0.1,0.88,120,0.57,0,0
Highways,Maharashtra,Nagpur,7.08,25,0.9,0.46,0,0.95,0.95,0.17,0.32,0.36,197,0.43,1,235
Urban Infrastructure,Madhya Pradesh,Bhopal,45.27,38,0.64,0.79,0,0.98,0.25,0.32,0.18,0.67,196,0.48,0,0
Industrial Corridors,Bihar,Patna,38.73,43,0.83,0.94,0,0.39,0.78,0.62,0.84,0.57,135,0.47,1,212
